ISO-10303-21;
HEADER;
FILE_DESCRIPTION(('FreeCAD Model'),'2;1');
FILE_NAME('Open CASCADE Shape Model','2026-10-06T16:22:00',(''),(''),
  'Open CASCADE STEP processor 7.8','FreeCAD','Unknown');
FILE_SCHEMA(('AUTOMOTIVE_DESIGN { 1 0 10303 214 1 1 1 1 }'));
ENDSEC;
DATA;
#1 = APPLICATION_PROTOCOL_DEFINITION('international standard',
  'automotive_design',2000,#2);
#2 = APPLICATION_CONTEXT(
  'core data for automotive mechanical design processes');
#3 = SHAPE_DEFINITION_REPRESENTATION(#4,#10);
#4 = PRODUCT_DEFINITION_SHAPE('','',#5);
#5 = PRODUCT_DEFINITION('design','',#6,#9);
#6 = PRODUCT_DEFINITION_FORMATION('','',#7);
#7 = PRODUCT('Cover','Cover','',(#8));
#8 = PRODUCT_CONTEXT('',#2,'mechanical');
#9 = PRODUCT_DEFINITION_CONTEXT('part definition',#2,'design');
#10 = ADVANCED_BREP_SHAPE_REPRESENTATION('',(#11,#15),#8479);
#11 = AXIS2_PLACEMENT_3D('',#12,#13,#14);
#12 = CARTESIAN_POINT('',(0.,0.,0.));
#13 = DIRECTION('',(0.,0.,1.));
#14 = DIRECTION('',(1.,0.,-0.));
#15 = MANIFOLD_SOLID_BREP('',#16);
#16 = CLOSED_SHELL('',(#17,#57,#90,#219,#1498,#1515,#1532,#1549,#1566,
    #1583,#1595,#1627,#1659,#1691,#1723,#1827,#1852,#1885,#1911,#1937,
    #1963,#1989,#2015,#2041,#2067,#2093,#2119,#2145,#2171,#2197,#2223,
    #2249,#2266,#2299,#2325,#2351,#2377,#2403,#2429,#2455,#2474,#2507,
    #2533,#2559,#2585,#2611,#2637,#2663,#2682,#2713,#2737,#2761,#2785,
    #2809,#2833,#2850,#2881,#2905,#2929,#2946,#3027,#3052,#3083,#3107,
    #3131,#3155,#3179,#3203,#3227,#3251,#3275,#3299,#3323,#3347,#3364,
    #3395,#3419,#3443,#3467,#3491,#3515,#3539,#3556,#3587,#3611,#3635,
    #3659,#3683,#3707,#3731,#3755,#3779,#3803,#3827,#3844,#3948,#3979,
    #4003,#4027,#4044,#4075,#4099,#4123,#4140,#4171,#4195,#4219,#4236,
    #4267,#4291,#4315,#4332,#4363,#4387,#4411,#4428,#4509,#4946,#4963,
    #4983,#5007,#5097,#5211,#5325,#5340,#5360,#5377,#5398,#5440,#5460,
    #5484,#5504,#5521,#5541,#5559,#5590,#5621,#5652,#5683,#5714,#5745,
    #5776,#5807,#5838,#5869,#5900,#5931,#5962,#5993,#6024,#6055,#6086,
    #6117,#6148,#6179,#6204,#6244,#6277,#6310,#6343,#6376,#6409,#6442,
    #6468,#6506,#6536,#6575,#6612,#6642,#6673,#6704,#6734,#6773,#6810,
    #6840,#6864,#6902,#6932,#6971,#7008,#7038,#7069,#7100,#7130,#7169,
    #7206,#7236,#7260,#7285,#7316,#7340,#7357,#7382,#7407,#7429,#7451,
    #7473,#7495,#7517,#7533,#7553,#7573,#7584,#7601,#7618,#7635,#7652,
    #7803,#7834,#7858,#7882,#7913,#7937,#7968,#7993,#8017,#8041,#8065,
    #8089,#8106,#8123,#8147,#8164,#8209,#8230,#8251,#8272,#8293,#8314,
    #8335,#8356,#8377,#8398,#8419,#8431,#8443,#8455,#8467));
#17 = ADVANCED_FACE('',(#18),#52,.F.);
#18 = FACE_BOUND('',#19,.F.);
#19 = EDGE_LOOP('',(#20,#30,#38,#46));
#20 = ORIENTED_EDGE('',*,*,#21,.F.);
#21 = EDGE_CURVE('',#22,#24,#26,.T.);
#22 = VERTEX_POINT('',#23);
#23 = CARTESIAN_POINT('',(-2.22044604925E-15,6.,49.));
#24 = VERTEX_POINT('',#25);
#25 = CARTESIAN_POINT('',(3.,6.,52.));
#26 = LINE('',#27,#28);
#27 = CARTESIAN_POINT('',(1.5,6.,50.5));
#28 = VECTOR('',#29,1.);
#29 = DIRECTION('',(0.707106781187,-0.,0.707106781187));
#30 = ORIENTED_EDGE('',*,*,#31,.T.);
#31 = EDGE_CURVE('',#22,#32,#34,.T.);
#32 = VERTEX_POINT('',#33);
#33 = CARTESIAN_POINT('',(-2.22044604925E-15,126.8,49.));
#34 = LINE('',#35,#36);
#35 = CARTESIAN_POINT('',(0.,6.,49.));
#36 = VECTOR('',#37,1.);
#37 = DIRECTION('',(-0.,1.,0.));
#38 = ORIENTED_EDGE('',*,*,#39,.T.);
#39 = EDGE_CURVE('',#32,#40,#42,.T.);
#40 = VERTEX_POINT('',#41);
#41 = CARTESIAN_POINT('',(3.,126.8,52.));
#42 = LINE('',#43,#44);
#43 = CARTESIAN_POINT('',(1.5,126.8,50.5));
#44 = VECTOR('',#45,1.);
#45 = DIRECTION('',(0.707106781187,-0.,0.707106781187));
#46 = ORIENTED_EDGE('',*,*,#47,.F.);
#47 = EDGE_CURVE('',#24,#40,#48,.T.);
#48 = LINE('',#49,#50);
#49 = CARTESIAN_POINT('',(3.,6.,52.));
#50 = VECTOR('',#51,1.);
#51 = DIRECTION('',(-0.,1.,0.));
#52 = PLANE('',#53);
#53 = AXIS2_PLACEMENT_3D('',#54,#55,#56);
#54 = CARTESIAN_POINT('',(1.5,6.,50.5));
#55 = DIRECTION('',(0.707106781187,0.,-0.707106781187));
#56 = DIRECTION('',(0.,1.,0.));
#57 = ADVANCED_FACE('',(#58),#85,.T.);
#58 = FACE_BOUND('',#59,.F.);
#59 = EDGE_LOOP('',(#60,#70,#77,#78));
#60 = ORIENTED_EDGE('',*,*,#61,.F.);
#61 = EDGE_CURVE('',#62,#64,#66,.T.);
#62 = VERTEX_POINT('',#63);
#63 = CARTESIAN_POINT('',(6.,-2.22044604925E-15,49.));
#64 = VERTEX_POINT('',#65);
#65 = CARTESIAN_POINT('',(6.,3.,52.));
#66 = LINE('',#67,#68);
#67 = CARTESIAN_POINT('',(6.,1.5,50.5));
#68 = VECTOR('',#69,1.);
#69 = DIRECTION('',(0.,0.707106781187,0.707106781187));
#70 = ORIENTED_EDGE('',*,*,#71,.T.);
#71 = EDGE_CURVE('',#62,#22,#72,.T.);
#72 = CIRCLE('',#73,6.);
#73 = AXIS2_PLACEMENT_3D('',#74,#75,#76);
#74 = CARTESIAN_POINT('',(6.,6.,49.));
#75 = DIRECTION('',(-0.,0.,-1.));
#76 = DIRECTION('',(-2.960594732334E-16,-1.,0.));
#77 = ORIENTED_EDGE('',*,*,#21,.T.);
#78 = ORIENTED_EDGE('',*,*,#79,.F.);
#79 = EDGE_CURVE('',#64,#24,#80,.T.);
#80 = CIRCLE('',#81,3.);
#81 = AXIS2_PLACEMENT_3D('',#82,#83,#84);
#82 = CARTESIAN_POINT('',(6.,6.,52.));
#83 = DIRECTION('',(-0.,0.,-1.));
#84 = DIRECTION('',(-2.960594732334E-16,-1.,0.));
#85 = CONICAL_SURFACE('',#86,6.,0.785398163397);
#86 = AXIS2_PLACEMENT_3D('',#87,#88,#89);
#87 = CARTESIAN_POINT('',(6.,6.,49.));
#88 = DIRECTION('',(-0.,-0.,-1.));
#89 = DIRECTION('',(-2.960594732334E-16,-1.,0.));
#90 = ADVANCED_FACE('',(#91,#144),#214,.F.);
#91 = FACE_BOUND('',#92,.F.);
#92 = EDGE_LOOP('',(#93,#94,#95,#103,#112,#120,#129,#137));
#93 = ORIENTED_EDGE('',*,*,#31,.F.);
#94 = ORIENTED_EDGE('',*,*,#71,.F.);
#95 = ORIENTED_EDGE('',*,*,#96,.F.);
#96 = EDGE_CURVE('',#97,#62,#99,.T.);
#97 = VERTEX_POINT('',#98);
#98 = CARTESIAN_POINT('',(100.8,-8.881784197001E-16,49.));
#99 = LINE('',#100,#101);
#100 = CARTESIAN_POINT('',(100.8,0.,49.));
#101 = VECTOR('',#102,1.);
#102 = DIRECTION('',(-1.,-0.,0.));
#103 = ORIENTED_EDGE('',*,*,#104,.F.);
#104 = EDGE_CURVE('',#105,#97,#107,.T.);
#105 = VERTEX_POINT('',#106);
#106 = CARTESIAN_POINT('',(106.8,6.,49.));
#107 = CIRCLE('',#108,6.);
#108 = AXIS2_PLACEMENT_3D('',#109,#110,#111);
#109 = CARTESIAN_POINT('',(100.8,6.,49.));
#110 = DIRECTION('',(0.,-0.,-1.));
#111 = DIRECTION('',(1.,1.480297366167E-16,-0.));
#112 = ORIENTED_EDGE('',*,*,#113,.F.);
#113 = EDGE_CURVE('',#114,#105,#116,.T.);
#114 = VERTEX_POINT('',#115);
#115 = CARTESIAN_POINT('',(106.8,126.8,49.));
#116 = LINE('',#117,#118);
#117 = CARTESIAN_POINT('',(106.8,126.8,49.));
#118 = VECTOR('',#119,1.);
#119 = DIRECTION('',(0.,-1.,-0.));
#120 = ORIENTED_EDGE('',*,*,#121,.F.);
#121 = EDGE_CURVE('',#122,#114,#124,.T.);
#122 = VERTEX_POINT('',#123);
#123 = CARTESIAN_POINT('',(100.8,132.8,49.));
#124 = CIRCLE('',#125,6.);
#125 = AXIS2_PLACEMENT_3D('',#126,#127,#128);
#126 = CARTESIAN_POINT('',(100.8,126.8,49.));
#127 = DIRECTION('',(0.,-0.,-1.));
#128 = DIRECTION('',(0.,1.,-0.));
#129 = ORIENTED_EDGE('',*,*,#130,.F.);
#130 = EDGE_CURVE('',#131,#122,#133,.T.);
#131 = VERTEX_POINT('',#132);
#132 = CARTESIAN_POINT('',(6.,132.8,49.));
#133 = LINE('',#134,#135);
#134 = CARTESIAN_POINT('',(6.,132.8,49.));
#135 = VECTOR('',#136,1.);
#136 = DIRECTION('',(1.,0.,-0.));
#137 = ORIENTED_EDGE('',*,*,#138,.F.);
#138 = EDGE_CURVE('',#32,#131,#139,.T.);
#139 = CIRCLE('',#140,6.);
#140 = AXIS2_PLACEMENT_3D('',#141,#142,#143);
#141 = CARTESIAN_POINT('',(6.,126.8,49.));
#142 = DIRECTION('',(-0.,0.,-1.));
#143 = DIRECTION('',(-1.,0.,0.));
#144 = FACE_BOUND('',#145,.F.);
#145 = EDGE_LOOP('',(#146,#157,#165,#174,#182,#191,#199,#208));
#146 = ORIENTED_EDGE('',*,*,#147,.F.);
#147 = EDGE_CURVE('',#148,#150,#152,.T.);
#148 = VERTEX_POINT('',#149);
#149 = CARTESIAN_POINT('',(2.6,6.,49.));
#150 = VERTEX_POINT('',#151);
#151 = CARTESIAN_POINT('',(6.,2.6,49.));
#152 = CIRCLE('',#153,3.4);
#153 = AXIS2_PLACEMENT_3D('',#154,#155,#156);
#154 = CARTESIAN_POINT('',(6.,6.,49.));
#155 = DIRECTION('',(0.,0.,1.));
#156 = DIRECTION('',(-1.,-0.,0.));
#157 = ORIENTED_EDGE('',*,*,#158,.T.);
#158 = EDGE_CURVE('',#148,#159,#161,.T.);
#159 = VERTEX_POINT('',#160);
#160 = CARTESIAN_POINT('',(2.6,126.8,49.));
#161 = LINE('',#162,#163);
#162 = CARTESIAN_POINT('',(2.6,0.8,49.));
#163 = VECTOR('',#164,1.);
#164 = DIRECTION('',(-0.,1.,0.));
#165 = ORIENTED_EDGE('',*,*,#166,.F.);
#166 = EDGE_CURVE('',#167,#159,#169,.T.);
#167 = VERTEX_POINT('',#168);
#168 = CARTESIAN_POINT('',(6.,130.2,49.));
#169 = CIRCLE('',#170,3.4);
#170 = AXIS2_PLACEMENT_3D('',#171,#172,#173);
#171 = CARTESIAN_POINT('',(6.,126.8,49.));
#172 = DIRECTION('',(0.,0.,1.));
#173 = DIRECTION('',(-1.,-0.,0.));
#174 = ORIENTED_EDGE('',*,*,#175,.F.);
#175 = EDGE_CURVE('',#176,#167,#178,.T.);
#176 = VERTEX_POINT('',#177);
#177 = CARTESIAN_POINT('',(100.8,130.2,49.));
#178 = LINE('',#179,#180);
#179 = CARTESIAN_POINT('',(0.8,130.2,49.));
#180 = VECTOR('',#181,1.);
#181 = DIRECTION('',(-1.,-0.,0.));
#182 = ORIENTED_EDGE('',*,*,#183,.F.);
#183 = EDGE_CURVE('',#184,#176,#186,.T.);
#184 = VERTEX_POINT('',#185);
#185 = CARTESIAN_POINT('',(104.2,126.8,49.));
#186 = CIRCLE('',#187,3.4);
#187 = AXIS2_PLACEMENT_3D('',#188,#189,#190);
#188 = CARTESIAN_POINT('',(100.8,126.8,49.));
#189 = DIRECTION('',(0.,0.,1.));
#190 = DIRECTION('',(1.,0.,-0.));
#191 = ORIENTED_EDGE('',*,*,#192,.F.);
#192 = EDGE_CURVE('',#193,#184,#195,.T.);
#193 = VERTEX_POINT('',#194);
#194 = CARTESIAN_POINT('',(104.2,6.,49.));
#195 = LINE('',#196,#197);
#196 = CARTESIAN_POINT('',(104.2,0.8,49.));
#197 = VECTOR('',#198,1.);
#198 = DIRECTION('',(-0.,1.,0.));
#199 = ORIENTED_EDGE('',*,*,#200,.F.);
#200 = EDGE_CURVE('',#201,#193,#203,.T.);
#201 = VERTEX_POINT('',#202);
#202 = CARTESIAN_POINT('',(100.8,2.6,49.));
#203 = CIRCLE('',#204,3.4);
#204 = AXIS2_PLACEMENT_3D('',#205,#206,#207);
#205 = CARTESIAN_POINT('',(100.8,6.,49.));
#206 = DIRECTION('',(0.,0.,1.));
#207 = DIRECTION('',(1.,0.,-0.));
#208 = ORIENTED_EDGE('',*,*,#209,.T.);
#209 = EDGE_CURVE('',#201,#150,#210,.T.);
#210 = LINE('',#211,#212);
#211 = CARTESIAN_POINT('',(0.8,2.6,49.));
#212 = VECTOR('',#213,1.);
#213 = DIRECTION('',(-1.,-0.,0.));
#214 = PLANE('',#215);
#215 = AXIS2_PLACEMENT_3D('',#216,#217,#218);
#216 = CARTESIAN_POINT('',(-1.,-1.,49.));
#217 = DIRECTION('',(0.,0.,1.));
#218 = DIRECTION('',(1.,0.,-0.));
#219 = ADVANCED_FACE('',(#220,#273,#284,#295,#577,#747,#917,#975,#1009,
    #1020,#1031,#1137,#1203,#1301,#1312,#1346,#1380,#1414,#1448,#1482),
  #1493,.T.);
#220 = FACE_BOUND('',#221,.T.);
#221 = EDGE_LOOP('',(#222,#223,#224,#232,#241,#249,#258,#266));
#222 = ORIENTED_EDGE('',*,*,#47,.F.);
#223 = ORIENTED_EDGE('',*,*,#79,.F.);
#224 = ORIENTED_EDGE('',*,*,#225,.F.);
#225 = EDGE_CURVE('',#226,#64,#228,.T.);
#226 = VERTEX_POINT('',#227);
#227 = CARTESIAN_POINT('',(100.8,3.,52.));
#228 = LINE('',#229,#230);
#229 = CARTESIAN_POINT('',(100.8,3.,52.));
#230 = VECTOR('',#231,1.);
#231 = DIRECTION('',(-1.,-0.,0.));
#232 = ORIENTED_EDGE('',*,*,#233,.F.);
#233 = EDGE_CURVE('',#234,#226,#236,.T.);
#234 = VERTEX_POINT('',#235);
#235 = CARTESIAN_POINT('',(103.8,6.,52.));
#236 = CIRCLE('',#237,3.);
#237 = AXIS2_PLACEMENT_3D('',#238,#239,#240);
#238 = CARTESIAN_POINT('',(100.8,6.,52.));
#239 = DIRECTION('',(0.,-0.,-1.));
#240 = DIRECTION('',(1.,1.480297366167E-16,-0.));
#241 = ORIENTED_EDGE('',*,*,#242,.F.);
#242 = EDGE_CURVE('',#243,#234,#245,.T.);
#243 = VERTEX_POINT('',#244);
#244 = CARTESIAN_POINT('',(103.8,126.8,52.));
#245 = LINE('',#246,#247);
#246 = CARTESIAN_POINT('',(103.8,126.8,52.));
#247 = VECTOR('',#248,1.);
#248 = DIRECTION('',(0.,-1.,-0.));
#249 = ORIENTED_EDGE('',*,*,#250,.F.);
#250 = EDGE_CURVE('',#251,#243,#253,.T.);
#251 = VERTEX_POINT('',#252);
#252 = CARTESIAN_POINT('',(100.8,129.8,52.));
#253 = CIRCLE('',#254,3.);
#254 = AXIS2_PLACEMENT_3D('',#255,#256,#257);
#255 = CARTESIAN_POINT('',(100.8,126.8,52.));
#256 = DIRECTION('',(0.,-0.,-1.));
#257 = DIRECTION('',(0.,1.,-0.));
#258 = ORIENTED_EDGE('',*,*,#259,.F.);
#259 = EDGE_CURVE('',#260,#251,#262,.T.);
#260 = VERTEX_POINT('',#261);
#261 = CARTESIAN_POINT('',(6.,129.8,52.));
#262 = LINE('',#263,#264);
#263 = CARTESIAN_POINT('',(6.,129.8,52.));
#264 = VECTOR('',#265,1.);
#265 = DIRECTION('',(1.,0.,-0.));
#266 = ORIENTED_EDGE('',*,*,#267,.F.);
#267 = EDGE_CURVE('',#40,#260,#268,.T.);
#268 = CIRCLE('',#269,3.);
#269 = AXIS2_PLACEMENT_3D('',#270,#271,#272);
#270 = CARTESIAN_POINT('',(6.,126.8,52.));
#271 = DIRECTION('',(-0.,0.,-1.));
#272 = DIRECTION('',(-1.,0.,0.));
#273 = FACE_BOUND('',#274,.T.);
#274 = EDGE_LOOP('',(#275));
#275 = ORIENTED_EDGE('',*,*,#276,.F.);
#276 = EDGE_CURVE('',#277,#277,#279,.T.);
#277 = VERTEX_POINT('',#278);
#278 = CARTESIAN_POINT('',(9.5,6.4,52.));
#279 = CIRCLE('',#280,3.1);
#280 = AXIS2_PLACEMENT_3D('',#281,#282,#283);
#281 = CARTESIAN_POINT('',(6.4,6.4,52.));
#282 = DIRECTION('',(0.,0.,1.));
#283 = DIRECTION('',(1.,0.,-0.));
#284 = FACE_BOUND('',#285,.T.);
#285 = EDGE_LOOP('',(#286));
#286 = ORIENTED_EDGE('',*,*,#287,.F.);
#287 = EDGE_CURVE('',#288,#288,#290,.T.);
#288 = VERTEX_POINT('',#289);
#289 = CARTESIAN_POINT('',(26.425,27.,52.));
#290 = CIRCLE('',#291,1.6);
#291 = AXIS2_PLACEMENT_3D('',#292,#293,#294);
#292 = CARTESIAN_POINT('',(24.825,27.,52.));
#293 = DIRECTION('',(0.,0.,1.));
#294 = DIRECTION('',(1.,0.,-0.));
#295 = FACE_BOUND('',#296,.T.);
#296 = EDGE_LOOP('',(#297,#314,#322,#334,#349,#364,#383,#400,#417,#434,
    #453,#472,#495,#517,#539,#562));
#297 = ORIENTED_EDGE('',*,*,#298,.F.);
#298 = EDGE_CURVE('',#299,#301,#303,.T.);
#299 = VERTEX_POINT('',#300);
#300 = CARTESIAN_POINT('',(39.901486199575,54.222292993631,52.));
#301 = VERTEX_POINT('',#302);
#302 = CARTESIAN_POINT('',(39.457112526539,55.091932059448,52.));
#303 = B_SPLINE_CURVE_WITH_KNOTS('',5,(#304,#305,#306,#307,#308,#309,
    #310,#311,#312,#313),.UNSPECIFIED.,.F.,.F.,(6,4,6),(0.,
    0.489581361509,1.),.UNSPECIFIED.);
#304 = CARTESIAN_POINT('',(39.901486199575,54.222292993631,52.));
#305 = CARTESIAN_POINT('',(39.88419319312,54.32551302772,52.));
#306 = CARTESIAN_POINT('',(39.861276590867,54.425791583202,52.));
#307 = CARTESIAN_POINT('',(39.83222768088,54.522507158381,52.));
#308 = CARTESIAN_POINT('',(39.796546034703,54.614860559987,52.));
#309 = CARTESIAN_POINT('',(39.7096524834,54.79294424195,52.));
#310 = CARTESIAN_POINT('',(39.657834706151,54.878247009061,52.));
#311 = CARTESIAN_POINT('',(39.59832158658,54.956981504894,52.));
#312 = CARTESIAN_POINT('',(39.53120259629,55.028348980721,52.));
#313 = CARTESIAN_POINT('',(39.457112526539,55.091932059448,52.));
#314 = ORIENTED_EDGE('',*,*,#315,.T.);
#315 = EDGE_CURVE('',#299,#316,#318,.T.);
#316 = VERTEX_POINT('',#317);
#317 = CARTESIAN_POINT('',(39.035244161359,54.127813163482,52.));
#318 = LINE('',#319,#320);
#319 = CARTESIAN_POINT('',(17.263073340963,51.753152375473,52.));
#320 = VECTOR('',#321,1.);
#321 = DIRECTION('',(-0.994104564342,-0.108425620376,0.));
#322 = ORIENTED_EDGE('',*,*,#323,.F.);
#323 = EDGE_CURVE('',#324,#316,#326,.T.);
#324 = VERTEX_POINT('',#325);
#325 = CARTESIAN_POINT('',(38.869639065817,54.518259023355,52.));
#326 = B_SPLINE_CURVE_WITH_KNOTS('',6,(#327,#328,#329,#330,#331,#332,
    #333),.UNSPECIFIED.,.F.,.F.,(7,7),(0.,1.),.PIECEWISE_BEZIER_KNOTS.);
#327 = CARTESIAN_POINT('',(38.869639065817,54.518259023355,52.));
#328 = CARTESIAN_POINT('',(38.915279372384,54.475299179237,52.));
#329 = CARTESIAN_POINT('',(38.953681922829,54.422765985767,52.));
#330 = CARTESIAN_POINT('',(38.984645709531,54.361007845074,52.));
#331 = CARTESIAN_POINT('',(39.008312586069,54.290698813631,52.));
#332 = CARTESIAN_POINT('',(39.02502817081,54.212673991643,52.));
#333 = CARTESIAN_POINT('',(39.035244161359,54.127813163482,52.));
#334 = ORIENTED_EDGE('',*,*,#335,.F.);
#335 = EDGE_CURVE('',#336,#324,#338,.T.);
#336 = VERTEX_POINT('',#337);
#337 = CARTESIAN_POINT('',(38.522505307856,54.644161358811,52.));
#338 = B_SPLINE_CURVE_WITH_KNOTS('',5,(#339,#340,#341,#342,#343,#344,
    #345,#346,#347,#348),.UNSPECIFIED.,.F.,.F.,(6,4,6),(0.,
    0.766232240172,1.),.UNSPECIFIED.);
#339 = CARTESIAN_POINT('',(38.522505307856,54.644161358811,52.));
#340 = CARTESIAN_POINT('',(38.586830976405,54.644161358811,52.));
#341 = CARTESIAN_POINT('',(38.647336170212,54.637009956457,52.));
#342 = CARTESIAN_POINT('',(38.703621631169,54.622394929634,52.));
#343 = CARTESIAN_POINT('',(38.755365516959,54.600176997704,52.));
#344 = CARTESIAN_POINT('',(38.816718210635,54.561420036559,52.));
#345 = CARTESIAN_POINT('',(38.830620218634,54.551663580737,52.));
#346 = CARTESIAN_POINT('',(38.844076734212,54.541214102227,52.));
#347 = CARTESIAN_POINT('',(38.85708386918,54.530076851301,52.));
#348 = CARTESIAN_POINT('',(38.869639065817,54.518259023355,52.));
#349 = ORIENTED_EDGE('',*,*,#350,.F.);
#350 = EDGE_CURVE('',#351,#336,#353,.T.);
#351 = VERTEX_POINT('',#352);
#352 = CARTESIAN_POINT('',(38.043099787686,54.388322717622,52.));
#353 = B_SPLINE_CURVE_WITH_KNOTS('',5,(#354,#355,#356,#357,#358,#359,
    #360,#361,#362,#363),.UNSPECIFIED.,.F.,.F.,(6,4,6),(0.,
    0.662649616088,1.),.UNSPECIFIED.);
#354 = CARTESIAN_POINT('',(38.043099787686,54.388322717622,52.));
#355 = CARTESIAN_POINT('',(38.093246129362,54.453790043429,52.));
#356 = CARTESIAN_POINT('',(38.148084761705,54.510238610612,52.));
#357 = CARTESIAN_POINT('',(38.20766690296,54.556395724309,52.));
#358 = CARTESIAN_POINT('',(38.27181214517,54.591248666236,52.));
#359 = CARTESIAN_POINT('',(38.374530443935,54.626467498462,52.));
#360 = CARTESIAN_POINT('',(38.410203881807,54.63536597994,52.));
#361 = CARTESIAN_POINT('',(38.446819804913,54.641254201615,52.));
#362 = CARTESIAN_POINT('',(38.484286950885,54.644161358811,52.));
#363 = CARTESIAN_POINT('',(38.522505307856,54.644161358811,52.));
#364 = ORIENTED_EDGE('',*,*,#365,.F.);
#365 = EDGE_CURVE('',#366,#351,#368,.T.);
#366 = VERTEX_POINT('',#367);
#367 = CARTESIAN_POINT('',(37.796390658174,53.325265392781,52.));
#368 = B_SPLINE_CURVE_WITH_KNOTS('',7,(#369,#370,#371,#372,#373,#374,
    #375,#376,#377,#378,#379,#380,#381,#382),.UNSPECIFIED.,.F.,.F.,(8,6,
    8),(0.,0.78567986188,1.),.UNSPECIFIED.);
#369 = CARTESIAN_POINT('',(37.796390658174,53.325265392781,52.));
#370 = CARTESIAN_POINT('',(37.805429501606,53.468493399334,52.));
#371 = CARTESIAN_POINT('',(37.81755271652,53.608360203539,52.));
#372 = CARTESIAN_POINT('',(37.83331616183,53.744730446341,52.));
#373 = CARTESIAN_POINT('',(37.853463536117,53.876582715537,52.));
#374 = CARTESIAN_POINT('',(37.879001213547,54.001895118504,52.));
#375 = CARTESIAN_POINT('',(37.911149112777,54.117725885555,52.));
#376 = CARTESIAN_POINT('',(37.962798790744,54.247503071132,52.));
#377 = CARTESIAN_POINT('',(37.974485528026,54.274258677809,52.));
#378 = CARTESIAN_POINT('',(37.98681870978,54.299857402589,52.));
#379 = CARTESIAN_POINT('',(37.999826239038,54.324186441729,52.));
#380 = CARTESIAN_POINT('',(38.013532096159,54.347123954947,52.));
#381 = CARTESIAN_POINT('',(38.027953786434,54.368544208395,52.));
#382 = CARTESIAN_POINT('',(38.043099787686,54.388322717622,52.));
#383 = ORIENTED_EDGE('',*,*,#384,.F.);
#384 = EDGE_CURVE('',#385,#366,#387,.T.);
#385 = VERTEX_POINT('',#386);
#386 = CARTESIAN_POINT('',(38.627600849257,53.72016985138,52.));
#387 = B_SPLINE_CURVE_WITH_KNOTS('',6,(#388,#389,#390,#391,#392,#393,
    #394,#395,#396,#397,#398,#399),.UNSPECIFIED.,.F.,.F.,(7,5,7),(0.,
    0.440229694003,1.),.UNSPECIFIED.);
#388 = CARTESIAN_POINT('',(38.627600849257,53.72016985138,52.));
#389 = CARTESIAN_POINT('',(38.556186064843,53.72016985138,52.));
#390 = CARTESIAN_POINT('',(38.485772129754,53.715273922637,52.));
#391 = CARTESIAN_POINT('',(38.416662070418,53.705222014542,52.));
#392 = CARTESIAN_POINT('',(38.349161558468,53.689836442289,52.));
#393 = CARTESIAN_POINT('',(38.283565934431,53.669064277144,52.));
#394 = CARTESIAN_POINT('',(38.139507721475,53.609903023898,52.));
#395 = CARTESIAN_POINT('',(38.062352315117,53.568247363103,52.));
#396 = CARTESIAN_POINT('',(37.989264157387,53.518280640532,52.));
#397 = CARTESIAN_POINT('',(37.920535398565,53.460591058698,52.));
#398 = CARTESIAN_POINT('',(37.856257732426,53.39596555666,52.));
#399 = CARTESIAN_POINT('',(37.796390658174,53.325265392781,52.));
#400 = ORIENTED_EDGE('',*,*,#401,.F.);
#401 = EDGE_CURVE('',#402,#385,#404,.T.);
#402 = VERTEX_POINT('',#403);
#403 = CARTESIAN_POINT('',(39.587685774947,53.293418259023,52.));
#404 = B_SPLINE_CURVE_WITH_KNOTS('',6,(#405,#406,#407,#408,#409,#410,
    #411,#412,#413,#414,#415,#416),.UNSPECIFIED.,.F.,.F.,(7,5,7),(0.,
    0.568056381035,1.),.UNSPECIFIED.);
#405 = CARTESIAN_POINT('',(39.587685774947,53.293418259023,52.));
#406 = CARTESIAN_POINT('',(39.515209610197,53.37082372722,52.));
#407 = CARTESIAN_POINT('',(39.437954859577,53.441515793171,52.));
#408 = CARTESIAN_POINT('',(39.355916271389,53.504521320643,52.));
#409 = CARTESIAN_POINT('',(39.26924087416,53.558946249818,52.));
#410 = CARTESIAN_POINT('',(39.178303679584,53.604120336414,52.));
#411 = CARTESIAN_POINT('',(39.011958472692,53.666910392519,52.));
#412 = CARTESIAN_POINT('',(38.938026051927,53.688545154468,52.));
#413 = CARTESIAN_POINT('',(38.862309723969,53.704577703151,52.));
#414 = CARTESIAN_POINT('',(38.785122417891,53.715059981971,52.));
#415 = CARTESIAN_POINT('',(38.706782134059,53.72016985138,52.));
#416 = CARTESIAN_POINT('',(38.627600849257,53.72016985138,52.));
#417 = ORIENTED_EDGE('',*,*,#418,.F.);
#418 = EDGE_CURVE('',#419,#402,#421,.T.);
#419 = VERTEX_POINT('',#420);
#420 = CARTESIAN_POINT('',(39.987473460722,52.191507430998,52.));
#421 = B_SPLINE_CURVE_WITH_KNOTS('',6,(#422,#423,#424,#425,#426,#427,
    #428,#429,#430,#431,#432,#433),.UNSPECIFIED.,.F.,.F.,(7,5,7),(0.,
    0.763644083028,1.),.UNSPECIFIED.);
#422 = CARTESIAN_POINT('',(39.987473460722,52.191507430998,52.));
#423 = CARTESIAN_POINT('',(39.987473460722,52.351394217888,52.));
#424 = CARTESIAN_POINT('',(39.974021130619,52.508498584085,52.));
#425 = CARTESIAN_POINT('',(39.945357866015,52.661139518979,52.));
#426 = CARTESIAN_POINT('',(39.899950482089,52.807318922122,52.));
#427 = CARTESIAN_POINT('',(39.83704705088,52.944955027865,52.));
#428 = CARTESIAN_POINT('',(39.733232716677,53.111744397501,52.));
#429 = CARTESIAN_POINT('',(39.707123012475,53.150188777463,52.));
#430 = CARTESIAN_POINT('',(39.679469261291,53.187610059503,52.));
#431 = CARTESIAN_POINT('',(39.650310894156,53.223972151956,52.));
#432 = CARTESIAN_POINT('',(39.619697116226,53.259247894726,52.));
#433 = CARTESIAN_POINT('',(39.587685774947,53.293418259023,52.));
#434 = ORIENTED_EDGE('',*,*,#435,.F.);
#435 = EDGE_CURVE('',#436,#419,#438,.T.);
#436 = VERTEX_POINT('',#437);
#437 = CARTESIAN_POINT('',(39.567091295117,51.04161358811,52.));
#438 = B_SPLINE_CURVE_WITH_KNOTS('',5,(#439,#440,#441,#442,#443,#444,
    #445,#446,#447,#448,#449,#450,#451,#452),.UNSPECIFIED.,.F.,.F.,(6,4,
    4,6),(0.,0.202660320594,0.709677191407,1.),.UNSPECIFIED.);
#439 = CARTESIAN_POINT('',(39.567091295117,51.04161358811,52.));
#440 = CARTESIAN_POINT('',(39.60201941419,51.077600135035,52.));
#441 = CARTESIAN_POINT('',(39.635293486526,51.114974779921,52.));
#442 = CARTESIAN_POINT('',(39.666829530077,51.153708834698,52.));
#443 = CARTESIAN_POINT('',(39.696562907663,51.193755200683,52.));
#444 = CARTESIAN_POINT('',(39.794212245199,51.338355876976,52.));
#445 = CARTESIAN_POINT('',(39.852431248501,51.449497371404,52.));
#446 = CARTESIAN_POINT('',(39.898339051386,51.567362159979,52.));
#447 = CARTESIAN_POINT('',(39.932378143537,51.690490157805,52.));
#448 = CARTESIAN_POINT('',(39.968661844639,51.890158339827,52.));
#449 = CARTESIAN_POINT('',(39.978281093911,51.9641381422,52.));
#450 = CARTESIAN_POINT('',(39.984480017138,52.039155684245,52.));
#451 = CARTESIAN_POINT('',(39.987473460722,52.115000952622,52.));
#452 = CARTESIAN_POINT('',(39.987473460722,52.191507430998,52.));
#453 = ORIENTED_EDGE('',*,*,#454,.F.);
#454 = EDGE_CURVE('',#455,#436,#457,.T.);
#455 = VERTEX_POINT('',#456);
#456 = CARTESIAN_POINT('',(38.487473460722,50.608492569002,52.));
#457 = B_SPLINE_CURVE_WITH_KNOTS('',5,(#458,#459,#460,#461,#462,#463,
    #464,#465,#466,#467,#468,#469,#470,#471),.UNSPECIFIED.,.F.,.F.,(6,4,
    4,6),(0.,0.221976750351,0.648359672113,1.),.UNSPECIFIED.);
#458 = CARTESIAN_POINT('',(38.487473460722,50.608492569002,52.));
#459 = CARTESIAN_POINT('',(38.542651046565,50.608492569002,52.));
#460 = CARTESIAN_POINT('',(38.597446880905,50.610389001245,52.));
#461 = CARTESIAN_POINT('',(38.651781027051,50.614273047644,52.));
#462 = CARTESIAN_POINT('',(38.705561504096,50.620230437056,52.));
#463 = CARTESIAN_POINT('',(38.860735154072,50.643881518013,52.));
#464 = CARTESIAN_POINT('',(38.960391249539,50.667334380021,52.));
#465 = CARTESIAN_POINT('',(39.056888671753,50.699155768198,52.));
#466 = CARTESIAN_POINT('',(39.149471176282,50.739537408136,52.));
#467 = CARTESIAN_POINT('',(39.310112186641,50.82819262081,52.));
#468 = CARTESIAN_POINT('',(39.379641364433,50.873851049321,52.));
#469 = CARTESIAN_POINT('',(39.445746145558,50.924908340878,52.));
#470 = CARTESIAN_POINT('',(39.50824953397,50.980988743292,52.));
#471 = CARTESIAN_POINT('',(39.567091295117,51.04161358811,52.));
#472 = ORIENTED_EDGE('',*,*,#473,.F.);
#473 = EDGE_CURVE('',#474,#455,#476,.T.);
#474 = VERTEX_POINT('',#475);
#475 = CARTESIAN_POINT('',(37.325053078556,51.15966029724,52.));
#476 = B_SPLINE_CURVE_WITH_KNOTS('',5,(#477,#478,#479,#480,#481,#482,
    #483,#484,#485,#486,#487,#488,#489,#490,#491,#492,#493,#494),
  .UNSPECIFIED.,.F.,.F.,(6,4,4,4,6),(0.,0.172624501709,0.515675801313,
    0.75457342055,1.),.UNSPECIFIED.);
#477 = CARTESIAN_POINT('',(37.325053078556,51.15966029724,52.));
#478 = CARTESIAN_POINT('',(37.355080248501,51.123319722333,52.));
#479 = CARTESIAN_POINT('',(37.386098667234,51.088104355054,52.));
#480 = CARTESIAN_POINT('',(37.418120159576,51.054095082762,52.));
#481 = CARTESIAN_POINT('',(37.451148229219,51.021375174179,52.));
#482 = CARTESIAN_POINT('',(37.552789754897,50.927721081593,52.));
#483 = CARTESIAN_POINT('',(37.624354382085,50.870813514775,52.));
#484 = CARTESIAN_POINT('',(37.699766320037,50.819952496905,52.));
#485 = CARTESIAN_POINT('',(37.77876850819,50.77565293934,52.));
#486 = CARTESIAN_POINT('',(37.918024491318,50.712018043325,52.));
#487 = CARTESIAN_POINT('',(37.976695510607,50.689183430001,52.));
#488 = CARTESIAN_POINT('',(38.036707645587,50.669712780867,52.));
#489 = CARTESIAN_POINT('',(38.097878926474,50.653598610699,52.));
#490 = CARTESIAN_POINT('',(38.223852533371,50.627593132636,52.));
#491 = CARTESIAN_POINT('',(38.288711903771,50.617883275621,52.));
#492 = CARTESIAN_POINT('',(38.354390396589,50.611565471533,52.));
#493 = CARTESIAN_POINT('',(38.420698789055,50.608492569002,52.));
#494 = CARTESIAN_POINT('',(38.487473460722,50.608492569002,52.));
#495 = ORIENTED_EDGE('',*,*,#496,.F.);
#496 = EDGE_CURVE('',#497,#474,#499,.T.);
#497 = VERTEX_POINT('',#498);
#498 = CARTESIAN_POINT('',(36.869639065817,52.966454352442,52.));
#499 = B_SPLINE_CURVE_WITH_KNOTS('',6,(#500,#501,#502,#503,#504,#505,
    #506,#507,#508,#509,#510,#511,#512,#513,#514,#515,#516),
  .UNSPECIFIED.,.F.,.F.,(7,5,5,7),(0.,0.387167204655,0.64094070571,1.),
  .UNSPECIFIED.);
#500 = CARTESIAN_POINT('',(36.869639065817,52.966454352442,52.));
#501 = CARTESIAN_POINT('',(36.869639065817,52.837516242647,52.));
#502 = CARTESIAN_POINT('',(36.872520498337,52.709204946701,52.));
#503 = CARTESIAN_POINT('',(36.878603956071,52.581648665005,52.));
#504 = CARTESIAN_POINT('',(36.888282386896,52.455073350856,52.));
#505 = CARTESIAN_POINT('',(36.902028970274,52.329804785077,52.));
#506 = CARTESIAN_POINT('',(36.932513085131,52.125318382537,52.));
#507 = CARTESIAN_POINT('',(36.946586835472,52.045114953901,52.));
#508 = CARTESIAN_POINT('',(36.962832158778,51.965796144899,52.));
#509 = CARTESIAN_POINT('',(36.981436917605,51.887532862965,52.));
#510 = CARTESIAN_POINT('',(37.002606409667,51.810541708124,52.));
#511 = CARTESIAN_POINT('',(37.060452968271,51.628319455052,52.));
#512 = CARTESIAN_POINT('',(37.099916828315,51.524632647516,52.));
#513 = CARTESIAN_POINT('',(37.145574538324,51.424764362688,52.));
#514 = CARTESIAN_POINT('',(37.198044581746,51.329775622568,52.));
#515 = CARTESIAN_POINT('',(37.257856656307,51.240985198014,52.));
#516 = CARTESIAN_POINT('',(37.325053078556,51.15966029724,52.));
#517 = ORIENTED_EDGE('',*,*,#518,.F.);
#518 = EDGE_CURVE('',#519,#497,#521,.T.);
#519 = VERTEX_POINT('',#520);
#520 = CARTESIAN_POINT('',(37.344161358811,54.822717622081,52.));
#521 = B_SPLINE_CURVE_WITH_KNOTS('',6,(#522,#523,#524,#525,#526,#527,
    #528,#529,#530,#531,#532,#533,#534,#535,#536,#537,#538),
  .UNSPECIFIED.,.F.,.F.,(7,5,5,7),(0.,0.363059664778,0.634390009106,1.),
  .UNSPECIFIED.);
#522 = CARTESIAN_POINT('',(37.344161358811,54.822717622081,52.));
#523 = CARTESIAN_POINT('',(37.273493865723,54.738043104636,52.));
#524 = CARTESIAN_POINT('',(37.210616611058,54.645567070954,52.));
#525 = CARTESIAN_POINT('',(37.155516376573,54.54662042053,52.));
#526 = CARTESIAN_POINT('',(37.107639094879,54.442597805376,52.));
#527 = CARTESIAN_POINT('',(37.06632917855,54.334622603129,52.));
#528 = CARTESIAN_POINT('',(37.004464117355,54.14041648178,52.));
#529 = CARTESIAN_POINT('',(36.981304026265,54.05558908917,52.));
#530 = CARTESIAN_POINT('',(36.961165838746,53.969320336531,52.));
#531 = CARTESIAN_POINT('',(36.943791619091,53.881875686748,52.));
#532 = CARTESIAN_POINT('',(36.928947040095,53.793460801388,52.));
#533 = CARTESIAN_POINT('',(36.89955205844,53.583970110955,52.));
#534 = CARTESIAN_POINT('',(36.886898699272,53.462242657754,52.));
#535 = CARTESIAN_POINT('',(36.877957735548,53.339396495293,52.));
#536 = CARTESIAN_POINT('',(36.872317122386,53.215702719999,52.));
#537 = CARTESIAN_POINT('',(36.869639065817,53.091350711042,52.));
#538 = CARTESIAN_POINT('',(36.869639065817,52.966454352442,52.));
#539 = ORIENTED_EDGE('',*,*,#540,.F.);
#540 = EDGE_CURVE('',#541,#519,#543,.T.);
#541 = VERTEX_POINT('',#542);
#542 = CARTESIAN_POINT('',(38.576645435244,55.391507430998,52.));
#543 = B_SPLINE_CURVE_WITH_KNOTS('',5,(#544,#545,#546,#547,#548,#549,
    #550,#551,#552,#553,#554,#555,#556,#557,#558,#559,#560,#561),
  .UNSPECIFIED.,.F.,.F.,(6,4,4,4,6),(0.,0.179431566683,0.533412022075,
    0.763224606661,1.),.UNSPECIFIED.);
#544 = CARTESIAN_POINT('',(38.576645435244,55.391507430998,52.));
#545 = CARTESIAN_POINT('',(38.524971187242,55.391507430998,52.));
#546 = CARTESIAN_POINT('',(38.473546449692,55.389855131879,52.));
#547 = CARTESIAN_POINT('',(38.422435359358,55.38647721262,52.));
#548 = CARTESIAN_POINT('',(38.371711561876,55.38130544316,52.));
#549 = CARTESIAN_POINT('',(38.222312868543,55.360440358026,52.));
#550 = CARTESIAN_POINT('',(38.124972986293,55.339403198373,52.));
#551 = CARTESIAN_POINT('',(38.030106322481,55.310769601334,52.));
#552 = CARTESIAN_POINT('',(37.938383347087,55.274377360285,52.));
#553 = CARTESIAN_POINT('',(37.793269664941,55.202057082859,52.));
#554 = CARTESIAN_POINT('',(37.737711242461,55.170440282034,52.));
#555 = CARTESIAN_POINT('',(37.68387499241,55.135753009969,52.));
#556 = CARTESIAN_POINT('',(37.631867851541,55.0981340048,52.));
#557 = CARTESIAN_POINT('',(37.530129535143,55.016176148557,52.));
#558 = CARTESIAN_POINT('',(37.480512469434,54.971666072301,52.));
#559 = CARTESIAN_POINT('',(37.432978023058,54.92443393456,52.));
#560 = CARTESIAN_POINT('',(37.387535959992,54.874708922556,52.));
#561 = CARTESIAN_POINT('',(37.344161358811,54.822717622081,52.));
#562 = ORIENTED_EDGE('',*,*,#563,.F.);
#563 = EDGE_CURVE('',#301,#541,#564,.T.);
#564 = B_SPLINE_CURVE_WITH_KNOTS('',6,(#565,#566,#567,#568,#569,#570,
    #571,#572,#573,#574,#575,#576),.UNSPECIFIED.,.F.,.F.,(7,5,7),(0.,
    0.205866776406,1.),.UNSPECIFIED.);
#565 = CARTESIAN_POINT('',(39.457112526539,55.091932059448,52.));
#566 = CARTESIAN_POINT('',(39.432805136255,55.112819835143,52.));
#567 = CARTESIAN_POINT('',(39.407906170294,55.132882917046,52.));
#568 = CARTESIAN_POINT('',(39.382424627476,55.152101641861,52.));
#569 = CARTESIAN_POINT('',(39.356371993276,55.170459506344,52.));
#570 = CARTESIAN_POINT('',(39.329762239824,55.187943167307,52.));
#571 = CARTESIAN_POINT('',(39.19787882281,55.268574314288,52.));
#572 = CARTESIAN_POINT('',(39.085058408248,55.319472947941,52.));
#573 = CARTESIAN_POINT('',(38.965207185041,55.356564825543,52.));
#574 = CARTESIAN_POINT('',(38.839641646934,55.380255819047,52.));
#575 = CARTESIAN_POINT('',(38.709710219312,55.391507430998,52.));
#576 = CARTESIAN_POINT('',(38.576645435244,55.391507430998,52.));
#577 = FACE_BOUND('',#578,.T.);
#578 = EDGE_LOOP('',(#579,#600,#622,#644,#663,#686,#708,#730));
#579 = ORIENTED_EDGE('',*,*,#580,.F.);
#580 = EDGE_CURVE('',#581,#583,#585,.T.);
#581 = VERTEX_POINT('',#582);
#582 = CARTESIAN_POINT('',(43.070912951168,54.905944798301,52.));
#583 = VERTEX_POINT('',#584);
#584 = CARTESIAN_POINT('',(42.010403397028,55.391507430998,52.));
#585 = B_SPLINE_CURVE_WITH_KNOTS('',5,(#586,#587,#588,#589,#590,#591,
    #592,#593,#594,#595,#596,#597,#598,#599),.UNSPECIFIED.,.F.,.F.,(6,4,
    4,6),(0.,0.374086666318,0.780670891062,1.),.UNSPECIFIED.);
#586 = CARTESIAN_POINT('',(43.070912951168,54.905944798301,52.));
#587 = CARTESIAN_POINT('',(43.014421451157,54.977720387482,52.));
#588 = CARTESIAN_POINT('',(42.952859590736,55.044167708173,52.));
#589 = CARTESIAN_POINT('',(42.886197468088,55.104471237306,52.));
#590 = CARTESIAN_POINT('',(42.814618996524,55.157945935245,52.));
#591 = CARTESIAN_POINT('',(42.656160889928,55.254586119964,52.));
#592 = CARTESIAN_POINT('',(42.568457854558,55.296473284787,52.));
#593 = CARTESIAN_POINT('',(42.476302437147,55.329465758161,52.));
#594 = CARTESIAN_POINT('',(42.380598258571,55.353817537995,52.));
#595 = CARTESIAN_POINT('',(42.229191140998,55.378874410329,52.));
#596 = CARTESIAN_POINT('',(42.175356694372,55.385306312678,52.));
#597 = CARTESIAN_POINT('',(42.120872698046,55.389479408848,52.));
#598 = CARTESIAN_POINT('',(42.065855719073,55.391507430998,52.));
#599 = CARTESIAN_POINT('',(42.010403397028,55.391507430998,52.));
#600 = ORIENTED_EDGE('',*,*,#601,.F.);
#601 = EDGE_CURVE('',#602,#581,#604,.T.);
#602 = VERTEX_POINT('',#603);
#603 = CARTESIAN_POINT('',(43.526326963907,52.9983014862,52.));
#604 = B_SPLINE_CURVE_WITH_KNOTS('',6,(#605,#606,#607,#608,#609,#610,
    #611,#612,#613,#614,#615,#616,#617,#618,#619,#620,#621),
  .UNSPECIFIED.,.F.,.F.,(7,5,5,7),(0.,0.403612931238,0.66844856191,1.),
  .UNSPECIFIED.);
#605 = CARTESIAN_POINT('',(43.526326963907,52.9983014862,52.));
#606 = CARTESIAN_POINT('',(43.526326963907,53.139225422854,52.));
#607 = CARTESIAN_POINT('',(43.523270496858,53.27950011887,52.));
#608 = CARTESIAN_POINT('',(43.516797755175,53.418995337598,52.));
#609 = CARTESIAN_POINT('',(43.506459078078,53.557464234261,52.));
#610 = CARTESIAN_POINT('',(43.491704868928,53.6945408657,52.));
#611 = CARTESIAN_POINT('',(43.458750137106,53.918413779031,52.));
#612 = CARTESIAN_POINT('',(43.443481014935,54.006277836319,52.));
#613 = CARTESIAN_POINT('',(43.425794392122,54.093166736183,52.));
#614 = CARTESIAN_POINT('',(43.405456972097,54.178875013203,52.));
#615 = CARTESIAN_POINT('',(43.382207023048,54.263133738671,52.));
#616 = CARTESIAN_POINT('',(43.32263794071,54.448864359916,52.));
#617 = CARTESIAN_POINT('',(43.284508951853,54.549304975232,52.));
#618 = CARTESIAN_POINT('',(43.240796950089,54.646290424842,52.));
#619 = CARTESIAN_POINT('',(43.190920541254,54.738871120543,52.));
#620 = CARTESIAN_POINT('',(43.134346511776,54.825832203575,52.));
#621 = CARTESIAN_POINT('',(43.070912951168,54.905944798301,52.));
#622 = ORIENTED_EDGE('',*,*,#623,.F.);
#623 = EDGE_CURVE('',#624,#602,#626,.T.);
#624 = VERTEX_POINT('',#625);
#625 = CARTESIAN_POINT('',(43.067728237792,51.087685774947,52.));
#626 = B_SPLINE_CURVE_WITH_KNOTS('',6,(#627,#628,#629,#630,#631,#632,
    #633,#634,#635,#636,#637,#638,#639,#640,#641,#642,#643),
  .UNSPECIFIED.,.F.,.F.,(7,5,5,7),(0.,0.336328745704,0.602737973075,1.),
  .UNSPECIFIED.);
#627 = CARTESIAN_POINT('',(43.067728237792,51.087685774947,52.));
#628 = CARTESIAN_POINT('',(43.132195042895,51.169433265307,52.));
#629 = CARTESIAN_POINT('',(43.189673372442,51.258078021998,52.));
#630 = CARTESIAN_POINT('',(43.240317529386,51.352389459301,52.));
#631 = CARTESIAN_POINT('',(43.28466277458,51.451147385718,52.));
#632 = CARTESIAN_POINT('',(43.323297217724,51.553393775249,52.));
#633 = CARTESIAN_POINT('',(43.383337023084,51.74171453511,52.));
#634 = CARTESIAN_POINT('',(43.406650185855,51.82672002313,52.));
#635 = CARTESIAN_POINT('',(43.427026671052,51.913165392306,52.));
#636 = CARTESIAN_POINT('',(43.444726670398,52.000784610586,52.));
#637 = CARTESIAN_POINT('',(43.459982909018,52.089373743794,52.));
#638 = CARTESIAN_POINT('',(43.492412331758,52.312127413846,52.));
#639 = CARTESIAN_POINT('',(43.506841788561,52.447274050015,52.));
#640 = CARTESIAN_POINT('',(43.516971631647,52.583755325153,52.));
#641 = CARTESIAN_POINT('',(43.523323725714,52.721225833398,52.));
#642 = CARTESIAN_POINT('',(43.526326963907,52.859450375812,52.));
#643 = CARTESIAN_POINT('',(43.526326963907,52.9983014862,52.));
#644 = ORIENTED_EDGE('',*,*,#645,.F.);
#645 = EDGE_CURVE('',#646,#624,#648,.T.);
#646 = VERTEX_POINT('',#647);
#647 = CARTESIAN_POINT('',(42.010403397028,50.608492569002,52.));
#648 = B_SPLINE_CURVE_WITH_KNOTS('',5,(#649,#650,#651,#652,#653,#654,
    #655,#656,#657,#658,#659,#660,#661,#662),.UNSPECIFIED.,.F.,.F.,(6,4,
    4,6),(0.,0.22601292815,0.641395335988,1.),.UNSPECIFIED.);
#649 = CARTESIAN_POINT('',(42.010403397028,50.608492569002,52.));
#650 = CARTESIAN_POINT('',(42.067377504837,50.608492569002,52.));
#651 = CARTESIAN_POINT('',(42.123887059949,50.610605350591,52.));
#652 = CARTESIAN_POINT('',(42.179827317699,50.614957525351,52.));
#653 = CARTESIAN_POINT('',(42.235072183537,50.621673037494,52.));
#654 = CARTESIAN_POINT('',(42.389477054967,50.647715518113,52.));
#655 = CARTESIAN_POINT('',(42.486681481391,50.672900460766,52.));
#656 = CARTESIAN_POINT('',(42.580138631063,50.707006503834,52.));
#657 = CARTESIAN_POINT('',(42.668886925252,50.750309395848,52.));
#658 = CARTESIAN_POINT('',(42.824061351307,50.847229404302,52.));
#659 = CARTESIAN_POINT('',(42.891906322985,50.898643588274,52.));
#660 = CARTESIAN_POINT('',(42.955214573903,50.956268826142,52.));
#661 = CARTESIAN_POINT('',(43.013816522301,51.019518412559,52.));
#662 = CARTESIAN_POINT('',(43.067728237792,51.087685774947,52.));
#663 = ORIENTED_EDGE('',*,*,#664,.F.);
#664 = EDGE_CURVE('',#665,#646,#667,.T.);
#665 = VERTEX_POINT('',#666);
#666 = CARTESIAN_POINT('',(40.911677282378,51.133970276008,52.));
#667 = B_SPLINE_CURVE_WITH_KNOTS('',5,(#668,#669,#670,#671,#672,#673,
    #674,#675,#676,#677,#678,#679,#680,#681,#682,#683,#684,#685),
  .UNSPECIFIED.,.F.,.F.,(6,4,4,4,6),(0.,0.243214639098,0.478108932688,
    0.825130112476,1.),.UNSPECIFIED.);
#668 = CARTESIAN_POINT('',(40.911677282378,51.133970276008,52.));
#669 = CARTESIAN_POINT('',(40.950764830405,51.084737868188,52.));
#670 = CARTESIAN_POINT('',(40.991845542656,51.037704523412,52.));
#671 = CARTESIAN_POINT('',(41.034949829164,50.993093063216,52.));
#672 = CARTESIAN_POINT('',(41.080074950485,50.951129592281,52.));
#673 = CARTESIAN_POINT('',(41.172629433819,50.874225721288,52.));
#674 = CARTESIAN_POINT('',(41.219929445013,50.839092196151,52.));
#675 = CARTESIAN_POINT('',(41.268997902173,50.80678567996,52.));
#676 = CARTESIAN_POINT('',(41.319737058423,50.777440174224,52.));
#677 = CARTESIAN_POINT('',(41.449212805486,50.712257589638,52.));
#678 = CARTESIAN_POINT('',(41.529767158492,50.680001120884,52.));
#679 = CARTESIAN_POINT('',(41.613178406015,50.654608910267,52.));
#680 = CARTESIAN_POINT('',(41.698886452285,50.635948574171,52.));
#681 = CARTESIAN_POINT('',(41.830383501741,50.61749596405,52.));
#682 = CARTESIAN_POINT('',(41.874886981024,50.61293529186,52.));
#683 = CARTESIAN_POINT('',(41.919765295075,50.60995302681,52.));
#684 = CARTESIAN_POINT('',(41.964955880806,50.608492569002,52.));
#685 = CARTESIAN_POINT('',(42.010403397028,50.608492569002,52.));
#686 = ORIENTED_EDGE('',*,*,#687,.F.);
#687 = EDGE_CURVE('',#688,#665,#690,.T.);
#688 = VERTEX_POINT('',#689);
#689 = CARTESIAN_POINT('',(40.494479830149,53.008067940552,52.));
#690 = B_SPLINE_CURVE_WITH_KNOTS('',6,(#691,#692,#693,#694,#695,#696,
    #697,#698,#699,#700,#701,#702,#703,#704,#705,#706,#707),
  .UNSPECIFIED.,.F.,.F.,(7,5,5,7),(0.,0.461433015306,0.706838979243,1.),
  .UNSPECIFIED.);
#691 = CARTESIAN_POINT('',(40.494479830149,53.008067940552,52.));
#692 = CARTESIAN_POINT('',(40.494479830149,52.849361574469,52.));
#693 = CARTESIAN_POINT('',(40.497948014871,52.69153157301,52.));
#694 = CARTESIAN_POINT('',(40.505369643648,52.534725337379,52.));
#695 = CARTESIAN_POINT('',(40.517392692308,52.379308879778,52.));
#696 = CARTESIAN_POINT('',(40.534830943175,52.225866004172,52.));
#697 = CARTESIAN_POINT('',(40.571724587577,51.995204585998,52.));
#698 = CARTESIAN_POINT('',(40.586410562289,51.915950914574,52.));
#699 = CARTESIAN_POINT('',(40.603157741645,51.837661354298,52.));
#700 = CARTESIAN_POINT('',(40.622177574476,51.760534259757,52.));
#701 = CARTESIAN_POINT('',(40.643713275464,51.684833939892,52.));
#702 = CARTESIAN_POINT('',(40.697110268266,51.522563831284,52.));
#703 = CARTESIAN_POINT('',(40.730155685602,51.436774198383,52.));
#704 = CARTESIAN_POINT('',(40.767662884087,51.354066598048,52.));
#705 = CARTESIAN_POINT('',(40.81013514486,51.275280210047,52.));
#706 = CARTESIAN_POINT('',(40.858063732942,51.201526076722,52.));
#707 = CARTESIAN_POINT('',(40.911677282378,51.133970276008,52.));
#708 = ORIENTED_EDGE('',*,*,#709,.F.);
#709 = EDGE_CURVE('',#710,#688,#712,.T.);
#710 = VERTEX_POINT('',#711);
#711 = CARTESIAN_POINT('',(40.953078556263,54.912314225053,52.));
#712 = B_SPLINE_CURVE_WITH_KNOTS('',6,(#713,#714,#715,#716,#717,#718,
    #719,#720,#721,#722,#723,#724,#725,#726,#727,#728,#729),
  .UNSPECIFIED.,.F.,.F.,(7,5,5,7),(0.,0.339637069602,0.604285064228,1.),
  .UNSPECIFIED.);
#713 = CARTESIAN_POINT('',(40.953078556263,54.912314225053,52.));
#714 = CARTESIAN_POINT('',(40.888141705954,54.829970691258,52.));
#715 = CARTESIAN_POINT('',(40.830269630929,54.740672629172,52.));
#716 = CARTESIAN_POINT('',(40.779313370072,54.645657909606,52.));
#717 = CARTESIAN_POINT('',(40.734734082306,54.546157352649,52.));
#718 = CARTESIAN_POINT('',(40.695937548441,54.443139010201,52.));
#719 = CARTESIAN_POINT('',(40.636157718904,54.254762785728,52.));
#720 = CARTESIAN_POINT('',(40.613136680033,54.170538661104,52.));
#721 = CARTESIAN_POINT('',(40.592998142096,54.084906331181,52.));
#722 = CARTESIAN_POINT('',(40.575490802305,53.998122797554,52.));
#723 = CARTESIAN_POINT('',(40.560389225248,53.910385932671,52.));
#724 = CARTESIAN_POINT('',(40.52821202135,53.689427912673,52.));
#725 = CARTESIAN_POINT('',(40.513867388803,53.555229823277,52.));
#726 = CARTESIAN_POINT('',(40.503791248956,53.419707761366,52.));
#727 = CARTESIAN_POINT('',(40.497469740709,53.283202498358,52.));
#728 = CARTESIAN_POINT('',(40.494479830149,53.145946816636,52.));
#729 = CARTESIAN_POINT('',(40.494479830149,53.008067940552,52.));
#730 = ORIENTED_EDGE('',*,*,#731,.F.);
#731 = EDGE_CURVE('',#583,#710,#732,.T.);
#732 = B_SPLINE_CURVE_WITH_KNOTS('',5,(#733,#734,#735,#736,#737,#738,
    #739,#740,#741,#742,#743,#744,#745,#746),.UNSPECIFIED.,.F.,.F.,(6,4,
    4,6),(0.,0.22601292815,0.641395335988,1.),.UNSPECIFIED.);
#733 = CARTESIAN_POINT('',(42.010403397028,55.391507430998,52.));
#734 = CARTESIAN_POINT('',(41.953429289218,55.391507430998,52.));
#735 = CARTESIAN_POINT('',(41.896919734106,55.389394649409,52.));
#736 = CARTESIAN_POINT('',(41.840979476356,55.385042474649,52.));
#737 = CARTESIAN_POINT('',(41.785734610518,55.378326962506,52.));
#738 = CARTESIAN_POINT('',(41.631329739088,55.352284481887,52.));
#739 = CARTESIAN_POINT('',(41.534125312664,55.327099539234,52.));
#740 = CARTESIAN_POINT('',(41.440668162992,55.292993496166,52.));
#741 = CARTESIAN_POINT('',(41.351919868803,55.249690604152,52.));
#742 = CARTESIAN_POINT('',(41.196745442748,55.152770595698,52.));
#743 = CARTESIAN_POINT('',(41.12890047107,55.101356411726,52.));
#744 = CARTESIAN_POINT('',(41.065592220153,55.043731173859,52.));
#745 = CARTESIAN_POINT('',(41.006990271754,54.980481587441,52.));
#746 = CARTESIAN_POINT('',(40.953078556263,54.912314225053,52.));
#747 = FACE_BOUND('',#748,.T.);
#748 = EDGE_LOOP('',(#749,#770,#792,#814,#833,#856,#878,#900));
#749 = ORIENTED_EDGE('',*,*,#750,.F.);
#750 = EDGE_CURVE('',#751,#753,#755,.T.);
#751 = VERTEX_POINT('',#752);
#752 = CARTESIAN_POINT('',(46.698938428875,54.905944798301,52.));
#753 = VERTEX_POINT('',#754);
#754 = CARTESIAN_POINT('',(45.638428874735,55.391507430998,52.));
#755 = B_SPLINE_CURVE_WITH_KNOTS('',5,(#756,#757,#758,#759,#760,#761,
    #762,#763,#764,#765,#766,#767,#768,#769),.UNSPECIFIED.,.F.,.F.,(6,4,
    4,6),(0.,0.374086666318,0.780670891062,1.),.UNSPECIFIED.);
#756 = CARTESIAN_POINT('',(46.698938428875,54.905944798301,52.));
#757 = CARTESIAN_POINT('',(46.642446928864,54.977720387482,52.));
#758 = CARTESIAN_POINT('',(46.580885068443,55.044167708173,52.));
#759 = CARTESIAN_POINT('',(46.514222945795,55.104471237306,52.));
#760 = CARTESIAN_POINT('',(46.442644474231,55.157945935245,52.));
#761 = CARTESIAN_POINT('',(46.284186367635,55.254586119964,52.));
#762 = CARTESIAN_POINT('',(46.196483332265,55.296473284787,52.));
#763 = CARTESIAN_POINT('',(46.104327914854,55.329465758161,52.));
#764 = CARTESIAN_POINT('',(46.008623736278,55.353817537995,52.));
#765 = CARTESIAN_POINT('',(45.857216618705,55.378874410329,52.));
#766 = CARTESIAN_POINT('',(45.803382172079,55.385306312678,52.));
#767 = CARTESIAN_POINT('',(45.748898175753,55.389479408848,52.));
#768 = CARTESIAN_POINT('',(45.69388119678,55.391507430998,52.));
#769 = CARTESIAN_POINT('',(45.638428874735,55.391507430998,52.));
#770 = ORIENTED_EDGE('',*,*,#771,.F.);
#771 = EDGE_CURVE('',#772,#751,#774,.T.);
#772 = VERTEX_POINT('',#773);
#773 = CARTESIAN_POINT('',(47.154352441614,52.9983014862,52.));
#774 = B_SPLINE_CURVE_WITH_KNOTS('',6,(#775,#776,#777,#778,#779,#780,
    #781,#782,#783,#784,#785,#786,#787,#788,#789,#790,#791),
  .UNSPECIFIED.,.F.,.F.,(7,5,5,7),(0.,0.403612931238,0.66844856191,1.),
  .UNSPECIFIED.);
#775 = CARTESIAN_POINT('',(47.154352441614,52.9983014862,52.));
#776 = CARTESIAN_POINT('',(47.154352441614,53.139225422854,52.));
#777 = CARTESIAN_POINT('',(47.151295974565,53.27950011887,52.));
#778 = CARTESIAN_POINT('',(47.144823232882,53.418995337599,52.));
#779 = CARTESIAN_POINT('',(47.134484555785,53.557464234261,52.));
#780 = CARTESIAN_POINT('',(47.119730346635,53.694540865701,52.));
#781 = CARTESIAN_POINT('',(47.086775614813,53.918413779031,52.));
#782 = CARTESIAN_POINT('',(47.071506492642,54.006277836319,52.));
#783 = CARTESIAN_POINT('',(47.053819869829,54.093166736183,52.));
#784 = CARTESIAN_POINT('',(47.033482449804,54.178875013203,52.));
#785 = CARTESIAN_POINT('',(47.010232500755,54.263133738671,52.));
#786 = CARTESIAN_POINT('',(46.950663418417,54.448864359916,52.));
#787 = CARTESIAN_POINT('',(46.91253442956,54.549304975232,52.));
#788 = CARTESIAN_POINT('',(46.868822427796,54.646290424842,52.));
#789 = CARTESIAN_POINT('',(46.818946018961,54.738871120543,52.));
#790 = CARTESIAN_POINT('',(46.762371989483,54.825832203575,52.));
#791 = CARTESIAN_POINT('',(46.698938428875,54.905944798301,52.));
#792 = ORIENTED_EDGE('',*,*,#793,.F.);
#793 = EDGE_CURVE('',#794,#772,#796,.T.);
#794 = VERTEX_POINT('',#795);
#795 = CARTESIAN_POINT('',(46.695753715499,51.087685774947,52.));
#796 = B_SPLINE_CURVE_WITH_KNOTS('',6,(#797,#798,#799,#800,#801,#802,
    #803,#804,#805,#806,#807,#808,#809,#810,#811,#812,#813),
  .UNSPECIFIED.,.F.,.F.,(7,5,5,7),(0.,0.336328745704,0.602737973075,1.),
  .UNSPECIFIED.);
#797 = CARTESIAN_POINT('',(46.695753715499,51.087685774947,52.));
#798 = CARTESIAN_POINT('',(46.760220520602,51.169433265307,52.));
#799 = CARTESIAN_POINT('',(46.817698850149,51.258078021998,52.));
#800 = CARTESIAN_POINT('',(46.868343007093,51.352389459301,52.));
#801 = CARTESIAN_POINT('',(46.912688252287,51.451147385717,52.));
#802 = CARTESIAN_POINT('',(46.951322695431,51.553393775249,52.));
#803 = CARTESIAN_POINT('',(47.011362500791,51.74171453511,52.));
#804 = CARTESIAN_POINT('',(47.034675663562,51.82672002313,52.));
#805 = CARTESIAN_POINT('',(47.055052148759,51.913165392306,52.));
#806 = CARTESIAN_POINT('',(47.072752148105,52.000784610586,52.));
#807 = CARTESIAN_POINT('',(47.088008386725,52.089373743794,52.));
#808 = CARTESIAN_POINT('',(47.120437809465,52.312127413846,52.));
#809 = CARTESIAN_POINT('',(47.134867266268,52.447274050015,52.));
#810 = CARTESIAN_POINT('',(47.144997109354,52.583755325153,52.));
#811 = CARTESIAN_POINT('',(47.151349203421,52.721225833398,52.));
#812 = CARTESIAN_POINT('',(47.154352441614,52.859450375812,52.));
#813 = CARTESIAN_POINT('',(47.154352441614,52.9983014862,52.));
#814 = ORIENTED_EDGE('',*,*,#815,.F.);
#815 = EDGE_CURVE('',#816,#794,#818,.T.);
#816 = VERTEX_POINT('',#817);
#817 = CARTESIAN_POINT('',(45.638428874735,50.608492569002,52.));
#818 = B_SPLINE_CURVE_WITH_KNOTS('',5,(#819,#820,#821,#822,#823,#824,
    #825,#826,#827,#828,#829,#830,#831,#832),.UNSPECIFIED.,.F.,.F.,(6,4,
    4,6),(0.,0.22601292815,0.641395335988,1.),.UNSPECIFIED.);
#819 = CARTESIAN_POINT('',(45.638428874735,50.608492569002,52.));
#820 = CARTESIAN_POINT('',(45.695402982544,50.608492569002,52.));
#821 = CARTESIAN_POINT('',(45.751912537656,50.610605350591,52.));
#822 = CARTESIAN_POINT('',(45.807852795406,50.614957525351,52.));
#823 = CARTESIAN_POINT('',(45.863097661244,50.621673037494,52.));
#824 = CARTESIAN_POINT('',(46.017502532674,50.647715518113,52.));
#825 = CARTESIAN_POINT('',(46.114706959098,50.672900460766,52.));
#826 = CARTESIAN_POINT('',(46.20816410877,50.707006503834,52.));
#827 = CARTESIAN_POINT('',(46.296912402959,50.750309395848,52.));
#828 = CARTESIAN_POINT('',(46.452086829014,50.847229404302,52.));
#829 = CARTESIAN_POINT('',(46.519931800692,50.898643588274,52.));
#830 = CARTESIAN_POINT('',(46.58324005161,50.956268826141,52.));
#831 = CARTESIAN_POINT('',(46.641842000008,51.019518412559,52.));
#832 = CARTESIAN_POINT('',(46.695753715499,51.087685774947,52.));
#833 = ORIENTED_EDGE('',*,*,#834,.F.);
#834 = EDGE_CURVE('',#835,#816,#837,.T.);
#835 = VERTEX_POINT('',#836);
#836 = CARTESIAN_POINT('',(44.539702760085,51.133970276008,52.));
#837 = B_SPLINE_CURVE_WITH_KNOTS('',5,(#838,#839,#840,#841,#842,#843,
    #844,#845,#846,#847,#848,#849,#850,#851,#852,#853,#854,#855),
  .UNSPECIFIED.,.F.,.F.,(6,4,4,4,6),(0.,0.243214639098,0.478108932688,
    0.825130112476,1.),.UNSPECIFIED.);
#838 = CARTESIAN_POINT('',(44.539702760085,51.133970276008,52.));
#839 = CARTESIAN_POINT('',(44.578790308112,51.084737868188,52.));
#840 = CARTESIAN_POINT('',(44.619871020363,51.037704523412,52.));
#841 = CARTESIAN_POINT('',(44.662975306871,50.993093063216,52.));
#842 = CARTESIAN_POINT('',(44.708100428192,50.951129592281,52.));
#843 = CARTESIAN_POINT('',(44.800654911526,50.874225721288,52.));
#844 = CARTESIAN_POINT('',(44.84795492272,50.839092196151,52.));
#845 = CARTESIAN_POINT('',(44.89702337988,50.80678567996,52.));
#846 = CARTESIAN_POINT('',(44.94776253613,50.777440174224,52.));
#847 = CARTESIAN_POINT('',(45.077238283193,50.712257589638,52.));
#848 = CARTESIAN_POINT('',(45.157792636199,50.680001120884,52.));
#849 = CARTESIAN_POINT('',(45.241203883722,50.654608910267,52.));
#850 = CARTESIAN_POINT('',(45.326911929992,50.635948574171,52.));
#851 = CARTESIAN_POINT('',(45.458408979448,50.61749596405,52.));
#852 = CARTESIAN_POINT('',(45.502912458731,50.61293529186,52.));
#853 = CARTESIAN_POINT('',(45.547790772782,50.60995302681,52.));
#854 = CARTESIAN_POINT('',(45.592981358513,50.608492569002,52.));
#855 = CARTESIAN_POINT('',(45.638428874735,50.608492569002,52.));
#856 = ORIENTED_EDGE('',*,*,#857,.F.);
#857 = EDGE_CURVE('',#858,#835,#860,.T.);
#858 = VERTEX_POINT('',#859);
#859 = CARTESIAN_POINT('',(44.122505307856,53.008067940552,52.));
#860 = B_SPLINE_CURVE_WITH_KNOTS('',6,(#861,#862,#863,#864,#865,#866,
    #867,#868,#869,#870,#871,#872,#873,#874,#875,#876,#877),
  .UNSPECIFIED.,.F.,.F.,(7,5,5,7),(0.,0.461433015305,0.706838979243,1.),
  .UNSPECIFIED.);
#861 = CARTESIAN_POINT('',(44.122505307856,53.008067940552,52.));
#862 = CARTESIAN_POINT('',(44.122505307856,52.849361574469,52.));
#863 = CARTESIAN_POINT('',(44.125973492578,52.69153157301,52.));
#864 = CARTESIAN_POINT('',(44.133395121355,52.534725337378,52.));
#865 = CARTESIAN_POINT('',(44.145418170015,52.379308879779,52.));
#866 = CARTESIAN_POINT('',(44.162856420882,52.225866004172,52.));
#867 = CARTESIAN_POINT('',(44.199750065284,51.995204585998,52.));
#868 = CARTESIAN_POINT('',(44.214436039996,51.915950914574,52.));
#869 = CARTESIAN_POINT('',(44.231183219352,51.837661354298,52.));
#870 = CARTESIAN_POINT('',(44.250203052183,51.760534259757,52.));
#871 = CARTESIAN_POINT('',(44.271738753171,51.684833939892,52.));
#872 = CARTESIAN_POINT('',(44.325135745973,51.522563831284,52.));
#873 = CARTESIAN_POINT('',(44.358181163309,51.436774198383,52.));
#874 = CARTESIAN_POINT('',(44.395688361794,51.354066598048,52.));
#875 = CARTESIAN_POINT('',(44.438160622567,51.275280210047,52.));
#876 = CARTESIAN_POINT('',(44.486089210649,51.201526076722,52.));
#877 = CARTESIAN_POINT('',(44.539702760085,51.133970276008,52.));
#878 = ORIENTED_EDGE('',*,*,#879,.F.);
#879 = EDGE_CURVE('',#880,#858,#882,.T.);
#880 = VERTEX_POINT('',#881);
#881 = CARTESIAN_POINT('',(44.58110403397,54.912314225053,52.));
#882 = B_SPLINE_CURVE_WITH_KNOTS('',6,(#883,#884,#885,#886,#887,#888,
    #889,#890,#891,#892,#893,#894,#895,#896,#897,#898,#899),
  .UNSPECIFIED.,.F.,.F.,(7,5,5,7),(0.,0.339637069602,0.604285064228,1.),
  .UNSPECIFIED.);
#883 = CARTESIAN_POINT('',(44.58110403397,54.912314225053,52.));
#884 = CARTESIAN_POINT('',(44.516167183661,54.829970691258,52.));
#885 = CARTESIAN_POINT('',(44.458295108636,54.740672629172,52.));
#886 = CARTESIAN_POINT('',(44.407338847779,54.645657909606,52.));
#887 = CARTESIAN_POINT('',(44.362759560013,54.546157352649,52.));
#888 = CARTESIAN_POINT('',(44.323963026148,54.443139010201,52.));
#889 = CARTESIAN_POINT('',(44.264183196611,54.254762785728,52.));
#890 = CARTESIAN_POINT('',(44.24116215774,54.170538661104,52.));
#891 = CARTESIAN_POINT('',(44.221023619803,54.084906331181,52.));
#892 = CARTESIAN_POINT('',(44.203516280012,53.998122797554,52.));
#893 = CARTESIAN_POINT('',(44.188414702955,53.910385932671,52.));
#894 = CARTESIAN_POINT('',(44.156237499058,53.689427912673,52.));
#895 = CARTESIAN_POINT('',(44.14189286651,53.555229823277,52.));
#896 = CARTESIAN_POINT('',(44.131816726663,53.419707761366,52.));
#897 = CARTESIAN_POINT('',(44.125495218416,53.283202498358,52.));
#898 = CARTESIAN_POINT('',(44.122505307856,53.145946816636,52.));
#899 = CARTESIAN_POINT('',(44.122505307856,53.008067940552,52.));
#900 = ORIENTED_EDGE('',*,*,#901,.F.);
#901 = EDGE_CURVE('',#753,#880,#902,.T.);
#902 = B_SPLINE_CURVE_WITH_KNOTS('',5,(#903,#904,#905,#906,#907,#908,
    #909,#910,#911,#912,#913,#914,#915,#916),.UNSPECIFIED.,.F.,.F.,(6,4,
    4,6),(0.,0.22601292815,0.641395335988,1.),.UNSPECIFIED.);
#903 = CARTESIAN_POINT('',(45.638428874735,55.391507430998,52.));
#904 = CARTESIAN_POINT('',(45.581454766925,55.391507430998,52.));
#905 = CARTESIAN_POINT('',(45.524945211813,55.389394649409,52.));
#906 = CARTESIAN_POINT('',(45.469004954063,55.385042474649,52.));
#907 = CARTESIAN_POINT('',(45.413760088225,55.378326962506,52.));
#908 = CARTESIAN_POINT('',(45.259355216795,55.352284481887,52.));
#909 = CARTESIAN_POINT('',(45.162150790371,55.327099539234,52.));
#910 = CARTESIAN_POINT('',(45.068693640699,55.292993496166,52.));
#911 = CARTESIAN_POINT('',(44.97994534651,55.249690604152,52.));
#912 = CARTESIAN_POINT('',(44.824770920455,55.152770595698,52.));
#913 = CARTESIAN_POINT('',(44.756925948777,55.101356411726,52.));
#914 = CARTESIAN_POINT('',(44.69361769786,55.043731173859,52.));
#915 = CARTESIAN_POINT('',(44.635015749461,54.980481587441,52.));
#916 = CARTESIAN_POINT('',(44.58110403397,54.912314225053,52.));
#917 = FACE_BOUND('',#918,.T.);
#918 = EDGE_LOOP('',(#919,#929,#937,#945,#953,#961,#969));
#919 = ORIENTED_EDGE('',*,*,#920,.T.);
#920 = EDGE_CURVE('',#921,#923,#925,.T.);
#921 = VERTEX_POINT('',#922);
#922 = CARTESIAN_POINT('',(51.955838641189,50.690021231423,52.));
#923 = VERTEX_POINT('',#924);
#924 = CARTESIAN_POINT('',(50.949469214437,50.690021231423,52.));
#925 = LINE('',#926,#927);
#926 = CARTESIAN_POINT('',(25.977919320594,50.690021231423,52.));
#927 = VECTOR('',#928,1.);
#928 = DIRECTION('',(-1.,0.,0.));
#929 = ORIENTED_EDGE('',*,*,#930,.T.);
#930 = EDGE_CURVE('',#923,#931,#933,.T.);
#931 = VERTEX_POINT('',#932);
#932 = CARTESIAN_POINT('',(49.28067940552,55.364331210191,52.));
#933 = LINE('',#934,#935);
#934 = CARTESIAN_POINT('',(56.095143106154,36.2768970075,52.));
#935 = VECTOR('',#936,1.);
#936 = DIRECTION('',(-0.336228000311,0.941780617664,0.));
#937 = ORIENTED_EDGE('',*,*,#938,.T.);
#938 = EDGE_CURVE('',#931,#939,#941,.T.);
#939 = VERTEX_POINT('',#940);
#940 = CARTESIAN_POINT('',(50.302972399151,55.364331210191,52.));
#941 = LINE('',#942,#943);
#942 = CARTESIAN_POINT('',(24.64033970276,55.364331210191,52.));
#943 = VECTOR('',#944,1.);
#944 = DIRECTION('',(1.,0.,-0.));
#945 = ORIENTED_EDGE('',*,*,#946,.T.);
#946 = EDGE_CURVE('',#939,#947,#949,.T.);
#947 = VERTEX_POINT('',#948);
#948 = CARTESIAN_POINT('',(51.484501061571,51.899363057325,52.));
#949 = LINE('',#950,#951);
#950 = CARTESIAN_POINT('',(56.139254081,38.248766601427,52.));
#951 = VECTOR('',#952,1.);
#952 = DIRECTION('',(0.322744777432,-0.946486031931,0.));
#953 = ORIENTED_EDGE('',*,*,#954,.T.);
#954 = EDGE_CURVE('',#947,#955,#957,.T.);
#955 = VERTEX_POINT('',#956);
#956 = CARTESIAN_POINT('',(52.627813163482,55.364331210191,52.));
#957 = LINE('',#958,#959);
#958 = CARTESIAN_POINT('',(41.235248610718,20.837561757802,52.));
#959 = VECTOR('',#960,1.);
#960 = DIRECTION('',(0.313345969497,0.949639038477,-0.));
#961 = ORIENTED_EDGE('',*,*,#962,.T.);
#962 = EDGE_CURVE('',#955,#963,#965,.T.);
#963 = VERTEX_POINT('',#964);
#964 = CARTESIAN_POINT('',(53.627813163482,55.364331210191,52.));
#965 = LINE('',#966,#967);
#966 = CARTESIAN_POINT('',(26.313906581741,55.364331210191,52.));
#967 = VECTOR('',#968,1.);
#968 = DIRECTION('',(1.,0.,-0.));
#969 = ORIENTED_EDGE('',*,*,#970,.T.);
#970 = EDGE_CURVE('',#963,#921,#971,.T.);
#971 = LINE('',#972,#973);
#972 = CARTESIAN_POINT('',(41.807675385636,22.318978408026,52.));
#973 = VECTOR('',#974,1.);
#974 = DIRECTION('',(-0.336796933778,-0.941577307181,0.));
#975 = FACE_BOUND('',#976,.T.);
#976 = EDGE_LOOP('',(#977,#987,#995,#1003));
#977 = ORIENTED_EDGE('',*,*,#978,.T.);
#978 = EDGE_CURVE('',#979,#981,#983,.T.);
#979 = VERTEX_POINT('',#980);
#980 = CARTESIAN_POINT('',(75.65,17.15,52.));
#981 = VERTEX_POINT('',#982);
#982 = CARTESIAN_POINT('',(31.15,17.15,52.));
#983 = LINE('',#984,#985);
#984 = CARTESIAN_POINT('',(15.575,17.15,52.));
#985 = VECTOR('',#986,1.);
#986 = DIRECTION('',(-1.,-0.,0.));
#987 = ORIENTED_EDGE('',*,*,#988,.T.);
#988 = EDGE_CURVE('',#981,#989,#991,.T.);
#989 = VERTEX_POINT('',#990);
#990 = CARTESIAN_POINT('',(31.15,36.85,52.));
#991 = LINE('',#992,#993);
#992 = CARTESIAN_POINT('',(31.15,8.575,52.));
#993 = VECTOR('',#994,1.);
#994 = DIRECTION('',(-0.,1.,0.));
#995 = ORIENTED_EDGE('',*,*,#996,.F.);
#996 = EDGE_CURVE('',#997,#989,#999,.T.);
#997 = VERTEX_POINT('',#998);
#998 = CARTESIAN_POINT('',(75.65,36.85,52.));
#999 = LINE('',#1000,#1001);
#1000 = CARTESIAN_POINT('',(15.575,36.85,52.));
#1001 = VECTOR('',#1002,1.);
#1002 = DIRECTION('',(-1.,-0.,0.));
#1003 = ORIENTED_EDGE('',*,*,#1004,.F.);
#1004 = EDGE_CURVE('',#979,#997,#1005,.T.);
#1005 = LINE('',#1006,#1007);
#1006 = CARTESIAN_POINT('',(75.65,8.575,52.));
#1007 = VECTOR('',#1008,1.);
#1008 = DIRECTION('',(-0.,1.,0.));
#1009 = FACE_BOUND('',#1010,.T.);
#1010 = EDGE_LOOP('',(#1011));
#1011 = ORIENTED_EDGE('',*,*,#1012,.F.);
#1012 = EDGE_CURVE('',#1013,#1013,#1015,.T.);
#1013 = VERTEX_POINT('',#1014);
#1014 = CARTESIAN_POINT('',(103.5,6.4,52.));
#1015 = CIRCLE('',#1016,3.1);
#1016 = AXIS2_PLACEMENT_3D('',#1017,#1018,#1019);
#1017 = CARTESIAN_POINT('',(100.4,6.4,52.));
#1018 = DIRECTION('',(0.,0.,1.));
#1019 = DIRECTION('',(1.,0.,-0.));
#1020 = FACE_BOUND('',#1021,.T.);
#1021 = EDGE_LOOP('',(#1022));
#1022 = ORIENTED_EDGE('',*,*,#1023,.F.);
#1023 = EDGE_CURVE('',#1024,#1024,#1026,.T.);
#1024 = VERTEX_POINT('',#1025);
#1025 = CARTESIAN_POINT('',(83.575,27.,52.));
#1026 = CIRCLE('',#1027,1.6);
#1027 = AXIS2_PLACEMENT_3D('',#1028,#1029,#1030);
#1028 = CARTESIAN_POINT('',(81.975,27.,52.));
#1029 = DIRECTION('',(0.,0.,1.));
#1030 = DIRECTION('',(1.,0.,-0.));
#1031 = FACE_BOUND('',#1032,.T.);
#1032 = EDGE_LOOP('',(#1033,#1043,#1051,#1059,#1067,#1075,#1083,#1091,
    #1099,#1107,#1115,#1123,#1131));
#1033 = ORIENTED_EDGE('',*,*,#1034,.T.);
#1034 = EDGE_CURVE('',#1035,#1037,#1039,.T.);
#1035 = VERTEX_POINT('',#1036);
#1036 = CARTESIAN_POINT('',(56.776857749469,50.690021231423,52.));
#1037 = VERTEX_POINT('',#1038);
#1038 = CARTESIAN_POINT('',(55.901061571125,50.690021231423,52.));
#1039 = LINE('',#1040,#1041);
#1040 = CARTESIAN_POINT('',(28.388428874735,50.690021231423,52.));
#1041 = VECTOR('',#1042,1.);
#1042 = DIRECTION('',(-1.,0.,0.));
#1043 = ORIENTED_EDGE('',*,*,#1044,.T.);
#1044 = EDGE_CURVE('',#1037,#1045,#1047,.T.);
#1045 = VERTEX_POINT('',#1046);
#1046 = CARTESIAN_POINT('',(55.901061571125,55.364331210191,52.));
#1047 = LINE('',#1048,#1049);
#1048 = CARTESIAN_POINT('',(55.901061571125,25.345010615711,52.));
#1049 = VECTOR('',#1050,1.);
#1050 = DIRECTION('',(0.,1.,-0.));
#1051 = ORIENTED_EDGE('',*,*,#1052,.T.);
#1052 = EDGE_CURVE('',#1045,#1053,#1055,.T.);
#1053 = VERTEX_POINT('',#1054);
#1054 = CARTESIAN_POINT('',(57.311889596603,55.364331210191,52.));
#1055 = LINE('',#1056,#1057);
#1056 = CARTESIAN_POINT('',(27.950530785563,55.364331210191,52.));
#1057 = VECTOR('',#1058,1.);
#1058 = DIRECTION('',(1.,0.,-0.));
#1059 = ORIENTED_EDGE('',*,*,#1060,.T.);
#1060 = EDGE_CURVE('',#1053,#1061,#1063,.T.);
#1061 = VERTEX_POINT('',#1062);
#1062 = CARTESIAN_POINT('',(58.159023354565,52.175796178344,52.));
#1063 = LINE('',#1064,#1065);
#1064 = CARTESIAN_POINT('',(62.292251255436,36.618699282281,52.));
#1065 = VECTOR('',#1066,1.);
#1066 = DIRECTION('',(0.25677333171,-0.966471653036,0.));
#1067 = ORIENTED_EDGE('',*,*,#1068,.T.);
#1068 = EDGE_CURVE('',#1061,#1069,#1071,.T.);
#1069 = VERTEX_POINT('',#1070);
#1070 = CARTESIAN_POINT('',(58.996602972399,55.364331210191,52.));
#1071 = LINE('',#1072,#1073);
#1072 = CARTESIAN_POINT('',(49.871419525837,20.626180386246,52.));
#1073 = VECTOR('',#1074,1.);
#1074 = DIRECTION('',(0.254065319027,0.967187062397,-0.));
#1075 = ORIENTED_EDGE('',*,*,#1076,.T.);
#1076 = EDGE_CURVE('',#1069,#1077,#1079,.T.);
#1077 = VERTEX_POINT('',#1078);
#1078 = CARTESIAN_POINT('',(60.410615711253,55.364331210191,52.));
#1079 = LINE('',#1080,#1081);
#1080 = CARTESIAN_POINT('',(29.4983014862,55.364331210191,52.));
#1081 = VECTOR('',#1082,1.);
#1082 = DIRECTION('',(1.,0.,-0.));
#1083 = ORIENTED_EDGE('',*,*,#1084,.T.);
#1084 = EDGE_CURVE('',#1077,#1085,#1087,.T.);
#1085 = VERTEX_POINT('',#1086);
#1086 = CARTESIAN_POINT('',(60.410615711253,50.690021231423,52.));
#1087 = LINE('',#1088,#1089);
#1088 = CARTESIAN_POINT('',(60.410615711253,27.682165605096,52.));
#1089 = VECTOR('',#1090,1.);
#1090 = DIRECTION('',(0.,-1.,0.));
#1091 = ORIENTED_EDGE('',*,*,#1092,.T.);
#1092 = EDGE_CURVE('',#1085,#1093,#1095,.T.);
#1093 = VERTEX_POINT('',#1094);
#1094 = CARTESIAN_POINT('',(59.534819532909,50.690021231423,52.));
#1095 = LINE('',#1096,#1097);
#1096 = CARTESIAN_POINT('',(30.205307855626,50.690021231423,52.));
#1097 = VECTOR('',#1098,1.);
#1098 = DIRECTION('',(-1.,0.,0.));
#1099 = ORIENTED_EDGE('',*,*,#1100,.T.);
#1100 = EDGE_CURVE('',#1093,#1101,#1103,.T.);
#1101 = VERTEX_POINT('',#1102);
#1102 = CARTESIAN_POINT('',(59.534819532909,54.369426751592,52.));
#1103 = LINE('',#1104,#1105);
#1104 = CARTESIAN_POINT('',(59.534819532909,25.345010615711,52.));
#1105 = VECTOR('',#1106,1.);
#1106 = DIRECTION('',(0.,1.,-0.));
#1107 = ORIENTED_EDGE('',*,*,#1108,.T.);
#1108 = EDGE_CURVE('',#1101,#1109,#1111,.T.);
#1109 = VERTEX_POINT('',#1110);
#1110 = CARTESIAN_POINT('',(58.608067940552,50.690021231423,52.));
#1111 = LINE('',#1112,#1113);
#1112 = CARTESIAN_POINT('',(51.320317758958,21.756066902208,52.));
#1113 = VECTOR('',#1114,1.);
#1114 = DIRECTION('',(-0.244246835126,-0.96971309341,0.));
#1115 = ORIENTED_EDGE('',*,*,#1116,.T.);
#1116 = EDGE_CURVE('',#1109,#1117,#1119,.T.);
#1117 = VERTEX_POINT('',#1118);
#1118 = CARTESIAN_POINT('',(57.70042462845,50.690021231423,52.));
#1119 = LINE('',#1120,#1121);
#1120 = CARTESIAN_POINT('',(29.304033970276,50.690021231423,52.));
#1121 = VECTOR('',#1122,1.);
#1122 = DIRECTION('',(-1.,0.,0.));
#1123 = ORIENTED_EDGE('',*,*,#1124,.T.);
#1124 = EDGE_CURVE('',#1117,#1125,#1127,.T.);
#1125 = VERTEX_POINT('',#1126);
#1126 = CARTESIAN_POINT('',(56.776857749469,54.369426751592,52.));
#1127 = LINE('',#1128,#1129);
#1128 = CARTESIAN_POINT('',(61.975200417232,33.659707571746,52.));
#1129 = VECTOR('',#1130,1.);
#1130 = DIRECTION('',(-0.243457328287,0.969911609016,0.));
#1131 = ORIENTED_EDGE('',*,*,#1132,.T.);
#1132 = EDGE_CURVE('',#1125,#1035,#1133,.T.);
#1133 = LINE('',#1134,#1135);
#1134 = CARTESIAN_POINT('',(56.776857749469,27.184713375796,52.));
#1135 = VECTOR('',#1136,1.);
#1136 = DIRECTION('',(0.,-1.,0.));
#1137 = FACE_BOUND('',#1138,.T.);
#1138 = EDGE_LOOP('',(#1139,#1149,#1157,#1165,#1173,#1181,#1189,#1197));
#1139 = ORIENTED_EDGE('',*,*,#1140,.T.);
#1140 = EDGE_CURVE('',#1141,#1143,#1145,.T.);
#1141 = VERTEX_POINT('',#1142);
#1142 = CARTESIAN_POINT('',(63.689808917197,55.364331210191,52.));
#1143 = VERTEX_POINT('',#1144);
#1144 = CARTESIAN_POINT('',(65.55923566879,50.690021231423,52.));
#1145 = LINE('',#1146,#1147);
#1146 = CARTESIAN_POINT('',(68.843087574039,42.479086132505,52.));
#1147 = VECTOR('',#1148,1.);
#1148 = DIRECTION('',(0.371339776455,-0.928497049226,0.));
#1149 = ORIENTED_EDGE('',*,*,#1150,.T.);
#1150 = EDGE_CURVE('',#1143,#1151,#1153,.T.);
#1151 = VERTEX_POINT('',#1152);
#1152 = CARTESIAN_POINT('',(64.533757961783,50.690021231423,52.));
#1153 = LINE('',#1154,#1155);
#1154 = CARTESIAN_POINT('',(32.779617834395,50.690021231423,52.));
#1155 = VECTOR('',#1156,1.);
#1156 = DIRECTION('',(-1.,0.,0.));
#1157 = ORIENTED_EDGE('',*,*,#1158,.T.);
#1158 = EDGE_CURVE('',#1151,#1159,#1161,.T.);
#1159 = VERTEX_POINT('',#1160);
#1160 = CARTESIAN_POINT('',(64.126114649682,51.749893842887,52.));
#1161 = LINE('',#1162,#1163);
#1162 = CARTESIAN_POINT('',(68.867540000438,39.422187930921,52.));
#1163 = VECTOR('',#1164,1.);
#1164 = DIRECTION('',(-0.358979079309,0.933345606203,0.));
#1165 = ORIENTED_EDGE('',*,*,#1166,.T.);
#1166 = EDGE_CURVE('',#1159,#1167,#1169,.T.);
#1167 = VERTEX_POINT('',#1168);
#1168 = CARTESIAN_POINT('',(62.259872611465,51.749893842887,52.));
#1169 = LINE('',#1170,#1171);
#1170 = CARTESIAN_POINT('',(32.063057324841,51.749893842887,52.));
#1171 = VECTOR('',#1172,1.);
#1172 = DIRECTION('',(-1.,0.,0.));
#1173 = ORIENTED_EDGE('',*,*,#1174,.T.);
#1174 = EDGE_CURVE('',#1167,#1175,#1177,.T.);
#1175 = VERTEX_POINT('',#1176);
#1176 = CARTESIAN_POINT('',(61.874522292994,50.690021231423,52.));
#1177 = LINE('',#1178,#1179);
#1178 = CARTESIAN_POINT('',(50.31597944763,18.899252149299,52.));
#1179 = VECTOR('',#1180,1.);
#1180 = DIRECTION('',(-0.341697714618,-0.939809912602,0.));
#1181 = ORIENTED_EDGE('',*,*,#1182,.T.);
#1182 = EDGE_CURVE('',#1175,#1183,#1185,.T.);
#1183 = VERTEX_POINT('',#1184);
#1184 = CARTESIAN_POINT('',(60.874522292994,50.690021231423,52.));
#1185 = LINE('',#1186,#1187);
#1186 = CARTESIAN_POINT('',(30.937261146497,50.690021231423,52.));
#1187 = VECTOR('',#1188,1.);
#1188 = DIRECTION('',(-1.,0.,0.));
#1189 = ORIENTED_EDGE('',*,*,#1190,.T.);
#1190 = EDGE_CURVE('',#1183,#1191,#1193,.T.);
#1191 = VERTEX_POINT('',#1192);
#1192 = CARTESIAN_POINT('',(62.692993630573,55.364331210191,52.));
#1193 = LINE('',#1194,#1195);
#1194 = CARTESIAN_POINT('',(48.309486668663,18.392084943593,52.));
#1195 = VECTOR('',#1196,1.);
#1196 = DIRECTION('',(0.362564739541,0.931958587943,-0.));
#1197 = ORIENTED_EDGE('',*,*,#1198,.T.);
#1198 = EDGE_CURVE('',#1191,#1141,#1199,.T.);
#1199 = LINE('',#1200,#1201);
#1200 = CARTESIAN_POINT('',(31.346496815287,55.364331210191,52.));
#1201 = VECTOR('',#1202,1.);
#1202 = DIRECTION('',(1.,0.,-0.));
#1203 = FACE_BOUND('',#1204,.T.);
#1204 = EDGE_LOOP('',(#1205,#1215,#1223,#1231,#1239,#1247,#1255,#1263,
    #1271,#1279,#1287,#1295));
#1205 = ORIENTED_EDGE('',*,*,#1206,.T.);
#1206 = EDGE_CURVE('',#1207,#1209,#1211,.T.);
#1207 = VERTEX_POINT('',#1208);
#1208 = CARTESIAN_POINT('',(66.72016985138,50.690021231423,52.));
#1209 = VERTEX_POINT('',#1210);
#1210 = CARTESIAN_POINT('',(65.589596602972,50.690021231423,52.));
#1211 = LINE('',#1212,#1213);
#1212 = CARTESIAN_POINT('',(33.36008492569,50.690021231423,52.));
#1213 = VECTOR('',#1214,1.);
#1214 = DIRECTION('',(-1.,0.,0.));
#1215 = ORIENTED_EDGE('',*,*,#1216,.T.);
#1216 = EDGE_CURVE('',#1209,#1217,#1219,.T.);
#1217 = VERTEX_POINT('',#1218);
#1218 = CARTESIAN_POINT('',(67.204670912951,53.12144373673,52.));
#1219 = LINE('',#1220,#1221);
#1220 = CARTESIAN_POINT('',(43.868232087316,17.989473520985,52.));
#1221 = VECTOR('',#1222,1.);
#1222 = DIRECTION('',(0.553306235718,0.832977916583,-0.));
#1223 = ORIENTED_EDGE('',*,*,#1224,.T.);
#1224 = EDGE_CURVE('',#1217,#1225,#1227,.T.);
#1225 = VERTEX_POINT('',#1226);
#1226 = CARTESIAN_POINT('',(65.739278131635,55.364331210191,52.));
#1227 = LINE('',#1228,#1229);
#1228 = CARTESIAN_POINT('',(69.313996517203,49.892971455751,52.));
#1229 = VECTOR('',#1230,1.);
#1230 = DIRECTION('',(-0.54695895137,0.837159426583,0.));
#1231 = ORIENTED_EDGE('',*,*,#1232,.T.);
#1232 = EDGE_CURVE('',#1225,#1233,#1235,.T.);
#1233 = VERTEX_POINT('',#1234);
#1234 = CARTESIAN_POINT('',(66.84118895966,55.364331210191,52.));
#1235 = LINE('',#1236,#1237);
#1236 = CARTESIAN_POINT('',(32.869639065817,55.364331210191,52.));
#1237 = VECTOR('',#1238,1.);
#1238 = DIRECTION('',(1.,0.,-0.));
#1239 = ORIENTED_EDGE('',*,*,#1240,.T.);
#1240 = EDGE_CURVE('',#1233,#1241,#1243,.T.);
#1241 = VERTEX_POINT('',#1242);
#1242 = CARTESIAN_POINT('',(67.765605095541,53.965605095541,52.));
#1243 = LINE('',#1244,#1245);
#1244 = CARTESIAN_POINT('',(69.414586882011,51.470544918862,52.));
#1245 = VECTOR('',#1246,1.);
#1246 = DIRECTION('',(0.551364302444,-0.834264589918,0.));
#1247 = ORIENTED_EDGE('',*,*,#1248,.T.);
#1248 = EDGE_CURVE('',#1241,#1249,#1251,.T.);
#1249 = VERTEX_POINT('',#1250);
#1250 = CARTESIAN_POINT('',(68.694692144374,55.364331210191,52.));
#1251 = LINE('',#1252,#1253);
#1252 = CARTESIAN_POINT('',(44.956675134618,19.627115474297,52.));
#1253 = VECTOR('',#1254,1.);
#1254 = DIRECTION('',(0.553298850788,0.832982821982,-0.));
#1255 = ORIENTED_EDGE('',*,*,#1256,.T.);
#1256 = EDGE_CURVE('',#1249,#1257,#1259,.T.);
#1257 = VERTEX_POINT('',#1258);
#1258 = CARTESIAN_POINT('',(69.787048832272,55.364331210191,52.));
#1259 = LINE('',#1260,#1261);
#1260 = CARTESIAN_POINT('',(34.347346072187,55.364331210191,52.));
#1261 = VECTOR('',#1262,1.);
#1262 = DIRECTION('',(1.,0.,-0.));
#1263 = ORIENTED_EDGE('',*,*,#1264,.T.);
#1264 = EDGE_CURVE('',#1257,#1265,#1267,.T.);
#1265 = VERTEX_POINT('',#1266);
#1266 = CARTESIAN_POINT('',(68.319532908705,53.127600849257,52.));
#1267 = LINE('',#1268,#1269);
#1268 = CARTESIAN_POINT('',(46.589920241471,20.008175292355,52.));
#1269 = VECTOR('',#1270,1.);
#1270 = DIRECTION('',(-0.548568026811,-0.83610592628,0.));
#1271 = ORIENTED_EDGE('',*,*,#1272,.T.);
#1272 = EDGE_CURVE('',#1265,#1273,#1275,.T.);
#1273 = VERTEX_POINT('',#1274);
#1274 = CARTESIAN_POINT('',(69.930360934183,50.690021231423,52.));
#1275 = LINE('',#1276,#1277);
#1276 = CARTESIAN_POINT('',(70.154780418111,50.350419268199,52.));
#1277 = VECTOR('',#1278,1.);
#1278 = DIRECTION('',(0.551325010937,-0.83429055629,0.));
#1279 = ORIENTED_EDGE('',*,*,#1280,.T.);
#1280 = EDGE_CURVE('',#1273,#1281,#1283,.T.);
#1281 = VERTEX_POINT('',#1282);
#1282 = CARTESIAN_POINT('',(68.793418259023,50.690021231423,52.));
#1283 = LINE('',#1284,#1285);
#1284 = CARTESIAN_POINT('',(34.965180467091,50.690021231423,52.));
#1285 = VECTOR('',#1286,1.);
#1286 = DIRECTION('',(-1.,0.,0.));
#1287 = ORIENTED_EDGE('',*,*,#1288,.T.);
#1288 = EDGE_CURVE('',#1281,#1289,#1291,.T.);
#1289 = VERTEX_POINT('',#1290);
#1290 = CARTESIAN_POINT('',(67.759023354565,52.273248407643,52.));
#1291 = LINE('',#1292,#1293);
#1292 = CARTESIAN_POINT('',(70.108508524122,48.67716652969,52.));
#1293 = VECTOR('',#1294,1.);
#1294 = DIRECTION('',(-0.546955927525,0.837161402207,0.));
#1295 = ORIENTED_EDGE('',*,*,#1296,.T.);
#1296 = EDGE_CURVE('',#1289,#1207,#1297,.T.);
#1297 = LINE('',#1298,#1299);
#1298 = CARTESIAN_POINT('',(45.574082979216,18.463090962523,52.));
#1299 = VECTOR('',#1300,1.);
#1300 = DIRECTION('',(-0.548605010487,-0.836081660168,0.));
#1301 = FACE_BOUND('',#1302,.T.);
#1302 = EDGE_LOOP('',(#1303));
#1303 = ORIENTED_EDGE('',*,*,#1304,.F.);
#1304 = EDGE_CURVE('',#1305,#1305,#1307,.T.);
#1305 = VERTEX_POINT('',#1306);
#1306 = CARTESIAN_POINT('',(23.1,126.4,52.));
#1307 = CIRCLE('',#1308,3.1);
#1308 = AXIS2_PLACEMENT_3D('',#1309,#1310,#1311);
#1309 = CARTESIAN_POINT('',(20.,126.4,52.));
#1310 = DIRECTION('',(0.,0.,1.));
#1311 = DIRECTION('',(1.,0.,-0.));
#1312 = FACE_BOUND('',#1313,.T.);
#1313 = EDGE_LOOP('',(#1314,#1324,#1332,#1340));
#1314 = ORIENTED_EDGE('',*,*,#1315,.T.);
#1315 = EDGE_CURVE('',#1316,#1318,#1320,.T.);
#1316 = VERTEX_POINT('',#1317);
#1317 = CARTESIAN_POINT('',(46.4,101.9,52.));
#1318 = VERTEX_POINT('',#1319);
#1319 = CARTESIAN_POINT('',(44.4,101.9,52.));
#1320 = LINE('',#1321,#1322);
#1321 = CARTESIAN_POINT('',(22.2,101.9,52.));
#1322 = VECTOR('',#1323,1.);
#1323 = DIRECTION('',(-1.,-0.,0.));
#1324 = ORIENTED_EDGE('',*,*,#1325,.T.);
#1325 = EDGE_CURVE('',#1318,#1326,#1328,.T.);
#1326 = VERTEX_POINT('',#1327);
#1327 = CARTESIAN_POINT('',(44.4,118.9,52.));
#1328 = LINE('',#1329,#1330);
#1329 = CARTESIAN_POINT('',(44.4,50.95,52.));
#1330 = VECTOR('',#1331,1.);
#1331 = DIRECTION('',(-0.,1.,0.));
#1332 = ORIENTED_EDGE('',*,*,#1333,.F.);
#1333 = EDGE_CURVE('',#1334,#1326,#1336,.T.);
#1334 = VERTEX_POINT('',#1335);
#1335 = CARTESIAN_POINT('',(46.4,118.9,52.));
#1336 = LINE('',#1337,#1338);
#1337 = CARTESIAN_POINT('',(22.2,118.9,52.));
#1338 = VECTOR('',#1339,1.);
#1339 = DIRECTION('',(-1.,-0.,0.));
#1340 = ORIENTED_EDGE('',*,*,#1341,.F.);
#1341 = EDGE_CURVE('',#1316,#1334,#1342,.T.);
#1342 = LINE('',#1343,#1344);
#1343 = CARTESIAN_POINT('',(46.4,50.95,52.));
#1344 = VECTOR('',#1345,1.);
#1345 = DIRECTION('',(-0.,1.,0.));
#1346 = FACE_BOUND('',#1347,.T.);
#1347 = EDGE_LOOP('',(#1348,#1358,#1366,#1374));
#1348 = ORIENTED_EDGE('',*,*,#1349,.T.);
#1349 = EDGE_CURVE('',#1350,#1352,#1354,.T.);
#1350 = VERTEX_POINT('',#1351);
#1351 = CARTESIAN_POINT('',(57.4,101.9,52.));
#1352 = VERTEX_POINT('',#1353);
#1353 = CARTESIAN_POINT('',(55.4,101.9,52.));
#1354 = LINE('',#1355,#1356);
#1355 = CARTESIAN_POINT('',(27.7,101.9,52.));
#1356 = VECTOR('',#1357,1.);
#1357 = DIRECTION('',(-1.,-0.,0.));
#1358 = ORIENTED_EDGE('',*,*,#1359,.T.);
#1359 = EDGE_CURVE('',#1352,#1360,#1362,.T.);
#1360 = VERTEX_POINT('',#1361);
#1361 = CARTESIAN_POINT('',(55.4,118.9,52.));
#1362 = LINE('',#1363,#1364);
#1363 = CARTESIAN_POINT('',(55.4,50.95,52.));
#1364 = VECTOR('',#1365,1.);
#1365 = DIRECTION('',(-0.,1.,0.));
#1366 = ORIENTED_EDGE('',*,*,#1367,.F.);
#1367 = EDGE_CURVE('',#1368,#1360,#1370,.T.);
#1368 = VERTEX_POINT('',#1369);
#1369 = CARTESIAN_POINT('',(57.4,118.9,52.));
#1370 = LINE('',#1371,#1372);
#1371 = CARTESIAN_POINT('',(27.7,118.9,52.));
#1372 = VECTOR('',#1373,1.);
#1373 = DIRECTION('',(-1.,-0.,0.));
#1374 = ORIENTED_EDGE('',*,*,#1375,.F.);
#1375 = EDGE_CURVE('',#1350,#1368,#1376,.T.);
#1376 = LINE('',#1377,#1378);
#1377 = CARTESIAN_POINT('',(57.4,50.95,52.));
#1378 = VECTOR('',#1379,1.);
#1379 = DIRECTION('',(-0.,1.,0.));
#1380 = FACE_BOUND('',#1381,.T.);
#1381 = EDGE_LOOP('',(#1382,#1392,#1400,#1408));
#1382 = ORIENTED_EDGE('',*,*,#1383,.T.);
#1383 = EDGE_CURVE('',#1384,#1386,#1388,.T.);
#1384 = VERTEX_POINT('',#1385);
#1385 = CARTESIAN_POINT('',(68.4,101.9,52.));
#1386 = VERTEX_POINT('',#1387);
#1387 = CARTESIAN_POINT('',(66.4,101.9,52.));
#1388 = LINE('',#1389,#1390);
#1389 = CARTESIAN_POINT('',(33.2,101.9,52.));
#1390 = VECTOR('',#1391,1.);
#1391 = DIRECTION('',(-1.,-0.,0.));
#1392 = ORIENTED_EDGE('',*,*,#1393,.T.);
#1393 = EDGE_CURVE('',#1386,#1394,#1396,.T.);
#1394 = VERTEX_POINT('',#1395);
#1395 = CARTESIAN_POINT('',(66.4,118.9,52.));
#1396 = LINE('',#1397,#1398);
#1397 = CARTESIAN_POINT('',(66.4,50.95,52.));
#1398 = VECTOR('',#1399,1.);
#1399 = DIRECTION('',(-0.,1.,0.));
#1400 = ORIENTED_EDGE('',*,*,#1401,.F.);
#1401 = EDGE_CURVE('',#1402,#1394,#1404,.T.);
#1402 = VERTEX_POINT('',#1403);
#1403 = CARTESIAN_POINT('',(68.4,118.9,52.));
#1404 = LINE('',#1405,#1406);
#1405 = CARTESIAN_POINT('',(33.2,118.9,52.));
#1406 = VECTOR('',#1407,1.);
#1407 = DIRECTION('',(-1.,-0.,0.));
#1408 = ORIENTED_EDGE('',*,*,#1409,.F.);
#1409 = EDGE_CURVE('',#1384,#1402,#1410,.T.);
#1410 = LINE('',#1411,#1412);
#1411 = CARTESIAN_POINT('',(68.4,50.95,52.));
#1412 = VECTOR('',#1413,1.);
#1413 = DIRECTION('',(-0.,1.,0.));
#1414 = FACE_BOUND('',#1415,.T.);
#1415 = EDGE_LOOP('',(#1416,#1426,#1434,#1442));
#1416 = ORIENTED_EDGE('',*,*,#1417,.T.);
#1417 = EDGE_CURVE('',#1418,#1420,#1422,.T.);
#1418 = VERTEX_POINT('',#1419);
#1419 = CARTESIAN_POINT('',(79.4,101.9,52.));
#1420 = VERTEX_POINT('',#1421);
#1421 = CARTESIAN_POINT('',(77.4,101.9,52.));
#1422 = LINE('',#1423,#1424);
#1423 = CARTESIAN_POINT('',(38.7,101.9,52.));
#1424 = VECTOR('',#1425,1.);
#1425 = DIRECTION('',(-1.,-0.,0.));
#1426 = ORIENTED_EDGE('',*,*,#1427,.T.);
#1427 = EDGE_CURVE('',#1420,#1428,#1430,.T.);
#1428 = VERTEX_POINT('',#1429);
#1429 = CARTESIAN_POINT('',(77.4,118.9,52.));
#1430 = LINE('',#1431,#1432);
#1431 = CARTESIAN_POINT('',(77.4,50.95,52.));
#1432 = VECTOR('',#1433,1.);
#1433 = DIRECTION('',(-0.,1.,0.));
#1434 = ORIENTED_EDGE('',*,*,#1435,.F.);
#1435 = EDGE_CURVE('',#1436,#1428,#1438,.T.);
#1436 = VERTEX_POINT('',#1437);
#1437 = CARTESIAN_POINT('',(79.4,118.9,52.));
#1438 = LINE('',#1439,#1440);
#1439 = CARTESIAN_POINT('',(38.7,118.9,52.));
#1440 = VECTOR('',#1441,1.);
#1441 = DIRECTION('',(-1.,-0.,0.));
#1442 = ORIENTED_EDGE('',*,*,#1443,.F.);
#1443 = EDGE_CURVE('',#1418,#1436,#1444,.T.);
#1444 = LINE('',#1445,#1446);
#1445 = CARTESIAN_POINT('',(79.4,50.95,52.));
#1446 = VECTOR('',#1447,1.);
#1447 = DIRECTION('',(-0.,1.,0.));
#1448 = FACE_BOUND('',#1449,.T.);
#1449 = EDGE_LOOP('',(#1450,#1460,#1468,#1476));
#1450 = ORIENTED_EDGE('',*,*,#1451,.T.);
#1451 = EDGE_CURVE('',#1452,#1454,#1456,.T.);
#1452 = VERTEX_POINT('',#1453);
#1453 = CARTESIAN_POINT('',(90.4,101.9,52.));
#1454 = VERTEX_POINT('',#1455);
#1455 = CARTESIAN_POINT('',(88.4,101.9,52.));
#1456 = LINE('',#1457,#1458);
#1457 = CARTESIAN_POINT('',(44.2,101.9,52.));
#1458 = VECTOR('',#1459,1.);
#1459 = DIRECTION('',(-1.,-0.,0.));
#1460 = ORIENTED_EDGE('',*,*,#1461,.T.);
#1461 = EDGE_CURVE('',#1454,#1462,#1464,.T.);
#1462 = VERTEX_POINT('',#1463);
#1463 = CARTESIAN_POINT('',(88.4,118.9,52.));
#1464 = LINE('',#1465,#1466);
#1465 = CARTESIAN_POINT('',(88.4,50.95,52.));
#1466 = VECTOR('',#1467,1.);
#1467 = DIRECTION('',(-0.,1.,0.));
#1468 = ORIENTED_EDGE('',*,*,#1469,.F.);
#1469 = EDGE_CURVE('',#1470,#1462,#1472,.T.);
#1470 = VERTEX_POINT('',#1471);
#1471 = CARTESIAN_POINT('',(90.4,118.9,52.));
#1472 = LINE('',#1473,#1474);
#1473 = CARTESIAN_POINT('',(44.2,118.9,52.));
#1474 = VECTOR('',#1475,1.);
#1475 = DIRECTION('',(-1.,-0.,0.));
#1476 = ORIENTED_EDGE('',*,*,#1477,.F.);
#1477 = EDGE_CURVE('',#1452,#1470,#1478,.T.);
#1478 = LINE('',#1479,#1480);
#1479 = CARTESIAN_POINT('',(90.4,50.95,52.));
#1480 = VECTOR('',#1481,1.);
#1481 = DIRECTION('',(-0.,1.,0.));
#1482 = FACE_BOUND('',#1483,.T.);
#1483 = EDGE_LOOP('',(#1484));
#1484 = ORIENTED_EDGE('',*,*,#1485,.F.);
#1485 = EDGE_CURVE('',#1486,#1486,#1488,.T.);
#1486 = VERTEX_POINT('',#1487);
#1487 = CARTESIAN_POINT('',(103.5,126.4,52.));
#1488 = CIRCLE('',#1489,3.1);
#1489 = AXIS2_PLACEMENT_3D('',#1490,#1491,#1492);
#1490 = CARTESIAN_POINT('',(100.4,126.4,52.));
#1491 = DIRECTION('',(0.,0.,1.));
#1492 = DIRECTION('',(1.,0.,-0.));
#1493 = PLANE('',#1494);
#1494 = AXIS2_PLACEMENT_3D('',#1495,#1496,#1497);
#1495 = CARTESIAN_POINT('',(0.,0.,52.));
#1496 = DIRECTION('',(0.,0.,1.));
#1497 = DIRECTION('',(1.,0.,-0.));
#1498 = ADVANCED_FACE('',(#1499),#1510,.T.);
#1499 = FACE_BOUND('',#1500,.F.);
#1500 = EDGE_LOOP('',(#1501,#1502,#1503,#1509));
#1501 = ORIENTED_EDGE('',*,*,#39,.F.);
#1502 = ORIENTED_EDGE('',*,*,#138,.T.);
#1503 = ORIENTED_EDGE('',*,*,#1504,.T.);
#1504 = EDGE_CURVE('',#131,#260,#1505,.T.);
#1505 = LINE('',#1506,#1507);
#1506 = CARTESIAN_POINT('',(6.,132.8,49.));
#1507 = VECTOR('',#1508,1.);
#1508 = DIRECTION('',(4.329780281177E-17,-0.707106781187,0.707106781187)
  );
#1509 = ORIENTED_EDGE('',*,*,#267,.F.);
#1510 = CONICAL_SURFACE('',#1511,6.,0.785398163397);
#1511 = AXIS2_PLACEMENT_3D('',#1512,#1513,#1514);
#1512 = CARTESIAN_POINT('',(6.,126.8,49.));
#1513 = DIRECTION('',(-0.,-0.,-1.));
#1514 = DIRECTION('',(-1.,0.,0.));
#1515 = ADVANCED_FACE('',(#1516),#1527,.F.);
#1516 = FACE_BOUND('',#1517,.F.);
#1517 = EDGE_LOOP('',(#1518,#1524,#1525,#1526));
#1518 = ORIENTED_EDGE('',*,*,#1519,.F.);
#1519 = EDGE_CURVE('',#97,#226,#1520,.T.);
#1520 = LINE('',#1521,#1522);
#1521 = CARTESIAN_POINT('',(100.8,-8.881784197001E-16,49.));
#1522 = VECTOR('',#1523,1.);
#1523 = DIRECTION('',(-1.479706333907E-16,0.707106781187,0.707106781187)
  );
#1524 = ORIENTED_EDGE('',*,*,#96,.T.);
#1525 = ORIENTED_EDGE('',*,*,#61,.T.);
#1526 = ORIENTED_EDGE('',*,*,#225,.F.);
#1527 = PLANE('',#1528);
#1528 = AXIS2_PLACEMENT_3D('',#1529,#1530,#1531);
#1529 = CARTESIAN_POINT('',(100.8,1.5,50.5));
#1530 = DIRECTION('',(0.,0.707106781187,-0.707106781187));
#1531 = DIRECTION('',(-1.,0.,-0.));
#1532 = ADVANCED_FACE('',(#1533),#1544,.T.);
#1533 = FACE_BOUND('',#1534,.F.);
#1534 = EDGE_LOOP('',(#1535,#1536,#1537,#1543));
#1535 = ORIENTED_EDGE('',*,*,#1504,.F.);
#1536 = ORIENTED_EDGE('',*,*,#130,.T.);
#1537 = ORIENTED_EDGE('',*,*,#1538,.T.);
#1538 = EDGE_CURVE('',#122,#251,#1539,.T.);
#1539 = LINE('',#1540,#1541);
#1540 = CARTESIAN_POINT('',(100.8,131.3,50.5));
#1541 = VECTOR('',#1542,1.);
#1542 = DIRECTION('',(0.,-0.707106781187,0.707106781187));
#1543 = ORIENTED_EDGE('',*,*,#259,.F.);
#1544 = PLANE('',#1545);
#1545 = AXIS2_PLACEMENT_3D('',#1546,#1547,#1548);
#1546 = CARTESIAN_POINT('',(6.,131.3,50.5));
#1547 = DIRECTION('',(0.,0.707106781187,0.707106781187));
#1548 = DIRECTION('',(-1.,-0.,0.));
#1549 = ADVANCED_FACE('',(#1550),#1561,.T.);
#1550 = FACE_BOUND('',#1551,.F.);
#1551 = EDGE_LOOP('',(#1552,#1558,#1559,#1560));
#1552 = ORIENTED_EDGE('',*,*,#1553,.F.);
#1553 = EDGE_CURVE('',#105,#234,#1554,.T.);
#1554 = LINE('',#1555,#1556);
#1555 = CARTESIAN_POINT('',(105.3,6.,50.5));
#1556 = VECTOR('',#1557,1.);
#1557 = DIRECTION('',(-0.707106781187,-0.,0.707106781187));
#1558 = ORIENTED_EDGE('',*,*,#104,.T.);
#1559 = ORIENTED_EDGE('',*,*,#1519,.T.);
#1560 = ORIENTED_EDGE('',*,*,#233,.F.);
#1561 = CONICAL_SURFACE('',#1562,6.,0.785398163397);
#1562 = AXIS2_PLACEMENT_3D('',#1563,#1564,#1565);
#1563 = CARTESIAN_POINT('',(100.8,6.,49.));
#1564 = DIRECTION('',(-0.,-0.,-1.));
#1565 = DIRECTION('',(1.,1.480297366167E-16,-0.));
#1566 = ADVANCED_FACE('',(#1567),#1578,.T.);
#1567 = FACE_BOUND('',#1568,.F.);
#1568 = EDGE_LOOP('',(#1569,#1570,#1571,#1577));
#1569 = ORIENTED_EDGE('',*,*,#1538,.F.);
#1570 = ORIENTED_EDGE('',*,*,#121,.T.);
#1571 = ORIENTED_EDGE('',*,*,#1572,.T.);
#1572 = EDGE_CURVE('',#114,#243,#1573,.T.);
#1573 = LINE('',#1574,#1575);
#1574 = CARTESIAN_POINT('',(106.8,126.8,49.));
#1575 = VECTOR('',#1576,1.);
#1576 = DIRECTION('',(-0.707106781187,-4.329780281177E-17,0.707106781187
    ));
#1577 = ORIENTED_EDGE('',*,*,#250,.F.);
#1578 = CONICAL_SURFACE('',#1579,6.,0.785398163397);
#1579 = AXIS2_PLACEMENT_3D('',#1580,#1581,#1582);
#1580 = CARTESIAN_POINT('',(100.8,126.8,49.));
#1581 = DIRECTION('',(-0.,-0.,-1.));
#1582 = DIRECTION('',(0.,1.,-0.));
#1583 = ADVANCED_FACE('',(#1584),#1590,.T.);
#1584 = FACE_BOUND('',#1585,.F.);
#1585 = EDGE_LOOP('',(#1586,#1587,#1588,#1589));
#1586 = ORIENTED_EDGE('',*,*,#1572,.F.);
#1587 = ORIENTED_EDGE('',*,*,#113,.T.);
#1588 = ORIENTED_EDGE('',*,*,#1553,.T.);
#1589 = ORIENTED_EDGE('',*,*,#242,.F.);
#1590 = PLANE('',#1591);
#1591 = AXIS2_PLACEMENT_3D('',#1592,#1593,#1594);
#1592 = CARTESIAN_POINT('',(105.3,126.8,50.5));
#1593 = DIRECTION('',(0.707106781187,0.,0.707106781187));
#1594 = DIRECTION('',(-0.,1.,-0.));
#1595 = ADVANCED_FACE('',(#1596),#1622,.T.);
#1596 = FACE_BOUND('',#1597,.T.);
#1597 = EDGE_LOOP('',(#1598,#1606,#1615,#1621));
#1598 = ORIENTED_EDGE('',*,*,#1599,.F.);
#1599 = EDGE_CURVE('',#1600,#148,#1602,.T.);
#1600 = VERTEX_POINT('',#1601);
#1601 = CARTESIAN_POINT('',(2.6,6.,45.5));
#1602 = LINE('',#1603,#1604);
#1603 = CARTESIAN_POINT('',(2.6,6.,45.5));
#1604 = VECTOR('',#1605,1.);
#1605 = DIRECTION('',(0.,0.,1.));
#1606 = ORIENTED_EDGE('',*,*,#1607,.T.);
#1607 = EDGE_CURVE('',#1600,#1608,#1610,.T.);
#1608 = VERTEX_POINT('',#1609);
#1609 = CARTESIAN_POINT('',(6.,2.6,45.5));
#1610 = CIRCLE('',#1611,3.4);
#1611 = AXIS2_PLACEMENT_3D('',#1612,#1613,#1614);
#1612 = CARTESIAN_POINT('',(6.,6.,45.5));
#1613 = DIRECTION('',(0.,0.,1.));
#1614 = DIRECTION('',(0.,-1.,0.));
#1615 = ORIENTED_EDGE('',*,*,#1616,.T.);
#1616 = EDGE_CURVE('',#1608,#150,#1617,.T.);
#1617 = LINE('',#1618,#1619);
#1618 = CARTESIAN_POINT('',(6.,2.6,45.5));
#1619 = VECTOR('',#1620,1.);
#1620 = DIRECTION('',(0.,0.,1.));
#1621 = ORIENTED_EDGE('',*,*,#147,.F.);
#1622 = CYLINDRICAL_SURFACE('',#1623,3.4);
#1623 = AXIS2_PLACEMENT_3D('',#1624,#1625,#1626);
#1624 = CARTESIAN_POINT('',(6.,6.,45.5));
#1625 = DIRECTION('',(0.,0.,1.));
#1626 = DIRECTION('',(-1.,-0.,0.));
#1627 = ADVANCED_FACE('',(#1628),#1654,.T.);
#1628 = FACE_BOUND('',#1629,.F.);
#1629 = EDGE_LOOP('',(#1630,#1638,#1647,#1653));
#1630 = ORIENTED_EDGE('',*,*,#1631,.F.);
#1631 = EDGE_CURVE('',#1632,#193,#1634,.T.);
#1632 = VERTEX_POINT('',#1633);
#1633 = CARTESIAN_POINT('',(104.2,6.,45.5));
#1634 = LINE('',#1635,#1636);
#1635 = CARTESIAN_POINT('',(104.2,6.,45.5));
#1636 = VECTOR('',#1637,1.);
#1637 = DIRECTION('',(0.,0.,1.));
#1638 = ORIENTED_EDGE('',*,*,#1639,.T.);
#1639 = EDGE_CURVE('',#1632,#1640,#1642,.T.);
#1640 = VERTEX_POINT('',#1641);
#1641 = CARTESIAN_POINT('',(100.8,2.6,45.5));
#1642 = CIRCLE('',#1643,3.4);
#1643 = AXIS2_PLACEMENT_3D('',#1644,#1645,#1646);
#1644 = CARTESIAN_POINT('',(100.8,6.,45.5));
#1645 = DIRECTION('',(-0.,-0.,-1.));
#1646 = DIRECTION('',(0.,-1.,0.));
#1647 = ORIENTED_EDGE('',*,*,#1648,.T.);
#1648 = EDGE_CURVE('',#1640,#201,#1649,.T.);
#1649 = LINE('',#1650,#1651);
#1650 = CARTESIAN_POINT('',(100.8,2.6,45.5));
#1651 = VECTOR('',#1652,1.);
#1652 = DIRECTION('',(0.,0.,1.));
#1653 = ORIENTED_EDGE('',*,*,#200,.T.);
#1654 = CYLINDRICAL_SURFACE('',#1655,3.4);
#1655 = AXIS2_PLACEMENT_3D('',#1656,#1657,#1658);
#1656 = CARTESIAN_POINT('',(100.8,6.,45.5));
#1657 = DIRECTION('',(0.,0.,1.));
#1658 = DIRECTION('',(1.,0.,-0.));
#1659 = ADVANCED_FACE('',(#1660),#1686,.T.);
#1660 = FACE_BOUND('',#1661,.T.);
#1661 = EDGE_LOOP('',(#1662,#1670,#1679,#1685));
#1662 = ORIENTED_EDGE('',*,*,#1663,.F.);
#1663 = EDGE_CURVE('',#1664,#184,#1666,.T.);
#1664 = VERTEX_POINT('',#1665);
#1665 = CARTESIAN_POINT('',(104.2,126.8,45.5));
#1666 = LINE('',#1667,#1668);
#1667 = CARTESIAN_POINT('',(104.2,126.8,45.5));
#1668 = VECTOR('',#1669,1.);
#1669 = DIRECTION('',(0.,0.,1.));
#1670 = ORIENTED_EDGE('',*,*,#1671,.T.);
#1671 = EDGE_CURVE('',#1664,#1672,#1674,.T.);
#1672 = VERTEX_POINT('',#1673);
#1673 = CARTESIAN_POINT('',(100.8,130.2,45.5));
#1674 = CIRCLE('',#1675,3.4);
#1675 = AXIS2_PLACEMENT_3D('',#1676,#1677,#1678);
#1676 = CARTESIAN_POINT('',(100.8,126.8,45.5));
#1677 = DIRECTION('',(0.,0.,1.));
#1678 = DIRECTION('',(0.,-1.,0.));
#1679 = ORIENTED_EDGE('',*,*,#1680,.T.);
#1680 = EDGE_CURVE('',#1672,#176,#1681,.T.);
#1681 = LINE('',#1682,#1683);
#1682 = CARTESIAN_POINT('',(100.8,130.2,45.5));
#1683 = VECTOR('',#1684,1.);
#1684 = DIRECTION('',(0.,0.,1.));
#1685 = ORIENTED_EDGE('',*,*,#183,.F.);
#1686 = CYLINDRICAL_SURFACE('',#1687,3.4);
#1687 = AXIS2_PLACEMENT_3D('',#1688,#1689,#1690);
#1688 = CARTESIAN_POINT('',(100.8,126.8,45.5));
#1689 = DIRECTION('',(0.,0.,1.));
#1690 = DIRECTION('',(1.,0.,-0.));
#1691 = ADVANCED_FACE('',(#1692),#1718,.T.);
#1692 = FACE_BOUND('',#1693,.F.);
#1693 = EDGE_LOOP('',(#1694,#1702,#1711,#1717));
#1694 = ORIENTED_EDGE('',*,*,#1695,.F.);
#1695 = EDGE_CURVE('',#1696,#159,#1698,.T.);
#1696 = VERTEX_POINT('',#1697);
#1697 = CARTESIAN_POINT('',(2.6,126.8,45.5));
#1698 = LINE('',#1699,#1700);
#1699 = CARTESIAN_POINT('',(2.6,126.8,45.5));
#1700 = VECTOR('',#1701,1.);
#1701 = DIRECTION('',(0.,0.,1.));
#1702 = ORIENTED_EDGE('',*,*,#1703,.T.);
#1703 = EDGE_CURVE('',#1696,#1704,#1706,.T.);
#1704 = VERTEX_POINT('',#1705);
#1705 = CARTESIAN_POINT('',(6.,130.2,45.5));
#1706 = CIRCLE('',#1707,3.4);
#1707 = AXIS2_PLACEMENT_3D('',#1708,#1709,#1710);
#1708 = CARTESIAN_POINT('',(6.,126.8,45.5));
#1709 = DIRECTION('',(-0.,-0.,-1.));
#1710 = DIRECTION('',(0.,-1.,0.));
#1711 = ORIENTED_EDGE('',*,*,#1712,.T.);
#1712 = EDGE_CURVE('',#1704,#167,#1713,.T.);
#1713 = LINE('',#1714,#1715);
#1714 = CARTESIAN_POINT('',(6.,130.2,45.5));
#1715 = VECTOR('',#1716,1.);
#1716 = DIRECTION('',(0.,0.,1.));
#1717 = ORIENTED_EDGE('',*,*,#166,.T.);
#1718 = CYLINDRICAL_SURFACE('',#1719,3.4);
#1719 = AXIS2_PLACEMENT_3D('',#1720,#1721,#1722);
#1720 = CARTESIAN_POINT('',(6.,126.8,45.5));
#1721 = DIRECTION('',(0.,0.,1.));
#1722 = DIRECTION('',(-1.,-0.,0.));
#1723 = ADVANCED_FACE('',(#1724),#1822,.F.);
#1724 = FACE_BOUND('',#1725,.F.);
#1725 = EDGE_LOOP('',(#1726,#1727,#1735,#1744,#1753,#1762,#1771,#1779,
    #1786,#1787,#1796,#1805,#1814,#1821));
#1726 = ORIENTED_EDGE('',*,*,#276,.F.);
#1727 = ORIENTED_EDGE('',*,*,#1728,.F.);
#1728 = EDGE_CURVE('',#1729,#277,#1731,.T.);
#1729 = VERTEX_POINT('',#1730);
#1730 = CARTESIAN_POINT('',(9.5,6.4,49.6));
#1731 = LINE('',#1732,#1733);
#1732 = CARTESIAN_POINT('',(9.5,6.4,49.));
#1733 = VECTOR('',#1734,1.);
#1734 = DIRECTION('',(0.,0.,1.));
#1735 = ORIENTED_EDGE('',*,*,#1736,.T.);
#1736 = EDGE_CURVE('',#1729,#1737,#1739,.T.);
#1737 = VERTEX_POINT('',#1738);
#1738 = CARTESIAN_POINT('',(4.405887450305,8.773502715218,49.6));
#1739 = CIRCLE('',#1740,3.1);
#1740 = AXIS2_PLACEMENT_3D('',#1741,#1742,#1743);
#1741 = CARTESIAN_POINT('',(6.4,6.4,49.6));
#1742 = DIRECTION('',(0.,0.,1.));
#1743 = DIRECTION('',(1.,0.,-0.));
#1744 = ORIENTED_EDGE('',*,*,#1745,.F.);
#1745 = EDGE_CURVE('',#1746,#1737,#1748,.T.);
#1746 = VERTEX_POINT('',#1747);
#1747 = CARTESIAN_POINT('',(3.905887450305,8.241033022369,49.1));
#1748 = ELLIPSE('',#1749,4.384062043357,3.1);
#1749 = AXIS2_PLACEMENT_3D('',#1750,#1751,#1752);
#1750 = CARTESIAN_POINT('',(6.4,6.4,51.594112549695));
#1751 = DIRECTION('',(0.707106781187,-2.885073850299E-17,-0.707106781187
    ));
#1752 = DIRECTION('',(0.707106781187,-2.885073850299E-17,0.707106781187)
  );
#1753 = ORIENTED_EDGE('',*,*,#1754,.F.);
#1754 = EDGE_CURVE('',#1755,#1746,#1757,.T.);
#1755 = VERTEX_POINT('',#1756);
#1756 = CARTESIAN_POINT('',(4.2,8.584032966784,49.1));
#1757 = CIRCLE('',#1758,3.1);
#1758 = AXIS2_PLACEMENT_3D('',#1759,#1760,#1761);
#1759 = CARTESIAN_POINT('',(6.4,6.4,49.1));
#1760 = DIRECTION('',(0.,0.,1.));
#1761 = DIRECTION('',(1.,0.,-0.));
#1762 = ORIENTED_EDGE('',*,*,#1763,.F.);
#1763 = EDGE_CURVE('',#1764,#1755,#1766,.T.);
#1764 = VERTEX_POINT('',#1765);
#1765 = CARTESIAN_POINT('',(9.5,6.4,49.1));
#1766 = CIRCLE('',#1767,3.1);
#1767 = AXIS2_PLACEMENT_3D('',#1768,#1769,#1770);
#1768 = CARTESIAN_POINT('',(6.4,6.4,49.1));
#1769 = DIRECTION('',(0.,0.,1.));
#1770 = DIRECTION('',(1.,0.,-0.));
#1771 = ORIENTED_EDGE('',*,*,#1772,.F.);
#1772 = EDGE_CURVE('',#1773,#1764,#1775,.T.);
#1773 = VERTEX_POINT('',#1774);
#1774 = CARTESIAN_POINT('',(9.5,6.4,49.));
#1775 = LINE('',#1776,#1777);
#1776 = CARTESIAN_POINT('',(9.5,6.4,49.));
#1777 = VECTOR('',#1778,1.);
#1778 = DIRECTION('',(0.,0.,1.));
#1779 = ORIENTED_EDGE('',*,*,#1780,.T.);
#1780 = EDGE_CURVE('',#1773,#1773,#1781,.T.);
#1781 = CIRCLE('',#1782,3.1);
#1782 = AXIS2_PLACEMENT_3D('',#1783,#1784,#1785);
#1783 = CARTESIAN_POINT('',(6.4,6.4,49.));
#1784 = DIRECTION('',(0.,0.,1.));
#1785 = DIRECTION('',(1.,0.,-0.));
#1786 = ORIENTED_EDGE('',*,*,#1772,.T.);
#1787 = ORIENTED_EDGE('',*,*,#1788,.F.);
#1788 = EDGE_CURVE('',#1789,#1764,#1791,.T.);
#1789 = VERTEX_POINT('',#1790);
#1790 = CARTESIAN_POINT('',(8.584032966784,4.2,49.1));
#1791 = CIRCLE('',#1792,3.1);
#1792 = AXIS2_PLACEMENT_3D('',#1793,#1794,#1795);
#1793 = CARTESIAN_POINT('',(6.4,6.4,49.1));
#1794 = DIRECTION('',(0.,0.,1.));
#1795 = DIRECTION('',(1.,0.,-0.));
#1796 = ORIENTED_EDGE('',*,*,#1797,.F.);
#1797 = EDGE_CURVE('',#1798,#1789,#1800,.T.);
#1798 = VERTEX_POINT('',#1799);
#1799 = CARTESIAN_POINT('',(8.241033022369,3.905887450305,49.1));
#1800 = CIRCLE('',#1801,3.1);
#1801 = AXIS2_PLACEMENT_3D('',#1802,#1803,#1804);
#1802 = CARTESIAN_POINT('',(6.4,6.4,49.1));
#1803 = DIRECTION('',(0.,0.,1.));
#1804 = DIRECTION('',(1.,0.,-0.));
#1805 = ORIENTED_EDGE('',*,*,#1806,.F.);
#1806 = EDGE_CURVE('',#1807,#1798,#1809,.T.);
#1807 = VERTEX_POINT('',#1808);
#1808 = CARTESIAN_POINT('',(8.773502715218,4.405887450305,49.6));
#1809 = ELLIPSE('',#1810,4.384062043357,3.1);
#1810 = AXIS2_PLACEMENT_3D('',#1811,#1812,#1813);
#1811 = CARTESIAN_POINT('',(6.4,6.4,51.594112549695));
#1812 = DIRECTION('',(2.885073850299E-17,0.707106781187,-0.707106781187)
  );
#1813 = DIRECTION('',(2.885073850299E-17,0.707106781187,0.707106781187)
  );
#1814 = ORIENTED_EDGE('',*,*,#1815,.T.);
#1815 = EDGE_CURVE('',#1807,#1729,#1816,.T.);
#1816 = CIRCLE('',#1817,3.1);
#1817 = AXIS2_PLACEMENT_3D('',#1818,#1819,#1820);
#1818 = CARTESIAN_POINT('',(6.4,6.4,49.6));
#1819 = DIRECTION('',(0.,0.,1.));
#1820 = DIRECTION('',(1.,0.,-0.));
#1821 = ORIENTED_EDGE('',*,*,#1728,.T.);
#1822 = CYLINDRICAL_SURFACE('',#1823,3.1);
#1823 = AXIS2_PLACEMENT_3D('',#1824,#1825,#1826);
#1824 = CARTESIAN_POINT('',(6.4,6.4,49.));
#1825 = DIRECTION('',(0.,0.,1.));
#1826 = DIRECTION('',(1.,0.,-0.));
#1827 = ADVANCED_FACE('',(#1828),#1847,.F.);
#1828 = FACE_BOUND('',#1829,.F.);
#1829 = EDGE_LOOP('',(#1830,#1831,#1839,#1846));
#1830 = ORIENTED_EDGE('',*,*,#287,.F.);
#1831 = ORIENTED_EDGE('',*,*,#1832,.F.);
#1832 = EDGE_CURVE('',#1833,#288,#1835,.T.);
#1833 = VERTEX_POINT('',#1834);
#1834 = CARTESIAN_POINT('',(26.425,27.,49.6));
#1835 = LINE('',#1836,#1837);
#1836 = CARTESIAN_POINT('',(26.425,27.,48.6));
#1837 = VECTOR('',#1838,1.);
#1838 = DIRECTION('',(0.,0.,1.));
#1839 = ORIENTED_EDGE('',*,*,#1840,.T.);
#1840 = EDGE_CURVE('',#1833,#1833,#1841,.T.);
#1841 = CIRCLE('',#1842,1.6);
#1842 = AXIS2_PLACEMENT_3D('',#1843,#1844,#1845);
#1843 = CARTESIAN_POINT('',(24.825,27.,49.6));
#1844 = DIRECTION('',(0.,0.,1.));
#1845 = DIRECTION('',(1.,0.,-0.));
#1846 = ORIENTED_EDGE('',*,*,#1832,.T.);
#1847 = CYLINDRICAL_SURFACE('',#1848,1.6);
#1848 = AXIS2_PLACEMENT_3D('',#1849,#1850,#1851);
#1849 = CARTESIAN_POINT('',(24.825,27.,48.6));
#1850 = DIRECTION('',(0.,0.,1.));
#1851 = DIRECTION('',(1.,0.,-0.));
#1852 = ADVANCED_FACE('',(#1853),#1878,.T.);
#1853 = FACE_BOUND('',#1854,.T.);
#1854 = EDGE_LOOP('',(#1855,#1856,#1864,#1872));
#1855 = ORIENTED_EDGE('',*,*,#298,.T.);
#1856 = ORIENTED_EDGE('',*,*,#1857,.T.);
#1857 = EDGE_CURVE('',#301,#1858,#1860,.T.);
#1858 = VERTEX_POINT('',#1859);
#1859 = CARTESIAN_POINT('',(39.457112526539,55.091932059448,51.4));
#1860 = LINE('',#1861,#1862);
#1861 = CARTESIAN_POINT('',(39.457112526539,55.091932059448,52.01));
#1862 = VECTOR('',#1863,1.);
#1863 = DIRECTION('',(0.,0.,-1.));
#1864 = ORIENTED_EDGE('',*,*,#1865,.T.);
#1865 = EDGE_CURVE('',#1858,#1866,#1868,.T.);
#1866 = VERTEX_POINT('',#1867);
#1867 = CARTESIAN_POINT('',(39.901486199575,54.222292993631,51.4));
#1868 = B_SPLINE_CURVE_WITH_KNOTS('',2,(#1869,#1870,#1871),
  .UNSPECIFIED.,.F.,.F.,(3,3),(0.,1.),.PIECEWISE_BEZIER_KNOTS.);
#1869 = CARTESIAN_POINT('',(39.457112526539,55.091932059448,51.4));
#1870 = CARTESIAN_POINT('',(39.805944798301,54.792569002123,51.4));
#1871 = CARTESIAN_POINT('',(39.901486199575,54.222292993631,51.4));
#1872 = ORIENTED_EDGE('',*,*,#1873,.F.);
#1873 = EDGE_CURVE('',#299,#1866,#1874,.T.);
#1874 = LINE('',#1875,#1876);
#1875 = CARTESIAN_POINT('',(39.901486199575,54.222292993631,52.01));
#1876 = VECTOR('',#1877,1.);
#1877 = DIRECTION('',(0.,0.,-1.));
#1878 = SURFACE_OF_LINEAR_EXTRUSION('',#1879,#1883);
#1879 = B_SPLINE_CURVE_WITH_KNOTS('',2,(#1880,#1881,#1882),
  .UNSPECIFIED.,.F.,.F.,(3,3),(0.,1.),.PIECEWISE_BEZIER_KNOTS.);
#1880 = CARTESIAN_POINT('',(39.457112526539,55.091932059448,52.01));
#1881 = CARTESIAN_POINT('',(39.805944798301,54.792569002123,52.01));
#1882 = CARTESIAN_POINT('',(39.901486199575,54.222292993631,52.01));
#1883 = VECTOR('',#1884,1.);
#1884 = DIRECTION('',(-0.,-0.,1.));
#1885 = ADVANCED_FACE('',(#1886),#1904,.T.);
#1886 = FACE_BOUND('',#1887,.T.);
#1887 = EDGE_LOOP('',(#1888,#1889,#1897,#1903));
#1888 = ORIENTED_EDGE('',*,*,#563,.T.);
#1889 = ORIENTED_EDGE('',*,*,#1890,.T.);
#1890 = EDGE_CURVE('',#541,#1891,#1893,.T.);
#1891 = VERTEX_POINT('',#1892);
#1892 = CARTESIAN_POINT('',(38.576645435244,55.391507430998,51.4));
#1893 = LINE('',#1894,#1895);
#1894 = CARTESIAN_POINT('',(38.576645435244,55.391507430998,52.01));
#1895 = VECTOR('',#1896,1.);
#1896 = DIRECTION('',(0.,0.,-1.));
#1897 = ORIENTED_EDGE('',*,*,#1898,.T.);
#1898 = EDGE_CURVE('',#1891,#1858,#1899,.T.);
#1899 = B_SPLINE_CURVE_WITH_KNOTS('',2,(#1900,#1901,#1902),
  .UNSPECIFIED.,.F.,.F.,(3,3),(0.,1.),.PIECEWISE_BEZIER_KNOTS.);
#1900 = CARTESIAN_POINT('',(38.576645435244,55.391507430998,51.4));
#1901 = CARTESIAN_POINT('',(39.108492569002,55.391507430998,51.4));
#1902 = CARTESIAN_POINT('',(39.457112526539,55.091932059448,51.4));
#1903 = ORIENTED_EDGE('',*,*,#1857,.F.);
#1904 = SURFACE_OF_LINEAR_EXTRUSION('',#1905,#1909);
#1905 = B_SPLINE_CURVE_WITH_KNOTS('',2,(#1906,#1907,#1908),
  .UNSPECIFIED.,.F.,.F.,(3,3),(0.,1.),.PIECEWISE_BEZIER_KNOTS.);
#1906 = CARTESIAN_POINT('',(38.576645435244,55.391507430998,52.01));
#1907 = CARTESIAN_POINT('',(39.108492569002,55.391507430998,52.01));
#1908 = CARTESIAN_POINT('',(39.457112526539,55.091932059448,52.01));
#1909 = VECTOR('',#1910,1.);
#1910 = DIRECTION('',(-0.,-0.,1.));
#1911 = ADVANCED_FACE('',(#1912),#1930,.T.);
#1912 = FACE_BOUND('',#1913,.T.);
#1913 = EDGE_LOOP('',(#1914,#1915,#1923,#1929));
#1914 = ORIENTED_EDGE('',*,*,#540,.T.);
#1915 = ORIENTED_EDGE('',*,*,#1916,.T.);
#1916 = EDGE_CURVE('',#519,#1917,#1919,.T.);
#1917 = VERTEX_POINT('',#1918);
#1918 = CARTESIAN_POINT('',(37.344161358811,54.822717622081,51.4));
#1919 = LINE('',#1920,#1921);
#1920 = CARTESIAN_POINT('',(37.344161358811,54.822717622081,52.01));
#1921 = VECTOR('',#1922,1.);
#1922 = DIRECTION('',(0.,0.,-1.));
#1923 = ORIENTED_EDGE('',*,*,#1924,.T.);
#1924 = EDGE_CURVE('',#1917,#1891,#1925,.T.);
#1925 = B_SPLINE_CURVE_WITH_KNOTS('',2,(#1926,#1927,#1928),
  .UNSPECIFIED.,.F.,.F.,(3,3),(0.,1.),.PIECEWISE_BEZIER_KNOTS.);
#1926 = CARTESIAN_POINT('',(37.344161358811,54.822717622081,51.4));
#1927 = CARTESIAN_POINT('',(37.818683651805,55.391507430998,51.4));
#1928 = CARTESIAN_POINT('',(38.576645435244,55.391507430998,51.4));
#1929 = ORIENTED_EDGE('',*,*,#1890,.F.);
#1930 = SURFACE_OF_LINEAR_EXTRUSION('',#1931,#1935);
#1931 = B_SPLINE_CURVE_WITH_KNOTS('',2,(#1932,#1933,#1934),
  .UNSPECIFIED.,.F.,.F.,(3,3),(0.,1.),.PIECEWISE_BEZIER_KNOTS.);
#1932 = CARTESIAN_POINT('',(37.344161358811,54.822717622081,52.01));
#1933 = CARTESIAN_POINT('',(37.818683651805,55.391507430998,52.01));
#1934 = CARTESIAN_POINT('',(38.576645435244,55.391507430998,52.01));
#1935 = VECTOR('',#1936,1.);
#1936 = DIRECTION('',(-0.,-0.,1.));
#1937 = ADVANCED_FACE('',(#1938),#1956,.T.);
#1938 = FACE_BOUND('',#1939,.T.);
#1939 = EDGE_LOOP('',(#1940,#1941,#1949,#1955));
#1940 = ORIENTED_EDGE('',*,*,#518,.T.);
#1941 = ORIENTED_EDGE('',*,*,#1942,.T.);
#1942 = EDGE_CURVE('',#497,#1943,#1945,.T.);
#1943 = VERTEX_POINT('',#1944);
#1944 = CARTESIAN_POINT('',(36.869639065817,52.966454352442,51.4));
#1945 = LINE('',#1946,#1947);
#1946 = CARTESIAN_POINT('',(36.869639065817,52.966454352442,52.01));
#1947 = VECTOR('',#1948,1.);
#1948 = DIRECTION('',(0.,0.,-1.));
#1949 = ORIENTED_EDGE('',*,*,#1950,.T.);
#1950 = EDGE_CURVE('',#1943,#1917,#1951,.T.);
#1951 = B_SPLINE_CURVE_WITH_KNOTS('',2,(#1952,#1953,#1954),
  .UNSPECIFIED.,.F.,.F.,(3,3),(0.,1.),.PIECEWISE_BEZIER_KNOTS.);
#1952 = CARTESIAN_POINT('',(36.869639065817,52.966454352442,51.4));
#1953 = CARTESIAN_POINT('',(36.869639065817,54.254140127389,51.4));
#1954 = CARTESIAN_POINT('',(37.344161358811,54.822717622081,51.4));
#1955 = ORIENTED_EDGE('',*,*,#1916,.F.);
#1956 = SURFACE_OF_LINEAR_EXTRUSION('',#1957,#1961);
#1957 = B_SPLINE_CURVE_WITH_KNOTS('',2,(#1958,#1959,#1960),
  .UNSPECIFIED.,.F.,.F.,(3,3),(0.,1.),.PIECEWISE_BEZIER_KNOTS.);
#1958 = CARTESIAN_POINT('',(36.869639065817,52.966454352442,52.01));
#1959 = CARTESIAN_POINT('',(36.869639065817,54.254140127389,52.01));
#1960 = CARTESIAN_POINT('',(37.344161358811,54.822717622081,52.01));
#1961 = VECTOR('',#1962,1.);
#1962 = DIRECTION('',(-0.,-0.,1.));
#1963 = ADVANCED_FACE('',(#1964),#1982,.T.);
#1964 = FACE_BOUND('',#1965,.T.);
#1965 = EDGE_LOOP('',(#1966,#1967,#1975,#1981));
#1966 = ORIENTED_EDGE('',*,*,#496,.T.);
#1967 = ORIENTED_EDGE('',*,*,#1968,.T.);
#1968 = EDGE_CURVE('',#474,#1969,#1971,.T.);
#1969 = VERTEX_POINT('',#1970);
#1970 = CARTESIAN_POINT('',(37.325053078556,51.15966029724,51.4));
#1971 = LINE('',#1972,#1973);
#1972 = CARTESIAN_POINT('',(37.325053078556,51.15966029724,52.01));
#1973 = VECTOR('',#1974,1.);
#1974 = DIRECTION('',(0.,0.,-1.));
#1975 = ORIENTED_EDGE('',*,*,#1976,.T.);
#1976 = EDGE_CURVE('',#1969,#1943,#1977,.T.);
#1977 = B_SPLINE_CURVE_WITH_KNOTS('',2,(#1978,#1979,#1980),
  .UNSPECIFIED.,.F.,.F.,(3,3),(0.,1.),.PIECEWISE_BEZIER_KNOTS.);
#1978 = CARTESIAN_POINT('',(37.325053078556,51.15966029724,51.4));
#1979 = CARTESIAN_POINT('',(36.869639065817,51.710828025478,51.4));
#1980 = CARTESIAN_POINT('',(36.869639065817,52.966454352442,51.4));
#1981 = ORIENTED_EDGE('',*,*,#1942,.F.);
#1982 = SURFACE_OF_LINEAR_EXTRUSION('',#1983,#1987);
#1983 = B_SPLINE_CURVE_WITH_KNOTS('',2,(#1984,#1985,#1986),
  .UNSPECIFIED.,.F.,.F.,(3,3),(0.,1.),.PIECEWISE_BEZIER_KNOTS.);
#1984 = CARTESIAN_POINT('',(37.325053078556,51.15966029724,52.01));
#1985 = CARTESIAN_POINT('',(36.869639065817,51.710828025478,52.01));
#1986 = CARTESIAN_POINT('',(36.869639065817,52.966454352442,52.01));
#1987 = VECTOR('',#1988,1.);
#1988 = DIRECTION('',(-0.,-0.,1.));
#1989 = ADVANCED_FACE('',(#1990),#2008,.T.);
#1990 = FACE_BOUND('',#1991,.T.);
#1991 = EDGE_LOOP('',(#1992,#1993,#2001,#2007));
#1992 = ORIENTED_EDGE('',*,*,#473,.T.);
#1993 = ORIENTED_EDGE('',*,*,#1994,.T.);
#1994 = EDGE_CURVE('',#455,#1995,#1997,.T.);
#1995 = VERTEX_POINT('',#1996);
#1996 = CARTESIAN_POINT('',(38.487473460722,50.608492569002,51.4));
#1997 = LINE('',#1998,#1999);
#1998 = CARTESIAN_POINT('',(38.487473460722,50.608492569002,52.01));
#1999 = VECTOR('',#2000,1.);
#2000 = DIRECTION('',(0.,0.,-1.));
#2001 = ORIENTED_EDGE('',*,*,#2002,.T.);
#2002 = EDGE_CURVE('',#1995,#1969,#2003,.T.);
#2003 = B_SPLINE_CURVE_WITH_KNOTS('',2,(#2004,#2005,#2006),
  .UNSPECIFIED.,.F.,.F.,(3,3),(0.,1.),.PIECEWISE_BEZIER_KNOTS.);
#2004 = CARTESIAN_POINT('',(38.487473460722,50.608492569002,51.4));
#2005 = CARTESIAN_POINT('',(37.780467091295,50.608492569002,51.4));
#2006 = CARTESIAN_POINT('',(37.325053078556,51.15966029724,51.4));
#2007 = ORIENTED_EDGE('',*,*,#1968,.F.);
#2008 = SURFACE_OF_LINEAR_EXTRUSION('',#2009,#2013);
#2009 = B_SPLINE_CURVE_WITH_KNOTS('',2,(#2010,#2011,#2012),
  .UNSPECIFIED.,.F.,.F.,(3,3),(0.,1.),.PIECEWISE_BEZIER_KNOTS.);
#2010 = CARTESIAN_POINT('',(38.487473460722,50.608492569002,52.01));
#2011 = CARTESIAN_POINT('',(37.780467091295,50.608492569002,52.01));
#2012 = CARTESIAN_POINT('',(37.325053078556,51.15966029724,52.01));
#2013 = VECTOR('',#2014,1.);
#2014 = DIRECTION('',(-0.,-0.,1.));
#2015 = ADVANCED_FACE('',(#2016),#2034,.T.);
#2016 = FACE_BOUND('',#2017,.T.);
#2017 = EDGE_LOOP('',(#2018,#2019,#2027,#2033));
#2018 = ORIENTED_EDGE('',*,*,#454,.T.);
#2019 = ORIENTED_EDGE('',*,*,#2020,.T.);
#2020 = EDGE_CURVE('',#436,#2021,#2023,.T.);
#2021 = VERTEX_POINT('',#2022);
#2022 = CARTESIAN_POINT('',(39.567091295117,51.04161358811,51.4));
#2023 = LINE('',#2024,#2025);
#2024 = CARTESIAN_POINT('',(39.567091295117,51.04161358811,52.01));
#2025 = VECTOR('',#2026,1.);
#2026 = DIRECTION('',(0.,0.,-1.));
#2027 = ORIENTED_EDGE('',*,*,#2028,.T.);
#2028 = EDGE_CURVE('',#2021,#1995,#2029,.T.);
#2029 = B_SPLINE_CURVE_WITH_KNOTS('',2,(#2030,#2031,#2032),
  .UNSPECIFIED.,.F.,.F.,(3,3),(0.,1.),.PIECEWISE_BEZIER_KNOTS.);
#2030 = CARTESIAN_POINT('',(39.567091295117,51.04161358811,51.4));
#2031 = CARTESIAN_POINT('',(39.146709129512,50.608492569002,51.4));
#2032 = CARTESIAN_POINT('',(38.487473460722,50.608492569002,51.4));
#2033 = ORIENTED_EDGE('',*,*,#1994,.F.);
#2034 = SURFACE_OF_LINEAR_EXTRUSION('',#2035,#2039);
#2035 = B_SPLINE_CURVE_WITH_KNOTS('',2,(#2036,#2037,#2038),
  .UNSPECIFIED.,.F.,.F.,(3,3),(0.,1.),.PIECEWISE_BEZIER_KNOTS.);
#2036 = CARTESIAN_POINT('',(39.567091295117,51.04161358811,52.01));
#2037 = CARTESIAN_POINT('',(39.146709129512,50.608492569002,52.01));
#2038 = CARTESIAN_POINT('',(38.487473460722,50.608492569002,52.01));
#2039 = VECTOR('',#2040,1.);
#2040 = DIRECTION('',(-0.,-0.,1.));
#2041 = ADVANCED_FACE('',(#2042),#2060,.T.);
#2042 = FACE_BOUND('',#2043,.T.);
#2043 = EDGE_LOOP('',(#2044,#2045,#2053,#2059));
#2044 = ORIENTED_EDGE('',*,*,#435,.T.);
#2045 = ORIENTED_EDGE('',*,*,#2046,.T.);
#2046 = EDGE_CURVE('',#419,#2047,#2049,.T.);
#2047 = VERTEX_POINT('',#2048);
#2048 = CARTESIAN_POINT('',(39.987473460722,52.191507430998,51.4));
#2049 = LINE('',#2050,#2051);
#2050 = CARTESIAN_POINT('',(39.987473460722,52.191507430998,52.01));
#2051 = VECTOR('',#2052,1.);
#2052 = DIRECTION('',(0.,0.,-1.));
#2053 = ORIENTED_EDGE('',*,*,#2054,.T.);
#2054 = EDGE_CURVE('',#2047,#2021,#2055,.T.);
#2055 = B_SPLINE_CURVE_WITH_KNOTS('',2,(#2056,#2057,#2058),
  .UNSPECIFIED.,.F.,.F.,(3,3),(0.,1.),.PIECEWISE_BEZIER_KNOTS.);
#2056 = CARTESIAN_POINT('',(39.987473460722,52.191507430998,51.4));
#2057 = CARTESIAN_POINT('',(39.987473460722,51.474734607219,51.4));
#2058 = CARTESIAN_POINT('',(39.567091295117,51.04161358811,51.4));
#2059 = ORIENTED_EDGE('',*,*,#2020,.F.);
#2060 = SURFACE_OF_LINEAR_EXTRUSION('',#2061,#2065);
#2061 = B_SPLINE_CURVE_WITH_KNOTS('',2,(#2062,#2063,#2064),
  .UNSPECIFIED.,.F.,.F.,(3,3),(0.,1.),.PIECEWISE_BEZIER_KNOTS.);
#2062 = CARTESIAN_POINT('',(39.987473460722,52.191507430998,52.01));
#2063 = CARTESIAN_POINT('',(39.987473460722,51.474734607219,52.01));
#2064 = CARTESIAN_POINT('',(39.567091295117,51.04161358811,52.01));
#2065 = VECTOR('',#2066,1.);
#2066 = DIRECTION('',(-0.,-0.,1.));
#2067 = ADVANCED_FACE('',(#2068),#2086,.T.);
#2068 = FACE_BOUND('',#2069,.T.);
#2069 = EDGE_LOOP('',(#2070,#2071,#2079,#2085));
#2070 = ORIENTED_EDGE('',*,*,#418,.T.);
#2071 = ORIENTED_EDGE('',*,*,#2072,.T.);
#2072 = EDGE_CURVE('',#402,#2073,#2075,.T.);
#2073 = VERTEX_POINT('',#2074);
#2074 = CARTESIAN_POINT('',(39.587685774947,53.293418259023,51.4));
#2075 = LINE('',#2076,#2077);
#2076 = CARTESIAN_POINT('',(39.587685774947,53.293418259023,52.01));
#2077 = VECTOR('',#2078,1.);
#2078 = DIRECTION('',(0.,0.,-1.));
#2079 = ORIENTED_EDGE('',*,*,#2080,.T.);
#2080 = EDGE_CURVE('',#2073,#2047,#2081,.T.);
#2081 = B_SPLINE_CURVE_WITH_KNOTS('',2,(#2082,#2083,#2084),
  .UNSPECIFIED.,.F.,.F.,(3,3),(0.,1.),.PIECEWISE_BEZIER_KNOTS.);
#2082 = CARTESIAN_POINT('',(39.587685774947,53.293418259023,51.4));
#2083 = CARTESIAN_POINT('',(39.987473460722,52.866666666667,51.4));
#2084 = CARTESIAN_POINT('',(39.987473460722,52.191507430998,51.4));
#2085 = ORIENTED_EDGE('',*,*,#2046,.F.);
#2086 = SURFACE_OF_LINEAR_EXTRUSION('',#2087,#2091);
#2087 = B_SPLINE_CURVE_WITH_KNOTS('',2,(#2088,#2089,#2090),
  .UNSPECIFIED.,.F.,.F.,(3,3),(0.,1.),.PIECEWISE_BEZIER_KNOTS.);
#2088 = CARTESIAN_POINT('',(39.587685774947,53.293418259023,52.01));
#2089 = CARTESIAN_POINT('',(39.987473460722,52.866666666667,52.01));
#2090 = CARTESIAN_POINT('',(39.987473460722,52.191507430998,52.01));
#2091 = VECTOR('',#2092,1.);
#2092 = DIRECTION('',(-0.,-0.,1.));
#2093 = ADVANCED_FACE('',(#2094),#2112,.T.);
#2094 = FACE_BOUND('',#2095,.T.);
#2095 = EDGE_LOOP('',(#2096,#2097,#2105,#2111));
#2096 = ORIENTED_EDGE('',*,*,#401,.T.);
#2097 = ORIENTED_EDGE('',*,*,#2098,.T.);
#2098 = EDGE_CURVE('',#385,#2099,#2101,.T.);
#2099 = VERTEX_POINT('',#2100);
#2100 = CARTESIAN_POINT('',(38.627600849257,53.72016985138,51.4));
#2101 = LINE('',#2102,#2103);
#2102 = CARTESIAN_POINT('',(38.627600849257,53.72016985138,52.01));
#2103 = VECTOR('',#2104,1.);
#2104 = DIRECTION('',(0.,0.,-1.));
#2105 = ORIENTED_EDGE('',*,*,#2106,.T.);
#2106 = EDGE_CURVE('',#2099,#2073,#2107,.T.);
#2107 = B_SPLINE_CURVE_WITH_KNOTS('',2,(#2108,#2109,#2110),
  .UNSPECIFIED.,.F.,.F.,(3,3),(0.,1.),.PIECEWISE_BEZIER_KNOTS.);
#2108 = CARTESIAN_POINT('',(38.627600849257,53.72016985138,51.4));
#2109 = CARTESIAN_POINT('',(39.188110403397,53.72016985138,51.4));
#2110 = CARTESIAN_POINT('',(39.587685774947,53.293418259023,51.4));
#2111 = ORIENTED_EDGE('',*,*,#2072,.F.);
#2112 = SURFACE_OF_LINEAR_EXTRUSION('',#2113,#2117);
#2113 = B_SPLINE_CURVE_WITH_KNOTS('',2,(#2114,#2115,#2116),
  .UNSPECIFIED.,.F.,.F.,(3,3),(0.,1.),.PIECEWISE_BEZIER_KNOTS.);
#2114 = CARTESIAN_POINT('',(38.627600849257,53.72016985138,52.01));
#2115 = CARTESIAN_POINT('',(39.188110403397,53.72016985138,52.01));
#2116 = CARTESIAN_POINT('',(39.587685774947,53.293418259023,52.01));
#2117 = VECTOR('',#2118,1.);
#2118 = DIRECTION('',(-0.,-0.,1.));
#2119 = ADVANCED_FACE('',(#2120),#2138,.T.);
#2120 = FACE_BOUND('',#2121,.T.);
#2121 = EDGE_LOOP('',(#2122,#2123,#2131,#2137));
#2122 = ORIENTED_EDGE('',*,*,#384,.T.);
#2123 = ORIENTED_EDGE('',*,*,#2124,.T.);
#2124 = EDGE_CURVE('',#366,#2125,#2127,.T.);
#2125 = VERTEX_POINT('',#2126);
#2126 = CARTESIAN_POINT('',(37.796390658174,53.325265392781,51.4));
#2127 = LINE('',#2128,#2129);
#2128 = CARTESIAN_POINT('',(37.796390658174,53.325265392781,52.01));
#2129 = VECTOR('',#2130,1.);
#2130 = DIRECTION('',(0.,0.,-1.));
#2131 = ORIENTED_EDGE('',*,*,#2132,.T.);
#2132 = EDGE_CURVE('',#2125,#2099,#2133,.T.);
#2133 = B_SPLINE_CURVE_WITH_KNOTS('',2,(#2134,#2135,#2136),
  .UNSPECIFIED.,.F.,.F.,(3,3),(0.,1.),.PIECEWISE_BEZIER_KNOTS.);
#2134 = CARTESIAN_POINT('',(37.796390658174,53.325265392781,51.4));
#2135 = CARTESIAN_POINT('',(38.130785562633,53.72016985138,51.4));
#2136 = CARTESIAN_POINT('',(38.627600849257,53.72016985138,51.4));
#2137 = ORIENTED_EDGE('',*,*,#2098,.F.);
#2138 = SURFACE_OF_LINEAR_EXTRUSION('',#2139,#2143);
#2139 = B_SPLINE_CURVE_WITH_KNOTS('',2,(#2140,#2141,#2142),
  .UNSPECIFIED.,.F.,.F.,(3,3),(0.,1.),.PIECEWISE_BEZIER_KNOTS.);
#2140 = CARTESIAN_POINT('',(37.796390658174,53.325265392781,52.01));
#2141 = CARTESIAN_POINT('',(38.130785562633,53.72016985138,52.01));
#2142 = CARTESIAN_POINT('',(38.627600849257,53.72016985138,52.01));
#2143 = VECTOR('',#2144,1.);
#2144 = DIRECTION('',(-0.,-0.,1.));
#2145 = ADVANCED_FACE('',(#2146),#2164,.T.);
#2146 = FACE_BOUND('',#2147,.T.);
#2147 = EDGE_LOOP('',(#2148,#2149,#2157,#2163));
#2148 = ORIENTED_EDGE('',*,*,#365,.T.);
#2149 = ORIENTED_EDGE('',*,*,#2150,.T.);
#2150 = EDGE_CURVE('',#351,#2151,#2153,.T.);
#2151 = VERTEX_POINT('',#2152);
#2152 = CARTESIAN_POINT('',(38.043099787686,54.388322717622,51.4));
#2153 = LINE('',#2154,#2155);
#2154 = CARTESIAN_POINT('',(38.043099787686,54.388322717622,52.01));
#2155 = VECTOR('',#2156,1.);
#2156 = DIRECTION('',(0.,0.,-1.));
#2157 = ORIENTED_EDGE('',*,*,#2158,.T.);
#2158 = EDGE_CURVE('',#2151,#2125,#2159,.T.);
#2159 = B_SPLINE_CURVE_WITH_KNOTS('',2,(#2160,#2161,#2162),
  .UNSPECIFIED.,.F.,.F.,(3,3),(0.,1.),.PIECEWISE_BEZIER_KNOTS.);
#2160 = CARTESIAN_POINT('',(38.043099787686,54.388322717622,51.4));
#2161 = CARTESIAN_POINT('',(37.847346072187,54.132696390658,51.4));
#2162 = CARTESIAN_POINT('',(37.796390658174,53.325265392781,51.4));
#2163 = ORIENTED_EDGE('',*,*,#2124,.F.);
#2164 = SURFACE_OF_LINEAR_EXTRUSION('',#2165,#2169);
#2165 = B_SPLINE_CURVE_WITH_KNOTS('',2,(#2166,#2167,#2168),
  .UNSPECIFIED.,.F.,.F.,(3,3),(0.,1.),.PIECEWISE_BEZIER_KNOTS.);
#2166 = CARTESIAN_POINT('',(38.043099787686,54.388322717622,52.01));
#2167 = CARTESIAN_POINT('',(37.847346072187,54.132696390658,52.01));
#2168 = CARTESIAN_POINT('',(37.796390658174,53.325265392781,52.01));
#2169 = VECTOR('',#2170,1.);
#2170 = DIRECTION('',(-0.,-0.,1.));
#2171 = ADVANCED_FACE('',(#2172),#2190,.T.);
#2172 = FACE_BOUND('',#2173,.T.);
#2173 = EDGE_LOOP('',(#2174,#2175,#2183,#2189));
#2174 = ORIENTED_EDGE('',*,*,#350,.T.);
#2175 = ORIENTED_EDGE('',*,*,#2176,.T.);
#2176 = EDGE_CURVE('',#336,#2177,#2179,.T.);
#2177 = VERTEX_POINT('',#2178);
#2178 = CARTESIAN_POINT('',(38.522505307856,54.644161358811,51.4));
#2179 = LINE('',#2180,#2181);
#2180 = CARTESIAN_POINT('',(38.522505307856,54.644161358811,52.01));
#2181 = VECTOR('',#2182,1.);
#2182 = DIRECTION('',(0.,0.,-1.));
#2183 = ORIENTED_EDGE('',*,*,#2184,.T.);
#2184 = EDGE_CURVE('',#2177,#2151,#2185,.T.);
#2185 = B_SPLINE_CURVE_WITH_KNOTS('',2,(#2186,#2187,#2188),
  .UNSPECIFIED.,.F.,.F.,(3,3),(0.,1.),.PIECEWISE_BEZIER_KNOTS.);
#2186 = CARTESIAN_POINT('',(38.522505307856,54.644161358811,51.4));
#2187 = CARTESIAN_POINT('',(38.23906581741,54.644161358811,51.4));
#2188 = CARTESIAN_POINT('',(38.043099787686,54.388322717622,51.4));
#2189 = ORIENTED_EDGE('',*,*,#2150,.F.);
#2190 = SURFACE_OF_LINEAR_EXTRUSION('',#2191,#2195);
#2191 = B_SPLINE_CURVE_WITH_KNOTS('',2,(#2192,#2193,#2194),
  .UNSPECIFIED.,.F.,.F.,(3,3),(0.,1.),.PIECEWISE_BEZIER_KNOTS.);
#2192 = CARTESIAN_POINT('',(38.522505307856,54.644161358811,52.01));
#2193 = CARTESIAN_POINT('',(38.23906581741,54.644161358811,52.01));
#2194 = CARTESIAN_POINT('',(38.043099787686,54.388322717622,52.01));
#2195 = VECTOR('',#2196,1.);
#2196 = DIRECTION('',(-0.,-0.,1.));
#2197 = ADVANCED_FACE('',(#2198),#2216,.T.);
#2198 = FACE_BOUND('',#2199,.T.);
#2199 = EDGE_LOOP('',(#2200,#2201,#2209,#2215));
#2200 = ORIENTED_EDGE('',*,*,#335,.T.);
#2201 = ORIENTED_EDGE('',*,*,#2202,.T.);
#2202 = EDGE_CURVE('',#324,#2203,#2205,.T.);
#2203 = VERTEX_POINT('',#2204);
#2204 = CARTESIAN_POINT('',(38.869639065817,54.518259023355,51.4));
#2205 = LINE('',#2206,#2207);
#2206 = CARTESIAN_POINT('',(38.869639065817,54.518259023355,52.01));
#2207 = VECTOR('',#2208,1.);
#2208 = DIRECTION('',(0.,0.,-1.));
#2209 = ORIENTED_EDGE('',*,*,#2210,.T.);
#2210 = EDGE_CURVE('',#2203,#2177,#2211,.T.);
#2211 = B_SPLINE_CURVE_WITH_KNOTS('',2,(#2212,#2213,#2214),
  .UNSPECIFIED.,.F.,.F.,(3,3),(0.,1.),.PIECEWISE_BEZIER_KNOTS.);
#2212 = CARTESIAN_POINT('',(38.869639065817,54.518259023355,51.4));
#2213 = CARTESIAN_POINT('',(38.735881104034,54.644161358811,51.4));
#2214 = CARTESIAN_POINT('',(38.522505307856,54.644161358811,51.4));
#2215 = ORIENTED_EDGE('',*,*,#2176,.F.);
#2216 = SURFACE_OF_LINEAR_EXTRUSION('',#2217,#2221);
#2217 = B_SPLINE_CURVE_WITH_KNOTS('',2,(#2218,#2219,#2220),
  .UNSPECIFIED.,.F.,.F.,(3,3),(0.,1.),.PIECEWISE_BEZIER_KNOTS.);
#2218 = CARTESIAN_POINT('',(38.869639065817,54.518259023355,52.01));
#2219 = CARTESIAN_POINT('',(38.735881104034,54.644161358811,52.01));
#2220 = CARTESIAN_POINT('',(38.522505307856,54.644161358811,52.01));
#2221 = VECTOR('',#2222,1.);
#2222 = DIRECTION('',(-0.,-0.,1.));
#2223 = ADVANCED_FACE('',(#2224),#2242,.T.);
#2224 = FACE_BOUND('',#2225,.T.);
#2225 = EDGE_LOOP('',(#2226,#2227,#2235,#2241));
#2226 = ORIENTED_EDGE('',*,*,#323,.T.);
#2227 = ORIENTED_EDGE('',*,*,#2228,.T.);
#2228 = EDGE_CURVE('',#316,#2229,#2231,.T.);
#2229 = VERTEX_POINT('',#2230);
#2230 = CARTESIAN_POINT('',(39.035244161359,54.127813163482,51.4));
#2231 = LINE('',#2232,#2233);
#2232 = CARTESIAN_POINT('',(39.035244161359,54.127813163482,52.01));
#2233 = VECTOR('',#2234,1.);
#2234 = DIRECTION('',(0.,0.,-1.));
#2235 = ORIENTED_EDGE('',*,*,#2236,.T.);
#2236 = EDGE_CURVE('',#2229,#2203,#2237,.T.);
#2237 = B_SPLINE_CURVE_WITH_KNOTS('',2,(#2238,#2239,#2240),
  .UNSPECIFIED.,.F.,.F.,(3,3),(0.,1.),.PIECEWISE_BEZIER_KNOTS.);
#2238 = CARTESIAN_POINT('',(39.035244161359,54.127813163482,51.4));
#2239 = CARTESIAN_POINT('',(39.003397027601,54.392356687898,51.4));
#2240 = CARTESIAN_POINT('',(38.869639065817,54.518259023355,51.4));
#2241 = ORIENTED_EDGE('',*,*,#2202,.F.);
#2242 = SURFACE_OF_LINEAR_EXTRUSION('',#2243,#2247);
#2243 = B_SPLINE_CURVE_WITH_KNOTS('',2,(#2244,#2245,#2246),
  .UNSPECIFIED.,.F.,.F.,(3,3),(0.,1.),.PIECEWISE_BEZIER_KNOTS.);
#2244 = CARTESIAN_POINT('',(39.035244161359,54.127813163482,52.01));
#2245 = CARTESIAN_POINT('',(39.003397027601,54.392356687898,52.01));
#2246 = CARTESIAN_POINT('',(38.869639065817,54.518259023355,52.01));
#2247 = VECTOR('',#2248,1.);
#2248 = DIRECTION('',(-0.,-0.,1.));
#2249 = ADVANCED_FACE('',(#2250),#2261,.T.);
#2250 = FACE_BOUND('',#2251,.T.);
#2251 = EDGE_LOOP('',(#2252,#2253,#2254,#2260));
#2252 = ORIENTED_EDGE('',*,*,#315,.F.);
#2253 = ORIENTED_EDGE('',*,*,#1873,.T.);
#2254 = ORIENTED_EDGE('',*,*,#2255,.T.);
#2255 = EDGE_CURVE('',#1866,#2229,#2256,.T.);
#2256 = LINE('',#2257,#2258);
#2257 = CARTESIAN_POINT('',(39.901486199575,54.222292993631,51.4));
#2258 = VECTOR('',#2259,1.);
#2259 = DIRECTION('',(-0.994104564342,-0.108425620376,0.));
#2260 = ORIENTED_EDGE('',*,*,#2228,.F.);
#2261 = PLANE('',#2262);
#2262 = AXIS2_PLACEMENT_3D('',#2263,#2264,#2265);
#2263 = CARTESIAN_POINT('',(39.901486199575,54.222292993631,52.01));
#2264 = DIRECTION('',(-0.108425620376,0.994104564342,0.));
#2265 = DIRECTION('',(-0.994104564342,-0.108425620376,0.));
#2266 = ADVANCED_FACE('',(#2267),#2292,.T.);
#2267 = FACE_BOUND('',#2268,.T.);
#2268 = EDGE_LOOP('',(#2269,#2270,#2278,#2286));
#2269 = ORIENTED_EDGE('',*,*,#580,.T.);
#2270 = ORIENTED_EDGE('',*,*,#2271,.T.);
#2271 = EDGE_CURVE('',#583,#2272,#2274,.T.);
#2272 = VERTEX_POINT('',#2273);
#2273 = CARTESIAN_POINT('',(42.010403397028,55.391507430998,51.4));
#2274 = LINE('',#2275,#2276);
#2275 = CARTESIAN_POINT('',(42.010403397028,55.391507430998,52.01));
#2276 = VECTOR('',#2277,1.);
#2277 = DIRECTION('',(0.,0.,-1.));
#2278 = ORIENTED_EDGE('',*,*,#2279,.T.);
#2279 = EDGE_CURVE('',#2272,#2280,#2282,.T.);
#2280 = VERTEX_POINT('',#2281);
#2281 = CARTESIAN_POINT('',(43.070912951168,54.905944798301,51.4));
#2282 = B_SPLINE_CURVE_WITH_KNOTS('',2,(#2283,#2284,#2285),
  .UNSPECIFIED.,.F.,.F.,(3,3),(0.,1.),.PIECEWISE_BEZIER_KNOTS.);
#2283 = CARTESIAN_POINT('',(42.010403397028,55.391507430998,51.4));
#2284 = CARTESIAN_POINT('',(42.688747346072,55.391507430998,51.4));
#2285 = CARTESIAN_POINT('',(43.070912951168,54.905944798301,51.4));
#2286 = ORIENTED_EDGE('',*,*,#2287,.F.);
#2287 = EDGE_CURVE('',#581,#2280,#2288,.T.);
#2288 = LINE('',#2289,#2290);
#2289 = CARTESIAN_POINT('',(43.070912951168,54.905944798301,52.01));
#2290 = VECTOR('',#2291,1.);
#2291 = DIRECTION('',(0.,0.,-1.));
#2292 = SURFACE_OF_LINEAR_EXTRUSION('',#2293,#2297);
#2293 = B_SPLINE_CURVE_WITH_KNOTS('',2,(#2294,#2295,#2296),
  .UNSPECIFIED.,.F.,.F.,(3,3),(0.,1.),.PIECEWISE_BEZIER_KNOTS.);
#2294 = CARTESIAN_POINT('',(42.010403397028,55.391507430998,52.01));
#2295 = CARTESIAN_POINT('',(42.688747346072,55.391507430998,52.01));
#2296 = CARTESIAN_POINT('',(43.070912951168,54.905944798301,52.01));
#2297 = VECTOR('',#2298,1.);
#2298 = DIRECTION('',(-0.,-0.,1.));
#2299 = ADVANCED_FACE('',(#2300),#2318,.T.);
#2300 = FACE_BOUND('',#2301,.T.);
#2301 = EDGE_LOOP('',(#2302,#2303,#2311,#2317));
#2302 = ORIENTED_EDGE('',*,*,#731,.T.);
#2303 = ORIENTED_EDGE('',*,*,#2304,.T.);
#2304 = EDGE_CURVE('',#710,#2305,#2307,.T.);
#2305 = VERTEX_POINT('',#2306);
#2306 = CARTESIAN_POINT('',(40.953078556263,54.912314225053,51.4));
#2307 = LINE('',#2308,#2309);
#2308 = CARTESIAN_POINT('',(40.953078556263,54.912314225053,52.01));
#2309 = VECTOR('',#2310,1.);
#2310 = DIRECTION('',(0.,0.,-1.));
#2311 = ORIENTED_EDGE('',*,*,#2312,.T.);
#2312 = EDGE_CURVE('',#2305,#2272,#2313,.T.);
#2313 = B_SPLINE_CURVE_WITH_KNOTS('',2,(#2314,#2315,#2316),
  .UNSPECIFIED.,.F.,.F.,(3,3),(0.,1.),.PIECEWISE_BEZIER_KNOTS.);
#2314 = CARTESIAN_POINT('',(40.953078556263,54.912314225053,51.4));
#2315 = CARTESIAN_POINT('',(41.332059447983,55.391507430998,51.4));
#2316 = CARTESIAN_POINT('',(42.010403397028,55.391507430998,51.4));
#2317 = ORIENTED_EDGE('',*,*,#2271,.F.);
#2318 = SURFACE_OF_LINEAR_EXTRUSION('',#2319,#2323);
#2319 = B_SPLINE_CURVE_WITH_KNOTS('',2,(#2320,#2321,#2322),
  .UNSPECIFIED.,.F.,.F.,(3,3),(0.,1.),.PIECEWISE_BEZIER_KNOTS.);
#2320 = CARTESIAN_POINT('',(40.953078556263,54.912314225053,52.01));
#2321 = CARTESIAN_POINT('',(41.332059447983,55.391507430998,52.01));
#2322 = CARTESIAN_POINT('',(42.010403397028,55.391507430998,52.01));
#2323 = VECTOR('',#2324,1.);
#2324 = DIRECTION('',(-0.,-0.,1.));
#2325 = ADVANCED_FACE('',(#2326),#2344,.T.);
#2326 = FACE_BOUND('',#2327,.T.);
#2327 = EDGE_LOOP('',(#2328,#2329,#2337,#2343));
#2328 = ORIENTED_EDGE('',*,*,#709,.T.);
#2329 = ORIENTED_EDGE('',*,*,#2330,.T.);
#2330 = EDGE_CURVE('',#688,#2331,#2333,.T.);
#2331 = VERTEX_POINT('',#2332);
#2332 = CARTESIAN_POINT('',(40.494479830149,53.008067940552,51.4));
#2333 = LINE('',#2334,#2335);
#2334 = CARTESIAN_POINT('',(40.494479830149,53.008067940552,52.01));
#2335 = VECTOR('',#2336,1.);
#2336 = DIRECTION('',(0.,0.,-1.));
#2337 = ORIENTED_EDGE('',*,*,#2338,.T.);
#2338 = EDGE_CURVE('',#2331,#2305,#2339,.T.);
#2339 = B_SPLINE_CURVE_WITH_KNOTS('',2,(#2340,#2341,#2342),
  .UNSPECIFIED.,.F.,.F.,(3,3),(0.,1.),.PIECEWISE_BEZIER_KNOTS.);
#2340 = CARTESIAN_POINT('',(40.494479830149,53.008067940552,51.4));
#2341 = CARTESIAN_POINT('',(40.494479830149,54.330785562633,51.4));
#2342 = CARTESIAN_POINT('',(40.953078556263,54.912314225053,51.4));
#2343 = ORIENTED_EDGE('',*,*,#2304,.F.);
#2344 = SURFACE_OF_LINEAR_EXTRUSION('',#2345,#2349);
#2345 = B_SPLINE_CURVE_WITH_KNOTS('',2,(#2346,#2347,#2348),
  .UNSPECIFIED.,.F.,.F.,(3,3),(0.,1.),.PIECEWISE_BEZIER_KNOTS.);
#2346 = CARTESIAN_POINT('',(40.494479830149,53.008067940552,52.01));
#2347 = CARTESIAN_POINT('',(40.494479830149,54.330785562633,52.01));
#2348 = CARTESIAN_POINT('',(40.953078556263,54.912314225053,52.01));
#2349 = VECTOR('',#2350,1.);
#2350 = DIRECTION('',(-0.,-0.,1.));
#2351 = ADVANCED_FACE('',(#2352),#2370,.T.);
#2352 = FACE_BOUND('',#2353,.T.);
#2353 = EDGE_LOOP('',(#2354,#2355,#2363,#2369));
#2354 = ORIENTED_EDGE('',*,*,#687,.T.);
#2355 = ORIENTED_EDGE('',*,*,#2356,.T.);
#2356 = EDGE_CURVE('',#665,#2357,#2359,.T.);
#2357 = VERTEX_POINT('',#2358);
#2358 = CARTESIAN_POINT('',(40.911677282378,51.133970276008,51.4));
#2359 = LINE('',#2360,#2361);
#2360 = CARTESIAN_POINT('',(40.911677282378,51.133970276008,52.01));
#2361 = VECTOR('',#2362,1.);
#2362 = DIRECTION('',(0.,0.,-1.));
#2363 = ORIENTED_EDGE('',*,*,#2364,.T.);
#2364 = EDGE_CURVE('',#2357,#2331,#2365,.T.);
#2365 = B_SPLINE_CURVE_WITH_KNOTS('',2,(#2366,#2367,#2368),
  .UNSPECIFIED.,.F.,.F.,(3,3),(0.,1.),.PIECEWISE_BEZIER_KNOTS.);
#2366 = CARTESIAN_POINT('',(40.911677282378,51.133970276008,51.4));
#2367 = CARTESIAN_POINT('',(40.494479830149,51.65966029724,51.4));
#2368 = CARTESIAN_POINT('',(40.494479830149,53.008067940552,51.4));
#2369 = ORIENTED_EDGE('',*,*,#2330,.F.);
#2370 = SURFACE_OF_LINEAR_EXTRUSION('',#2371,#2375);
#2371 = B_SPLINE_CURVE_WITH_KNOTS('',2,(#2372,#2373,#2374),
  .UNSPECIFIED.,.F.,.F.,(3,3),(0.,1.),.PIECEWISE_BEZIER_KNOTS.);
#2372 = CARTESIAN_POINT('',(40.911677282378,51.133970276008,52.01));
#2373 = CARTESIAN_POINT('',(40.494479830149,51.65966029724,52.01));
#2374 = CARTESIAN_POINT('',(40.494479830149,53.008067940552,52.01));
#2375 = VECTOR('',#2376,1.);
#2376 = DIRECTION('',(-0.,-0.,1.));
#2377 = ADVANCED_FACE('',(#2378),#2396,.T.);
#2378 = FACE_BOUND('',#2379,.T.);
#2379 = EDGE_LOOP('',(#2380,#2381,#2389,#2395));
#2380 = ORIENTED_EDGE('',*,*,#664,.T.);
#2381 = ORIENTED_EDGE('',*,*,#2382,.T.);
#2382 = EDGE_CURVE('',#646,#2383,#2385,.T.);
#2383 = VERTEX_POINT('',#2384);
#2384 = CARTESIAN_POINT('',(42.010403397028,50.608492569002,51.4));
#2385 = LINE('',#2386,#2387);
#2386 = CARTESIAN_POINT('',(42.010403397028,50.608492569002,52.01));
#2387 = VECTOR('',#2388,1.);
#2388 = DIRECTION('',(0.,0.,-1.));
#2389 = ORIENTED_EDGE('',*,*,#2390,.T.);
#2390 = EDGE_CURVE('',#2383,#2357,#2391,.T.);
#2391 = B_SPLINE_CURVE_WITH_KNOTS('',2,(#2392,#2393,#2394),
  .UNSPECIFIED.,.F.,.F.,(3,3),(0.,1.),.PIECEWISE_BEZIER_KNOTS.);
#2392 = CARTESIAN_POINT('',(42.010403397028,50.608492569002,51.4));
#2393 = CARTESIAN_POINT('',(41.328874734607,50.608492569002,51.4));
#2394 = CARTESIAN_POINT('',(40.911677282378,51.133970276008,51.4));
#2395 = ORIENTED_EDGE('',*,*,#2356,.F.);
#2396 = SURFACE_OF_LINEAR_EXTRUSION('',#2397,#2401);
#2397 = B_SPLINE_CURVE_WITH_KNOTS('',2,(#2398,#2399,#2400),
  .UNSPECIFIED.,.F.,.F.,(3,3),(0.,1.),.PIECEWISE_BEZIER_KNOTS.);
#2398 = CARTESIAN_POINT('',(42.010403397028,50.608492569002,52.01));
#2399 = CARTESIAN_POINT('',(41.328874734607,50.608492569002,52.01));
#2400 = CARTESIAN_POINT('',(40.911677282378,51.133970276008,52.01));
#2401 = VECTOR('',#2402,1.);
#2402 = DIRECTION('',(-0.,-0.,1.));
#2403 = ADVANCED_FACE('',(#2404),#2422,.T.);
#2404 = FACE_BOUND('',#2405,.T.);
#2405 = EDGE_LOOP('',(#2406,#2407,#2415,#2421));
#2406 = ORIENTED_EDGE('',*,*,#645,.T.);
#2407 = ORIENTED_EDGE('',*,*,#2408,.T.);
#2408 = EDGE_CURVE('',#624,#2409,#2411,.T.);
#2409 = VERTEX_POINT('',#2410);
#2410 = CARTESIAN_POINT('',(43.067728237792,51.087685774947,51.4));
#2411 = LINE('',#2412,#2413);
#2412 = CARTESIAN_POINT('',(43.067728237792,51.087685774947,52.01));
#2413 = VECTOR('',#2414,1.);
#2414 = DIRECTION('',(0.,0.,-1.));
#2415 = ORIENTED_EDGE('',*,*,#2416,.T.);
#2416 = EDGE_CURVE('',#2409,#2383,#2417,.T.);
#2417 = B_SPLINE_CURVE_WITH_KNOTS('',2,(#2418,#2419,#2420),
  .UNSPECIFIED.,.F.,.F.,(3,3),(0.,1.),.PIECEWISE_BEZIER_KNOTS.);
#2418 = CARTESIAN_POINT('',(43.067728237792,51.087685774947,51.4));
#2419 = CARTESIAN_POINT('',(42.688747346072,50.608492569002,51.4));
#2420 = CARTESIAN_POINT('',(42.010403397028,50.608492569002,51.4));
#2421 = ORIENTED_EDGE('',*,*,#2382,.F.);
#2422 = SURFACE_OF_LINEAR_EXTRUSION('',#2423,#2427);
#2423 = B_SPLINE_CURVE_WITH_KNOTS('',2,(#2424,#2425,#2426),
  .UNSPECIFIED.,.F.,.F.,(3,3),(0.,1.),.PIECEWISE_BEZIER_KNOTS.);
#2424 = CARTESIAN_POINT('',(43.067728237792,51.087685774947,52.01));
#2425 = CARTESIAN_POINT('',(42.688747346072,50.608492569002,52.01));
#2426 = CARTESIAN_POINT('',(42.010403397028,50.608492569002,52.01));
#2427 = VECTOR('',#2428,1.);
#2428 = DIRECTION('',(-0.,-0.,1.));
#2429 = ADVANCED_FACE('',(#2430),#2448,.T.);
#2430 = FACE_BOUND('',#2431,.T.);
#2431 = EDGE_LOOP('',(#2432,#2433,#2441,#2447));
#2432 = ORIENTED_EDGE('',*,*,#623,.T.);
#2433 = ORIENTED_EDGE('',*,*,#2434,.T.);
#2434 = EDGE_CURVE('',#602,#2435,#2437,.T.);
#2435 = VERTEX_POINT('',#2436);
#2436 = CARTESIAN_POINT('',(43.526326963907,52.9983014862,51.4));
#2437 = LINE('',#2438,#2439);
#2438 = CARTESIAN_POINT('',(43.526326963907,52.9983014862,52.01));
#2439 = VECTOR('',#2440,1.);
#2440 = DIRECTION('',(0.,0.,-1.));
#2441 = ORIENTED_EDGE('',*,*,#2442,.T.);
#2442 = EDGE_CURVE('',#2435,#2409,#2443,.T.);
#2443 = B_SPLINE_CURVE_WITH_KNOTS('',2,(#2444,#2445,#2446),
  .UNSPECIFIED.,.F.,.F.,(3,3),(0.,1.),.PIECEWISE_BEZIER_KNOTS.);
#2444 = CARTESIAN_POINT('',(43.526326963907,52.9983014862,51.4));
#2445 = CARTESIAN_POINT('',(43.526326963907,51.669214437367,51.4));
#2446 = CARTESIAN_POINT('',(43.067728237792,51.087685774947,51.4));
#2447 = ORIENTED_EDGE('',*,*,#2408,.F.);
#2448 = SURFACE_OF_LINEAR_EXTRUSION('',#2449,#2453);
#2449 = B_SPLINE_CURVE_WITH_KNOTS('',2,(#2450,#2451,#2452),
  .UNSPECIFIED.,.F.,.F.,(3,3),(0.,1.),.PIECEWISE_BEZIER_KNOTS.);
#2450 = CARTESIAN_POINT('',(43.526326963907,52.9983014862,52.01));
#2451 = CARTESIAN_POINT('',(43.526326963907,51.669214437367,52.01));
#2452 = CARTESIAN_POINT('',(43.067728237792,51.087685774947,52.01));
#2453 = VECTOR('',#2454,1.);
#2454 = DIRECTION('',(-0.,-0.,1.));
#2455 = ADVANCED_FACE('',(#2456),#2467,.T.);
#2456 = FACE_BOUND('',#2457,.T.);
#2457 = EDGE_LOOP('',(#2458,#2459,#2460,#2466));
#2458 = ORIENTED_EDGE('',*,*,#601,.T.);
#2459 = ORIENTED_EDGE('',*,*,#2287,.T.);
#2460 = ORIENTED_EDGE('',*,*,#2461,.T.);
#2461 = EDGE_CURVE('',#2280,#2435,#2462,.T.);
#2462 = B_SPLINE_CURVE_WITH_KNOTS('',2,(#2463,#2464,#2465),
  .UNSPECIFIED.,.F.,.F.,(3,3),(0.,1.),.PIECEWISE_BEZIER_KNOTS.);
#2463 = CARTESIAN_POINT('',(43.070912951168,54.905944798301,51.4));
#2464 = CARTESIAN_POINT('',(43.526326963907,54.330785562633,51.4));
#2465 = CARTESIAN_POINT('',(43.526326963907,52.9983014862,51.4));
#2466 = ORIENTED_EDGE('',*,*,#2434,.F.);
#2467 = SURFACE_OF_LINEAR_EXTRUSION('',#2468,#2472);
#2468 = B_SPLINE_CURVE_WITH_KNOTS('',2,(#2469,#2470,#2471),
  .UNSPECIFIED.,.F.,.F.,(3,3),(0.,1.),.PIECEWISE_BEZIER_KNOTS.);
#2469 = CARTESIAN_POINT('',(43.070912951168,54.905944798301,52.01));
#2470 = CARTESIAN_POINT('',(43.526326963907,54.330785562633,52.01));
#2471 = CARTESIAN_POINT('',(43.526326963907,52.9983014862,52.01));
#2472 = VECTOR('',#2473,1.);
#2473 = DIRECTION('',(-0.,-0.,1.));
#2474 = ADVANCED_FACE('',(#2475),#2500,.T.);
#2475 = FACE_BOUND('',#2476,.T.);
#2476 = EDGE_LOOP('',(#2477,#2478,#2486,#2494));
#2477 = ORIENTED_EDGE('',*,*,#750,.T.);
#2478 = ORIENTED_EDGE('',*,*,#2479,.T.);
#2479 = EDGE_CURVE('',#753,#2480,#2482,.T.);
#2480 = VERTEX_POINT('',#2481);
#2481 = CARTESIAN_POINT('',(45.638428874735,55.391507430998,51.4));
#2482 = LINE('',#2483,#2484);
#2483 = CARTESIAN_POINT('',(45.638428874735,55.391507430998,52.01));
#2484 = VECTOR('',#2485,1.);
#2485 = DIRECTION('',(0.,0.,-1.));
#2486 = ORIENTED_EDGE('',*,*,#2487,.T.);
#2487 = EDGE_CURVE('',#2480,#2488,#2490,.T.);
#2488 = VERTEX_POINT('',#2489);
#2489 = CARTESIAN_POINT('',(46.698938428875,54.905944798301,51.4));
#2490 = B_SPLINE_CURVE_WITH_KNOTS('',2,(#2491,#2492,#2493),
  .UNSPECIFIED.,.F.,.F.,(3,3),(0.,1.),.PIECEWISE_BEZIER_KNOTS.);
#2491 = CARTESIAN_POINT('',(45.638428874735,55.391507430998,51.4));
#2492 = CARTESIAN_POINT('',(46.316772823779,55.391507430998,51.4));
#2493 = CARTESIAN_POINT('',(46.698938428875,54.905944798301,51.4));
#2494 = ORIENTED_EDGE('',*,*,#2495,.F.);
#2495 = EDGE_CURVE('',#751,#2488,#2496,.T.);
#2496 = LINE('',#2497,#2498);
#2497 = CARTESIAN_POINT('',(46.698938428875,54.905944798301,52.01));
#2498 = VECTOR('',#2499,1.);
#2499 = DIRECTION('',(0.,0.,-1.));
#2500 = SURFACE_OF_LINEAR_EXTRUSION('',#2501,#2505);
#2501 = B_SPLINE_CURVE_WITH_KNOTS('',2,(#2502,#2503,#2504),
  .UNSPECIFIED.,.F.,.F.,(3,3),(0.,1.),.PIECEWISE_BEZIER_KNOTS.);
#2502 = CARTESIAN_POINT('',(45.638428874735,55.391507430998,52.01));
#2503 = CARTESIAN_POINT('',(46.316772823779,55.391507430998,52.01));
#2504 = CARTESIAN_POINT('',(46.698938428875,54.905944798301,52.01));
#2505 = VECTOR('',#2506,1.);
#2506 = DIRECTION('',(-0.,-0.,1.));
#2507 = ADVANCED_FACE('',(#2508),#2526,.T.);
#2508 = FACE_BOUND('',#2509,.T.);
#2509 = EDGE_LOOP('',(#2510,#2511,#2519,#2525));
#2510 = ORIENTED_EDGE('',*,*,#901,.T.);
#2511 = ORIENTED_EDGE('',*,*,#2512,.T.);
#2512 = EDGE_CURVE('',#880,#2513,#2515,.T.);
#2513 = VERTEX_POINT('',#2514);
#2514 = CARTESIAN_POINT('',(44.58110403397,54.912314225053,51.4));
#2515 = LINE('',#2516,#2517);
#2516 = CARTESIAN_POINT('',(44.58110403397,54.912314225053,52.01));
#2517 = VECTOR('',#2518,1.);
#2518 = DIRECTION('',(0.,0.,-1.));
#2519 = ORIENTED_EDGE('',*,*,#2520,.T.);
#2520 = EDGE_CURVE('',#2513,#2480,#2521,.T.);
#2521 = B_SPLINE_CURVE_WITH_KNOTS('',2,(#2522,#2523,#2524),
  .UNSPECIFIED.,.F.,.F.,(3,3),(0.,1.),.PIECEWISE_BEZIER_KNOTS.);
#2522 = CARTESIAN_POINT('',(44.58110403397,54.912314225053,51.4));
#2523 = CARTESIAN_POINT('',(44.96008492569,55.391507430998,51.4));
#2524 = CARTESIAN_POINT('',(45.638428874735,55.391507430998,51.4));
#2525 = ORIENTED_EDGE('',*,*,#2479,.F.);
#2526 = SURFACE_OF_LINEAR_EXTRUSION('',#2527,#2531);
#2527 = B_SPLINE_CURVE_WITH_KNOTS('',2,(#2528,#2529,#2530),
  .UNSPECIFIED.,.F.,.F.,(3,3),(0.,1.),.PIECEWISE_BEZIER_KNOTS.);
#2528 = CARTESIAN_POINT('',(44.58110403397,54.912314225053,52.01));
#2529 = CARTESIAN_POINT('',(44.96008492569,55.391507430998,52.01));
#2530 = CARTESIAN_POINT('',(45.638428874735,55.391507430998,52.01));
#2531 = VECTOR('',#2532,1.);
#2532 = DIRECTION('',(-0.,-0.,1.));
#2533 = ADVANCED_FACE('',(#2534),#2552,.T.);
#2534 = FACE_BOUND('',#2535,.T.);
#2535 = EDGE_LOOP('',(#2536,#2537,#2545,#2551));
#2536 = ORIENTED_EDGE('',*,*,#879,.T.);
#2537 = ORIENTED_EDGE('',*,*,#2538,.T.);
#2538 = EDGE_CURVE('',#858,#2539,#2541,.T.);
#2539 = VERTEX_POINT('',#2540);
#2540 = CARTESIAN_POINT('',(44.122505307856,53.008067940552,51.4));
#2541 = LINE('',#2542,#2543);
#2542 = CARTESIAN_POINT('',(44.122505307856,53.008067940552,52.01));
#2543 = VECTOR('',#2544,1.);
#2544 = DIRECTION('',(0.,0.,-1.));
#2545 = ORIENTED_EDGE('',*,*,#2546,.T.);
#2546 = EDGE_CURVE('',#2539,#2513,#2547,.T.);
#2547 = B_SPLINE_CURVE_WITH_KNOTS('',2,(#2548,#2549,#2550),
  .UNSPECIFIED.,.F.,.F.,(3,3),(0.,1.),.PIECEWISE_BEZIER_KNOTS.);
#2548 = CARTESIAN_POINT('',(44.122505307856,53.008067940552,51.4));
#2549 = CARTESIAN_POINT('',(44.122505307856,54.330785562633,51.4));
#2550 = CARTESIAN_POINT('',(44.58110403397,54.912314225053,51.4));
#2551 = ORIENTED_EDGE('',*,*,#2512,.F.);
#2552 = SURFACE_OF_LINEAR_EXTRUSION('',#2553,#2557);
#2553 = B_SPLINE_CURVE_WITH_KNOTS('',2,(#2554,#2555,#2556),
  .UNSPECIFIED.,.F.,.F.,(3,3),(0.,1.),.PIECEWISE_BEZIER_KNOTS.);
#2554 = CARTESIAN_POINT('',(44.122505307856,53.008067940552,52.01));
#2555 = CARTESIAN_POINT('',(44.122505307856,54.330785562633,52.01));
#2556 = CARTESIAN_POINT('',(44.58110403397,54.912314225053,52.01));
#2557 = VECTOR('',#2558,1.);
#2558 = DIRECTION('',(-0.,-0.,1.));
#2559 = ADVANCED_FACE('',(#2560),#2578,.T.);
#2560 = FACE_BOUND('',#2561,.T.);
#2561 = EDGE_LOOP('',(#2562,#2563,#2571,#2577));
#2562 = ORIENTED_EDGE('',*,*,#857,.T.);
#2563 = ORIENTED_EDGE('',*,*,#2564,.T.);
#2564 = EDGE_CURVE('',#835,#2565,#2567,.T.);
#2565 = VERTEX_POINT('',#2566);
#2566 = CARTESIAN_POINT('',(44.539702760085,51.133970276008,51.4));
#2567 = LINE('',#2568,#2569);
#2568 = CARTESIAN_POINT('',(44.539702760085,51.133970276008,52.01));
#2569 = VECTOR('',#2570,1.);
#2570 = DIRECTION('',(0.,0.,-1.));
#2571 = ORIENTED_EDGE('',*,*,#2572,.T.);
#2572 = EDGE_CURVE('',#2565,#2539,#2573,.T.);
#2573 = B_SPLINE_CURVE_WITH_KNOTS('',2,(#2574,#2575,#2576),
  .UNSPECIFIED.,.F.,.F.,(3,3),(0.,1.),.PIECEWISE_BEZIER_KNOTS.);
#2574 = CARTESIAN_POINT('',(44.539702760085,51.133970276008,51.4));
#2575 = CARTESIAN_POINT('',(44.122505307856,51.65966029724,51.4));
#2576 = CARTESIAN_POINT('',(44.122505307856,53.008067940552,51.4));
#2577 = ORIENTED_EDGE('',*,*,#2538,.F.);
#2578 = SURFACE_OF_LINEAR_EXTRUSION('',#2579,#2583);
#2579 = B_SPLINE_CURVE_WITH_KNOTS('',2,(#2580,#2581,#2582),
  .UNSPECIFIED.,.F.,.F.,(3,3),(0.,1.),.PIECEWISE_BEZIER_KNOTS.);
#2580 = CARTESIAN_POINT('',(44.539702760085,51.133970276008,52.01));
#2581 = CARTESIAN_POINT('',(44.122505307856,51.65966029724,52.01));
#2582 = CARTESIAN_POINT('',(44.122505307856,53.008067940552,52.01));
#2583 = VECTOR('',#2584,1.);
#2584 = DIRECTION('',(-0.,-0.,1.));
#2585 = ADVANCED_FACE('',(#2586),#2604,.T.);
#2586 = FACE_BOUND('',#2587,.T.);
#2587 = EDGE_LOOP('',(#2588,#2589,#2597,#2603));
#2588 = ORIENTED_EDGE('',*,*,#834,.T.);
#2589 = ORIENTED_EDGE('',*,*,#2590,.T.);
#2590 = EDGE_CURVE('',#816,#2591,#2593,.T.);
#2591 = VERTEX_POINT('',#2592);
#2592 = CARTESIAN_POINT('',(45.638428874735,50.608492569002,51.4));
#2593 = LINE('',#2594,#2595);
#2594 = CARTESIAN_POINT('',(45.638428874735,50.608492569002,52.01));
#2595 = VECTOR('',#2596,1.);
#2596 = DIRECTION('',(0.,0.,-1.));
#2597 = ORIENTED_EDGE('',*,*,#2598,.T.);
#2598 = EDGE_CURVE('',#2591,#2565,#2599,.T.);
#2599 = B_SPLINE_CURVE_WITH_KNOTS('',2,(#2600,#2601,#2602),
  .UNSPECIFIED.,.F.,.F.,(3,3),(0.,1.),.PIECEWISE_BEZIER_KNOTS.);
#2600 = CARTESIAN_POINT('',(45.638428874735,50.608492569002,51.4));
#2601 = CARTESIAN_POINT('',(44.956900212314,50.608492569002,51.4));
#2602 = CARTESIAN_POINT('',(44.539702760085,51.133970276008,51.4));
#2603 = ORIENTED_EDGE('',*,*,#2564,.F.);
#2604 = SURFACE_OF_LINEAR_EXTRUSION('',#2605,#2609);
#2605 = B_SPLINE_CURVE_WITH_KNOTS('',2,(#2606,#2607,#2608),
  .UNSPECIFIED.,.F.,.F.,(3,3),(0.,1.),.PIECEWISE_BEZIER_KNOTS.);
#2606 = CARTESIAN_POINT('',(45.638428874735,50.608492569002,52.01));
#2607 = CARTESIAN_POINT('',(44.956900212314,50.608492569002,52.01));
#2608 = CARTESIAN_POINT('',(44.539702760085,51.133970276008,52.01));
#2609 = VECTOR('',#2610,1.);
#2610 = DIRECTION('',(-0.,-0.,1.));
#2611 = ADVANCED_FACE('',(#2612),#2630,.T.);
#2612 = FACE_BOUND('',#2613,.T.);
#2613 = EDGE_LOOP('',(#2614,#2615,#2623,#2629));
#2614 = ORIENTED_EDGE('',*,*,#815,.T.);
#2615 = ORIENTED_EDGE('',*,*,#2616,.T.);
#2616 = EDGE_CURVE('',#794,#2617,#2619,.T.);
#2617 = VERTEX_POINT('',#2618);
#2618 = CARTESIAN_POINT('',(46.695753715499,51.087685774947,51.4));
#2619 = LINE('',#2620,#2621);
#2620 = CARTESIAN_POINT('',(46.695753715499,51.087685774947,52.01));
#2621 = VECTOR('',#2622,1.);
#2622 = DIRECTION('',(0.,0.,-1.));
#2623 = ORIENTED_EDGE('',*,*,#2624,.T.);
#2624 = EDGE_CURVE('',#2617,#2591,#2625,.T.);
#2625 = B_SPLINE_CURVE_WITH_KNOTS('',2,(#2626,#2627,#2628),
  .UNSPECIFIED.,.F.,.F.,(3,3),(0.,1.),.PIECEWISE_BEZIER_KNOTS.);
#2626 = CARTESIAN_POINT('',(46.695753715499,51.087685774947,51.4));
#2627 = CARTESIAN_POINT('',(46.316772823779,50.608492569002,51.4));
#2628 = CARTESIAN_POINT('',(45.638428874735,50.608492569002,51.4));
#2629 = ORIENTED_EDGE('',*,*,#2590,.F.);
#2630 = SURFACE_OF_LINEAR_EXTRUSION('',#2631,#2635);
#2631 = B_SPLINE_CURVE_WITH_KNOTS('',2,(#2632,#2633,#2634),
  .UNSPECIFIED.,.F.,.F.,(3,3),(0.,1.),.PIECEWISE_BEZIER_KNOTS.);
#2632 = CARTESIAN_POINT('',(46.695753715499,51.087685774947,52.01));
#2633 = CARTESIAN_POINT('',(46.316772823779,50.608492569002,52.01));
#2634 = CARTESIAN_POINT('',(45.638428874735,50.608492569002,52.01));
#2635 = VECTOR('',#2636,1.);
#2636 = DIRECTION('',(-0.,-0.,1.));
#2637 = ADVANCED_FACE('',(#2638),#2656,.T.);
#2638 = FACE_BOUND('',#2639,.T.);
#2639 = EDGE_LOOP('',(#2640,#2641,#2649,#2655));
#2640 = ORIENTED_EDGE('',*,*,#793,.T.);
#2641 = ORIENTED_EDGE('',*,*,#2642,.T.);
#2642 = EDGE_CURVE('',#772,#2643,#2645,.T.);
#2643 = VERTEX_POINT('',#2644);
#2644 = CARTESIAN_POINT('',(47.154352441614,52.9983014862,51.4));
#2645 = LINE('',#2646,#2647);
#2646 = CARTESIAN_POINT('',(47.154352441614,52.9983014862,52.01));
#2647 = VECTOR('',#2648,1.);
#2648 = DIRECTION('',(0.,0.,-1.));
#2649 = ORIENTED_EDGE('',*,*,#2650,.T.);
#2650 = EDGE_CURVE('',#2643,#2617,#2651,.T.);
#2651 = B_SPLINE_CURVE_WITH_KNOTS('',2,(#2652,#2653,#2654),
  .UNSPECIFIED.,.F.,.F.,(3,3),(0.,1.),.PIECEWISE_BEZIER_KNOTS.);
#2652 = CARTESIAN_POINT('',(47.154352441614,52.9983014862,51.4));
#2653 = CARTESIAN_POINT('',(47.154352441614,51.669214437367,51.4));
#2654 = CARTESIAN_POINT('',(46.695753715499,51.087685774947,51.4));
#2655 = ORIENTED_EDGE('',*,*,#2616,.F.);
#2656 = SURFACE_OF_LINEAR_EXTRUSION('',#2657,#2661);
#2657 = B_SPLINE_CURVE_WITH_KNOTS('',2,(#2658,#2659,#2660),
  .UNSPECIFIED.,.F.,.F.,(3,3),(0.,1.),.PIECEWISE_BEZIER_KNOTS.);
#2658 = CARTESIAN_POINT('',(47.154352441614,52.9983014862,52.01));
#2659 = CARTESIAN_POINT('',(47.154352441614,51.669214437367,52.01));
#2660 = CARTESIAN_POINT('',(46.695753715499,51.087685774947,52.01));
#2661 = VECTOR('',#2662,1.);
#2662 = DIRECTION('',(-0.,-0.,1.));
#2663 = ADVANCED_FACE('',(#2664),#2675,.T.);
#2664 = FACE_BOUND('',#2665,.T.);
#2665 = EDGE_LOOP('',(#2666,#2667,#2668,#2674));
#2666 = ORIENTED_EDGE('',*,*,#771,.T.);
#2667 = ORIENTED_EDGE('',*,*,#2495,.T.);
#2668 = ORIENTED_EDGE('',*,*,#2669,.T.);
#2669 = EDGE_CURVE('',#2488,#2643,#2670,.T.);
#2670 = B_SPLINE_CURVE_WITH_KNOTS('',2,(#2671,#2672,#2673),
  .UNSPECIFIED.,.F.,.F.,(3,3),(0.,1.),.PIECEWISE_BEZIER_KNOTS.);
#2671 = CARTESIAN_POINT('',(46.698938428875,54.905944798301,51.4));
#2672 = CARTESIAN_POINT('',(47.154352441614,54.330785562633,51.4));
#2673 = CARTESIAN_POINT('',(47.154352441614,52.9983014862,51.4));
#2674 = ORIENTED_EDGE('',*,*,#2642,.F.);
#2675 = SURFACE_OF_LINEAR_EXTRUSION('',#2676,#2680);
#2676 = B_SPLINE_CURVE_WITH_KNOTS('',2,(#2677,#2678,#2679),
  .UNSPECIFIED.,.F.,.F.,(3,3),(0.,1.),.PIECEWISE_BEZIER_KNOTS.);
#2677 = CARTESIAN_POINT('',(46.698938428875,54.905944798301,52.01));
#2678 = CARTESIAN_POINT('',(47.154352441614,54.330785562633,52.01));
#2679 = CARTESIAN_POINT('',(47.154352441614,52.9983014862,52.01));
#2680 = VECTOR('',#2681,1.);
#2681 = DIRECTION('',(-0.,-0.,1.));
#2682 = ADVANCED_FACE('',(#2683),#2708,.T.);
#2683 = FACE_BOUND('',#2684,.T.);
#2684 = EDGE_LOOP('',(#2685,#2686,#2694,#2702));
#2685 = ORIENTED_EDGE('',*,*,#920,.F.);
#2686 = ORIENTED_EDGE('',*,*,#2687,.T.);
#2687 = EDGE_CURVE('',#921,#2688,#2690,.T.);
#2688 = VERTEX_POINT('',#2689);
#2689 = CARTESIAN_POINT('',(51.955838641189,50.690021231423,51.4));
#2690 = LINE('',#2691,#2692);
#2691 = CARTESIAN_POINT('',(51.955838641189,50.690021231423,52.01));
#2692 = VECTOR('',#2693,1.);
#2693 = DIRECTION('',(0.,0.,-1.));
#2694 = ORIENTED_EDGE('',*,*,#2695,.T.);
#2695 = EDGE_CURVE('',#2688,#2696,#2698,.T.);
#2696 = VERTEX_POINT('',#2697);
#2697 = CARTESIAN_POINT('',(50.949469214437,50.690021231423,51.4));
#2698 = LINE('',#2699,#2700);
#2699 = CARTESIAN_POINT('',(51.955838641189,50.690021231423,51.4));
#2700 = VECTOR('',#2701,1.);
#2701 = DIRECTION('',(-1.,0.,0.));
#2702 = ORIENTED_EDGE('',*,*,#2703,.F.);
#2703 = EDGE_CURVE('',#923,#2696,#2704,.T.);
#2704 = LINE('',#2705,#2706);
#2705 = CARTESIAN_POINT('',(50.949469214437,50.690021231423,52.01));
#2706 = VECTOR('',#2707,1.);
#2707 = DIRECTION('',(0.,0.,-1.));
#2708 = PLANE('',#2709);
#2709 = AXIS2_PLACEMENT_3D('',#2710,#2711,#2712);
#2710 = CARTESIAN_POINT('',(51.955838641189,50.690021231423,52.01));
#2711 = DIRECTION('',(0.,1.,0.));
#2712 = DIRECTION('',(-1.,0.,0.));
#2713 = ADVANCED_FACE('',(#2714),#2732,.T.);
#2714 = FACE_BOUND('',#2715,.T.);
#2715 = EDGE_LOOP('',(#2716,#2717,#2725,#2731));
#2716 = ORIENTED_EDGE('',*,*,#970,.F.);
#2717 = ORIENTED_EDGE('',*,*,#2718,.T.);
#2718 = EDGE_CURVE('',#963,#2719,#2721,.T.);
#2719 = VERTEX_POINT('',#2720);
#2720 = CARTESIAN_POINT('',(53.627813163482,55.364331210191,51.4));
#2721 = LINE('',#2722,#2723);
#2722 = CARTESIAN_POINT('',(53.627813163482,55.364331210191,52.01));
#2723 = VECTOR('',#2724,1.);
#2724 = DIRECTION('',(0.,0.,-1.));
#2725 = ORIENTED_EDGE('',*,*,#2726,.T.);
#2726 = EDGE_CURVE('',#2719,#2688,#2727,.T.);
#2727 = LINE('',#2728,#2729);
#2728 = CARTESIAN_POINT('',(53.627813163482,55.364331210191,51.4));
#2729 = VECTOR('',#2730,1.);
#2730 = DIRECTION('',(-0.336796933778,-0.941577307181,0.));
#2731 = ORIENTED_EDGE('',*,*,#2687,.F.);
#2732 = PLANE('',#2733);
#2733 = AXIS2_PLACEMENT_3D('',#2734,#2735,#2736);
#2734 = CARTESIAN_POINT('',(53.627813163482,55.364331210191,52.01));
#2735 = DIRECTION('',(-0.941577307181,0.336796933778,0.));
#2736 = DIRECTION('',(-0.336796933778,-0.941577307181,0.));
#2737 = ADVANCED_FACE('',(#2738),#2756,.T.);
#2738 = FACE_BOUND('',#2739,.T.);
#2739 = EDGE_LOOP('',(#2740,#2741,#2749,#2755));
#2740 = ORIENTED_EDGE('',*,*,#962,.F.);
#2741 = ORIENTED_EDGE('',*,*,#2742,.T.);
#2742 = EDGE_CURVE('',#955,#2743,#2745,.T.);
#2743 = VERTEX_POINT('',#2744);
#2744 = CARTESIAN_POINT('',(52.627813163482,55.364331210191,51.4));
#2745 = LINE('',#2746,#2747);
#2746 = CARTESIAN_POINT('',(52.627813163482,55.364331210191,52.01));
#2747 = VECTOR('',#2748,1.);
#2748 = DIRECTION('',(0.,0.,-1.));
#2749 = ORIENTED_EDGE('',*,*,#2750,.T.);
#2750 = EDGE_CURVE('',#2743,#2719,#2751,.T.);
#2751 = LINE('',#2752,#2753);
#2752 = CARTESIAN_POINT('',(52.627813163482,55.364331210191,51.4));
#2753 = VECTOR('',#2754,1.);
#2754 = DIRECTION('',(1.,0.,0.));
#2755 = ORIENTED_EDGE('',*,*,#2718,.F.);
#2756 = PLANE('',#2757);
#2757 = AXIS2_PLACEMENT_3D('',#2758,#2759,#2760);
#2758 = CARTESIAN_POINT('',(52.627813163482,55.364331210191,52.01));
#2759 = DIRECTION('',(0.,-1.,0.));
#2760 = DIRECTION('',(1.,0.,0.));
#2761 = ADVANCED_FACE('',(#2762),#2780,.T.);
#2762 = FACE_BOUND('',#2763,.T.);
#2763 = EDGE_LOOP('',(#2764,#2765,#2773,#2779));
#2764 = ORIENTED_EDGE('',*,*,#954,.F.);
#2765 = ORIENTED_EDGE('',*,*,#2766,.T.);
#2766 = EDGE_CURVE('',#947,#2767,#2769,.T.);
#2767 = VERTEX_POINT('',#2768);
#2768 = CARTESIAN_POINT('',(51.484501061571,51.899363057325,51.4));
#2769 = LINE('',#2770,#2771);
#2770 = CARTESIAN_POINT('',(51.484501061571,51.899363057325,52.01));
#2771 = VECTOR('',#2772,1.);
#2772 = DIRECTION('',(0.,0.,-1.));
#2773 = ORIENTED_EDGE('',*,*,#2774,.T.);
#2774 = EDGE_CURVE('',#2767,#2743,#2775,.T.);
#2775 = LINE('',#2776,#2777);
#2776 = CARTESIAN_POINT('',(51.484501061571,51.899363057325,51.4));
#2777 = VECTOR('',#2778,1.);
#2778 = DIRECTION('',(0.313345969497,0.949639038477,0.));
#2779 = ORIENTED_EDGE('',*,*,#2742,.F.);
#2780 = PLANE('',#2781);
#2781 = AXIS2_PLACEMENT_3D('',#2782,#2783,#2784);
#2782 = CARTESIAN_POINT('',(51.484501061571,51.899363057325,52.01));
#2783 = DIRECTION('',(0.949639038477,-0.313345969497,0.));
#2784 = DIRECTION('',(0.313345969497,0.949639038477,0.));
#2785 = ADVANCED_FACE('',(#2786),#2804,.T.);
#2786 = FACE_BOUND('',#2787,.T.);
#2787 = EDGE_LOOP('',(#2788,#2789,#2797,#2803));
#2788 = ORIENTED_EDGE('',*,*,#946,.F.);
#2789 = ORIENTED_EDGE('',*,*,#2790,.T.);
#2790 = EDGE_CURVE('',#939,#2791,#2793,.T.);
#2791 = VERTEX_POINT('',#2792);
#2792 = CARTESIAN_POINT('',(50.302972399151,55.364331210191,51.4));
#2793 = LINE('',#2794,#2795);
#2794 = CARTESIAN_POINT('',(50.302972399151,55.364331210191,52.01));
#2795 = VECTOR('',#2796,1.);
#2796 = DIRECTION('',(0.,0.,-1.));
#2797 = ORIENTED_EDGE('',*,*,#2798,.T.);
#2798 = EDGE_CURVE('',#2791,#2767,#2799,.T.);
#2799 = LINE('',#2800,#2801);
#2800 = CARTESIAN_POINT('',(50.302972399151,55.364331210191,51.4));
#2801 = VECTOR('',#2802,1.);
#2802 = DIRECTION('',(0.322744777432,-0.946486031931,0.));
#2803 = ORIENTED_EDGE('',*,*,#2766,.F.);
#2804 = PLANE('',#2805);
#2805 = AXIS2_PLACEMENT_3D('',#2806,#2807,#2808);
#2806 = CARTESIAN_POINT('',(50.302972399151,55.364331210191,52.01));
#2807 = DIRECTION('',(-0.946486031931,-0.322744777432,-0.));
#2808 = DIRECTION('',(0.322744777432,-0.946486031931,0.));
#2809 = ADVANCED_FACE('',(#2810),#2828,.T.);
#2810 = FACE_BOUND('',#2811,.T.);
#2811 = EDGE_LOOP('',(#2812,#2813,#2821,#2827));
#2812 = ORIENTED_EDGE('',*,*,#938,.F.);
#2813 = ORIENTED_EDGE('',*,*,#2814,.T.);
#2814 = EDGE_CURVE('',#931,#2815,#2817,.T.);
#2815 = VERTEX_POINT('',#2816);
#2816 = CARTESIAN_POINT('',(49.28067940552,55.364331210191,51.4));
#2817 = LINE('',#2818,#2819);
#2818 = CARTESIAN_POINT('',(49.28067940552,55.364331210191,52.01));
#2819 = VECTOR('',#2820,1.);
#2820 = DIRECTION('',(0.,0.,-1.));
#2821 = ORIENTED_EDGE('',*,*,#2822,.T.);
#2822 = EDGE_CURVE('',#2815,#2791,#2823,.T.);
#2823 = LINE('',#2824,#2825);
#2824 = CARTESIAN_POINT('',(49.28067940552,55.364331210191,51.4));
#2825 = VECTOR('',#2826,1.);
#2826 = DIRECTION('',(1.,0.,0.));
#2827 = ORIENTED_EDGE('',*,*,#2790,.F.);
#2828 = PLANE('',#2829);
#2829 = AXIS2_PLACEMENT_3D('',#2830,#2831,#2832);
#2830 = CARTESIAN_POINT('',(49.28067940552,55.364331210191,52.01));
#2831 = DIRECTION('',(0.,-1.,0.));
#2832 = DIRECTION('',(1.,0.,0.));
#2833 = ADVANCED_FACE('',(#2834),#2845,.T.);
#2834 = FACE_BOUND('',#2835,.T.);
#2835 = EDGE_LOOP('',(#2836,#2837,#2838,#2844));
#2836 = ORIENTED_EDGE('',*,*,#930,.F.);
#2837 = ORIENTED_EDGE('',*,*,#2703,.T.);
#2838 = ORIENTED_EDGE('',*,*,#2839,.T.);
#2839 = EDGE_CURVE('',#2696,#2815,#2840,.T.);
#2840 = LINE('',#2841,#2842);
#2841 = CARTESIAN_POINT('',(50.949469214437,50.690021231423,51.4));
#2842 = VECTOR('',#2843,1.);
#2843 = DIRECTION('',(-0.336228000311,0.941780617664,0.));
#2844 = ORIENTED_EDGE('',*,*,#2814,.F.);
#2845 = PLANE('',#2846);
#2846 = AXIS2_PLACEMENT_3D('',#2847,#2848,#2849);
#2847 = CARTESIAN_POINT('',(50.949469214437,50.690021231423,52.01));
#2848 = DIRECTION('',(0.941780617664,0.336228000311,0.));
#2849 = DIRECTION('',(-0.336228000311,0.941780617664,0.));
#2850 = ADVANCED_FACE('',(#2851),#2876,.T.);
#2851 = FACE_BOUND('',#2852,.T.);
#2852 = EDGE_LOOP('',(#2853,#2861,#2869,#2875));
#2853 = ORIENTED_EDGE('',*,*,#2854,.F.);
#2854 = EDGE_CURVE('',#2855,#979,#2857,.T.);
#2855 = VERTEX_POINT('',#2856);
#2856 = CARTESIAN_POINT('',(75.65,17.15,49.6));
#2857 = LINE('',#2858,#2859);
#2858 = CARTESIAN_POINT('',(75.65,17.15,48.6));
#2859 = VECTOR('',#2860,1.);
#2860 = DIRECTION('',(0.,0.,1.));
#2861 = ORIENTED_EDGE('',*,*,#2862,.T.);
#2862 = EDGE_CURVE('',#2855,#2863,#2865,.T.);
#2863 = VERTEX_POINT('',#2864);
#2864 = CARTESIAN_POINT('',(31.15,17.15,49.6));
#2865 = LINE('',#2866,#2867);
#2866 = CARTESIAN_POINT('',(16.775,17.15,49.6));
#2867 = VECTOR('',#2868,1.);
#2868 = DIRECTION('',(-1.,-0.,0.));
#2869 = ORIENTED_EDGE('',*,*,#2870,.T.);
#2870 = EDGE_CURVE('',#2863,#981,#2871,.T.);
#2871 = LINE('',#2872,#2873);
#2872 = CARTESIAN_POINT('',(31.15,17.15,48.6));
#2873 = VECTOR('',#2874,1.);
#2874 = DIRECTION('',(0.,0.,1.));
#2875 = ORIENTED_EDGE('',*,*,#978,.F.);
#2876 = PLANE('',#2877);
#2877 = AXIS2_PLACEMENT_3D('',#2878,#2879,#2880);
#2878 = CARTESIAN_POINT('',(31.15,17.15,48.6));
#2879 = DIRECTION('',(-0.,1.,0.));
#2880 = DIRECTION('',(0.,0.,1.));
#2881 = ADVANCED_FACE('',(#2882),#2900,.F.);
#2882 = FACE_BOUND('',#2883,.F.);
#2883 = EDGE_LOOP('',(#2884,#2885,#2893,#2899));
#2884 = ORIENTED_EDGE('',*,*,#2854,.F.);
#2885 = ORIENTED_EDGE('',*,*,#2886,.T.);
#2886 = EDGE_CURVE('',#2855,#2887,#2889,.T.);
#2887 = VERTEX_POINT('',#2888);
#2888 = CARTESIAN_POINT('',(75.65,36.85,49.6));
#2889 = LINE('',#2890,#2891);
#2890 = CARTESIAN_POINT('',(75.65,9.775,49.6));
#2891 = VECTOR('',#2892,1.);
#2892 = DIRECTION('',(-0.,1.,0.));
#2893 = ORIENTED_EDGE('',*,*,#2894,.T.);
#2894 = EDGE_CURVE('',#2887,#997,#2895,.T.);
#2895 = LINE('',#2896,#2897);
#2896 = CARTESIAN_POINT('',(75.65,36.85,48.6));
#2897 = VECTOR('',#2898,1.);
#2898 = DIRECTION('',(0.,0.,1.));
#2899 = ORIENTED_EDGE('',*,*,#1004,.F.);
#2900 = PLANE('',#2901);
#2901 = AXIS2_PLACEMENT_3D('',#2902,#2903,#2904);
#2902 = CARTESIAN_POINT('',(75.65,17.15,48.6));
#2903 = DIRECTION('',(1.,0.,-0.));
#2904 = DIRECTION('',(0.,0.,1.));
#2905 = ADVANCED_FACE('',(#2906),#2924,.T.);
#2906 = FACE_BOUND('',#2907,.T.);
#2907 = EDGE_LOOP('',(#2908,#2909,#2917,#2923));
#2908 = ORIENTED_EDGE('',*,*,#2870,.F.);
#2909 = ORIENTED_EDGE('',*,*,#2910,.T.);
#2910 = EDGE_CURVE('',#2863,#2911,#2913,.T.);
#2911 = VERTEX_POINT('',#2912);
#2912 = CARTESIAN_POINT('',(31.15,36.85,49.6));
#2913 = LINE('',#2914,#2915);
#2914 = CARTESIAN_POINT('',(31.15,9.775,49.6));
#2915 = VECTOR('',#2916,1.);
#2916 = DIRECTION('',(-0.,1.,0.));
#2917 = ORIENTED_EDGE('',*,*,#2918,.T.);
#2918 = EDGE_CURVE('',#2911,#989,#2919,.T.);
#2919 = LINE('',#2920,#2921);
#2920 = CARTESIAN_POINT('',(31.15,36.85,48.6));
#2921 = VECTOR('',#2922,1.);
#2922 = DIRECTION('',(0.,0.,1.));
#2923 = ORIENTED_EDGE('',*,*,#988,.F.);
#2924 = PLANE('',#2925);
#2925 = AXIS2_PLACEMENT_3D('',#2926,#2927,#2928);
#2926 = CARTESIAN_POINT('',(31.15,17.15,48.6));
#2927 = DIRECTION('',(1.,0.,-0.));
#2928 = DIRECTION('',(0.,0.,1.));
#2929 = ADVANCED_FACE('',(#2930),#2941,.F.);
#2930 = FACE_BOUND('',#2931,.F.);
#2931 = EDGE_LOOP('',(#2932,#2933,#2939,#2940));
#2932 = ORIENTED_EDGE('',*,*,#2894,.F.);
#2933 = ORIENTED_EDGE('',*,*,#2934,.T.);
#2934 = EDGE_CURVE('',#2887,#2911,#2935,.T.);
#2935 = LINE('',#2936,#2937);
#2936 = CARTESIAN_POINT('',(16.775,36.85,49.6));
#2937 = VECTOR('',#2938,1.);
#2938 = DIRECTION('',(-1.,-0.,0.));
#2939 = ORIENTED_EDGE('',*,*,#2918,.T.);
#2940 = ORIENTED_EDGE('',*,*,#996,.F.);
#2941 = PLANE('',#2942);
#2942 = AXIS2_PLACEMENT_3D('',#2943,#2944,#2945);
#2943 = CARTESIAN_POINT('',(31.15,36.85,48.6));
#2944 = DIRECTION('',(-0.,1.,0.));
#2945 = DIRECTION('',(0.,0.,1.));
#2946 = ADVANCED_FACE('',(#2947,#2966),#3022,.F.);
#2947 = FACE_BOUND('',#2948,.F.);
#2948 = EDGE_LOOP('',(#2949,#2950,#2958,#2965));
#2949 = ORIENTED_EDGE('',*,*,#1012,.F.);
#2950 = ORIENTED_EDGE('',*,*,#2951,.F.);
#2951 = EDGE_CURVE('',#2952,#1013,#2954,.T.);
#2952 = VERTEX_POINT('',#2953);
#2953 = CARTESIAN_POINT('',(103.5,6.4,49.));
#2954 = LINE('',#2955,#2956);
#2955 = CARTESIAN_POINT('',(103.5,6.4,49.));
#2956 = VECTOR('',#2957,1.);
#2957 = DIRECTION('',(0.,0.,1.));
#2958 = ORIENTED_EDGE('',*,*,#2959,.T.);
#2959 = EDGE_CURVE('',#2952,#2952,#2960,.T.);
#2960 = CIRCLE('',#2961,3.1);
#2961 = AXIS2_PLACEMENT_3D('',#2962,#2963,#2964);
#2962 = CARTESIAN_POINT('',(100.4,6.4,49.));
#2963 = DIRECTION('',(0.,0.,1.));
#2964 = DIRECTION('',(1.,0.,-0.));
#2965 = ORIENTED_EDGE('',*,*,#2951,.T.);
#2966 = FACE_BOUND('',#2967,.F.);
#2967 = EDGE_LOOP('',(#2968,#2979,#2988,#2997,#3006,#3015));
#2968 = ORIENTED_EDGE('',*,*,#2969,.T.);
#2969 = EDGE_CURVE('',#2970,#2972,#2974,.T.);
#2970 = VERTEX_POINT('',#2971);
#2971 = CARTESIAN_POINT('',(102.89411254969,8.24103302237,49.1));
#2972 = VERTEX_POINT('',#2973);
#2973 = CARTESIAN_POINT('',(102.39411254969,8.773502715218,49.6));
#2974 = ELLIPSE('',#2975,4.384062043357,3.1);
#2975 = AXIS2_PLACEMENT_3D('',#2976,#2977,#2978);
#2976 = CARTESIAN_POINT('',(100.4,6.4,51.594112549695));
#2977 = DIRECTION('',(0.707106781187,0.,0.707106781187));
#2978 = DIRECTION('',(-0.707106781187,0.,0.707106781187));
#2979 = ORIENTED_EDGE('',*,*,#2980,.T.);
#2980 = EDGE_CURVE('',#2972,#2981,#2983,.T.);
#2981 = VERTEX_POINT('',#2982);
#2982 = CARTESIAN_POINT('',(98.026497284783,4.405887450305,49.6));
#2983 = CIRCLE('',#2984,3.1);
#2984 = AXIS2_PLACEMENT_3D('',#2985,#2986,#2987);
#2985 = CARTESIAN_POINT('',(100.4,6.4,49.6));
#2986 = DIRECTION('',(0.,0.,1.));
#2987 = DIRECTION('',(1.,0.,-0.));
#2988 = ORIENTED_EDGE('',*,*,#2989,.F.);
#2989 = EDGE_CURVE('',#2990,#2981,#2992,.T.);
#2990 = VERTEX_POINT('',#2991);
#2991 = CARTESIAN_POINT('',(98.55896697763,3.905887450305,49.1));
#2992 = ELLIPSE('',#2993,4.384062043357,3.1);
#2993 = AXIS2_PLACEMENT_3D('',#2994,#2995,#2996);
#2994 = CARTESIAN_POINT('',(100.4,6.4,51.594112549695));
#2995 = DIRECTION('',(2.885073850299E-17,0.707106781187,-0.707106781187)
  );
#2996 = DIRECTION('',(2.885073850299E-17,0.707106781187,0.707106781187)
  );
#2997 = ORIENTED_EDGE('',*,*,#2998,.F.);
#2998 = EDGE_CURVE('',#2999,#2990,#3001,.T.);
#2999 = VERTEX_POINT('',#3000);
#3000 = CARTESIAN_POINT('',(98.215967033216,4.2,49.1));
#3001 = CIRCLE('',#3002,3.1);
#3002 = AXIS2_PLACEMENT_3D('',#3003,#3004,#3005);
#3003 = CARTESIAN_POINT('',(100.4,6.4,49.1));
#3004 = DIRECTION('',(0.,0.,1.));
#3005 = DIRECTION('',(1.,0.,-0.));
#3006 = ORIENTED_EDGE('',*,*,#3007,.F.);
#3007 = EDGE_CURVE('',#3008,#2999,#3010,.T.);
#3008 = VERTEX_POINT('',#3009);
#3009 = CARTESIAN_POINT('',(102.6,8.584032966784,49.1));
#3010 = CIRCLE('',#3011,3.1);
#3011 = AXIS2_PLACEMENT_3D('',#3012,#3013,#3014);
#3012 = CARTESIAN_POINT('',(100.4,6.4,49.1));
#3013 = DIRECTION('',(0.,0.,1.));
#3014 = DIRECTION('',(1.,0.,-0.));
#3015 = ORIENTED_EDGE('',*,*,#3016,.F.);
#3016 = EDGE_CURVE('',#2970,#3008,#3017,.T.);
#3017 = CIRCLE('',#3018,3.1);
#3018 = AXIS2_PLACEMENT_3D('',#3019,#3020,#3021);
#3019 = CARTESIAN_POINT('',(100.4,6.4,49.1));
#3020 = DIRECTION('',(0.,0.,1.));
#3021 = DIRECTION('',(1.,0.,-0.));
#3022 = CYLINDRICAL_SURFACE('',#3023,3.1);
#3023 = AXIS2_PLACEMENT_3D('',#3024,#3025,#3026);
#3024 = CARTESIAN_POINT('',(100.4,6.4,49.));
#3025 = DIRECTION('',(0.,0.,1.));
#3026 = DIRECTION('',(1.,0.,-0.));
#3027 = ADVANCED_FACE('',(#3028),#3047,.F.);
#3028 = FACE_BOUND('',#3029,.F.);
#3029 = EDGE_LOOP('',(#3030,#3031,#3039,#3046));
#3030 = ORIENTED_EDGE('',*,*,#1023,.F.);
#3031 = ORIENTED_EDGE('',*,*,#3032,.F.);
#3032 = EDGE_CURVE('',#3033,#1024,#3035,.T.);
#3033 = VERTEX_POINT('',#3034);
#3034 = CARTESIAN_POINT('',(83.575,27.,49.6));
#3035 = LINE('',#3036,#3037);
#3036 = CARTESIAN_POINT('',(83.575,27.,48.6));
#3037 = VECTOR('',#3038,1.);
#3038 = DIRECTION('',(0.,0.,1.));
#3039 = ORIENTED_EDGE('',*,*,#3040,.T.);
#3040 = EDGE_CURVE('',#3033,#3033,#3041,.T.);
#3041 = CIRCLE('',#3042,1.6);
#3042 = AXIS2_PLACEMENT_3D('',#3043,#3044,#3045);
#3043 = CARTESIAN_POINT('',(81.975,27.,49.6));
#3044 = DIRECTION('',(0.,0.,1.));
#3045 = DIRECTION('',(1.,0.,-0.));
#3046 = ORIENTED_EDGE('',*,*,#3032,.T.);
#3047 = CYLINDRICAL_SURFACE('',#3048,1.6);
#3048 = AXIS2_PLACEMENT_3D('',#3049,#3050,#3051);
#3049 = CARTESIAN_POINT('',(81.975,27.,48.6));
#3050 = DIRECTION('',(0.,0.,1.));
#3051 = DIRECTION('',(1.,0.,-0.));
#3052 = ADVANCED_FACE('',(#3053),#3078,.T.);
#3053 = FACE_BOUND('',#3054,.T.);
#3054 = EDGE_LOOP('',(#3055,#3056,#3064,#3072));
#3055 = ORIENTED_EDGE('',*,*,#1034,.F.);
#3056 = ORIENTED_EDGE('',*,*,#3057,.T.);
#3057 = EDGE_CURVE('',#1035,#3058,#3060,.T.);
#3058 = VERTEX_POINT('',#3059);
#3059 = CARTESIAN_POINT('',(56.776857749469,50.690021231423,51.4));
#3060 = LINE('',#3061,#3062);
#3061 = CARTESIAN_POINT('',(56.776857749469,50.690021231423,52.01));
#3062 = VECTOR('',#3063,1.);
#3063 = DIRECTION('',(0.,0.,-1.));
#3064 = ORIENTED_EDGE('',*,*,#3065,.T.);
#3065 = EDGE_CURVE('',#3058,#3066,#3068,.T.);
#3066 = VERTEX_POINT('',#3067);
#3067 = CARTESIAN_POINT('',(55.901061571125,50.690021231423,51.4));
#3068 = LINE('',#3069,#3070);
#3069 = CARTESIAN_POINT('',(56.776857749469,50.690021231423,51.4));
#3070 = VECTOR('',#3071,1.);
#3071 = DIRECTION('',(-1.,0.,0.));
#3072 = ORIENTED_EDGE('',*,*,#3073,.F.);
#3073 = EDGE_CURVE('',#1037,#3066,#3074,.T.);
#3074 = LINE('',#3075,#3076);
#3075 = CARTESIAN_POINT('',(55.901061571125,50.690021231423,52.01));
#3076 = VECTOR('',#3077,1.);
#3077 = DIRECTION('',(0.,0.,-1.));
#3078 = PLANE('',#3079);
#3079 = AXIS2_PLACEMENT_3D('',#3080,#3081,#3082);
#3080 = CARTESIAN_POINT('',(56.776857749469,50.690021231423,52.01));
#3081 = DIRECTION('',(0.,1.,0.));
#3082 = DIRECTION('',(-1.,0.,0.));
#3083 = ADVANCED_FACE('',(#3084),#3102,.T.);
#3084 = FACE_BOUND('',#3085,.T.);
#3085 = EDGE_LOOP('',(#3086,#3087,#3095,#3101));
#3086 = ORIENTED_EDGE('',*,*,#1132,.F.);
#3087 = ORIENTED_EDGE('',*,*,#3088,.T.);
#3088 = EDGE_CURVE('',#1125,#3089,#3091,.T.);
#3089 = VERTEX_POINT('',#3090);
#3090 = CARTESIAN_POINT('',(56.776857749469,54.369426751592,51.4));
#3091 = LINE('',#3092,#3093);
#3092 = CARTESIAN_POINT('',(56.776857749469,54.369426751592,52.01));
#3093 = VECTOR('',#3094,1.);
#3094 = DIRECTION('',(0.,0.,-1.));
#3095 = ORIENTED_EDGE('',*,*,#3096,.T.);
#3096 = EDGE_CURVE('',#3089,#3058,#3097,.T.);
#3097 = LINE('',#3098,#3099);
#3098 = CARTESIAN_POINT('',(56.776857749469,54.369426751592,51.4));
#3099 = VECTOR('',#3100,1.);
#3100 = DIRECTION('',(0.,-1.,0.));
#3101 = ORIENTED_EDGE('',*,*,#3057,.F.);
#3102 = PLANE('',#3103);
#3103 = AXIS2_PLACEMENT_3D('',#3104,#3105,#3106);
#3104 = CARTESIAN_POINT('',(56.776857749469,54.369426751592,52.01));
#3105 = DIRECTION('',(-1.,-0.,-0.));
#3106 = DIRECTION('',(0.,-1.,0.));
#3107 = ADVANCED_FACE('',(#3108),#3126,.T.);
#3108 = FACE_BOUND('',#3109,.T.);
#3109 = EDGE_LOOP('',(#3110,#3111,#3119,#3125));
#3110 = ORIENTED_EDGE('',*,*,#1124,.F.);
#3111 = ORIENTED_EDGE('',*,*,#3112,.T.);
#3112 = EDGE_CURVE('',#1117,#3113,#3115,.T.);
#3113 = VERTEX_POINT('',#3114);
#3114 = CARTESIAN_POINT('',(57.70042462845,50.690021231423,51.4));
#3115 = LINE('',#3116,#3117);
#3116 = CARTESIAN_POINT('',(57.70042462845,50.690021231423,52.01));
#3117 = VECTOR('',#3118,1.);
#3118 = DIRECTION('',(0.,0.,-1.));
#3119 = ORIENTED_EDGE('',*,*,#3120,.T.);
#3120 = EDGE_CURVE('',#3113,#3089,#3121,.T.);
#3121 = LINE('',#3122,#3123);
#3122 = CARTESIAN_POINT('',(57.70042462845,50.690021231423,51.4));
#3123 = VECTOR('',#3124,1.);
#3124 = DIRECTION('',(-0.243457328287,0.969911609016,0.));
#3125 = ORIENTED_EDGE('',*,*,#3088,.F.);
#3126 = PLANE('',#3127);
#3127 = AXIS2_PLACEMENT_3D('',#3128,#3129,#3130);
#3128 = CARTESIAN_POINT('',(57.70042462845,50.690021231423,52.01));
#3129 = DIRECTION('',(0.969911609016,0.243457328287,0.));
#3130 = DIRECTION('',(-0.243457328287,0.969911609016,0.));
#3131 = ADVANCED_FACE('',(#3132),#3150,.T.);
#3132 = FACE_BOUND('',#3133,.T.);
#3133 = EDGE_LOOP('',(#3134,#3135,#3143,#3149));
#3134 = ORIENTED_EDGE('',*,*,#1116,.F.);
#3135 = ORIENTED_EDGE('',*,*,#3136,.T.);
#3136 = EDGE_CURVE('',#1109,#3137,#3139,.T.);
#3137 = VERTEX_POINT('',#3138);
#3138 = CARTESIAN_POINT('',(58.608067940552,50.690021231423,51.4));
#3139 = LINE('',#3140,#3141);
#3140 = CARTESIAN_POINT('',(58.608067940552,50.690021231423,52.01));
#3141 = VECTOR('',#3142,1.);
#3142 = DIRECTION('',(0.,0.,-1.));
#3143 = ORIENTED_EDGE('',*,*,#3144,.T.);
#3144 = EDGE_CURVE('',#3137,#3113,#3145,.T.);
#3145 = LINE('',#3146,#3147);
#3146 = CARTESIAN_POINT('',(58.608067940552,50.690021231423,51.4));
#3147 = VECTOR('',#3148,1.);
#3148 = DIRECTION('',(-1.,0.,0.));
#3149 = ORIENTED_EDGE('',*,*,#3112,.F.);
#3150 = PLANE('',#3151);
#3151 = AXIS2_PLACEMENT_3D('',#3152,#3153,#3154);
#3152 = CARTESIAN_POINT('',(58.608067940552,50.690021231423,52.01));
#3153 = DIRECTION('',(0.,1.,0.));
#3154 = DIRECTION('',(-1.,0.,0.));
#3155 = ADVANCED_FACE('',(#3156),#3174,.T.);
#3156 = FACE_BOUND('',#3157,.T.);
#3157 = EDGE_LOOP('',(#3158,#3159,#3167,#3173));
#3158 = ORIENTED_EDGE('',*,*,#1108,.F.);
#3159 = ORIENTED_EDGE('',*,*,#3160,.T.);
#3160 = EDGE_CURVE('',#1101,#3161,#3163,.T.);
#3161 = VERTEX_POINT('',#3162);
#3162 = CARTESIAN_POINT('',(59.534819532909,54.369426751592,51.4));
#3163 = LINE('',#3164,#3165);
#3164 = CARTESIAN_POINT('',(59.534819532909,54.369426751592,52.01));
#3165 = VECTOR('',#3166,1.);
#3166 = DIRECTION('',(0.,0.,-1.));
#3167 = ORIENTED_EDGE('',*,*,#3168,.T.);
#3168 = EDGE_CURVE('',#3161,#3137,#3169,.T.);
#3169 = LINE('',#3170,#3171);
#3170 = CARTESIAN_POINT('',(59.534819532909,54.369426751592,51.4));
#3171 = VECTOR('',#3172,1.);
#3172 = DIRECTION('',(-0.244246835126,-0.96971309341,0.));
#3173 = ORIENTED_EDGE('',*,*,#3136,.F.);
#3174 = PLANE('',#3175);
#3175 = AXIS2_PLACEMENT_3D('',#3176,#3177,#3178);
#3176 = CARTESIAN_POINT('',(59.534819532909,54.369426751592,52.01));
#3177 = DIRECTION('',(-0.96971309341,0.244246835126,0.));
#3178 = DIRECTION('',(-0.244246835126,-0.96971309341,0.));
#3179 = ADVANCED_FACE('',(#3180),#3198,.T.);
#3180 = FACE_BOUND('',#3181,.T.);
#3181 = EDGE_LOOP('',(#3182,#3183,#3191,#3197));
#3182 = ORIENTED_EDGE('',*,*,#1100,.F.);
#3183 = ORIENTED_EDGE('',*,*,#3184,.T.);
#3184 = EDGE_CURVE('',#1093,#3185,#3187,.T.);
#3185 = VERTEX_POINT('',#3186);
#3186 = CARTESIAN_POINT('',(59.534819532909,50.690021231423,51.4));
#3187 = LINE('',#3188,#3189);
#3188 = CARTESIAN_POINT('',(59.534819532909,50.690021231423,52.01));
#3189 = VECTOR('',#3190,1.);
#3190 = DIRECTION('',(0.,0.,-1.));
#3191 = ORIENTED_EDGE('',*,*,#3192,.T.);
#3192 = EDGE_CURVE('',#3185,#3161,#3193,.T.);
#3193 = LINE('',#3194,#3195);
#3194 = CARTESIAN_POINT('',(59.534819532909,50.690021231423,51.4));
#3195 = VECTOR('',#3196,1.);
#3196 = DIRECTION('',(0.,1.,0.));
#3197 = ORIENTED_EDGE('',*,*,#3160,.F.);
#3198 = PLANE('',#3199);
#3199 = AXIS2_PLACEMENT_3D('',#3200,#3201,#3202);
#3200 = CARTESIAN_POINT('',(59.534819532909,50.690021231423,52.01));
#3201 = DIRECTION('',(1.,-0.,0.));
#3202 = DIRECTION('',(0.,1.,0.));
#3203 = ADVANCED_FACE('',(#3204),#3222,.T.);
#3204 = FACE_BOUND('',#3205,.T.);
#3205 = EDGE_LOOP('',(#3206,#3207,#3215,#3221));
#3206 = ORIENTED_EDGE('',*,*,#1092,.F.);
#3207 = ORIENTED_EDGE('',*,*,#3208,.T.);
#3208 = EDGE_CURVE('',#1085,#3209,#3211,.T.);
#3209 = VERTEX_POINT('',#3210);
#3210 = CARTESIAN_POINT('',(60.410615711253,50.690021231423,51.4));
#3211 = LINE('',#3212,#3213);
#3212 = CARTESIAN_POINT('',(60.410615711253,50.690021231423,52.01));
#3213 = VECTOR('',#3214,1.);
#3214 = DIRECTION('',(0.,0.,-1.));
#3215 = ORIENTED_EDGE('',*,*,#3216,.T.);
#3216 = EDGE_CURVE('',#3209,#3185,#3217,.T.);
#3217 = LINE('',#3218,#3219);
#3218 = CARTESIAN_POINT('',(60.410615711253,50.690021231423,51.4));
#3219 = VECTOR('',#3220,1.);
#3220 = DIRECTION('',(-1.,0.,0.));
#3221 = ORIENTED_EDGE('',*,*,#3184,.F.);
#3222 = PLANE('',#3223);
#3223 = AXIS2_PLACEMENT_3D('',#3224,#3225,#3226);
#3224 = CARTESIAN_POINT('',(60.410615711253,50.690021231423,52.01));
#3225 = DIRECTION('',(0.,1.,0.));
#3226 = DIRECTION('',(-1.,0.,0.));
#3227 = ADVANCED_FACE('',(#3228),#3246,.T.);
#3228 = FACE_BOUND('',#3229,.T.);
#3229 = EDGE_LOOP('',(#3230,#3231,#3239,#3245));
#3230 = ORIENTED_EDGE('',*,*,#1084,.F.);
#3231 = ORIENTED_EDGE('',*,*,#3232,.T.);
#3232 = EDGE_CURVE('',#1077,#3233,#3235,.T.);
#3233 = VERTEX_POINT('',#3234);
#3234 = CARTESIAN_POINT('',(60.410615711253,55.364331210191,51.4));
#3235 = LINE('',#3236,#3237);
#3236 = CARTESIAN_POINT('',(60.410615711253,55.364331210191,52.01));
#3237 = VECTOR('',#3238,1.);
#3238 = DIRECTION('',(0.,0.,-1.));
#3239 = ORIENTED_EDGE('',*,*,#3240,.T.);
#3240 = EDGE_CURVE('',#3233,#3209,#3241,.T.);
#3241 = LINE('',#3242,#3243);
#3242 = CARTESIAN_POINT('',(60.410615711253,55.364331210191,51.4));
#3243 = VECTOR('',#3244,1.);
#3244 = DIRECTION('',(0.,-1.,0.));
#3245 = ORIENTED_EDGE('',*,*,#3208,.F.);
#3246 = PLANE('',#3247);
#3247 = AXIS2_PLACEMENT_3D('',#3248,#3249,#3250);
#3248 = CARTESIAN_POINT('',(60.410615711253,55.364331210191,52.01));
#3249 = DIRECTION('',(-1.,-0.,-0.));
#3250 = DIRECTION('',(0.,-1.,0.));
#3251 = ADVANCED_FACE('',(#3252),#3270,.T.);
#3252 = FACE_BOUND('',#3253,.T.);
#3253 = EDGE_LOOP('',(#3254,#3255,#3263,#3269));
#3254 = ORIENTED_EDGE('',*,*,#1076,.F.);
#3255 = ORIENTED_EDGE('',*,*,#3256,.T.);
#3256 = EDGE_CURVE('',#1069,#3257,#3259,.T.);
#3257 = VERTEX_POINT('',#3258);
#3258 = CARTESIAN_POINT('',(58.996602972399,55.364331210191,51.4));
#3259 = LINE('',#3260,#3261);
#3260 = CARTESIAN_POINT('',(58.996602972399,55.364331210191,52.01));
#3261 = VECTOR('',#3262,1.);
#3262 = DIRECTION('',(0.,0.,-1.));
#3263 = ORIENTED_EDGE('',*,*,#3264,.T.);
#3264 = EDGE_CURVE('',#3257,#3233,#3265,.T.);
#3265 = LINE('',#3266,#3267);
#3266 = CARTESIAN_POINT('',(58.996602972399,55.364331210191,51.4));
#3267 = VECTOR('',#3268,1.);
#3268 = DIRECTION('',(1.,0.,0.));
#3269 = ORIENTED_EDGE('',*,*,#3232,.F.);
#3270 = PLANE('',#3271);
#3271 = AXIS2_PLACEMENT_3D('',#3272,#3273,#3274);
#3272 = CARTESIAN_POINT('',(58.996602972399,55.364331210191,52.01));
#3273 = DIRECTION('',(0.,-1.,0.));
#3274 = DIRECTION('',(1.,0.,0.));
#3275 = ADVANCED_FACE('',(#3276),#3294,.T.);
#3276 = FACE_BOUND('',#3277,.T.);
#3277 = EDGE_LOOP('',(#3278,#3279,#3287,#3293));
#3278 = ORIENTED_EDGE('',*,*,#1068,.F.);
#3279 = ORIENTED_EDGE('',*,*,#3280,.T.);
#3280 = EDGE_CURVE('',#1061,#3281,#3283,.T.);
#3281 = VERTEX_POINT('',#3282);
#3282 = CARTESIAN_POINT('',(58.159023354565,52.175796178344,51.4));
#3283 = LINE('',#3284,#3285);
#3284 = CARTESIAN_POINT('',(58.159023354565,52.175796178344,52.01));
#3285 = VECTOR('',#3286,1.);
#3286 = DIRECTION('',(0.,0.,-1.));
#3287 = ORIENTED_EDGE('',*,*,#3288,.T.);
#3288 = EDGE_CURVE('',#3281,#3257,#3289,.T.);
#3289 = LINE('',#3290,#3291);
#3290 = CARTESIAN_POINT('',(58.159023354565,52.175796178344,51.4));
#3291 = VECTOR('',#3292,1.);
#3292 = DIRECTION('',(0.254065319027,0.967187062397,0.));
#3293 = ORIENTED_EDGE('',*,*,#3256,.F.);
#3294 = PLANE('',#3295);
#3295 = AXIS2_PLACEMENT_3D('',#3296,#3297,#3298);
#3296 = CARTESIAN_POINT('',(58.159023354565,52.175796178344,52.01));
#3297 = DIRECTION('',(0.967187062397,-0.254065319027,0.));
#3298 = DIRECTION('',(0.254065319027,0.967187062397,0.));
#3299 = ADVANCED_FACE('',(#3300),#3318,.T.);
#3300 = FACE_BOUND('',#3301,.T.);
#3301 = EDGE_LOOP('',(#3302,#3303,#3311,#3317));
#3302 = ORIENTED_EDGE('',*,*,#1060,.F.);
#3303 = ORIENTED_EDGE('',*,*,#3304,.T.);
#3304 = EDGE_CURVE('',#1053,#3305,#3307,.T.);
#3305 = VERTEX_POINT('',#3306);
#3306 = CARTESIAN_POINT('',(57.311889596603,55.364331210191,51.4));
#3307 = LINE('',#3308,#3309);
#3308 = CARTESIAN_POINT('',(57.311889596603,55.364331210191,52.01));
#3309 = VECTOR('',#3310,1.);
#3310 = DIRECTION('',(0.,0.,-1.));
#3311 = ORIENTED_EDGE('',*,*,#3312,.T.);
#3312 = EDGE_CURVE('',#3305,#3281,#3313,.T.);
#3313 = LINE('',#3314,#3315);
#3314 = CARTESIAN_POINT('',(57.311889596603,55.364331210191,51.4));
#3315 = VECTOR('',#3316,1.);
#3316 = DIRECTION('',(0.25677333171,-0.966471653036,0.));
#3317 = ORIENTED_EDGE('',*,*,#3280,.F.);
#3318 = PLANE('',#3319);
#3319 = AXIS2_PLACEMENT_3D('',#3320,#3321,#3322);
#3320 = CARTESIAN_POINT('',(57.311889596603,55.364331210191,52.01));
#3321 = DIRECTION('',(-0.966471653036,-0.25677333171,-0.));
#3322 = DIRECTION('',(0.25677333171,-0.966471653036,0.));
#3323 = ADVANCED_FACE('',(#3324),#3342,.T.);
#3324 = FACE_BOUND('',#3325,.T.);
#3325 = EDGE_LOOP('',(#3326,#3327,#3335,#3341));
#3326 = ORIENTED_EDGE('',*,*,#1052,.F.);
#3327 = ORIENTED_EDGE('',*,*,#3328,.T.);
#3328 = EDGE_CURVE('',#1045,#3329,#3331,.T.);
#3329 = VERTEX_POINT('',#3330);
#3330 = CARTESIAN_POINT('',(55.901061571125,55.364331210191,51.4));
#3331 = LINE('',#3332,#3333);
#3332 = CARTESIAN_POINT('',(55.901061571125,55.364331210191,52.01));
#3333 = VECTOR('',#3334,1.);
#3334 = DIRECTION('',(0.,0.,-1.));
#3335 = ORIENTED_EDGE('',*,*,#3336,.T.);
#3336 = EDGE_CURVE('',#3329,#3305,#3337,.T.);
#3337 = LINE('',#3338,#3339);
#3338 = CARTESIAN_POINT('',(55.901061571125,55.364331210191,51.4));
#3339 = VECTOR('',#3340,1.);
#3340 = DIRECTION('',(1.,0.,0.));
#3341 = ORIENTED_EDGE('',*,*,#3304,.F.);
#3342 = PLANE('',#3343);
#3343 = AXIS2_PLACEMENT_3D('',#3344,#3345,#3346);
#3344 = CARTESIAN_POINT('',(55.901061571125,55.364331210191,52.01));
#3345 = DIRECTION('',(0.,-1.,0.));
#3346 = DIRECTION('',(1.,0.,0.));
#3347 = ADVANCED_FACE('',(#3348),#3359,.T.);
#3348 = FACE_BOUND('',#3349,.T.);
#3349 = EDGE_LOOP('',(#3350,#3351,#3352,#3358));
#3350 = ORIENTED_EDGE('',*,*,#1044,.F.);
#3351 = ORIENTED_EDGE('',*,*,#3073,.T.);
#3352 = ORIENTED_EDGE('',*,*,#3353,.T.);
#3353 = EDGE_CURVE('',#3066,#3329,#3354,.T.);
#3354 = LINE('',#3355,#3356);
#3355 = CARTESIAN_POINT('',(55.901061571125,50.690021231423,51.4));
#3356 = VECTOR('',#3357,1.);
#3357 = DIRECTION('',(0.,1.,0.));
#3358 = ORIENTED_EDGE('',*,*,#3328,.F.);
#3359 = PLANE('',#3360);
#3360 = AXIS2_PLACEMENT_3D('',#3361,#3362,#3363);
#3361 = CARTESIAN_POINT('',(55.901061571125,50.690021231423,52.01));
#3362 = DIRECTION('',(1.,-0.,0.));
#3363 = DIRECTION('',(0.,1.,0.));
#3364 = ADVANCED_FACE('',(#3365),#3390,.T.);
#3365 = FACE_BOUND('',#3366,.T.);
#3366 = EDGE_LOOP('',(#3367,#3368,#3376,#3384));
#3367 = ORIENTED_EDGE('',*,*,#1140,.F.);
#3368 = ORIENTED_EDGE('',*,*,#3369,.T.);
#3369 = EDGE_CURVE('',#1141,#3370,#3372,.T.);
#3370 = VERTEX_POINT('',#3371);
#3371 = CARTESIAN_POINT('',(63.689808917197,55.364331210191,51.4));
#3372 = LINE('',#3373,#3374);
#3373 = CARTESIAN_POINT('',(63.689808917197,55.364331210191,52.01));
#3374 = VECTOR('',#3375,1.);
#3375 = DIRECTION('',(0.,0.,-1.));
#3376 = ORIENTED_EDGE('',*,*,#3377,.T.);
#3377 = EDGE_CURVE('',#3370,#3378,#3380,.T.);
#3378 = VERTEX_POINT('',#3379);
#3379 = CARTESIAN_POINT('',(65.55923566879,50.690021231423,51.4));
#3380 = LINE('',#3381,#3382);
#3381 = CARTESIAN_POINT('',(63.689808917197,55.364331210191,51.4));
#3382 = VECTOR('',#3383,1.);
#3383 = DIRECTION('',(0.371339776455,-0.928497049226,0.));
#3384 = ORIENTED_EDGE('',*,*,#3385,.F.);
#3385 = EDGE_CURVE('',#1143,#3378,#3386,.T.);
#3386 = LINE('',#3387,#3388);
#3387 = CARTESIAN_POINT('',(65.55923566879,50.690021231423,52.01));
#3388 = VECTOR('',#3389,1.);
#3389 = DIRECTION('',(0.,0.,-1.));
#3390 = PLANE('',#3391);
#3391 = AXIS2_PLACEMENT_3D('',#3392,#3393,#3394);
#3392 = CARTESIAN_POINT('',(63.689808917197,55.364331210191,52.01));
#3393 = DIRECTION('',(-0.928497049226,-0.371339776455,-0.));
#3394 = DIRECTION('',(0.371339776455,-0.928497049226,0.));
#3395 = ADVANCED_FACE('',(#3396),#3414,.T.);
#3396 = FACE_BOUND('',#3397,.T.);
#3397 = EDGE_LOOP('',(#3398,#3399,#3407,#3413));
#3398 = ORIENTED_EDGE('',*,*,#1198,.F.);
#3399 = ORIENTED_EDGE('',*,*,#3400,.T.);
#3400 = EDGE_CURVE('',#1191,#3401,#3403,.T.);
#3401 = VERTEX_POINT('',#3402);
#3402 = CARTESIAN_POINT('',(62.692993630573,55.364331210191,51.4));
#3403 = LINE('',#3404,#3405);
#3404 = CARTESIAN_POINT('',(62.692993630573,55.364331210191,52.01));
#3405 = VECTOR('',#3406,1.);
#3406 = DIRECTION('',(0.,0.,-1.));
#3407 = ORIENTED_EDGE('',*,*,#3408,.T.);
#3408 = EDGE_CURVE('',#3401,#3370,#3409,.T.);
#3409 = LINE('',#3410,#3411);
#3410 = CARTESIAN_POINT('',(62.692993630573,55.364331210191,51.4));
#3411 = VECTOR('',#3412,1.);
#3412 = DIRECTION('',(1.,0.,0.));
#3413 = ORIENTED_EDGE('',*,*,#3369,.F.);
#3414 = PLANE('',#3415);
#3415 = AXIS2_PLACEMENT_3D('',#3416,#3417,#3418);
#3416 = CARTESIAN_POINT('',(62.692993630573,55.364331210191,52.01));
#3417 = DIRECTION('',(0.,-1.,0.));
#3418 = DIRECTION('',(1.,0.,0.));
#3419 = ADVANCED_FACE('',(#3420),#3438,.T.);
#3420 = FACE_BOUND('',#3421,.T.);
#3421 = EDGE_LOOP('',(#3422,#3423,#3431,#3437));
#3422 = ORIENTED_EDGE('',*,*,#1190,.F.);
#3423 = ORIENTED_EDGE('',*,*,#3424,.T.);
#3424 = EDGE_CURVE('',#1183,#3425,#3427,.T.);
#3425 = VERTEX_POINT('',#3426);
#3426 = CARTESIAN_POINT('',(60.874522292994,50.690021231423,51.4));
#3427 = LINE('',#3428,#3429);
#3428 = CARTESIAN_POINT('',(60.874522292994,50.690021231423,52.01));
#3429 = VECTOR('',#3430,1.);
#3430 = DIRECTION('',(0.,0.,-1.));
#3431 = ORIENTED_EDGE('',*,*,#3432,.T.);
#3432 = EDGE_CURVE('',#3425,#3401,#3433,.T.);
#3433 = LINE('',#3434,#3435);
#3434 = CARTESIAN_POINT('',(60.874522292994,50.690021231423,51.4));
#3435 = VECTOR('',#3436,1.);
#3436 = DIRECTION('',(0.362564739541,0.931958587943,0.));
#3437 = ORIENTED_EDGE('',*,*,#3400,.F.);
#3438 = PLANE('',#3439);
#3439 = AXIS2_PLACEMENT_3D('',#3440,#3441,#3442);
#3440 = CARTESIAN_POINT('',(60.874522292994,50.690021231423,52.01));
#3441 = DIRECTION('',(0.931958587943,-0.362564739541,0.));
#3442 = DIRECTION('',(0.362564739541,0.931958587943,0.));
#3443 = ADVANCED_FACE('',(#3444),#3462,.T.);
#3444 = FACE_BOUND('',#3445,.T.);
#3445 = EDGE_LOOP('',(#3446,#3447,#3455,#3461));
#3446 = ORIENTED_EDGE('',*,*,#1182,.F.);
#3447 = ORIENTED_EDGE('',*,*,#3448,.T.);
#3448 = EDGE_CURVE('',#1175,#3449,#3451,.T.);
#3449 = VERTEX_POINT('',#3450);
#3450 = CARTESIAN_POINT('',(61.874522292994,50.690021231423,51.4));
#3451 = LINE('',#3452,#3453);
#3452 = CARTESIAN_POINT('',(61.874522292994,50.690021231423,52.01));
#3453 = VECTOR('',#3454,1.);
#3454 = DIRECTION('',(0.,0.,-1.));
#3455 = ORIENTED_EDGE('',*,*,#3456,.T.);
#3456 = EDGE_CURVE('',#3449,#3425,#3457,.T.);
#3457 = LINE('',#3458,#3459);
#3458 = CARTESIAN_POINT('',(61.874522292994,50.690021231423,51.4));
#3459 = VECTOR('',#3460,1.);
#3460 = DIRECTION('',(-1.,0.,0.));
#3461 = ORIENTED_EDGE('',*,*,#3424,.F.);
#3462 = PLANE('',#3463);
#3463 = AXIS2_PLACEMENT_3D('',#3464,#3465,#3466);
#3464 = CARTESIAN_POINT('',(61.874522292994,50.690021231423,52.01));
#3465 = DIRECTION('',(0.,1.,0.));
#3466 = DIRECTION('',(-1.,0.,0.));
#3467 = ADVANCED_FACE('',(#3468),#3486,.T.);
#3468 = FACE_BOUND('',#3469,.T.);
#3469 = EDGE_LOOP('',(#3470,#3471,#3479,#3485));
#3470 = ORIENTED_EDGE('',*,*,#1174,.F.);
#3471 = ORIENTED_EDGE('',*,*,#3472,.T.);
#3472 = EDGE_CURVE('',#1167,#3473,#3475,.T.);
#3473 = VERTEX_POINT('',#3474);
#3474 = CARTESIAN_POINT('',(62.259872611465,51.749893842887,51.4));
#3475 = LINE('',#3476,#3477);
#3476 = CARTESIAN_POINT('',(62.259872611465,51.749893842887,52.01));
#3477 = VECTOR('',#3478,1.);
#3478 = DIRECTION('',(0.,0.,-1.));
#3479 = ORIENTED_EDGE('',*,*,#3480,.T.);
#3480 = EDGE_CURVE('',#3473,#3449,#3481,.T.);
#3481 = LINE('',#3482,#3483);
#3482 = CARTESIAN_POINT('',(62.259872611465,51.749893842887,51.4));
#3483 = VECTOR('',#3484,1.);
#3484 = DIRECTION('',(-0.341697714618,-0.939809912602,0.));
#3485 = ORIENTED_EDGE('',*,*,#3448,.F.);
#3486 = PLANE('',#3487);
#3487 = AXIS2_PLACEMENT_3D('',#3488,#3489,#3490);
#3488 = CARTESIAN_POINT('',(62.259872611465,51.749893842887,52.01));
#3489 = DIRECTION('',(-0.939809912602,0.341697714618,0.));
#3490 = DIRECTION('',(-0.341697714618,-0.939809912602,0.));
#3491 = ADVANCED_FACE('',(#3492),#3510,.T.);
#3492 = FACE_BOUND('',#3493,.T.);
#3493 = EDGE_LOOP('',(#3494,#3495,#3503,#3509));
#3494 = ORIENTED_EDGE('',*,*,#1166,.F.);
#3495 = ORIENTED_EDGE('',*,*,#3496,.T.);
#3496 = EDGE_CURVE('',#1159,#3497,#3499,.T.);
#3497 = VERTEX_POINT('',#3498);
#3498 = CARTESIAN_POINT('',(64.126114649682,51.749893842887,51.4));
#3499 = LINE('',#3500,#3501);
#3500 = CARTESIAN_POINT('',(64.126114649682,51.749893842887,52.01));
#3501 = VECTOR('',#3502,1.);
#3502 = DIRECTION('',(0.,0.,-1.));
#3503 = ORIENTED_EDGE('',*,*,#3504,.T.);
#3504 = EDGE_CURVE('',#3497,#3473,#3505,.T.);
#3505 = LINE('',#3506,#3507);
#3506 = CARTESIAN_POINT('',(64.126114649682,51.749893842887,51.4));
#3507 = VECTOR('',#3508,1.);
#3508 = DIRECTION('',(-1.,0.,0.));
#3509 = ORIENTED_EDGE('',*,*,#3472,.F.);
#3510 = PLANE('',#3511);
#3511 = AXIS2_PLACEMENT_3D('',#3512,#3513,#3514);
#3512 = CARTESIAN_POINT('',(64.126114649682,51.749893842887,52.01));
#3513 = DIRECTION('',(0.,1.,0.));
#3514 = DIRECTION('',(-1.,0.,0.));
#3515 = ADVANCED_FACE('',(#3516),#3534,.T.);
#3516 = FACE_BOUND('',#3517,.T.);
#3517 = EDGE_LOOP('',(#3518,#3519,#3527,#3533));
#3518 = ORIENTED_EDGE('',*,*,#1158,.F.);
#3519 = ORIENTED_EDGE('',*,*,#3520,.T.);
#3520 = EDGE_CURVE('',#1151,#3521,#3523,.T.);
#3521 = VERTEX_POINT('',#3522);
#3522 = CARTESIAN_POINT('',(64.533757961783,50.690021231423,51.4));
#3523 = LINE('',#3524,#3525);
#3524 = CARTESIAN_POINT('',(64.533757961783,50.690021231423,52.01));
#3525 = VECTOR('',#3526,1.);
#3526 = DIRECTION('',(0.,0.,-1.));
#3527 = ORIENTED_EDGE('',*,*,#3528,.T.);
#3528 = EDGE_CURVE('',#3521,#3497,#3529,.T.);
#3529 = LINE('',#3530,#3531);
#3530 = CARTESIAN_POINT('',(64.533757961783,50.690021231423,51.4));
#3531 = VECTOR('',#3532,1.);
#3532 = DIRECTION('',(-0.358979079309,0.933345606203,0.));
#3533 = ORIENTED_EDGE('',*,*,#3496,.F.);
#3534 = PLANE('',#3535);
#3535 = AXIS2_PLACEMENT_3D('',#3536,#3537,#3538);
#3536 = CARTESIAN_POINT('',(64.533757961783,50.690021231423,52.01));
#3537 = DIRECTION('',(0.933345606203,0.358979079309,0.));
#3538 = DIRECTION('',(-0.358979079309,0.933345606203,0.));
#3539 = ADVANCED_FACE('',(#3540),#3551,.T.);
#3540 = FACE_BOUND('',#3541,.T.);
#3541 = EDGE_LOOP('',(#3542,#3543,#3544,#3550));
#3542 = ORIENTED_EDGE('',*,*,#1150,.F.);
#3543 = ORIENTED_EDGE('',*,*,#3385,.T.);
#3544 = ORIENTED_EDGE('',*,*,#3545,.T.);
#3545 = EDGE_CURVE('',#3378,#3521,#3546,.T.);
#3546 = LINE('',#3547,#3548);
#3547 = CARTESIAN_POINT('',(65.55923566879,50.690021231423,51.4));
#3548 = VECTOR('',#3549,1.);
#3549 = DIRECTION('',(-1.,0.,0.));
#3550 = ORIENTED_EDGE('',*,*,#3520,.F.);
#3551 = PLANE('',#3552);
#3552 = AXIS2_PLACEMENT_3D('',#3553,#3554,#3555);
#3553 = CARTESIAN_POINT('',(65.55923566879,50.690021231423,52.01));
#3554 = DIRECTION('',(0.,1.,0.));
#3555 = DIRECTION('',(-1.,0.,0.));
#3556 = ADVANCED_FACE('',(#3557),#3582,.T.);
#3557 = FACE_BOUND('',#3558,.T.);
#3558 = EDGE_LOOP('',(#3559,#3560,#3568,#3576));
#3559 = ORIENTED_EDGE('',*,*,#1206,.F.);
#3560 = ORIENTED_EDGE('',*,*,#3561,.T.);
#3561 = EDGE_CURVE('',#1207,#3562,#3564,.T.);
#3562 = VERTEX_POINT('',#3563);
#3563 = CARTESIAN_POINT('',(66.72016985138,50.690021231423,51.4));
#3564 = LINE('',#3565,#3566);
#3565 = CARTESIAN_POINT('',(66.72016985138,50.690021231423,52.01));
#3566 = VECTOR('',#3567,1.);
#3567 = DIRECTION('',(0.,0.,-1.));
#3568 = ORIENTED_EDGE('',*,*,#3569,.T.);
#3569 = EDGE_CURVE('',#3562,#3570,#3572,.T.);
#3570 = VERTEX_POINT('',#3571);
#3571 = CARTESIAN_POINT('',(65.589596602972,50.690021231423,51.4));
#3572 = LINE('',#3573,#3574);
#3573 = CARTESIAN_POINT('',(66.72016985138,50.690021231423,51.4));
#3574 = VECTOR('',#3575,1.);
#3575 = DIRECTION('',(-1.,0.,0.));
#3576 = ORIENTED_EDGE('',*,*,#3577,.F.);
#3577 = EDGE_CURVE('',#1209,#3570,#3578,.T.);
#3578 = LINE('',#3579,#3580);
#3579 = CARTESIAN_POINT('',(65.589596602972,50.690021231423,52.01));
#3580 = VECTOR('',#3581,1.);
#3581 = DIRECTION('',(0.,0.,-1.));
#3582 = PLANE('',#3583);
#3583 = AXIS2_PLACEMENT_3D('',#3584,#3585,#3586);
#3584 = CARTESIAN_POINT('',(66.72016985138,50.690021231423,52.01));
#3585 = DIRECTION('',(0.,1.,0.));
#3586 = DIRECTION('',(-1.,0.,0.));
#3587 = ADVANCED_FACE('',(#3588),#3606,.T.);
#3588 = FACE_BOUND('',#3589,.T.);
#3589 = EDGE_LOOP('',(#3590,#3591,#3599,#3605));
#3590 = ORIENTED_EDGE('',*,*,#1296,.F.);
#3591 = ORIENTED_EDGE('',*,*,#3592,.T.);
#3592 = EDGE_CURVE('',#1289,#3593,#3595,.T.);
#3593 = VERTEX_POINT('',#3594);
#3594 = CARTESIAN_POINT('',(67.759023354565,52.273248407643,51.4));
#3595 = LINE('',#3596,#3597);
#3596 = CARTESIAN_POINT('',(67.759023354565,52.273248407643,52.01));
#3597 = VECTOR('',#3598,1.);
#3598 = DIRECTION('',(0.,0.,-1.));
#3599 = ORIENTED_EDGE('',*,*,#3600,.T.);
#3600 = EDGE_CURVE('',#3593,#3562,#3601,.T.);
#3601 = LINE('',#3602,#3603);
#3602 = CARTESIAN_POINT('',(67.759023354565,52.273248407643,51.4));
#3603 = VECTOR('',#3604,1.);
#3604 = DIRECTION('',(-0.548605010487,-0.836081660168,0.));
#3605 = ORIENTED_EDGE('',*,*,#3561,.F.);
#3606 = PLANE('',#3607);
#3607 = AXIS2_PLACEMENT_3D('',#3608,#3609,#3610);
#3608 = CARTESIAN_POINT('',(67.759023354565,52.273248407643,52.01));
#3609 = DIRECTION('',(-0.836081660168,0.548605010487,0.));
#3610 = DIRECTION('',(-0.548605010487,-0.836081660168,0.));
#3611 = ADVANCED_FACE('',(#3612),#3630,.T.);
#3612 = FACE_BOUND('',#3613,.T.);
#3613 = EDGE_LOOP('',(#3614,#3615,#3623,#3629));
#3614 = ORIENTED_EDGE('',*,*,#1288,.F.);
#3615 = ORIENTED_EDGE('',*,*,#3616,.T.);
#3616 = EDGE_CURVE('',#1281,#3617,#3619,.T.);
#3617 = VERTEX_POINT('',#3618);
#3618 = CARTESIAN_POINT('',(68.793418259023,50.690021231423,51.4));
#3619 = LINE('',#3620,#3621);
#3620 = CARTESIAN_POINT('',(68.793418259023,50.690021231423,52.01));
#3621 = VECTOR('',#3622,1.);
#3622 = DIRECTION('',(0.,0.,-1.));
#3623 = ORIENTED_EDGE('',*,*,#3624,.T.);
#3624 = EDGE_CURVE('',#3617,#3593,#3625,.T.);
#3625 = LINE('',#3626,#3627);
#3626 = CARTESIAN_POINT('',(68.793418259023,50.690021231423,51.4));
#3627 = VECTOR('',#3628,1.);
#3628 = DIRECTION('',(-0.546955927525,0.837161402207,0.));
#3629 = ORIENTED_EDGE('',*,*,#3592,.F.);
#3630 = PLANE('',#3631);
#3631 = AXIS2_PLACEMENT_3D('',#3632,#3633,#3634);
#3632 = CARTESIAN_POINT('',(68.793418259023,50.690021231423,52.01));
#3633 = DIRECTION('',(0.837161402207,0.546955927525,0.));
#3634 = DIRECTION('',(-0.546955927525,0.837161402207,0.));
#3635 = ADVANCED_FACE('',(#3636),#3654,.T.);
#3636 = FACE_BOUND('',#3637,.T.);
#3637 = EDGE_LOOP('',(#3638,#3639,#3647,#3653));
#3638 = ORIENTED_EDGE('',*,*,#1280,.F.);
#3639 = ORIENTED_EDGE('',*,*,#3640,.T.);
#3640 = EDGE_CURVE('',#1273,#3641,#3643,.T.);
#3641 = VERTEX_POINT('',#3642);
#3642 = CARTESIAN_POINT('',(69.930360934183,50.690021231423,51.4));
#3643 = LINE('',#3644,#3645);
#3644 = CARTESIAN_POINT('',(69.930360934183,50.690021231423,52.01));
#3645 = VECTOR('',#3646,1.);
#3646 = DIRECTION('',(0.,0.,-1.));
#3647 = ORIENTED_EDGE('',*,*,#3648,.T.);
#3648 = EDGE_CURVE('',#3641,#3617,#3649,.T.);
#3649 = LINE('',#3650,#3651);
#3650 = CARTESIAN_POINT('',(69.930360934183,50.690021231423,51.4));
#3651 = VECTOR('',#3652,1.);
#3652 = DIRECTION('',(-1.,0.,0.));
#3653 = ORIENTED_EDGE('',*,*,#3616,.F.);
#3654 = PLANE('',#3655);
#3655 = AXIS2_PLACEMENT_3D('',#3656,#3657,#3658);
#3656 = CARTESIAN_POINT('',(69.930360934183,50.690021231423,52.01));
#3657 = DIRECTION('',(0.,1.,0.));
#3658 = DIRECTION('',(-1.,0.,0.));
#3659 = ADVANCED_FACE('',(#3660),#3678,.T.);
#3660 = FACE_BOUND('',#3661,.T.);
#3661 = EDGE_LOOP('',(#3662,#3663,#3671,#3677));
#3662 = ORIENTED_EDGE('',*,*,#1272,.F.);
#3663 = ORIENTED_EDGE('',*,*,#3664,.T.);
#3664 = EDGE_CURVE('',#1265,#3665,#3667,.T.);
#3665 = VERTEX_POINT('',#3666);
#3666 = CARTESIAN_POINT('',(68.319532908705,53.127600849257,51.4));
#3667 = LINE('',#3668,#3669);
#3668 = CARTESIAN_POINT('',(68.319532908705,53.127600849257,52.01));
#3669 = VECTOR('',#3670,1.);
#3670 = DIRECTION('',(0.,0.,-1.));
#3671 = ORIENTED_EDGE('',*,*,#3672,.T.);
#3672 = EDGE_CURVE('',#3665,#3641,#3673,.T.);
#3673 = LINE('',#3674,#3675);
#3674 = CARTESIAN_POINT('',(68.319532908705,53.127600849257,51.4));
#3675 = VECTOR('',#3676,1.);
#3676 = DIRECTION('',(0.551325010937,-0.83429055629,0.));
#3677 = ORIENTED_EDGE('',*,*,#3640,.F.);
#3678 = PLANE('',#3679);
#3679 = AXIS2_PLACEMENT_3D('',#3680,#3681,#3682);
#3680 = CARTESIAN_POINT('',(68.319532908705,53.127600849257,52.01));
#3681 = DIRECTION('',(-0.83429055629,-0.551325010937,-0.));
#3682 = DIRECTION('',(0.551325010937,-0.83429055629,0.));
#3683 = ADVANCED_FACE('',(#3684),#3702,.T.);
#3684 = FACE_BOUND('',#3685,.T.);
#3685 = EDGE_LOOP('',(#3686,#3687,#3695,#3701));
#3686 = ORIENTED_EDGE('',*,*,#1264,.F.);
#3687 = ORIENTED_EDGE('',*,*,#3688,.T.);
#3688 = EDGE_CURVE('',#1257,#3689,#3691,.T.);
#3689 = VERTEX_POINT('',#3690);
#3690 = CARTESIAN_POINT('',(69.787048832272,55.364331210191,51.4));
#3691 = LINE('',#3692,#3693);
#3692 = CARTESIAN_POINT('',(69.787048832272,55.364331210191,52.01));
#3693 = VECTOR('',#3694,1.);
#3694 = DIRECTION('',(0.,0.,-1.));
#3695 = ORIENTED_EDGE('',*,*,#3696,.T.);
#3696 = EDGE_CURVE('',#3689,#3665,#3697,.T.);
#3697 = LINE('',#3698,#3699);
#3698 = CARTESIAN_POINT('',(69.787048832272,55.364331210191,51.4));
#3699 = VECTOR('',#3700,1.);
#3700 = DIRECTION('',(-0.548568026811,-0.83610592628,0.));
#3701 = ORIENTED_EDGE('',*,*,#3664,.F.);
#3702 = PLANE('',#3703);
#3703 = AXIS2_PLACEMENT_3D('',#3704,#3705,#3706);
#3704 = CARTESIAN_POINT('',(69.787048832272,55.364331210191,52.01));
#3705 = DIRECTION('',(-0.83610592628,0.548568026811,0.));
#3706 = DIRECTION('',(-0.548568026811,-0.83610592628,0.));
#3707 = ADVANCED_FACE('',(#3708),#3726,.T.);
#3708 = FACE_BOUND('',#3709,.T.);
#3709 = EDGE_LOOP('',(#3710,#3711,#3719,#3725));
#3710 = ORIENTED_EDGE('',*,*,#1256,.F.);
#3711 = ORIENTED_EDGE('',*,*,#3712,.T.);
#3712 = EDGE_CURVE('',#1249,#3713,#3715,.T.);
#3713 = VERTEX_POINT('',#3714);
#3714 = CARTESIAN_POINT('',(68.694692144374,55.364331210191,51.4));
#3715 = LINE('',#3716,#3717);
#3716 = CARTESIAN_POINT('',(68.694692144374,55.364331210191,52.01));
#3717 = VECTOR('',#3718,1.);
#3718 = DIRECTION('',(0.,0.,-1.));
#3719 = ORIENTED_EDGE('',*,*,#3720,.T.);
#3720 = EDGE_CURVE('',#3713,#3689,#3721,.T.);
#3721 = LINE('',#3722,#3723);
#3722 = CARTESIAN_POINT('',(68.694692144374,55.364331210191,51.4));
#3723 = VECTOR('',#3724,1.);
#3724 = DIRECTION('',(1.,0.,0.));
#3725 = ORIENTED_EDGE('',*,*,#3688,.F.);
#3726 = PLANE('',#3727);
#3727 = AXIS2_PLACEMENT_3D('',#3728,#3729,#3730);
#3728 = CARTESIAN_POINT('',(68.694692144374,55.364331210191,52.01));
#3729 = DIRECTION('',(0.,-1.,0.));
#3730 = DIRECTION('',(1.,0.,0.));
#3731 = ADVANCED_FACE('',(#3732),#3750,.T.);
#3732 = FACE_BOUND('',#3733,.T.);
#3733 = EDGE_LOOP('',(#3734,#3735,#3743,#3749));
#3734 = ORIENTED_EDGE('',*,*,#1248,.F.);
#3735 = ORIENTED_EDGE('',*,*,#3736,.T.);
#3736 = EDGE_CURVE('',#1241,#3737,#3739,.T.);
#3737 = VERTEX_POINT('',#3738);
#3738 = CARTESIAN_POINT('',(67.765605095541,53.965605095541,51.4));
#3739 = LINE('',#3740,#3741);
#3740 = CARTESIAN_POINT('',(67.765605095541,53.965605095541,52.01));
#3741 = VECTOR('',#3742,1.);
#3742 = DIRECTION('',(0.,0.,-1.));
#3743 = ORIENTED_EDGE('',*,*,#3744,.T.);
#3744 = EDGE_CURVE('',#3737,#3713,#3745,.T.);
#3745 = LINE('',#3746,#3747);
#3746 = CARTESIAN_POINT('',(67.765605095541,53.965605095541,51.4));
#3747 = VECTOR('',#3748,1.);
#3748 = DIRECTION('',(0.553298850788,0.832982821982,0.));
#3749 = ORIENTED_EDGE('',*,*,#3712,.F.);
#3750 = PLANE('',#3751);
#3751 = AXIS2_PLACEMENT_3D('',#3752,#3753,#3754);
#3752 = CARTESIAN_POINT('',(67.765605095541,53.965605095541,52.01));
#3753 = DIRECTION('',(0.832982821982,-0.553298850788,0.));
#3754 = DIRECTION('',(0.553298850788,0.832982821982,0.));
#3755 = ADVANCED_FACE('',(#3756),#3774,.T.);
#3756 = FACE_BOUND('',#3757,.T.);
#3757 = EDGE_LOOP('',(#3758,#3759,#3767,#3773));
#3758 = ORIENTED_EDGE('',*,*,#1240,.F.);
#3759 = ORIENTED_EDGE('',*,*,#3760,.T.);
#3760 = EDGE_CURVE('',#1233,#3761,#3763,.T.);
#3761 = VERTEX_POINT('',#3762);
#3762 = CARTESIAN_POINT('',(66.84118895966,55.364331210191,51.4));
#3763 = LINE('',#3764,#3765);
#3764 = CARTESIAN_POINT('',(66.84118895966,55.364331210191,52.01));
#3765 = VECTOR('',#3766,1.);
#3766 = DIRECTION('',(0.,0.,-1.));
#3767 = ORIENTED_EDGE('',*,*,#3768,.T.);
#3768 = EDGE_CURVE('',#3761,#3737,#3769,.T.);
#3769 = LINE('',#3770,#3771);
#3770 = CARTESIAN_POINT('',(66.84118895966,55.364331210191,51.4));
#3771 = VECTOR('',#3772,1.);
#3772 = DIRECTION('',(0.551364302444,-0.834264589918,0.));
#3773 = ORIENTED_EDGE('',*,*,#3736,.F.);
#3774 = PLANE('',#3775);
#3775 = AXIS2_PLACEMENT_3D('',#3776,#3777,#3778);
#3776 = CARTESIAN_POINT('',(66.84118895966,55.364331210191,52.01));
#3777 = DIRECTION('',(-0.834264589918,-0.551364302444,-0.));
#3778 = DIRECTION('',(0.551364302444,-0.834264589918,0.));
#3779 = ADVANCED_FACE('',(#3780),#3798,.T.);
#3780 = FACE_BOUND('',#3781,.T.);
#3781 = EDGE_LOOP('',(#3782,#3783,#3791,#3797));
#3782 = ORIENTED_EDGE('',*,*,#1232,.F.);
#3783 = ORIENTED_EDGE('',*,*,#3784,.T.);
#3784 = EDGE_CURVE('',#1225,#3785,#3787,.T.);
#3785 = VERTEX_POINT('',#3786);
#3786 = CARTESIAN_POINT('',(65.739278131635,55.364331210191,51.4));
#3787 = LINE('',#3788,#3789);
#3788 = CARTESIAN_POINT('',(65.739278131635,55.364331210191,52.01));
#3789 = VECTOR('',#3790,1.);
#3790 = DIRECTION('',(0.,0.,-1.));
#3791 = ORIENTED_EDGE('',*,*,#3792,.T.);
#3792 = EDGE_CURVE('',#3785,#3761,#3793,.T.);
#3793 = LINE('',#3794,#3795);
#3794 = CARTESIAN_POINT('',(65.739278131635,55.364331210191,51.4));
#3795 = VECTOR('',#3796,1.);
#3796 = DIRECTION('',(1.,0.,0.));
#3797 = ORIENTED_EDGE('',*,*,#3760,.F.);
#3798 = PLANE('',#3799);
#3799 = AXIS2_PLACEMENT_3D('',#3800,#3801,#3802);
#3800 = CARTESIAN_POINT('',(65.739278131635,55.364331210191,52.01));
#3801 = DIRECTION('',(0.,-1.,0.));
#3802 = DIRECTION('',(1.,0.,0.));
#3803 = ADVANCED_FACE('',(#3804),#3822,.T.);
#3804 = FACE_BOUND('',#3805,.T.);
#3805 = EDGE_LOOP('',(#3806,#3807,#3815,#3821));
#3806 = ORIENTED_EDGE('',*,*,#1224,.F.);
#3807 = ORIENTED_EDGE('',*,*,#3808,.T.);
#3808 = EDGE_CURVE('',#1217,#3809,#3811,.T.);
#3809 = VERTEX_POINT('',#3810);
#3810 = CARTESIAN_POINT('',(67.204670912951,53.12144373673,51.4));
#3811 = LINE('',#3812,#3813);
#3812 = CARTESIAN_POINT('',(67.204670912951,53.12144373673,52.01));
#3813 = VECTOR('',#3814,1.);
#3814 = DIRECTION('',(0.,0.,-1.));
#3815 = ORIENTED_EDGE('',*,*,#3816,.T.);
#3816 = EDGE_CURVE('',#3809,#3785,#3817,.T.);
#3817 = LINE('',#3818,#3819);
#3818 = CARTESIAN_POINT('',(67.204670912951,53.12144373673,51.4));
#3819 = VECTOR('',#3820,1.);
#3820 = DIRECTION('',(-0.54695895137,0.837159426583,0.));
#3821 = ORIENTED_EDGE('',*,*,#3784,.F.);
#3822 = PLANE('',#3823);
#3823 = AXIS2_PLACEMENT_3D('',#3824,#3825,#3826);
#3824 = CARTESIAN_POINT('',(67.204670912951,53.12144373673,52.01));
#3825 = DIRECTION('',(0.837159426583,0.54695895137,0.));
#3826 = DIRECTION('',(-0.54695895137,0.837159426583,0.));
#3827 = ADVANCED_FACE('',(#3828),#3839,.T.);
#3828 = FACE_BOUND('',#3829,.T.);
#3829 = EDGE_LOOP('',(#3830,#3831,#3832,#3838));
#3830 = ORIENTED_EDGE('',*,*,#1216,.F.);
#3831 = ORIENTED_EDGE('',*,*,#3577,.T.);
#3832 = ORIENTED_EDGE('',*,*,#3833,.T.);
#3833 = EDGE_CURVE('',#3570,#3809,#3834,.T.);
#3834 = LINE('',#3835,#3836);
#3835 = CARTESIAN_POINT('',(65.589596602972,50.690021231423,51.4));
#3836 = VECTOR('',#3837,1.);
#3837 = DIRECTION('',(0.553306235718,0.832977916583,0.));
#3838 = ORIENTED_EDGE('',*,*,#3808,.F.);
#3839 = PLANE('',#3840);
#3840 = AXIS2_PLACEMENT_3D('',#3841,#3842,#3843);
#3841 = CARTESIAN_POINT('',(65.589596602972,50.690021231423,52.01));
#3842 = DIRECTION('',(0.832977916583,-0.553306235718,0.));
#3843 = DIRECTION('',(0.553306235718,0.832977916583,0.));
#3844 = ADVANCED_FACE('',(#3845),#3943,.F.);
#3845 = FACE_BOUND('',#3846,.F.);
#3846 = EDGE_LOOP('',(#3847,#3848,#3856,#3865,#3874,#3883,#3892,#3900,
    #3907,#3908,#3917,#3926,#3935,#3942));
#3847 = ORIENTED_EDGE('',*,*,#1304,.F.);
#3848 = ORIENTED_EDGE('',*,*,#3849,.F.);
#3849 = EDGE_CURVE('',#3850,#1305,#3852,.T.);
#3850 = VERTEX_POINT('',#3851);
#3851 = CARTESIAN_POINT('',(23.1,126.4,49.6));
#3852 = LINE('',#3853,#3854);
#3853 = CARTESIAN_POINT('',(23.1,126.4,49.));
#3854 = VECTOR('',#3855,1.);
#3855 = DIRECTION('',(0.,0.,1.));
#3856 = ORIENTED_EDGE('',*,*,#3857,.T.);
#3857 = EDGE_CURVE('',#3850,#3858,#3860,.T.);
#3858 = VERTEX_POINT('',#3859);
#3859 = CARTESIAN_POINT('',(22.373502715219,128.39411254969,49.6));
#3860 = CIRCLE('',#3861,3.1);
#3861 = AXIS2_PLACEMENT_3D('',#3862,#3863,#3864);
#3862 = CARTESIAN_POINT('',(20.,126.4,49.6));
#3863 = DIRECTION('',(0.,0.,1.));
#3864 = DIRECTION('',(1.,0.,-0.));
#3865 = ORIENTED_EDGE('',*,*,#3866,.T.);
#3866 = EDGE_CURVE('',#3858,#3867,#3869,.T.);
#3867 = VERTEX_POINT('',#3868);
#3868 = CARTESIAN_POINT('',(21.84103302237,128.89411254969,49.1));
#3869 = ELLIPSE('',#3870,4.384062043357,3.1);
#3870 = AXIS2_PLACEMENT_3D('',#3871,#3872,#3873);
#3871 = CARTESIAN_POINT('',(20.,126.4,51.594112549695));
#3872 = DIRECTION('',(0.,0.707106781187,0.707106781187));
#3873 = DIRECTION('',(0.,-0.707106781187,0.707106781187));
#3874 = ORIENTED_EDGE('',*,*,#3875,.F.);
#3875 = EDGE_CURVE('',#3876,#3867,#3878,.T.);
#3876 = VERTEX_POINT('',#3877);
#3877 = CARTESIAN_POINT('',(22.184032966784,128.6,49.1));
#3878 = CIRCLE('',#3879,3.1);
#3879 = AXIS2_PLACEMENT_3D('',#3880,#3881,#3882);
#3880 = CARTESIAN_POINT('',(20.,126.4,49.1));
#3881 = DIRECTION('',(0.,0.,1.));
#3882 = DIRECTION('',(1.,0.,-0.));
#3883 = ORIENTED_EDGE('',*,*,#3884,.F.);
#3884 = EDGE_CURVE('',#3885,#3876,#3887,.T.);
#3885 = VERTEX_POINT('',#3886);
#3886 = CARTESIAN_POINT('',(23.1,126.4,49.1));
#3887 = CIRCLE('',#3888,3.1);
#3888 = AXIS2_PLACEMENT_3D('',#3889,#3890,#3891);
#3889 = CARTESIAN_POINT('',(20.,126.4,49.1));
#3890 = DIRECTION('',(0.,0.,1.));
#3891 = DIRECTION('',(1.,0.,-0.));
#3892 = ORIENTED_EDGE('',*,*,#3893,.F.);
#3893 = EDGE_CURVE('',#3894,#3885,#3896,.T.);
#3894 = VERTEX_POINT('',#3895);
#3895 = CARTESIAN_POINT('',(23.1,126.4,49.));
#3896 = LINE('',#3897,#3898);
#3897 = CARTESIAN_POINT('',(23.1,126.4,49.));
#3898 = VECTOR('',#3899,1.);
#3899 = DIRECTION('',(0.,0.,1.));
#3900 = ORIENTED_EDGE('',*,*,#3901,.T.);
#3901 = EDGE_CURVE('',#3894,#3894,#3902,.T.);
#3902 = CIRCLE('',#3903,3.1);
#3903 = AXIS2_PLACEMENT_3D('',#3904,#3905,#3906);
#3904 = CARTESIAN_POINT('',(20.,126.4,49.));
#3905 = DIRECTION('',(0.,0.,1.));
#3906 = DIRECTION('',(1.,0.,-0.));
#3907 = ORIENTED_EDGE('',*,*,#3893,.T.);
#3908 = ORIENTED_EDGE('',*,*,#3909,.F.);
#3909 = EDGE_CURVE('',#3910,#3885,#3912,.T.);
#3910 = VERTEX_POINT('',#3911);
#3911 = CARTESIAN_POINT('',(17.815967033216,128.6,49.1));
#3912 = CIRCLE('',#3913,3.1);
#3913 = AXIS2_PLACEMENT_3D('',#3914,#3915,#3916);
#3914 = CARTESIAN_POINT('',(20.,126.4,49.1));
#3915 = DIRECTION('',(0.,0.,1.));
#3916 = DIRECTION('',(1.,0.,-0.));
#3917 = ORIENTED_EDGE('',*,*,#3918,.F.);
#3918 = EDGE_CURVE('',#3919,#3910,#3921,.T.);
#3919 = VERTEX_POINT('',#3920);
#3920 = CARTESIAN_POINT('',(18.15896697763,128.89411254969,49.1));
#3921 = CIRCLE('',#3922,3.1);
#3922 = AXIS2_PLACEMENT_3D('',#3923,#3924,#3925);
#3923 = CARTESIAN_POINT('',(20.,126.4,49.1));
#3924 = DIRECTION('',(0.,0.,1.));
#3925 = DIRECTION('',(1.,0.,-0.));
#3926 = ORIENTED_EDGE('',*,*,#3927,.T.);
#3927 = EDGE_CURVE('',#3919,#3928,#3930,.T.);
#3928 = VERTEX_POINT('',#3929);
#3929 = CARTESIAN_POINT('',(17.626497284781,128.39411254969,49.6));
#3930 = ELLIPSE('',#3931,4.384062043357,3.1);
#3931 = AXIS2_PLACEMENT_3D('',#3932,#3933,#3934);
#3932 = CARTESIAN_POINT('',(20.,126.4,51.594112549695));
#3933 = DIRECTION('',(0.,0.707106781187,0.707106781187));
#3934 = DIRECTION('',(0.,-0.707106781187,0.707106781187));
#3935 = ORIENTED_EDGE('',*,*,#3936,.T.);
#3936 = EDGE_CURVE('',#3928,#3850,#3937,.T.);
#3937 = CIRCLE('',#3938,3.1);
#3938 = AXIS2_PLACEMENT_3D('',#3939,#3940,#3941);
#3939 = CARTESIAN_POINT('',(20.,126.4,49.6));
#3940 = DIRECTION('',(0.,0.,1.));
#3941 = DIRECTION('',(1.,0.,-0.));
#3942 = ORIENTED_EDGE('',*,*,#3849,.T.);
#3943 = CYLINDRICAL_SURFACE('',#3944,3.1);
#3944 = AXIS2_PLACEMENT_3D('',#3945,#3946,#3947);
#3945 = CARTESIAN_POINT('',(20.,126.4,49.));
#3946 = DIRECTION('',(0.,0.,1.));
#3947 = DIRECTION('',(1.,0.,-0.));
#3948 = ADVANCED_FACE('',(#3949),#3974,.T.);
#3949 = FACE_BOUND('',#3950,.T.);
#3950 = EDGE_LOOP('',(#3951,#3959,#3967,#3973));
#3951 = ORIENTED_EDGE('',*,*,#3952,.F.);
#3952 = EDGE_CURVE('',#3953,#1316,#3955,.T.);
#3953 = VERTEX_POINT('',#3954);
#3954 = CARTESIAN_POINT('',(46.4,101.9,49.6));
#3955 = LINE('',#3956,#3957);
#3956 = CARTESIAN_POINT('',(46.4,101.9,48.6));
#3957 = VECTOR('',#3958,1.);
#3958 = DIRECTION('',(0.,0.,1.));
#3959 = ORIENTED_EDGE('',*,*,#3960,.T.);
#3960 = EDGE_CURVE('',#3953,#3961,#3963,.T.);
#3961 = VERTEX_POINT('',#3962);
#3962 = CARTESIAN_POINT('',(44.4,101.9,49.6));
#3963 = LINE('',#3964,#3965);
#3964 = CARTESIAN_POINT('',(23.4,101.9,49.6));
#3965 = VECTOR('',#3966,1.);
#3966 = DIRECTION('',(-1.,-0.,0.));
#3967 = ORIENTED_EDGE('',*,*,#3968,.T.);
#3968 = EDGE_CURVE('',#3961,#1318,#3969,.T.);
#3969 = LINE('',#3970,#3971);
#3970 = CARTESIAN_POINT('',(44.4,101.9,48.6));
#3971 = VECTOR('',#3972,1.);
#3972 = DIRECTION('',(0.,0.,1.));
#3973 = ORIENTED_EDGE('',*,*,#1315,.F.);
#3974 = PLANE('',#3975);
#3975 = AXIS2_PLACEMENT_3D('',#3976,#3977,#3978);
#3976 = CARTESIAN_POINT('',(44.4,101.9,48.6));
#3977 = DIRECTION('',(-0.,1.,0.));
#3978 = DIRECTION('',(0.,0.,1.));
#3979 = ADVANCED_FACE('',(#3980),#3998,.F.);
#3980 = FACE_BOUND('',#3981,.F.);
#3981 = EDGE_LOOP('',(#3982,#3983,#3991,#3997));
#3982 = ORIENTED_EDGE('',*,*,#3952,.F.);
#3983 = ORIENTED_EDGE('',*,*,#3984,.T.);
#3984 = EDGE_CURVE('',#3953,#3985,#3987,.T.);
#3985 = VERTEX_POINT('',#3986);
#3986 = CARTESIAN_POINT('',(46.4,118.9,49.6));
#3987 = LINE('',#3988,#3989);
#3988 = CARTESIAN_POINT('',(46.4,52.15,49.6));
#3989 = VECTOR('',#3990,1.);
#3990 = DIRECTION('',(-0.,1.,0.));
#3991 = ORIENTED_EDGE('',*,*,#3992,.T.);
#3992 = EDGE_CURVE('',#3985,#1334,#3993,.T.);
#3993 = LINE('',#3994,#3995);
#3994 = CARTESIAN_POINT('',(46.4,118.9,48.6));
#3995 = VECTOR('',#3996,1.);
#3996 = DIRECTION('',(0.,0.,1.));
#3997 = ORIENTED_EDGE('',*,*,#1341,.F.);
#3998 = PLANE('',#3999);
#3999 = AXIS2_PLACEMENT_3D('',#4000,#4001,#4002);
#4000 = CARTESIAN_POINT('',(46.4,101.9,48.6));
#4001 = DIRECTION('',(1.,0.,-0.));
#4002 = DIRECTION('',(0.,0.,1.));
#4003 = ADVANCED_FACE('',(#4004),#4022,.T.);
#4004 = FACE_BOUND('',#4005,.T.);
#4005 = EDGE_LOOP('',(#4006,#4007,#4015,#4021));
#4006 = ORIENTED_EDGE('',*,*,#3968,.F.);
#4007 = ORIENTED_EDGE('',*,*,#4008,.T.);
#4008 = EDGE_CURVE('',#3961,#4009,#4011,.T.);
#4009 = VERTEX_POINT('',#4010);
#4010 = CARTESIAN_POINT('',(44.4,118.9,49.6));
#4011 = LINE('',#4012,#4013);
#4012 = CARTESIAN_POINT('',(44.4,52.15,49.6));
#4013 = VECTOR('',#4014,1.);
#4014 = DIRECTION('',(-0.,1.,0.));
#4015 = ORIENTED_EDGE('',*,*,#4016,.T.);
#4016 = EDGE_CURVE('',#4009,#1326,#4017,.T.);
#4017 = LINE('',#4018,#4019);
#4018 = CARTESIAN_POINT('',(44.4,118.9,48.6));
#4019 = VECTOR('',#4020,1.);
#4020 = DIRECTION('',(0.,0.,1.));
#4021 = ORIENTED_EDGE('',*,*,#1325,.F.);
#4022 = PLANE('',#4023);
#4023 = AXIS2_PLACEMENT_3D('',#4024,#4025,#4026);
#4024 = CARTESIAN_POINT('',(44.4,101.9,48.6));
#4025 = DIRECTION('',(1.,0.,-0.));
#4026 = DIRECTION('',(0.,0.,1.));
#4027 = ADVANCED_FACE('',(#4028),#4039,.F.);
#4028 = FACE_BOUND('',#4029,.F.);
#4029 = EDGE_LOOP('',(#4030,#4031,#4037,#4038));
#4030 = ORIENTED_EDGE('',*,*,#3992,.F.);
#4031 = ORIENTED_EDGE('',*,*,#4032,.T.);
#4032 = EDGE_CURVE('',#3985,#4009,#4033,.T.);
#4033 = LINE('',#4034,#4035);
#4034 = CARTESIAN_POINT('',(23.4,118.9,49.6));
#4035 = VECTOR('',#4036,1.);
#4036 = DIRECTION('',(-1.,-0.,0.));
#4037 = ORIENTED_EDGE('',*,*,#4016,.T.);
#4038 = ORIENTED_EDGE('',*,*,#1333,.F.);
#4039 = PLANE('',#4040);
#4040 = AXIS2_PLACEMENT_3D('',#4041,#4042,#4043);
#4041 = CARTESIAN_POINT('',(44.4,118.9,48.6));
#4042 = DIRECTION('',(-0.,1.,0.));
#4043 = DIRECTION('',(0.,0.,1.));
#4044 = ADVANCED_FACE('',(#4045),#4070,.T.);
#4045 = FACE_BOUND('',#4046,.T.);
#4046 = EDGE_LOOP('',(#4047,#4055,#4063,#4069));
#4047 = ORIENTED_EDGE('',*,*,#4048,.F.);
#4048 = EDGE_CURVE('',#4049,#1350,#4051,.T.);
#4049 = VERTEX_POINT('',#4050);
#4050 = CARTESIAN_POINT('',(57.4,101.9,49.6));
#4051 = LINE('',#4052,#4053);
#4052 = CARTESIAN_POINT('',(57.4,101.9,48.6));
#4053 = VECTOR('',#4054,1.);
#4054 = DIRECTION('',(0.,0.,1.));
#4055 = ORIENTED_EDGE('',*,*,#4056,.T.);
#4056 = EDGE_CURVE('',#4049,#4057,#4059,.T.);
#4057 = VERTEX_POINT('',#4058);
#4058 = CARTESIAN_POINT('',(55.4,101.9,49.6));
#4059 = LINE('',#4060,#4061);
#4060 = CARTESIAN_POINT('',(28.9,101.9,49.6));
#4061 = VECTOR('',#4062,1.);
#4062 = DIRECTION('',(-1.,-0.,0.));
#4063 = ORIENTED_EDGE('',*,*,#4064,.T.);
#4064 = EDGE_CURVE('',#4057,#1352,#4065,.T.);
#4065 = LINE('',#4066,#4067);
#4066 = CARTESIAN_POINT('',(55.4,101.9,48.6));
#4067 = VECTOR('',#4068,1.);
#4068 = DIRECTION('',(0.,0.,1.));
#4069 = ORIENTED_EDGE('',*,*,#1349,.F.);
#4070 = PLANE('',#4071);
#4071 = AXIS2_PLACEMENT_3D('',#4072,#4073,#4074);
#4072 = CARTESIAN_POINT('',(55.4,101.9,48.6));
#4073 = DIRECTION('',(-0.,1.,0.));
#4074 = DIRECTION('',(0.,0.,1.));
#4075 = ADVANCED_FACE('',(#4076),#4094,.F.);
#4076 = FACE_BOUND('',#4077,.F.);
#4077 = EDGE_LOOP('',(#4078,#4079,#4087,#4093));
#4078 = ORIENTED_EDGE('',*,*,#4048,.F.);
#4079 = ORIENTED_EDGE('',*,*,#4080,.T.);
#4080 = EDGE_CURVE('',#4049,#4081,#4083,.T.);
#4081 = VERTEX_POINT('',#4082);
#4082 = CARTESIAN_POINT('',(57.4,118.9,49.6));
#4083 = LINE('',#4084,#4085);
#4084 = CARTESIAN_POINT('',(57.4,52.15,49.6));
#4085 = VECTOR('',#4086,1.);
#4086 = DIRECTION('',(-0.,1.,0.));
#4087 = ORIENTED_EDGE('',*,*,#4088,.T.);
#4088 = EDGE_CURVE('',#4081,#1368,#4089,.T.);
#4089 = LINE('',#4090,#4091);
#4090 = CARTESIAN_POINT('',(57.4,118.9,48.6));
#4091 = VECTOR('',#4092,1.);
#4092 = DIRECTION('',(0.,0.,1.));
#4093 = ORIENTED_EDGE('',*,*,#1375,.F.);
#4094 = PLANE('',#4095);
#4095 = AXIS2_PLACEMENT_3D('',#4096,#4097,#4098);
#4096 = CARTESIAN_POINT('',(57.4,101.9,48.6));
#4097 = DIRECTION('',(1.,0.,-0.));
#4098 = DIRECTION('',(0.,0.,1.));
#4099 = ADVANCED_FACE('',(#4100),#4118,.T.);
#4100 = FACE_BOUND('',#4101,.T.);
#4101 = EDGE_LOOP('',(#4102,#4103,#4111,#4117));
#4102 = ORIENTED_EDGE('',*,*,#4064,.F.);
#4103 = ORIENTED_EDGE('',*,*,#4104,.T.);
#4104 = EDGE_CURVE('',#4057,#4105,#4107,.T.);
#4105 = VERTEX_POINT('',#4106);
#4106 = CARTESIAN_POINT('',(55.4,118.9,49.6));
#4107 = LINE('',#4108,#4109);
#4108 = CARTESIAN_POINT('',(55.4,52.15,49.6));
#4109 = VECTOR('',#4110,1.);
#4110 = DIRECTION('',(-0.,1.,0.));
#4111 = ORIENTED_EDGE('',*,*,#4112,.T.);
#4112 = EDGE_CURVE('',#4105,#1360,#4113,.T.);
#4113 = LINE('',#4114,#4115);
#4114 = CARTESIAN_POINT('',(55.4,118.9,48.6));
#4115 = VECTOR('',#4116,1.);
#4116 = DIRECTION('',(0.,0.,1.));
#4117 = ORIENTED_EDGE('',*,*,#1359,.F.);
#4118 = PLANE('',#4119);
#4119 = AXIS2_PLACEMENT_3D('',#4120,#4121,#4122);
#4120 = CARTESIAN_POINT('',(55.4,101.9,48.6));
#4121 = DIRECTION('',(1.,0.,-0.));
#4122 = DIRECTION('',(0.,0.,1.));
#4123 = ADVANCED_FACE('',(#4124),#4135,.F.);
#4124 = FACE_BOUND('',#4125,.F.);
#4125 = EDGE_LOOP('',(#4126,#4127,#4133,#4134));
#4126 = ORIENTED_EDGE('',*,*,#4088,.F.);
#4127 = ORIENTED_EDGE('',*,*,#4128,.T.);
#4128 = EDGE_CURVE('',#4081,#4105,#4129,.T.);
#4129 = LINE('',#4130,#4131);
#4130 = CARTESIAN_POINT('',(28.9,118.9,49.6));
#4131 = VECTOR('',#4132,1.);
#4132 = DIRECTION('',(-1.,-0.,0.));
#4133 = ORIENTED_EDGE('',*,*,#4112,.T.);
#4134 = ORIENTED_EDGE('',*,*,#1367,.F.);
#4135 = PLANE('',#4136);
#4136 = AXIS2_PLACEMENT_3D('',#4137,#4138,#4139);
#4137 = CARTESIAN_POINT('',(55.4,118.9,48.6));
#4138 = DIRECTION('',(-0.,1.,0.));
#4139 = DIRECTION('',(0.,0.,1.));
#4140 = ADVANCED_FACE('',(#4141),#4166,.T.);
#4141 = FACE_BOUND('',#4142,.T.);
#4142 = EDGE_LOOP('',(#4143,#4151,#4159,#4165));
#4143 = ORIENTED_EDGE('',*,*,#4144,.F.);
#4144 = EDGE_CURVE('',#4145,#1384,#4147,.T.);
#4145 = VERTEX_POINT('',#4146);
#4146 = CARTESIAN_POINT('',(68.4,101.9,49.6));
#4147 = LINE('',#4148,#4149);
#4148 = CARTESIAN_POINT('',(68.4,101.9,48.6));
#4149 = VECTOR('',#4150,1.);
#4150 = DIRECTION('',(0.,0.,1.));
#4151 = ORIENTED_EDGE('',*,*,#4152,.T.);
#4152 = EDGE_CURVE('',#4145,#4153,#4155,.T.);
#4153 = VERTEX_POINT('',#4154);
#4154 = CARTESIAN_POINT('',(66.4,101.9,49.6));
#4155 = LINE('',#4156,#4157);
#4156 = CARTESIAN_POINT('',(34.4,101.9,49.6));
#4157 = VECTOR('',#4158,1.);
#4158 = DIRECTION('',(-1.,-0.,0.));
#4159 = ORIENTED_EDGE('',*,*,#4160,.T.);
#4160 = EDGE_CURVE('',#4153,#1386,#4161,.T.);
#4161 = LINE('',#4162,#4163);
#4162 = CARTESIAN_POINT('',(66.4,101.9,48.6));
#4163 = VECTOR('',#4164,1.);
#4164 = DIRECTION('',(0.,0.,1.));
#4165 = ORIENTED_EDGE('',*,*,#1383,.F.);
#4166 = PLANE('',#4167);
#4167 = AXIS2_PLACEMENT_3D('',#4168,#4169,#4170);
#4168 = CARTESIAN_POINT('',(66.4,101.9,48.6));
#4169 = DIRECTION('',(-0.,1.,0.));
#4170 = DIRECTION('',(0.,0.,1.));
#4171 = ADVANCED_FACE('',(#4172),#4190,.F.);
#4172 = FACE_BOUND('',#4173,.F.);
#4173 = EDGE_LOOP('',(#4174,#4175,#4183,#4189));
#4174 = ORIENTED_EDGE('',*,*,#4144,.F.);
#4175 = ORIENTED_EDGE('',*,*,#4176,.T.);
#4176 = EDGE_CURVE('',#4145,#4177,#4179,.T.);
#4177 = VERTEX_POINT('',#4178);
#4178 = CARTESIAN_POINT('',(68.4,118.9,49.6));
#4179 = LINE('',#4180,#4181);
#4180 = CARTESIAN_POINT('',(68.4,52.15,49.6));
#4181 = VECTOR('',#4182,1.);
#4182 = DIRECTION('',(-0.,1.,0.));
#4183 = ORIENTED_EDGE('',*,*,#4184,.T.);
#4184 = EDGE_CURVE('',#4177,#1402,#4185,.T.);
#4185 = LINE('',#4186,#4187);
#4186 = CARTESIAN_POINT('',(68.4,118.9,48.6));
#4187 = VECTOR('',#4188,1.);
#4188 = DIRECTION('',(0.,0.,1.));
#4189 = ORIENTED_EDGE('',*,*,#1409,.F.);
#4190 = PLANE('',#4191);
#4191 = AXIS2_PLACEMENT_3D('',#4192,#4193,#4194);
#4192 = CARTESIAN_POINT('',(68.4,101.9,48.6));
#4193 = DIRECTION('',(1.,0.,-0.));
#4194 = DIRECTION('',(0.,0.,1.));
#4195 = ADVANCED_FACE('',(#4196),#4214,.T.);
#4196 = FACE_BOUND('',#4197,.T.);
#4197 = EDGE_LOOP('',(#4198,#4199,#4207,#4213));
#4198 = ORIENTED_EDGE('',*,*,#4160,.F.);
#4199 = ORIENTED_EDGE('',*,*,#4200,.T.);
#4200 = EDGE_CURVE('',#4153,#4201,#4203,.T.);
#4201 = VERTEX_POINT('',#4202);
#4202 = CARTESIAN_POINT('',(66.4,118.9,49.6));
#4203 = LINE('',#4204,#4205);
#4204 = CARTESIAN_POINT('',(66.4,52.15,49.6));
#4205 = VECTOR('',#4206,1.);
#4206 = DIRECTION('',(-0.,1.,0.));
#4207 = ORIENTED_EDGE('',*,*,#4208,.T.);
#4208 = EDGE_CURVE('',#4201,#1394,#4209,.T.);
#4209 = LINE('',#4210,#4211);
#4210 = CARTESIAN_POINT('',(66.4,118.9,48.6));
#4211 = VECTOR('',#4212,1.);
#4212 = DIRECTION('',(0.,0.,1.));
#4213 = ORIENTED_EDGE('',*,*,#1393,.F.);
#4214 = PLANE('',#4215);
#4215 = AXIS2_PLACEMENT_3D('',#4216,#4217,#4218);
#4216 = CARTESIAN_POINT('',(66.4,101.9,48.6));
#4217 = DIRECTION('',(1.,0.,-0.));
#4218 = DIRECTION('',(0.,0.,1.));
#4219 = ADVANCED_FACE('',(#4220),#4231,.F.);
#4220 = FACE_BOUND('',#4221,.F.);
#4221 = EDGE_LOOP('',(#4222,#4223,#4229,#4230));
#4222 = ORIENTED_EDGE('',*,*,#4184,.F.);
#4223 = ORIENTED_EDGE('',*,*,#4224,.T.);
#4224 = EDGE_CURVE('',#4177,#4201,#4225,.T.);
#4225 = LINE('',#4226,#4227);
#4226 = CARTESIAN_POINT('',(34.4,118.9,49.6));
#4227 = VECTOR('',#4228,1.);
#4228 = DIRECTION('',(-1.,-0.,0.));
#4229 = ORIENTED_EDGE('',*,*,#4208,.T.);
#4230 = ORIENTED_EDGE('',*,*,#1401,.F.);
#4231 = PLANE('',#4232);
#4232 = AXIS2_PLACEMENT_3D('',#4233,#4234,#4235);
#4233 = CARTESIAN_POINT('',(66.4,118.9,48.6));
#4234 = DIRECTION('',(-0.,1.,0.));
#4235 = DIRECTION('',(0.,0.,1.));
#4236 = ADVANCED_FACE('',(#4237),#4262,.T.);
#4237 = FACE_BOUND('',#4238,.T.);
#4238 = EDGE_LOOP('',(#4239,#4247,#4255,#4261));
#4239 = ORIENTED_EDGE('',*,*,#4240,.F.);
#4240 = EDGE_CURVE('',#4241,#1418,#4243,.T.);
#4241 = VERTEX_POINT('',#4242);
#4242 = CARTESIAN_POINT('',(79.4,101.9,49.6));
#4243 = LINE('',#4244,#4245);
#4244 = CARTESIAN_POINT('',(79.4,101.9,48.6));
#4245 = VECTOR('',#4246,1.);
#4246 = DIRECTION('',(0.,0.,1.));
#4247 = ORIENTED_EDGE('',*,*,#4248,.T.);
#4248 = EDGE_CURVE('',#4241,#4249,#4251,.T.);
#4249 = VERTEX_POINT('',#4250);
#4250 = CARTESIAN_POINT('',(77.4,101.9,49.6));
#4251 = LINE('',#4252,#4253);
#4252 = CARTESIAN_POINT('',(39.9,101.9,49.6));
#4253 = VECTOR('',#4254,1.);
#4254 = DIRECTION('',(-1.,-0.,0.));
#4255 = ORIENTED_EDGE('',*,*,#4256,.T.);
#4256 = EDGE_CURVE('',#4249,#1420,#4257,.T.);
#4257 = LINE('',#4258,#4259);
#4258 = CARTESIAN_POINT('',(77.4,101.9,48.6));
#4259 = VECTOR('',#4260,1.);
#4260 = DIRECTION('',(0.,0.,1.));
#4261 = ORIENTED_EDGE('',*,*,#1417,.F.);
#4262 = PLANE('',#4263);
#4263 = AXIS2_PLACEMENT_3D('',#4264,#4265,#4266);
#4264 = CARTESIAN_POINT('',(77.4,101.9,48.6));
#4265 = DIRECTION('',(-0.,1.,0.));
#4266 = DIRECTION('',(0.,0.,1.));
#4267 = ADVANCED_FACE('',(#4268),#4286,.F.);
#4268 = FACE_BOUND('',#4269,.F.);
#4269 = EDGE_LOOP('',(#4270,#4271,#4279,#4285));
#4270 = ORIENTED_EDGE('',*,*,#4240,.F.);
#4271 = ORIENTED_EDGE('',*,*,#4272,.T.);
#4272 = EDGE_CURVE('',#4241,#4273,#4275,.T.);
#4273 = VERTEX_POINT('',#4274);
#4274 = CARTESIAN_POINT('',(79.4,118.9,49.6));
#4275 = LINE('',#4276,#4277);
#4276 = CARTESIAN_POINT('',(79.4,52.15,49.6));
#4277 = VECTOR('',#4278,1.);
#4278 = DIRECTION('',(-0.,1.,0.));
#4279 = ORIENTED_EDGE('',*,*,#4280,.T.);
#4280 = EDGE_CURVE('',#4273,#1436,#4281,.T.);
#4281 = LINE('',#4282,#4283);
#4282 = CARTESIAN_POINT('',(79.4,118.9,48.6));
#4283 = VECTOR('',#4284,1.);
#4284 = DIRECTION('',(0.,0.,1.));
#4285 = ORIENTED_EDGE('',*,*,#1443,.F.);
#4286 = PLANE('',#4287);
#4287 = AXIS2_PLACEMENT_3D('',#4288,#4289,#4290);
#4288 = CARTESIAN_POINT('',(79.4,101.9,48.6));
#4289 = DIRECTION('',(1.,0.,-0.));
#4290 = DIRECTION('',(0.,0.,1.));
#4291 = ADVANCED_FACE('',(#4292),#4310,.T.);
#4292 = FACE_BOUND('',#4293,.T.);
#4293 = EDGE_LOOP('',(#4294,#4295,#4303,#4309));
#4294 = ORIENTED_EDGE('',*,*,#4256,.F.);
#4295 = ORIENTED_EDGE('',*,*,#4296,.T.);
#4296 = EDGE_CURVE('',#4249,#4297,#4299,.T.);
#4297 = VERTEX_POINT('',#4298);
#4298 = CARTESIAN_POINT('',(77.4,118.9,49.6));
#4299 = LINE('',#4300,#4301);
#4300 = CARTESIAN_POINT('',(77.4,52.15,49.6));
#4301 = VECTOR('',#4302,1.);
#4302 = DIRECTION('',(-0.,1.,0.));
#4303 = ORIENTED_EDGE('',*,*,#4304,.T.);
#4304 = EDGE_CURVE('',#4297,#1428,#4305,.T.);
#4305 = LINE('',#4306,#4307);
#4306 = CARTESIAN_POINT('',(77.4,118.9,48.6));
#4307 = VECTOR('',#4308,1.);
#4308 = DIRECTION('',(0.,0.,1.));
#4309 = ORIENTED_EDGE('',*,*,#1427,.F.);
#4310 = PLANE('',#4311);
#4311 = AXIS2_PLACEMENT_3D('',#4312,#4313,#4314);
#4312 = CARTESIAN_POINT('',(77.4,101.9,48.6));
#4313 = DIRECTION('',(1.,0.,-0.));
#4314 = DIRECTION('',(0.,0.,1.));
#4315 = ADVANCED_FACE('',(#4316),#4327,.F.);
#4316 = FACE_BOUND('',#4317,.F.);
#4317 = EDGE_LOOP('',(#4318,#4319,#4325,#4326));
#4318 = ORIENTED_EDGE('',*,*,#4280,.F.);
#4319 = ORIENTED_EDGE('',*,*,#4320,.T.);
#4320 = EDGE_CURVE('',#4273,#4297,#4321,.T.);
#4321 = LINE('',#4322,#4323);
#4322 = CARTESIAN_POINT('',(39.9,118.9,49.6));
#4323 = VECTOR('',#4324,1.);
#4324 = DIRECTION('',(-1.,-0.,0.));
#4325 = ORIENTED_EDGE('',*,*,#4304,.T.);
#4326 = ORIENTED_EDGE('',*,*,#1435,.F.);
#4327 = PLANE('',#4328);
#4328 = AXIS2_PLACEMENT_3D('',#4329,#4330,#4331);
#4329 = CARTESIAN_POINT('',(77.4,118.9,48.6));
#4330 = DIRECTION('',(-0.,1.,0.));
#4331 = DIRECTION('',(0.,0.,1.));
#4332 = ADVANCED_FACE('',(#4333),#4358,.T.);
#4333 = FACE_BOUND('',#4334,.T.);
#4334 = EDGE_LOOP('',(#4335,#4343,#4351,#4357));
#4335 = ORIENTED_EDGE('',*,*,#4336,.F.);
#4336 = EDGE_CURVE('',#4337,#1452,#4339,.T.);
#4337 = VERTEX_POINT('',#4338);
#4338 = CARTESIAN_POINT('',(90.4,101.9,49.6));
#4339 = LINE('',#4340,#4341);
#4340 = CARTESIAN_POINT('',(90.4,101.9,48.6));
#4341 = VECTOR('',#4342,1.);
#4342 = DIRECTION('',(0.,0.,1.));
#4343 = ORIENTED_EDGE('',*,*,#4344,.T.);
#4344 = EDGE_CURVE('',#4337,#4345,#4347,.T.);
#4345 = VERTEX_POINT('',#4346);
#4346 = CARTESIAN_POINT('',(88.4,101.9,49.6));
#4347 = LINE('',#4348,#4349);
#4348 = CARTESIAN_POINT('',(45.4,101.9,49.6));
#4349 = VECTOR('',#4350,1.);
#4350 = DIRECTION('',(-1.,-0.,0.));
#4351 = ORIENTED_EDGE('',*,*,#4352,.T.);
#4352 = EDGE_CURVE('',#4345,#1454,#4353,.T.);
#4353 = LINE('',#4354,#4355);
#4354 = CARTESIAN_POINT('',(88.4,101.9,48.6));
#4355 = VECTOR('',#4356,1.);
#4356 = DIRECTION('',(0.,0.,1.));
#4357 = ORIENTED_EDGE('',*,*,#1451,.F.);
#4358 = PLANE('',#4359);
#4359 = AXIS2_PLACEMENT_3D('',#4360,#4361,#4362);
#4360 = CARTESIAN_POINT('',(88.4,101.9,48.6));
#4361 = DIRECTION('',(-0.,1.,0.));
#4362 = DIRECTION('',(0.,0.,1.));
#4363 = ADVANCED_FACE('',(#4364),#4382,.F.);
#4364 = FACE_BOUND('',#4365,.F.);
#4365 = EDGE_LOOP('',(#4366,#4367,#4375,#4381));
#4366 = ORIENTED_EDGE('',*,*,#4336,.F.);
#4367 = ORIENTED_EDGE('',*,*,#4368,.T.);
#4368 = EDGE_CURVE('',#4337,#4369,#4371,.T.);
#4369 = VERTEX_POINT('',#4370);
#4370 = CARTESIAN_POINT('',(90.4,118.9,49.6));
#4371 = LINE('',#4372,#4373);
#4372 = CARTESIAN_POINT('',(90.4,52.15,49.6));
#4373 = VECTOR('',#4374,1.);
#4374 = DIRECTION('',(-0.,1.,0.));
#4375 = ORIENTED_EDGE('',*,*,#4376,.T.);
#4376 = EDGE_CURVE('',#4369,#1470,#4377,.T.);
#4377 = LINE('',#4378,#4379);
#4378 = CARTESIAN_POINT('',(90.4,118.9,48.6));
#4379 = VECTOR('',#4380,1.);
#4380 = DIRECTION('',(0.,0.,1.));
#4381 = ORIENTED_EDGE('',*,*,#1477,.F.);
#4382 = PLANE('',#4383);
#4383 = AXIS2_PLACEMENT_3D('',#4384,#4385,#4386);
#4384 = CARTESIAN_POINT('',(90.4,101.9,48.6));
#4385 = DIRECTION('',(1.,0.,-0.));
#4386 = DIRECTION('',(0.,0.,1.));
#4387 = ADVANCED_FACE('',(#4388),#4406,.T.);
#4388 = FACE_BOUND('',#4389,.T.);
#4389 = EDGE_LOOP('',(#4390,#4391,#4399,#4405));
#4390 = ORIENTED_EDGE('',*,*,#4352,.F.);
#4391 = ORIENTED_EDGE('',*,*,#4392,.T.);
#4392 = EDGE_CURVE('',#4345,#4393,#4395,.T.);
#4393 = VERTEX_POINT('',#4394);
#4394 = CARTESIAN_POINT('',(88.4,118.9,49.6));
#4395 = LINE('',#4396,#4397);
#4396 = CARTESIAN_POINT('',(88.4,52.15,49.6));
#4397 = VECTOR('',#4398,1.);
#4398 = DIRECTION('',(-0.,1.,0.));
#4399 = ORIENTED_EDGE('',*,*,#4400,.T.);
#4400 = EDGE_CURVE('',#4393,#1462,#4401,.T.);
#4401 = LINE('',#4402,#4403);
#4402 = CARTESIAN_POINT('',(88.4,118.9,48.6));
#4403 = VECTOR('',#4404,1.);
#4404 = DIRECTION('',(0.,0.,1.));
#4405 = ORIENTED_EDGE('',*,*,#1461,.F.);
#4406 = PLANE('',#4407);
#4407 = AXIS2_PLACEMENT_3D('',#4408,#4409,#4410);
#4408 = CARTESIAN_POINT('',(88.4,101.9,48.6));
#4409 = DIRECTION('',(1.,0.,-0.));
#4410 = DIRECTION('',(0.,0.,1.));
#4411 = ADVANCED_FACE('',(#4412),#4423,.F.);
#4412 = FACE_BOUND('',#4413,.F.);
#4413 = EDGE_LOOP('',(#4414,#4415,#4421,#4422));
#4414 = ORIENTED_EDGE('',*,*,#4376,.F.);
#4415 = ORIENTED_EDGE('',*,*,#4416,.T.);
#4416 = EDGE_CURVE('',#4369,#4393,#4417,.T.);
#4417 = LINE('',#4418,#4419);
#4418 = CARTESIAN_POINT('',(45.4,118.9,49.6));
#4419 = VECTOR('',#4420,1.);
#4420 = DIRECTION('',(-1.,-0.,0.));
#4421 = ORIENTED_EDGE('',*,*,#4400,.T.);
#4422 = ORIENTED_EDGE('',*,*,#1469,.F.);
#4423 = PLANE('',#4424);
#4424 = AXIS2_PLACEMENT_3D('',#4425,#4426,#4427);
#4425 = CARTESIAN_POINT('',(88.4,118.9,48.6));
#4426 = DIRECTION('',(-0.,1.,0.));
#4427 = DIRECTION('',(0.,0.,1.));
#4428 = ADVANCED_FACE('',(#4429,#4448),#4504,.F.);
#4429 = FACE_BOUND('',#4430,.F.);
#4430 = EDGE_LOOP('',(#4431,#4432,#4440,#4447));
#4431 = ORIENTED_EDGE('',*,*,#1485,.F.);
#4432 = ORIENTED_EDGE('',*,*,#4433,.F.);
#4433 = EDGE_CURVE('',#4434,#1486,#4436,.T.);
#4434 = VERTEX_POINT('',#4435);
#4435 = CARTESIAN_POINT('',(103.5,126.4,49.));
#4436 = LINE('',#4437,#4438);
#4437 = CARTESIAN_POINT('',(103.5,126.4,49.));
#4438 = VECTOR('',#4439,1.);
#4439 = DIRECTION('',(0.,0.,1.));
#4440 = ORIENTED_EDGE('',*,*,#4441,.T.);
#4441 = EDGE_CURVE('',#4434,#4434,#4442,.T.);
#4442 = CIRCLE('',#4443,3.1);
#4443 = AXIS2_PLACEMENT_3D('',#4444,#4445,#4446);
#4444 = CARTESIAN_POINT('',(100.4,126.4,49.));
#4445 = DIRECTION('',(0.,0.,1.));
#4446 = DIRECTION('',(1.,0.,-0.));
#4447 = ORIENTED_EDGE('',*,*,#4433,.T.);
#4448 = FACE_BOUND('',#4449,.F.);
#4449 = EDGE_LOOP('',(#4450,#4461,#4470,#4479,#4488,#4497));
#4450 = ORIENTED_EDGE('',*,*,#4451,.T.);
#4451 = EDGE_CURVE('',#4452,#4454,#4456,.T.);
#4452 = VERTEX_POINT('',#4453);
#4453 = CARTESIAN_POINT('',(98.55896697763,128.89411254969,49.1));
#4454 = VERTEX_POINT('',#4455);
#4455 = CARTESIAN_POINT('',(98.026497284781,128.39411254969,49.6));
#4456 = ELLIPSE('',#4457,4.384062043357,3.1);
#4457 = AXIS2_PLACEMENT_3D('',#4458,#4459,#4460);
#4458 = CARTESIAN_POINT('',(100.4,126.4,51.594112549695));
#4459 = DIRECTION('',(0.,0.707106781187,0.707106781187));
#4460 = DIRECTION('',(0.,-0.707106781187,0.707106781187));
#4461 = ORIENTED_EDGE('',*,*,#4462,.T.);
#4462 = EDGE_CURVE('',#4454,#4463,#4465,.T.);
#4463 = VERTEX_POINT('',#4464);
#4464 = CARTESIAN_POINT('',(102.39411254969,124.02649728478,49.6));
#4465 = CIRCLE('',#4466,3.1);
#4466 = AXIS2_PLACEMENT_3D('',#4467,#4468,#4469);
#4467 = CARTESIAN_POINT('',(100.4,126.4,49.6));
#4468 = DIRECTION('',(0.,0.,1.));
#4469 = DIRECTION('',(1.,0.,-0.));
#4470 = ORIENTED_EDGE('',*,*,#4471,.T.);
#4471 = EDGE_CURVE('',#4463,#4472,#4474,.T.);
#4472 = VERTEX_POINT('',#4473);
#4473 = CARTESIAN_POINT('',(102.89411254969,124.55896697763,49.1));
#4474 = ELLIPSE('',#4475,4.384062043357,3.1);
#4475 = AXIS2_PLACEMENT_3D('',#4476,#4477,#4478);
#4476 = CARTESIAN_POINT('',(100.4,126.4,51.594112549695));
#4477 = DIRECTION('',(0.707106781187,0.,0.707106781187));
#4478 = DIRECTION('',(-0.707106781187,0.,0.707106781187));
#4479 = ORIENTED_EDGE('',*,*,#4480,.F.);
#4480 = EDGE_CURVE('',#4481,#4472,#4483,.T.);
#4481 = VERTEX_POINT('',#4482);
#4482 = CARTESIAN_POINT('',(102.6,124.21596703321,49.1));
#4483 = CIRCLE('',#4484,3.1);
#4484 = AXIS2_PLACEMENT_3D('',#4485,#4486,#4487);
#4485 = CARTESIAN_POINT('',(100.4,126.4,49.1));
#4486 = DIRECTION('',(0.,0.,1.));
#4487 = DIRECTION('',(1.,0.,-0.));
#4488 = ORIENTED_EDGE('',*,*,#4489,.F.);
#4489 = EDGE_CURVE('',#4490,#4481,#4492,.T.);
#4490 = VERTEX_POINT('',#4491);
#4491 = CARTESIAN_POINT('',(98.215967033216,128.6,49.1));
#4492 = CIRCLE('',#4493,3.1);
#4493 = AXIS2_PLACEMENT_3D('',#4494,#4495,#4496);
#4494 = CARTESIAN_POINT('',(100.4,126.4,49.1));
#4495 = DIRECTION('',(0.,0.,1.));
#4496 = DIRECTION('',(1.,0.,-0.));
#4497 = ORIENTED_EDGE('',*,*,#4498,.F.);
#4498 = EDGE_CURVE('',#4452,#4490,#4499,.T.);
#4499 = CIRCLE('',#4500,3.1);
#4500 = AXIS2_PLACEMENT_3D('',#4501,#4502,#4503);
#4501 = CARTESIAN_POINT('',(100.4,126.4,49.1));
#4502 = DIRECTION('',(0.,0.,1.));
#4503 = DIRECTION('',(1.,0.,-0.));
#4504 = CYLINDRICAL_SURFACE('',#4505,3.1);
#4505 = AXIS2_PLACEMENT_3D('',#4506,#4507,#4508);
#4506 = CARTESIAN_POINT('',(100.4,126.4,49.));
#4507 = DIRECTION('',(0.,0.,1.));
#4508 = DIRECTION('',(1.,0.,-0.));
#4509 = ADVANCED_FACE('',(#4510,#4559,#4562,#4568,#4571,#4605,#4639,
    #4645,#4679,#4685,#4719,#4753,#4759,#4793,#4827,#4861,#4867,#4901,
    #4907),#4941,.F.);
#4510 = FACE_BOUND('',#4511,.F.);
#4511 = EDGE_LOOP('',(#4512,#4520,#4521,#4522,#4528,#4529,#4535,#4536,
    #4542,#4543,#4544,#4552));
#4512 = ORIENTED_EDGE('',*,*,#4513,.F.);
#4513 = EDGE_CURVE('',#1737,#4514,#4516,.T.);
#4514 = VERTEX_POINT('',#4515);
#4515 = CARTESIAN_POINT('',(4.405887450305,126.8,49.6));
#4516 = LINE('',#4517,#4518);
#4517 = CARTESIAN_POINT('',(4.405887450305,6.,49.6));
#4518 = VECTOR('',#4519,1.);
#4519 = DIRECTION('',(-0.,1.,0.));
#4520 = ORIENTED_EDGE('',*,*,#1736,.F.);
#4521 = ORIENTED_EDGE('',*,*,#1815,.F.);
#4522 = ORIENTED_EDGE('',*,*,#4523,.F.);
#4523 = EDGE_CURVE('',#2981,#1807,#4524,.T.);
#4524 = LINE('',#4525,#4526);
#4525 = CARTESIAN_POINT('',(100.8,4.405887450305,49.6));
#4526 = VECTOR('',#4527,1.);
#4527 = DIRECTION('',(-1.,-0.,0.));
#4528 = ORIENTED_EDGE('',*,*,#2980,.F.);
#4529 = ORIENTED_EDGE('',*,*,#4530,.F.);
#4530 = EDGE_CURVE('',#4463,#2972,#4531,.T.);
#4531 = LINE('',#4532,#4533);
#4532 = CARTESIAN_POINT('',(102.39411254969,126.8,49.6));
#4533 = VECTOR('',#4534,1.);
#4534 = DIRECTION('',(0.,-1.,-0.));
#4535 = ORIENTED_EDGE('',*,*,#4462,.F.);
#4536 = ORIENTED_EDGE('',*,*,#4537,.F.);
#4537 = EDGE_CURVE('',#3858,#4454,#4538,.T.);
#4538 = LINE('',#4539,#4540);
#4539 = CARTESIAN_POINT('',(6.,128.39411254969,49.6));
#4540 = VECTOR('',#4541,1.);
#4541 = DIRECTION('',(1.,0.,-0.));
#4542 = ORIENTED_EDGE('',*,*,#3857,.F.);
#4543 = ORIENTED_EDGE('',*,*,#3936,.F.);
#4544 = ORIENTED_EDGE('',*,*,#4545,.F.);
#4545 = EDGE_CURVE('',#4546,#3928,#4548,.T.);
#4546 = VERTEX_POINT('',#4547);
#4547 = CARTESIAN_POINT('',(6.,128.39411254969,49.6));
#4548 = LINE('',#4549,#4550);
#4549 = CARTESIAN_POINT('',(6.,128.39411254969,49.6));
#4550 = VECTOR('',#4551,1.);
#4551 = DIRECTION('',(1.,0.,-0.));
#4552 = ORIENTED_EDGE('',*,*,#4553,.F.);
#4553 = EDGE_CURVE('',#4514,#4546,#4554,.T.);
#4554 = CIRCLE('',#4555,1.594112549695);
#4555 = AXIS2_PLACEMENT_3D('',#4556,#4557,#4558);
#4556 = CARTESIAN_POINT('',(6.,126.8,49.6));
#4557 = DIRECTION('',(-0.,0.,-1.));
#4558 = DIRECTION('',(-1.,0.,0.));
#4559 = FACE_BOUND('',#4560,.F.);
#4560 = EDGE_LOOP('',(#4561));
#4561 = ORIENTED_EDGE('',*,*,#1840,.F.);
#4562 = FACE_BOUND('',#4563,.F.);
#4563 = EDGE_LOOP('',(#4564,#4565,#4566,#4567));
#4564 = ORIENTED_EDGE('',*,*,#2862,.T.);
#4565 = ORIENTED_EDGE('',*,*,#2910,.T.);
#4566 = ORIENTED_EDGE('',*,*,#2934,.F.);
#4567 = ORIENTED_EDGE('',*,*,#2886,.F.);
#4568 = FACE_BOUND('',#4569,.F.);
#4569 = EDGE_LOOP('',(#4570));
#4570 = ORIENTED_EDGE('',*,*,#3040,.F.);
#4571 = FACE_BOUND('',#4572,.F.);
#4572 = EDGE_LOOP('',(#4573,#4583,#4591,#4599));
#4573 = ORIENTED_EDGE('',*,*,#4574,.T.);
#4574 = EDGE_CURVE('',#4575,#4577,#4579,.T.);
#4575 = VERTEX_POINT('',#4576);
#4576 = CARTESIAN_POINT('',(49.2,97.9,49.6));
#4577 = VERTEX_POINT('',#4578);
#4578 = CARTESIAN_POINT('',(41.6,97.9,49.6));
#4579 = LINE('',#4580,#4581);
#4580 = CARTESIAN_POINT('',(22.,97.9,49.6));
#4581 = VECTOR('',#4582,1.);
#4582 = DIRECTION('',(-1.,-0.,0.));
#4583 = ORIENTED_EDGE('',*,*,#4584,.T.);
#4584 = EDGE_CURVE('',#4577,#4585,#4587,.T.);
#4585 = VERTEX_POINT('',#4586);
#4586 = CARTESIAN_POINT('',(41.6,99.1,49.6));
#4587 = LINE('',#4588,#4589);
#4588 = CARTESIAN_POINT('',(41.6,50.15,49.6));
#4589 = VECTOR('',#4590,1.);
#4590 = DIRECTION('',(-0.,1.,0.));
#4591 = ORIENTED_EDGE('',*,*,#4592,.F.);
#4592 = EDGE_CURVE('',#4593,#4585,#4595,.T.);
#4593 = VERTEX_POINT('',#4594);
#4594 = CARTESIAN_POINT('',(49.2,99.1,49.6));
#4595 = LINE('',#4596,#4597);
#4596 = CARTESIAN_POINT('',(22.,99.1,49.6));
#4597 = VECTOR('',#4598,1.);
#4598 = DIRECTION('',(-1.,-0.,0.));
#4599 = ORIENTED_EDGE('',*,*,#4600,.F.);
#4600 = EDGE_CURVE('',#4575,#4593,#4601,.T.);
#4601 = LINE('',#4602,#4603);
#4602 = CARTESIAN_POINT('',(49.2,50.15,49.6));
#4603 = VECTOR('',#4604,1.);
#4604 = DIRECTION('',(-0.,1.,0.));
#4605 = FACE_BOUND('',#4606,.F.);
#4606 = EDGE_LOOP('',(#4607,#4617,#4625,#4633));
#4607 = ORIENTED_EDGE('',*,*,#4608,.T.);
#4608 = EDGE_CURVE('',#4609,#4611,#4613,.T.);
#4609 = VERTEX_POINT('',#4610);
#4610 = CARTESIAN_POINT('',(60.2,97.9,49.6));
#4611 = VERTEX_POINT('',#4612);
#4612 = CARTESIAN_POINT('',(52.6,97.9,49.6));
#4613 = LINE('',#4614,#4615);
#4614 = CARTESIAN_POINT('',(27.5,97.9,49.6));
#4615 = VECTOR('',#4616,1.);
#4616 = DIRECTION('',(-1.,-0.,0.));
#4617 = ORIENTED_EDGE('',*,*,#4618,.T.);
#4618 = EDGE_CURVE('',#4611,#4619,#4621,.T.);
#4619 = VERTEX_POINT('',#4620);
#4620 = CARTESIAN_POINT('',(52.6,99.1,49.6));
#4621 = LINE('',#4622,#4623);
#4622 = CARTESIAN_POINT('',(52.6,50.15,49.6));
#4623 = VECTOR('',#4624,1.);
#4624 = DIRECTION('',(-0.,1.,0.));
#4625 = ORIENTED_EDGE('',*,*,#4626,.F.);
#4626 = EDGE_CURVE('',#4627,#4619,#4629,.T.);
#4627 = VERTEX_POINT('',#4628);
#4628 = CARTESIAN_POINT('',(60.2,99.1,49.6));
#4629 = LINE('',#4630,#4631);
#4630 = CARTESIAN_POINT('',(27.5,99.1,49.6));
#4631 = VECTOR('',#4632,1.);
#4632 = DIRECTION('',(-1.,-0.,0.));
#4633 = ORIENTED_EDGE('',*,*,#4634,.F.);
#4634 = EDGE_CURVE('',#4609,#4627,#4635,.T.);
#4635 = LINE('',#4636,#4637);
#4636 = CARTESIAN_POINT('',(60.2,50.15,49.6));
#4637 = VECTOR('',#4638,1.);
#4638 = DIRECTION('',(-0.,1.,0.));
#4639 = FACE_BOUND('',#4640,.F.);
#4640 = EDGE_LOOP('',(#4641,#4642,#4643,#4644));
#4641 = ORIENTED_EDGE('',*,*,#3960,.T.);
#4642 = ORIENTED_EDGE('',*,*,#4008,.T.);
#4643 = ORIENTED_EDGE('',*,*,#4032,.F.);
#4644 = ORIENTED_EDGE('',*,*,#3984,.F.);
#4645 = FACE_BOUND('',#4646,.F.);
#4646 = EDGE_LOOP('',(#4647,#4657,#4665,#4673));
#4647 = ORIENTED_EDGE('',*,*,#4648,.T.);
#4648 = EDGE_CURVE('',#4649,#4651,#4653,.T.);
#4649 = VERTEX_POINT('',#4650);
#4650 = CARTESIAN_POINT('',(49.2,121.7,49.6));
#4651 = VERTEX_POINT('',#4652);
#4652 = CARTESIAN_POINT('',(41.6,121.7,49.6));
#4653 = LINE('',#4654,#4655);
#4654 = CARTESIAN_POINT('',(22.,121.7,49.6));
#4655 = VECTOR('',#4656,1.);
#4656 = DIRECTION('',(-1.,-0.,0.));
#4657 = ORIENTED_EDGE('',*,*,#4658,.T.);
#4658 = EDGE_CURVE('',#4651,#4659,#4661,.T.);
#4659 = VERTEX_POINT('',#4660);
#4660 = CARTESIAN_POINT('',(41.6,122.9,49.6));
#4661 = LINE('',#4662,#4663);
#4662 = CARTESIAN_POINT('',(41.6,62.05,49.6));
#4663 = VECTOR('',#4664,1.);
#4664 = DIRECTION('',(-0.,1.,0.));
#4665 = ORIENTED_EDGE('',*,*,#4666,.F.);
#4666 = EDGE_CURVE('',#4667,#4659,#4669,.T.);
#4667 = VERTEX_POINT('',#4668);
#4668 = CARTESIAN_POINT('',(49.2,122.9,49.6));
#4669 = LINE('',#4670,#4671);
#4670 = CARTESIAN_POINT('',(22.,122.9,49.6));
#4671 = VECTOR('',#4672,1.);
#4672 = DIRECTION('',(-1.,-0.,0.));
#4673 = ORIENTED_EDGE('',*,*,#4674,.F.);
#4674 = EDGE_CURVE('',#4649,#4667,#4675,.T.);
#4675 = LINE('',#4676,#4677);
#4676 = CARTESIAN_POINT('',(49.2,62.05,49.6));
#4677 = VECTOR('',#4678,1.);
#4678 = DIRECTION('',(-0.,1.,0.));
#4679 = FACE_BOUND('',#4680,.F.);
#4680 = EDGE_LOOP('',(#4681,#4682,#4683,#4684));
#4681 = ORIENTED_EDGE('',*,*,#4056,.T.);
#4682 = ORIENTED_EDGE('',*,*,#4104,.T.);
#4683 = ORIENTED_EDGE('',*,*,#4128,.F.);
#4684 = ORIENTED_EDGE('',*,*,#4080,.F.);
#4685 = FACE_BOUND('',#4686,.F.);
#4686 = EDGE_LOOP('',(#4687,#4697,#4705,#4713));
#4687 = ORIENTED_EDGE('',*,*,#4688,.T.);
#4688 = EDGE_CURVE('',#4689,#4691,#4693,.T.);
#4689 = VERTEX_POINT('',#4690);
#4690 = CARTESIAN_POINT('',(60.2,121.7,49.6));
#4691 = VERTEX_POINT('',#4692);
#4692 = CARTESIAN_POINT('',(52.6,121.7,49.6));
#4693 = LINE('',#4694,#4695);
#4694 = CARTESIAN_POINT('',(27.5,121.7,49.6));
#4695 = VECTOR('',#4696,1.);
#4696 = DIRECTION('',(-1.,-0.,0.));
#4697 = ORIENTED_EDGE('',*,*,#4698,.T.);
#4698 = EDGE_CURVE('',#4691,#4699,#4701,.T.);
#4699 = VERTEX_POINT('',#4700);
#4700 = CARTESIAN_POINT('',(52.6,122.9,49.6));
#4701 = LINE('',#4702,#4703);
#4702 = CARTESIAN_POINT('',(52.6,62.05,49.6));
#4703 = VECTOR('',#4704,1.);
#4704 = DIRECTION('',(-0.,1.,0.));
#4705 = ORIENTED_EDGE('',*,*,#4706,.F.);
#4706 = EDGE_CURVE('',#4707,#4699,#4709,.T.);
#4707 = VERTEX_POINT('',#4708);
#4708 = CARTESIAN_POINT('',(60.2,122.9,49.6));
#4709 = LINE('',#4710,#4711);
#4710 = CARTESIAN_POINT('',(27.5,122.9,49.6));
#4711 = VECTOR('',#4712,1.);
#4712 = DIRECTION('',(-1.,-0.,0.));
#4713 = ORIENTED_EDGE('',*,*,#4714,.F.);
#4714 = EDGE_CURVE('',#4689,#4707,#4715,.T.);
#4715 = LINE('',#4716,#4717);
#4716 = CARTESIAN_POINT('',(60.2,62.05,49.6));
#4717 = VECTOR('',#4718,1.);
#4718 = DIRECTION('',(-0.,1.,0.));
#4719 = FACE_BOUND('',#4720,.F.);
#4720 = EDGE_LOOP('',(#4721,#4731,#4739,#4747));
#4721 = ORIENTED_EDGE('',*,*,#4722,.T.);
#4722 = EDGE_CURVE('',#4723,#4725,#4727,.T.);
#4723 = VERTEX_POINT('',#4724);
#4724 = CARTESIAN_POINT('',(71.2,97.9,49.6));
#4725 = VERTEX_POINT('',#4726);
#4726 = CARTESIAN_POINT('',(63.6,97.9,49.6));
#4727 = LINE('',#4728,#4729);
#4728 = CARTESIAN_POINT('',(33.,97.9,49.6));
#4729 = VECTOR('',#4730,1.);
#4730 = DIRECTION('',(-1.,-0.,0.));
#4731 = ORIENTED_EDGE('',*,*,#4732,.T.);
#4732 = EDGE_CURVE('',#4725,#4733,#4735,.T.);
#4733 = VERTEX_POINT('',#4734);
#4734 = CARTESIAN_POINT('',(63.6,99.1,49.6));
#4735 = LINE('',#4736,#4737);
#4736 = CARTESIAN_POINT('',(63.6,50.15,49.6));
#4737 = VECTOR('',#4738,1.);
#4738 = DIRECTION('',(-0.,1.,0.));
#4739 = ORIENTED_EDGE('',*,*,#4740,.F.);
#4740 = EDGE_CURVE('',#4741,#4733,#4743,.T.);
#4741 = VERTEX_POINT('',#4742);
#4742 = CARTESIAN_POINT('',(71.2,99.1,49.6));
#4743 = LINE('',#4744,#4745);
#4744 = CARTESIAN_POINT('',(33.,99.1,49.6));
#4745 = VECTOR('',#4746,1.);
#4746 = DIRECTION('',(-1.,-0.,0.));
#4747 = ORIENTED_EDGE('',*,*,#4748,.F.);
#4748 = EDGE_CURVE('',#4723,#4741,#4749,.T.);
#4749 = LINE('',#4750,#4751);
#4750 = CARTESIAN_POINT('',(71.2,50.15,49.6));
#4751 = VECTOR('',#4752,1.);
#4752 = DIRECTION('',(-0.,1.,0.));
#4753 = FACE_BOUND('',#4754,.F.);
#4754 = EDGE_LOOP('',(#4755,#4756,#4757,#4758));
#4755 = ORIENTED_EDGE('',*,*,#4152,.T.);
#4756 = ORIENTED_EDGE('',*,*,#4200,.T.);
#4757 = ORIENTED_EDGE('',*,*,#4224,.F.);
#4758 = ORIENTED_EDGE('',*,*,#4176,.F.);
#4759 = FACE_BOUND('',#4760,.F.);
#4760 = EDGE_LOOP('',(#4761,#4771,#4779,#4787));
#4761 = ORIENTED_EDGE('',*,*,#4762,.T.);
#4762 = EDGE_CURVE('',#4763,#4765,#4767,.T.);
#4763 = VERTEX_POINT('',#4764);
#4764 = CARTESIAN_POINT('',(71.2,121.7,49.6));
#4765 = VERTEX_POINT('',#4766);
#4766 = CARTESIAN_POINT('',(63.6,121.7,49.6));
#4767 = LINE('',#4768,#4769);
#4768 = CARTESIAN_POINT('',(33.,121.7,49.6));
#4769 = VECTOR('',#4770,1.);
#4770 = DIRECTION('',(-1.,-0.,0.));
#4771 = ORIENTED_EDGE('',*,*,#4772,.T.);
#4772 = EDGE_CURVE('',#4765,#4773,#4775,.T.);
#4773 = VERTEX_POINT('',#4774);
#4774 = CARTESIAN_POINT('',(63.6,122.9,49.6));
#4775 = LINE('',#4776,#4777);
#4776 = CARTESIAN_POINT('',(63.6,62.05,49.6));
#4777 = VECTOR('',#4778,1.);
#4778 = DIRECTION('',(-0.,1.,0.));
#4779 = ORIENTED_EDGE('',*,*,#4780,.F.);
#4780 = EDGE_CURVE('',#4781,#4773,#4783,.T.);
#4781 = VERTEX_POINT('',#4782);
#4782 = CARTESIAN_POINT('',(71.2,122.9,49.6));
#4783 = LINE('',#4784,#4785);
#4784 = CARTESIAN_POINT('',(33.,122.9,49.6));
#4785 = VECTOR('',#4786,1.);
#4786 = DIRECTION('',(-1.,-0.,0.));
#4787 = ORIENTED_EDGE('',*,*,#4788,.F.);
#4788 = EDGE_CURVE('',#4763,#4781,#4789,.T.);
#4789 = LINE('',#4790,#4791);
#4790 = CARTESIAN_POINT('',(71.2,62.05,49.6));
#4791 = VECTOR('',#4792,1.);
#4792 = DIRECTION('',(-0.,1.,0.));
#4793 = FACE_BOUND('',#4794,.F.);
#4794 = EDGE_LOOP('',(#4795,#4805,#4813,#4821));
#4795 = ORIENTED_EDGE('',*,*,#4796,.T.);
#4796 = EDGE_CURVE('',#4797,#4799,#4801,.T.);
#4797 = VERTEX_POINT('',#4798);
#4798 = CARTESIAN_POINT('',(82.2,97.9,49.6));
#4799 = VERTEX_POINT('',#4800);
#4800 = CARTESIAN_POINT('',(74.6,97.9,49.6));
#4801 = LINE('',#4802,#4803);
#4802 = CARTESIAN_POINT('',(38.5,97.9,49.6));
#4803 = VECTOR('',#4804,1.);
#4804 = DIRECTION('',(-1.,-0.,0.));
#4805 = ORIENTED_EDGE('',*,*,#4806,.T.);
#4806 = EDGE_CURVE('',#4799,#4807,#4809,.T.);
#4807 = VERTEX_POINT('',#4808);
#4808 = CARTESIAN_POINT('',(74.6,99.1,49.6));
#4809 = LINE('',#4810,#4811);
#4810 = CARTESIAN_POINT('',(74.6,50.15,49.6));
#4811 = VECTOR('',#4812,1.);
#4812 = DIRECTION('',(-0.,1.,0.));
#4813 = ORIENTED_EDGE('',*,*,#4814,.F.);
#4814 = EDGE_CURVE('',#4815,#4807,#4817,.T.);
#4815 = VERTEX_POINT('',#4816);
#4816 = CARTESIAN_POINT('',(82.2,99.1,49.6));
#4817 = LINE('',#4818,#4819);
#4818 = CARTESIAN_POINT('',(38.5,99.1,49.6));
#4819 = VECTOR('',#4820,1.);
#4820 = DIRECTION('',(-1.,-0.,0.));
#4821 = ORIENTED_EDGE('',*,*,#4822,.F.);
#4822 = EDGE_CURVE('',#4797,#4815,#4823,.T.);
#4823 = LINE('',#4824,#4825);
#4824 = CARTESIAN_POINT('',(82.2,50.15,49.6));
#4825 = VECTOR('',#4826,1.);
#4826 = DIRECTION('',(-0.,1.,0.));
#4827 = FACE_BOUND('',#4828,.F.);
#4828 = EDGE_LOOP('',(#4829,#4839,#4847,#4855));
#4829 = ORIENTED_EDGE('',*,*,#4830,.T.);
#4830 = EDGE_CURVE('',#4831,#4833,#4835,.T.);
#4831 = VERTEX_POINT('',#4832);
#4832 = CARTESIAN_POINT('',(93.2,97.9,49.6));
#4833 = VERTEX_POINT('',#4834);
#4834 = CARTESIAN_POINT('',(85.6,97.9,49.6));
#4835 = LINE('',#4836,#4837);
#4836 = CARTESIAN_POINT('',(44.,97.9,49.6));
#4837 = VECTOR('',#4838,1.);
#4838 = DIRECTION('',(-1.,-0.,0.));
#4839 = ORIENTED_EDGE('',*,*,#4840,.T.);
#4840 = EDGE_CURVE('',#4833,#4841,#4843,.T.);
#4841 = VERTEX_POINT('',#4842);
#4842 = CARTESIAN_POINT('',(85.6,99.1,49.6));
#4843 = LINE('',#4844,#4845);
#4844 = CARTESIAN_POINT('',(85.6,50.15,49.6));
#4845 = VECTOR('',#4846,1.);
#4846 = DIRECTION('',(-0.,1.,0.));
#4847 = ORIENTED_EDGE('',*,*,#4848,.F.);
#4848 = EDGE_CURVE('',#4849,#4841,#4851,.T.);
#4849 = VERTEX_POINT('',#4850);
#4850 = CARTESIAN_POINT('',(93.2,99.1,49.6));
#4851 = LINE('',#4852,#4853);
#4852 = CARTESIAN_POINT('',(44.,99.1,49.6));
#4853 = VECTOR('',#4854,1.);
#4854 = DIRECTION('',(-1.,-0.,0.));
#4855 = ORIENTED_EDGE('',*,*,#4856,.F.);
#4856 = EDGE_CURVE('',#4831,#4849,#4857,.T.);
#4857 = LINE('',#4858,#4859);
#4858 = CARTESIAN_POINT('',(93.2,50.15,49.6));
#4859 = VECTOR('',#4860,1.);
#4860 = DIRECTION('',(-0.,1.,0.));
#4861 = FACE_BOUND('',#4862,.F.);
#4862 = EDGE_LOOP('',(#4863,#4864,#4865,#4866));
#4863 = ORIENTED_EDGE('',*,*,#4248,.T.);
#4864 = ORIENTED_EDGE('',*,*,#4296,.T.);
#4865 = ORIENTED_EDGE('',*,*,#4320,.F.);
#4866 = ORIENTED_EDGE('',*,*,#4272,.F.);
#4867 = FACE_BOUND('',#4868,.F.);
#4868 = EDGE_LOOP('',(#4869,#4879,#4887,#4895));
#4869 = ORIENTED_EDGE('',*,*,#4870,.T.);
#4870 = EDGE_CURVE('',#4871,#4873,#4875,.T.);
#4871 = VERTEX_POINT('',#4872);
#4872 = CARTESIAN_POINT('',(82.2,121.7,49.6));
#4873 = VERTEX_POINT('',#4874);
#4874 = CARTESIAN_POINT('',(74.6,121.7,49.6));
#4875 = LINE('',#4876,#4877);
#4876 = CARTESIAN_POINT('',(38.5,121.7,49.6));
#4877 = VECTOR('',#4878,1.);
#4878 = DIRECTION('',(-1.,-0.,0.));
#4879 = ORIENTED_EDGE('',*,*,#4880,.T.);
#4880 = EDGE_CURVE('',#4873,#4881,#4883,.T.);
#4881 = VERTEX_POINT('',#4882);
#4882 = CARTESIAN_POINT('',(74.6,122.9,49.6));
#4883 = LINE('',#4884,#4885);
#4884 = CARTESIAN_POINT('',(74.6,62.05,49.6));
#4885 = VECTOR('',#4886,1.);
#4886 = DIRECTION('',(-0.,1.,0.));
#4887 = ORIENTED_EDGE('',*,*,#4888,.F.);
#4888 = EDGE_CURVE('',#4889,#4881,#4891,.T.);
#4889 = VERTEX_POINT('',#4890);
#4890 = CARTESIAN_POINT('',(82.2,122.9,49.6));
#4891 = LINE('',#4892,#4893);
#4892 = CARTESIAN_POINT('',(38.5,122.9,49.6));
#4893 = VECTOR('',#4894,1.);
#4894 = DIRECTION('',(-1.,-0.,0.));
#4895 = ORIENTED_EDGE('',*,*,#4896,.F.);
#4896 = EDGE_CURVE('',#4871,#4889,#4897,.T.);
#4897 = LINE('',#4898,#4899);
#4898 = CARTESIAN_POINT('',(82.2,62.05,49.6));
#4899 = VECTOR('',#4900,1.);
#4900 = DIRECTION('',(-0.,1.,0.));
#4901 = FACE_BOUND('',#4902,.F.);
#4902 = EDGE_LOOP('',(#4903,#4904,#4905,#4906));
#4903 = ORIENTED_EDGE('',*,*,#4344,.T.);
#4904 = ORIENTED_EDGE('',*,*,#4392,.T.);
#4905 = ORIENTED_EDGE('',*,*,#4416,.F.);
#4906 = ORIENTED_EDGE('',*,*,#4368,.F.);
#4907 = FACE_BOUND('',#4908,.F.);
#4908 = EDGE_LOOP('',(#4909,#4919,#4927,#4935));
#4909 = ORIENTED_EDGE('',*,*,#4910,.T.);
#4910 = EDGE_CURVE('',#4911,#4913,#4915,.T.);
#4911 = VERTEX_POINT('',#4912);
#4912 = CARTESIAN_POINT('',(93.2,121.7,49.6));
#4913 = VERTEX_POINT('',#4914);
#4914 = CARTESIAN_POINT('',(85.6,121.7,49.6));
#4915 = LINE('',#4916,#4917);
#4916 = CARTESIAN_POINT('',(44.,121.7,49.6));
#4917 = VECTOR('',#4918,1.);
#4918 = DIRECTION('',(-1.,-0.,0.));
#4919 = ORIENTED_EDGE('',*,*,#4920,.T.);
#4920 = EDGE_CURVE('',#4913,#4921,#4923,.T.);
#4921 = VERTEX_POINT('',#4922);
#4922 = CARTESIAN_POINT('',(85.6,122.9,49.6));
#4923 = LINE('',#4924,#4925);
#4924 = CARTESIAN_POINT('',(85.6,62.05,49.6));
#4925 = VECTOR('',#4926,1.);
#4926 = DIRECTION('',(-0.,1.,0.));
#4927 = ORIENTED_EDGE('',*,*,#4928,.F.);
#4928 = EDGE_CURVE('',#4929,#4921,#4931,.T.);
#4929 = VERTEX_POINT('',#4930);
#4930 = CARTESIAN_POINT('',(93.2,122.9,49.6));
#4931 = LINE('',#4932,#4933);
#4932 = CARTESIAN_POINT('',(44.,122.9,49.6));
#4933 = VECTOR('',#4934,1.);
#4934 = DIRECTION('',(-1.,-0.,0.));
#4935 = ORIENTED_EDGE('',*,*,#4936,.F.);
#4936 = EDGE_CURVE('',#4911,#4929,#4937,.T.);
#4937 = LINE('',#4938,#4939);
#4938 = CARTESIAN_POINT('',(93.2,62.05,49.6));
#4939 = VECTOR('',#4940,1.);
#4940 = DIRECTION('',(-0.,1.,0.));
#4941 = PLANE('',#4942);
#4942 = AXIS2_PLACEMENT_3D('',#4943,#4944,#4945);
#4943 = CARTESIAN_POINT('',(2.4,2.4,49.6));
#4944 = DIRECTION('',(0.,0.,1.));
#4945 = DIRECTION('',(1.,0.,-0.));
#4946 = ADVANCED_FACE('',(#4947),#4958,.T.);
#4947 = FACE_BOUND('',#4948,.T.);
#4948 = EDGE_LOOP('',(#4949,#4950,#4956,#4957));
#4949 = ORIENTED_EDGE('',*,*,#2989,.F.);
#4950 = ORIENTED_EDGE('',*,*,#4951,.F.);
#4951 = EDGE_CURVE('',#1798,#2990,#4952,.T.);
#4952 = LINE('',#4953,#4954);
#4953 = CARTESIAN_POINT('',(98.6,3.905887450305,49.1));
#4954 = VECTOR('',#4955,1.);
#4955 = DIRECTION('',(1.,-4.080110567541E-17,0.));
#4956 = ORIENTED_EDGE('',*,*,#1806,.F.);
#4957 = ORIENTED_EDGE('',*,*,#4523,.F.);
#4958 = PLANE('',#4959);
#4959 = AXIS2_PLACEMENT_3D('',#4960,#4961,#4962);
#4960 = CARTESIAN_POINT('',(100.8,3.402943725152,48.597056274848));
#4961 = DIRECTION('',(2.885073850299E-17,0.707106781187,-0.707106781187)
  );
#4962 = DIRECTION('',(-1.,2.04005528377E-17,-2.04005528377E-17));
#4963 = ADVANCED_FACE('',(#4964,#4967),#4978,.T.);
#4964 = FACE_BOUND('',#4965,.T.);
#4965 = EDGE_LOOP('',(#4966));
#4966 = ORIENTED_EDGE('',*,*,#1780,.T.);
#4967 = FACE_BOUND('',#4968,.T.);
#4968 = EDGE_LOOP('',(#4969));
#4969 = ORIENTED_EDGE('',*,*,#4970,.F.);
#4970 = EDGE_CURVE('',#4971,#4971,#4973,.T.);
#4971 = VERTEX_POINT('',#4972);
#4972 = CARTESIAN_POINT('',(8.1,6.4,49.));
#4973 = CIRCLE('',#4974,1.7);
#4974 = AXIS2_PLACEMENT_3D('',#4975,#4976,#4977);
#4975 = CARTESIAN_POINT('',(6.4,6.4,49.));
#4976 = DIRECTION('',(0.,0.,1.));
#4977 = DIRECTION('',(1.,0.,-0.));
#4978 = PLANE('',#4979);
#4979 = AXIS2_PLACEMENT_3D('',#4980,#4981,#4982);
#4980 = CARTESIAN_POINT('',(6.4,6.4,49.));
#4981 = DIRECTION('',(0.,0.,1.));
#4982 = DIRECTION('',(1.,0.,-0.));
#4983 = ADVANCED_FACE('',(#4984),#5002,.T.);
#4984 = FACE_BOUND('',#4985,.T.);
#4985 = EDGE_LOOP('',(#4986,#4987,#4995,#5001));
#4986 = ORIENTED_EDGE('',*,*,#1745,.F.);
#4987 = ORIENTED_EDGE('',*,*,#4988,.F.);
#4988 = EDGE_CURVE('',#4989,#1746,#4991,.T.);
#4989 = VERTEX_POINT('',#4990);
#4990 = CARTESIAN_POINT('',(3.905887450305,126.8,49.1));
#4991 = LINE('',#4992,#4993);
#4992 = CARTESIAN_POINT('',(3.905887450305,4.2,49.1));
#4993 = VECTOR('',#4994,1.);
#4994 = DIRECTION('',(-4.080110567541E-17,-1.,0.));
#4995 = ORIENTED_EDGE('',*,*,#4996,.T.);
#4996 = EDGE_CURVE('',#4989,#4514,#4997,.T.);
#4997 = LINE('',#4998,#4999);
#4998 = CARTESIAN_POINT('',(3.402943725152,126.8,48.597056274848));
#4999 = VECTOR('',#5000,1.);
#5000 = DIRECTION('',(0.707106781187,0.,0.707106781187));
#5001 = ORIENTED_EDGE('',*,*,#4513,.F.);
#5002 = PLANE('',#5003);
#5003 = AXIS2_PLACEMENT_3D('',#5004,#5005,#5006);
#5004 = CARTESIAN_POINT('',(3.402943725152,6.,48.597056274848));
#5005 = DIRECTION('',(0.707106781187,-2.885073850299E-17,-0.707106781187
    ));
#5006 = DIRECTION('',(2.04005528377E-17,1.,-2.04005528377E-17));
#5007 = ADVANCED_FACE('',(#5008,#5026),#5092,.T.);
#5008 = FACE_BOUND('',#5009,.F.);
#5009 = EDGE_LOOP('',(#5010,#5011,#5012,#5013,#5014,#5015,#5016,#5017,
    #5018,#5019,#5020,#5021,#5022,#5023,#5024,#5025));
#5010 = ORIENTED_EDGE('',*,*,#2255,.T.);
#5011 = ORIENTED_EDGE('',*,*,#2236,.T.);
#5012 = ORIENTED_EDGE('',*,*,#2210,.T.);
#5013 = ORIENTED_EDGE('',*,*,#2184,.T.);
#5014 = ORIENTED_EDGE('',*,*,#2158,.T.);
#5015 = ORIENTED_EDGE('',*,*,#2132,.T.);
#5016 = ORIENTED_EDGE('',*,*,#2106,.T.);
#5017 = ORIENTED_EDGE('',*,*,#2080,.T.);
#5018 = ORIENTED_EDGE('',*,*,#2054,.T.);
#5019 = ORIENTED_EDGE('',*,*,#2028,.T.);
#5020 = ORIENTED_EDGE('',*,*,#2002,.T.);
#5021 = ORIENTED_EDGE('',*,*,#1976,.T.);
#5022 = ORIENTED_EDGE('',*,*,#1950,.T.);
#5023 = ORIENTED_EDGE('',*,*,#1924,.T.);
#5024 = ORIENTED_EDGE('',*,*,#1898,.T.);
#5025 = ORIENTED_EDGE('',*,*,#1865,.T.);
#5026 = FACE_BOUND('',#5027,.F.);
#5027 = EDGE_LOOP('',(#5028,#5038,#5046,#5054,#5062,#5070,#5078,#5086));
#5028 = ORIENTED_EDGE('',*,*,#5029,.T.);
#5029 = EDGE_CURVE('',#5030,#5032,#5034,.T.);
#5030 = VERTEX_POINT('',#5031);
#5031 = CARTESIAN_POINT('',(37.872823779193,52.26050955414,51.4));
#5032 = VERTEX_POINT('',#5033);
#5033 = CARTESIAN_POINT('',(38.073460721868,51.591507430998,51.4));
#5034 = B_SPLINE_CURVE_WITH_KNOTS('',2,(#5035,#5036,#5037),
  .UNSPECIFIED.,.F.,.F.,(3,3),(0.,1.),.PIECEWISE_BEZIER_KNOTS.);
#5035 = CARTESIAN_POINT('',(37.872823779193,52.26050955414,51.4));
#5036 = CARTESIAN_POINT('',(37.872823779193,51.827176220807,51.4));
#5037 = CARTESIAN_POINT('',(38.073460721868,51.591507430998,51.4));
#5038 = ORIENTED_EDGE('',*,*,#5039,.T.);
#5039 = EDGE_CURVE('',#5032,#5040,#5042,.T.);
#5040 = VERTEX_POINT('',#5041);
#5041 = CARTESIAN_POINT('',(38.532059447983,51.355838641189,51.4));
#5042 = B_SPLINE_CURVE_WITH_KNOTS('',2,(#5043,#5044,#5045),
  .UNSPECIFIED.,.F.,.F.,(3,3),(0.,1.),.PIECEWISE_BEZIER_KNOTS.);
#5043 = CARTESIAN_POINT('',(38.073460721868,51.591507430998,51.4));
#5044 = CARTESIAN_POINT('',(38.274097664544,51.355838641189,51.4));
#5045 = CARTESIAN_POINT('',(38.532059447983,51.355838641189,51.4));
#5046 = ORIENTED_EDGE('',*,*,#5047,.T.);
#5047 = EDGE_CURVE('',#5040,#5048,#5050,.T.);
#5048 = VERTEX_POINT('',#5049);
#5049 = CARTESIAN_POINT('',(38.946072186837,51.548832271762,51.4));
#5050 = B_SPLINE_CURVE_WITH_KNOTS('',2,(#5051,#5052,#5053),
  .UNSPECIFIED.,.F.,.F.,(3,3),(0.,1.),.PIECEWISE_BEZIER_KNOTS.);
#5051 = CARTESIAN_POINT('',(38.532059447983,51.355838641189,51.4));
#5052 = CARTESIAN_POINT('',(38.780467091295,51.355838641189,51.4));
#5053 = CARTESIAN_POINT('',(38.946072186837,51.548832271762,51.4));
#5054 = ORIENTED_EDGE('',*,*,#5055,.T.);
#5055 = EDGE_CURVE('',#5048,#5056,#5058,.T.);
#5056 = VERTEX_POINT('',#5057);
#5057 = CARTESIAN_POINT('',(39.111677282378,52.181316348195,51.4));
#5058 = B_SPLINE_CURVE_WITH_KNOTS('',2,(#5059,#5060,#5061),
  .UNSPECIFIED.,.F.,.F.,(3,3),(0.,1.),.PIECEWISE_BEZIER_KNOTS.);
#5059 = CARTESIAN_POINT('',(38.946072186837,51.548832271762,51.4));
#5060 = CARTESIAN_POINT('',(39.111677282378,51.741825902335,51.4));
#5061 = CARTESIAN_POINT('',(39.111677282378,52.181316348195,51.4));
#5062 = ORIENTED_EDGE('',*,*,#5063,.T.);
#5063 = EDGE_CURVE('',#5056,#5064,#5066,.T.);
#5064 = VERTEX_POINT('',#5065);
#5065 = CARTESIAN_POINT('',(38.933333333333,52.843949044586,51.4));
#5066 = B_SPLINE_CURVE_WITH_KNOTS('',2,(#5067,#5068,#5069),
  .UNSPECIFIED.,.F.,.F.,(3,3),(0.,1.),.PIECEWISE_BEZIER_KNOTS.);
#5067 = CARTESIAN_POINT('',(39.111677282378,52.181316348195,51.4));
#5068 = CARTESIAN_POINT('',(39.111677282378,52.633757961783,51.4));
#5069 = CARTESIAN_POINT('',(38.933333333333,52.843949044586,51.4));
#5070 = ORIENTED_EDGE('',*,*,#5071,.T.);
#5071 = EDGE_CURVE('',#5064,#5072,#5074,.T.);
#5072 = VERTEX_POINT('',#5073);
#5073 = CARTESIAN_POINT('',(38.487473460722,53.054352441614,51.4));
#5074 = B_SPLINE_CURVE_WITH_KNOTS('',2,(#5075,#5076,#5077),
  .UNSPECIFIED.,.F.,.F.,(3,3),(0.,1.),.PIECEWISE_BEZIER_KNOTS.);
#5075 = CARTESIAN_POINT('',(38.933333333333,52.843949044586,51.4));
#5076 = CARTESIAN_POINT('',(38.754989384289,53.054352441614,51.4));
#5077 = CARTESIAN_POINT('',(38.487473460722,53.054352441614,51.4));
#5078 = ORIENTED_EDGE('',*,*,#5079,.T.);
#5079 = EDGE_CURVE('',#5072,#5080,#5082,.T.);
#5080 = VERTEX_POINT('',#5081);
#5081 = CARTESIAN_POINT('',(38.051167728238,52.853503184713,51.4));
#5082 = B_SPLINE_CURVE_WITH_KNOTS('',2,(#5083,#5084,#5085),
  .UNSPECIFIED.,.F.,.F.,(3,3),(0.,1.),.PIECEWISE_BEZIER_KNOTS.);
#5083 = CARTESIAN_POINT('',(38.487473460722,53.054352441614,51.4));
#5084 = CARTESIAN_POINT('',(38.229511677282,53.054352441614,51.4));
#5085 = CARTESIAN_POINT('',(38.051167728238,52.853503184713,51.4));
#5086 = ORIENTED_EDGE('',*,*,#5087,.T.);
#5087 = EDGE_CURVE('',#5080,#5030,#5088,.T.);
#5088 = B_SPLINE_CURVE_WITH_KNOTS('',2,(#5089,#5090,#5091),
  .UNSPECIFIED.,.F.,.F.,(3,3),(0.,1.),.PIECEWISE_BEZIER_KNOTS.);
#5089 = CARTESIAN_POINT('',(38.051167728238,52.853503184713,51.4));
#5090 = CARTESIAN_POINT('',(37.872823779193,52.652653927813,51.4));
#5091 = CARTESIAN_POINT('',(37.872823779193,52.26050955414,51.4));
#5092 = PLANE('',#5093);
#5093 = AXIS2_PLACEMENT_3D('',#5094,#5095,#5096);
#5094 = CARTESIAN_POINT('',(38.457922296617,53.031256993318,51.4));
#5095 = DIRECTION('',(0.,0.,1.));
#5096 = DIRECTION('',(1.,0.,-0.));
#5097 = ADVANCED_FACE('',(#5098,#5108),#5206,.T.);
#5098 = FACE_BOUND('',#5099,.F.);
#5099 = EDGE_LOOP('',(#5100,#5101,#5102,#5103,#5104,#5105,#5106,#5107));
#5100 = ORIENTED_EDGE('',*,*,#2279,.T.);
#5101 = ORIENTED_EDGE('',*,*,#2461,.T.);
#5102 = ORIENTED_EDGE('',*,*,#2442,.T.);
#5103 = ORIENTED_EDGE('',*,*,#2416,.T.);
#5104 = ORIENTED_EDGE('',*,*,#2390,.T.);
#5105 = ORIENTED_EDGE('',*,*,#2364,.T.);
#5106 = ORIENTED_EDGE('',*,*,#2338,.T.);
#5107 = ORIENTED_EDGE('',*,*,#2312,.T.);
#5108 = FACE_BOUND('',#5109,.F.);
#5109 = EDGE_LOOP('',(#5110,#5120,#5128,#5136,#5144,#5152,#5160,#5168,
    #5176,#5184,#5192,#5200));
#5110 = ORIENTED_EDGE('',*,*,#5111,.T.);
#5111 = EDGE_CURVE('',#5112,#5114,#5116,.T.);
#5112 = VERTEX_POINT('',#5113);
#5113 = CARTESIAN_POINT('',(42.010403397028,54.644161358811,51.4));
#5114 = VERTEX_POINT('',#5115);
#5115 = CARTESIAN_POINT('',(41.72059447983,54.540552016985,51.4));
#5116 = B_SPLINE_CURVE_WITH_KNOTS('',2,(#5117,#5118,#5119),
  .UNSPECIFIED.,.F.,.F.,(3,3),(0.,1.),.PIECEWISE_BEZIER_KNOTS.);
#5117 = CARTESIAN_POINT('',(42.010403397028,54.644161358811,51.4));
#5118 = CARTESIAN_POINT('',(41.847983014862,54.644161358811,51.4));
#5119 = CARTESIAN_POINT('',(41.72059447983,54.540552016985,51.4));
#5120 = ORIENTED_EDGE('',*,*,#5121,.T.);
#5121 = EDGE_CURVE('',#5114,#5122,#5124,.T.);
#5122 = VERTEX_POINT('',#5123);
#5123 = CARTESIAN_POINT('',(41.523142250531,54.169002123142,51.4));
#5124 = B_SPLINE_CURVE_WITH_KNOTS('',2,(#5125,#5126,#5127),
  .UNSPECIFIED.,.F.,.F.,(3,3),(0.,1.),.PIECEWISE_BEZIER_KNOTS.);
#5125 = CARTESIAN_POINT('',(41.72059447983,54.540552016985,51.4));
#5126 = CARTESIAN_POINT('',(41.593205944798,54.436942675159,51.4));
#5127 = CARTESIAN_POINT('',(41.523142250531,54.169002123142,51.4));
#5128 = ORIENTED_EDGE('',*,*,#5129,.T.);
#5129 = EDGE_CURVE('',#5122,#5130,#5132,.T.);
#5130 = VERTEX_POINT('',#5131);
#5131 = CARTESIAN_POINT('',(41.430785562633,52.9983014862,51.4));
#5132 = B_SPLINE_CURVE_WITH_KNOTS('',2,(#5133,#5134,#5135),
  .UNSPECIFIED.,.F.,.F.,(3,3),(0.,1.),.PIECEWISE_BEZIER_KNOTS.);
#5133 = CARTESIAN_POINT('',(41.523142250531,54.169002123142,51.4));
#5134 = CARTESIAN_POINT('',(41.430785562633,53.821231422505,51.4));
#5135 = CARTESIAN_POINT('',(41.430785562633,52.9983014862,51.4));
#5136 = ORIENTED_EDGE('',*,*,#5137,.T.);
#5137 = EDGE_CURVE('',#5130,#5138,#5140,.T.);
#5138 = VERTEX_POINT('',#5139);
#5139 = CARTESIAN_POINT('',(41.513588110403,51.867728237792,51.4));
#5140 = B_SPLINE_CURVE_WITH_KNOTS('',2,(#5141,#5142,#5143),
  .UNSPECIFIED.,.F.,.F.,(3,3),(0.,1.),.PIECEWISE_BEZIER_KNOTS.);
#5141 = CARTESIAN_POINT('',(41.430785562633,52.9983014862,51.4));
#5142 = CARTESIAN_POINT('',(41.430785562633,52.175583864119,51.4));
#5143 = CARTESIAN_POINT('',(41.513588110403,51.867728237792,51.4));
#5144 = ORIENTED_EDGE('',*,*,#5145,.T.);
#5145 = EDGE_CURVE('',#5138,#5146,#5148,.T.);
#5146 = VERTEX_POINT('',#5147);
#5147 = CARTESIAN_POINT('',(41.722080679406,51.457749469214,51.4));
#5148 = B_SPLINE_CURVE_WITH_KNOTS('',2,(#5149,#5150,#5151),
  .UNSPECIFIED.,.F.,.F.,(3,3),(0.,1.),.PIECEWISE_BEZIER_KNOTS.);
#5149 = CARTESIAN_POINT('',(41.513588110403,51.867728237792,51.4));
#5150 = CARTESIAN_POINT('',(41.596390658174,51.559872611465,51.4));
#5151 = CARTESIAN_POINT('',(41.722080679406,51.457749469214,51.4));
#5152 = ORIENTED_EDGE('',*,*,#5153,.T.);
#5153 = EDGE_CURVE('',#5146,#5154,#5156,.T.);
#5154 = VERTEX_POINT('',#5155);
#5155 = CARTESIAN_POINT('',(42.010403397028,51.355838641189,51.4));
#5156 = B_SPLINE_CURVE_WITH_KNOTS('',2,(#5157,#5158,#5159),
  .UNSPECIFIED.,.F.,.F.,(3,3),(0.,1.),.PIECEWISE_BEZIER_KNOTS.);
#5157 = CARTESIAN_POINT('',(41.722080679406,51.457749469214,51.4));
#5158 = CARTESIAN_POINT('',(41.847983014862,51.355838641189,51.4));
#5159 = CARTESIAN_POINT('',(42.010403397028,51.355838641189,51.4));
#5160 = ORIENTED_EDGE('',*,*,#5161,.T.);
#5161 = EDGE_CURVE('',#5154,#5162,#5164,.T.);
#5162 = VERTEX_POINT('',#5163);
#5163 = CARTESIAN_POINT('',(42.300212314225,51.459447983015,51.4));
#5164 = B_SPLINE_CURVE_WITH_KNOTS('',2,(#5165,#5166,#5167),
  .UNSPECIFIED.,.F.,.F.,(3,3),(0.,1.),.PIECEWISE_BEZIER_KNOTS.);
#5165 = CARTESIAN_POINT('',(42.010403397028,51.355838641189,51.4));
#5166 = CARTESIAN_POINT('',(42.172823779193,51.355838641189,51.4));
#5167 = CARTESIAN_POINT('',(42.300212314225,51.459447983015,51.4));
#5168 = ORIENTED_EDGE('',*,*,#5169,.T.);
#5169 = EDGE_CURVE('',#5162,#5170,#5172,.T.);
#5170 = VERTEX_POINT('',#5171);
#5171 = CARTESIAN_POINT('',(42.497664543524,51.830997876858,51.4));
#5172 = B_SPLINE_CURVE_WITH_KNOTS('',2,(#5173,#5174,#5175),
  .UNSPECIFIED.,.F.,.F.,(3,3),(0.,1.),.PIECEWISE_BEZIER_KNOTS.);
#5173 = CARTESIAN_POINT('',(42.300212314225,51.459447983015,51.4));
#5174 = CARTESIAN_POINT('',(42.427600849257,51.563057324841,51.4));
#5175 = CARTESIAN_POINT('',(42.497664543524,51.830997876858,51.4));
#5176 = ORIENTED_EDGE('',*,*,#5177,.T.);
#5177 = EDGE_CURVE('',#5170,#5178,#5180,.T.);
#5178 = VERTEX_POINT('',#5179);
#5179 = CARTESIAN_POINT('',(42.590021231423,52.9983014862,51.4));
#5180 = B_SPLINE_CURVE_WITH_KNOTS('',2,(#5181,#5182,#5183),
  .UNSPECIFIED.,.F.,.F.,(3,3),(0.,1.),.PIECEWISE_BEZIER_KNOTS.);
#5181 = CARTESIAN_POINT('',(42.497664543524,51.830997876858,51.4));
#5182 = CARTESIAN_POINT('',(42.590021231423,52.175583864119,51.4));
#5183 = CARTESIAN_POINT('',(42.590021231423,52.9983014862,51.4));
#5184 = ORIENTED_EDGE('',*,*,#5185,.T.);
#5185 = EDGE_CURVE('',#5178,#5186,#5188,.T.);
#5186 = VERTEX_POINT('',#5187);
#5187 = CARTESIAN_POINT('',(42.507218683652,54.129087048832,51.4));
#5188 = B_SPLINE_CURVE_WITH_KNOTS('',2,(#5189,#5190,#5191),
  .UNSPECIFIED.,.F.,.F.,(3,3),(0.,1.),.PIECEWISE_BEZIER_KNOTS.);
#5189 = CARTESIAN_POINT('',(42.590021231423,52.9983014862,51.4));
#5190 = CARTESIAN_POINT('',(42.590021231423,53.821231422505,51.4));
#5191 = CARTESIAN_POINT('',(42.507218683652,54.129087048832,51.4));
#5192 = ORIENTED_EDGE('',*,*,#5193,.T.);
#5193 = EDGE_CURVE('',#5186,#5194,#5196,.T.);
#5194 = VERTEX_POINT('',#5195);
#5195 = CARTESIAN_POINT('',(42.298513800425,54.540552016985,51.4));
#5196 = B_SPLINE_CURVE_WITH_KNOTS('',2,(#5197,#5198,#5199),
  .UNSPECIFIED.,.F.,.F.,(3,3),(0.,1.),.PIECEWISE_BEZIER_KNOTS.);
#5197 = CARTESIAN_POINT('',(42.507218683652,54.129087048832,51.4));
#5198 = CARTESIAN_POINT('',(42.424416135881,54.436942675159,51.4));
#5199 = CARTESIAN_POINT('',(42.298513800425,54.540552016985,51.4));
#5200 = ORIENTED_EDGE('',*,*,#5201,.T.);
#5201 = EDGE_CURVE('',#5194,#5112,#5202,.T.);
#5202 = B_SPLINE_CURVE_WITH_KNOTS('',2,(#5203,#5204,#5205),
  .UNSPECIFIED.,.F.,.F.,(3,3),(0.,1.),.PIECEWISE_BEZIER_KNOTS.);
#5203 = CARTESIAN_POINT('',(42.298513800425,54.540552016985,51.4));
#5204 = CARTESIAN_POINT('',(42.172823779193,54.644161358811,51.4));
#5205 = CARTESIAN_POINT('',(42.010403397028,54.644161358811,51.4));
#5206 = PLANE('',#5207);
#5207 = AXIS2_PLACEMENT_3D('',#5208,#5209,#5210);
#5208 = CARTESIAN_POINT('',(42.00945044068,52.999696894213,51.4));
#5209 = DIRECTION('',(0.,0.,1.));
#5210 = DIRECTION('',(1.,0.,-0.));
#5211 = ADVANCED_FACE('',(#5212,#5222),#5320,.T.);
#5212 = FACE_BOUND('',#5213,.F.);
#5213 = EDGE_LOOP('',(#5214,#5215,#5216,#5217,#5218,#5219,#5220,#5221));
#5214 = ORIENTED_EDGE('',*,*,#2487,.T.);
#5215 = ORIENTED_EDGE('',*,*,#2669,.T.);
#5216 = ORIENTED_EDGE('',*,*,#2650,.T.);
#5217 = ORIENTED_EDGE('',*,*,#2624,.T.);
#5218 = ORIENTED_EDGE('',*,*,#2598,.T.);
#5219 = ORIENTED_EDGE('',*,*,#2572,.T.);
#5220 = ORIENTED_EDGE('',*,*,#2546,.T.);
#5221 = ORIENTED_EDGE('',*,*,#2520,.T.);
#5222 = FACE_BOUND('',#5223,.F.);
#5223 = EDGE_LOOP('',(#5224,#5234,#5242,#5250,#5258,#5266,#5274,#5282,
    #5290,#5298,#5306,#5314));
#5224 = ORIENTED_EDGE('',*,*,#5225,.T.);
#5225 = EDGE_CURVE('',#5226,#5228,#5230,.T.);
#5226 = VERTEX_POINT('',#5227);
#5227 = CARTESIAN_POINT('',(45.638428874735,54.644161358811,51.4));
#5228 = VERTEX_POINT('',#5229);
#5229 = CARTESIAN_POINT('',(45.348619957537,54.540552016985,51.4));
#5230 = B_SPLINE_CURVE_WITH_KNOTS('',2,(#5231,#5232,#5233),
  .UNSPECIFIED.,.F.,.F.,(3,3),(0.,1.),.PIECEWISE_BEZIER_KNOTS.);
#5231 = CARTESIAN_POINT('',(45.638428874735,54.644161358811,51.4));
#5232 = CARTESIAN_POINT('',(45.476008492569,54.644161358811,51.4));
#5233 = CARTESIAN_POINT('',(45.348619957537,54.540552016985,51.4));
#5234 = ORIENTED_EDGE('',*,*,#5235,.T.);
#5235 = EDGE_CURVE('',#5228,#5236,#5238,.T.);
#5236 = VERTEX_POINT('',#5237);
#5237 = CARTESIAN_POINT('',(45.151167728238,54.169002123142,51.4));
#5238 = B_SPLINE_CURVE_WITH_KNOTS('',2,(#5239,#5240,#5241),
  .UNSPECIFIED.,.F.,.F.,(3,3),(0.,1.),.PIECEWISE_BEZIER_KNOTS.);
#5239 = CARTESIAN_POINT('',(45.348619957537,54.540552016985,51.4));
#5240 = CARTESIAN_POINT('',(45.221231422505,54.436942675159,51.4));
#5241 = CARTESIAN_POINT('',(45.151167728238,54.169002123142,51.4));
#5242 = ORIENTED_EDGE('',*,*,#5243,.T.);
#5243 = EDGE_CURVE('',#5236,#5244,#5246,.T.);
#5244 = VERTEX_POINT('',#5245);
#5245 = CARTESIAN_POINT('',(45.05881104034,52.9983014862,51.4));
#5246 = B_SPLINE_CURVE_WITH_KNOTS('',2,(#5247,#5248,#5249),
  .UNSPECIFIED.,.F.,.F.,(3,3),(0.,1.),.PIECEWISE_BEZIER_KNOTS.);
#5247 = CARTESIAN_POINT('',(45.151167728238,54.169002123142,51.4));
#5248 = CARTESIAN_POINT('',(45.05881104034,53.821231422505,51.4));
#5249 = CARTESIAN_POINT('',(45.05881104034,52.9983014862,51.4));
#5250 = ORIENTED_EDGE('',*,*,#5251,.T.);
#5251 = EDGE_CURVE('',#5244,#5252,#5254,.T.);
#5252 = VERTEX_POINT('',#5253);
#5253 = CARTESIAN_POINT('',(45.14161358811,51.867728237792,51.4));
#5254 = B_SPLINE_CURVE_WITH_KNOTS('',2,(#5255,#5256,#5257),
  .UNSPECIFIED.,.F.,.F.,(3,3),(0.,1.),.PIECEWISE_BEZIER_KNOTS.);
#5255 = CARTESIAN_POINT('',(45.05881104034,52.9983014862,51.4));
#5256 = CARTESIAN_POINT('',(45.05881104034,52.175583864119,51.4));
#5257 = CARTESIAN_POINT('',(45.14161358811,51.867728237792,51.4));
#5258 = ORIENTED_EDGE('',*,*,#5259,.T.);
#5259 = EDGE_CURVE('',#5252,#5260,#5262,.T.);
#5260 = VERTEX_POINT('',#5261);
#5261 = CARTESIAN_POINT('',(45.350106157113,51.457749469214,51.4));
#5262 = B_SPLINE_CURVE_WITH_KNOTS('',2,(#5263,#5264,#5265),
  .UNSPECIFIED.,.F.,.F.,(3,3),(0.,1.),.PIECEWISE_BEZIER_KNOTS.);
#5263 = CARTESIAN_POINT('',(45.14161358811,51.867728237792,51.4));
#5264 = CARTESIAN_POINT('',(45.224416135881,51.559872611465,51.4));
#5265 = CARTESIAN_POINT('',(45.350106157113,51.457749469214,51.4));
#5266 = ORIENTED_EDGE('',*,*,#5267,.T.);
#5267 = EDGE_CURVE('',#5260,#5268,#5270,.T.);
#5268 = VERTEX_POINT('',#5269);
#5269 = CARTESIAN_POINT('',(45.638428874735,51.355838641189,51.4));
#5270 = B_SPLINE_CURVE_WITH_KNOTS('',2,(#5271,#5272,#5273),
  .UNSPECIFIED.,.F.,.F.,(3,3),(0.,1.),.PIECEWISE_BEZIER_KNOTS.);
#5271 = CARTESIAN_POINT('',(45.350106157113,51.457749469214,51.4));
#5272 = CARTESIAN_POINT('',(45.476008492569,51.355838641189,51.4));
#5273 = CARTESIAN_POINT('',(45.638428874735,51.355838641189,51.4));
#5274 = ORIENTED_EDGE('',*,*,#5275,.T.);
#5275 = EDGE_CURVE('',#5268,#5276,#5278,.T.);
#5276 = VERTEX_POINT('',#5277);
#5277 = CARTESIAN_POINT('',(45.928237791932,51.459447983015,51.4));
#5278 = B_SPLINE_CURVE_WITH_KNOTS('',2,(#5279,#5280,#5281),
  .UNSPECIFIED.,.F.,.F.,(3,3),(0.,1.),.PIECEWISE_BEZIER_KNOTS.);
#5279 = CARTESIAN_POINT('',(45.638428874735,51.355838641189,51.4));
#5280 = CARTESIAN_POINT('',(45.8008492569,51.355838641189,51.4));
#5281 = CARTESIAN_POINT('',(45.928237791932,51.459447983015,51.4));
#5282 = ORIENTED_EDGE('',*,*,#5283,.T.);
#5283 = EDGE_CURVE('',#5276,#5284,#5286,.T.);
#5284 = VERTEX_POINT('',#5285);
#5285 = CARTESIAN_POINT('',(46.125690021231,51.830997876858,51.4));
#5286 = B_SPLINE_CURVE_WITH_KNOTS('',2,(#5287,#5288,#5289),
  .UNSPECIFIED.,.F.,.F.,(3,3),(0.,1.),.PIECEWISE_BEZIER_KNOTS.);
#5287 = CARTESIAN_POINT('',(45.928237791932,51.459447983015,51.4));
#5288 = CARTESIAN_POINT('',(46.055626326964,51.563057324841,51.4));
#5289 = CARTESIAN_POINT('',(46.125690021231,51.830997876858,51.4));
#5290 = ORIENTED_EDGE('',*,*,#5291,.T.);
#5291 = EDGE_CURVE('',#5284,#5292,#5294,.T.);
#5292 = VERTEX_POINT('',#5293);
#5293 = CARTESIAN_POINT('',(46.21804670913,52.9983014862,51.4));
#5294 = B_SPLINE_CURVE_WITH_KNOTS('',2,(#5295,#5296,#5297),
  .UNSPECIFIED.,.F.,.F.,(3,3),(0.,1.),.PIECEWISE_BEZIER_KNOTS.);
#5295 = CARTESIAN_POINT('',(46.125690021231,51.830997876858,51.4));
#5296 = CARTESIAN_POINT('',(46.21804670913,52.175583864119,51.4));
#5297 = CARTESIAN_POINT('',(46.21804670913,52.9983014862,51.4));
#5298 = ORIENTED_EDGE('',*,*,#5299,.T.);
#5299 = EDGE_CURVE('',#5292,#5300,#5302,.T.);
#5300 = VERTEX_POINT('',#5301);
#5301 = CARTESIAN_POINT('',(46.135244161359,54.129087048832,51.4));
#5302 = B_SPLINE_CURVE_WITH_KNOTS('',2,(#5303,#5304,#5305),
  .UNSPECIFIED.,.F.,.F.,(3,3),(0.,1.),.PIECEWISE_BEZIER_KNOTS.);
#5303 = CARTESIAN_POINT('',(46.21804670913,52.9983014862,51.4));
#5304 = CARTESIAN_POINT('',(46.21804670913,53.821231422505,51.4));
#5305 = CARTESIAN_POINT('',(46.135244161359,54.129087048832,51.4));
#5306 = ORIENTED_EDGE('',*,*,#5307,.T.);
#5307 = EDGE_CURVE('',#5300,#5308,#5310,.T.);
#5308 = VERTEX_POINT('',#5309);
#5309 = CARTESIAN_POINT('',(45.926539278132,54.540552016985,51.4));
#5310 = B_SPLINE_CURVE_WITH_KNOTS('',2,(#5311,#5312,#5313),
  .UNSPECIFIED.,.F.,.F.,(3,3),(0.,1.),.PIECEWISE_BEZIER_KNOTS.);
#5311 = CARTESIAN_POINT('',(46.135244161359,54.129087048832,51.4));
#5312 = CARTESIAN_POINT('',(46.052441613588,54.436942675159,51.4));
#5313 = CARTESIAN_POINT('',(45.926539278132,54.540552016985,51.4));
#5314 = ORIENTED_EDGE('',*,*,#5315,.T.);
#5315 = EDGE_CURVE('',#5308,#5226,#5316,.T.);
#5316 = B_SPLINE_CURVE_WITH_KNOTS('',2,(#5317,#5318,#5319),
  .UNSPECIFIED.,.F.,.F.,(3,3),(0.,1.),.PIECEWISE_BEZIER_KNOTS.);
#5317 = CARTESIAN_POINT('',(45.926539278132,54.540552016985,51.4));
#5318 = CARTESIAN_POINT('',(45.8008492569,54.644161358811,51.4));
#5319 = CARTESIAN_POINT('',(45.638428874735,54.644161358811,51.4));
#5320 = PLANE('',#5321);
#5321 = AXIS2_PLACEMENT_3D('',#5322,#5323,#5324);
#5322 = CARTESIAN_POINT('',(45.637475918387,52.999696894213,51.4));
#5323 = DIRECTION('',(0.,0.,1.));
#5324 = DIRECTION('',(1.,0.,-0.));
#5325 = ADVANCED_FACE('',(#5326),#5335,.T.);
#5326 = FACE_BOUND('',#5327,.F.);
#5327 = EDGE_LOOP('',(#5328,#5329,#5330,#5331,#5332,#5333,#5334));
#5328 = ORIENTED_EDGE('',*,*,#2839,.T.);
#5329 = ORIENTED_EDGE('',*,*,#2822,.T.);
#5330 = ORIENTED_EDGE('',*,*,#2798,.T.);
#5331 = ORIENTED_EDGE('',*,*,#2774,.T.);
#5332 = ORIENTED_EDGE('',*,*,#2750,.T.);
#5333 = ORIENTED_EDGE('',*,*,#2726,.T.);
#5334 = ORIENTED_EDGE('',*,*,#2695,.T.);
#5335 = PLANE('',#5336);
#5336 = AXIS2_PLACEMENT_3D('',#5337,#5338,#5339);
#5337 = CARTESIAN_POINT('',(51.459687088971,53.362433100405,51.4));
#5338 = DIRECTION('',(0.,0.,1.));
#5339 = DIRECTION('',(1.,0.,-0.));
#5340 = ADVANCED_FACE('',(#5341,#5344),#5355,.T.);
#5341 = FACE_BOUND('',#5342,.T.);
#5342 = EDGE_LOOP('',(#5343));
#5343 = ORIENTED_EDGE('',*,*,#2959,.T.);
#5344 = FACE_BOUND('',#5345,.T.);
#5345 = EDGE_LOOP('',(#5346));
#5346 = ORIENTED_EDGE('',*,*,#5347,.F.);
#5347 = EDGE_CURVE('',#5348,#5348,#5350,.T.);
#5348 = VERTEX_POINT('',#5349);
#5349 = CARTESIAN_POINT('',(102.1,6.4,49.));
#5350 = CIRCLE('',#5351,1.7);
#5351 = AXIS2_PLACEMENT_3D('',#5352,#5353,#5354);
#5352 = CARTESIAN_POINT('',(100.4,6.4,49.));
#5353 = DIRECTION('',(0.,0.,1.));
#5354 = DIRECTION('',(1.,0.,-0.));
#5355 = PLANE('',#5356);
#5356 = AXIS2_PLACEMENT_3D('',#5357,#5358,#5359);
#5357 = CARTESIAN_POINT('',(100.4,6.4,49.));
#5358 = DIRECTION('',(0.,0.,1.));
#5359 = DIRECTION('',(1.,0.,-0.));
#5360 = ADVANCED_FACE('',(#5361),#5372,.F.);
#5361 = FACE_BOUND('',#5362,.T.);
#5362 = EDGE_LOOP('',(#5363,#5364,#5370,#5371));
#5363 = ORIENTED_EDGE('',*,*,#4471,.T.);
#5364 = ORIENTED_EDGE('',*,*,#5365,.F.);
#5365 = EDGE_CURVE('',#2970,#4472,#5366,.T.);
#5366 = LINE('',#5367,#5368);
#5367 = CARTESIAN_POINT('',(102.89411254969,124.6,49.1));
#5368 = VECTOR('',#5369,1.);
#5369 = DIRECTION('',(0.,1.,0.));
#5370 = ORIENTED_EDGE('',*,*,#2969,.T.);
#5371 = ORIENTED_EDGE('',*,*,#4530,.F.);
#5372 = PLANE('',#5373);
#5373 = AXIS2_PLACEMENT_3D('',#5374,#5375,#5376);
#5374 = CARTESIAN_POINT('',(103.39705627484,126.8,48.597056274848));
#5375 = DIRECTION('',(0.707106781187,0.,0.707106781187));
#5376 = DIRECTION('',(-0.,1.,-0.));
#5377 = ADVANCED_FACE('',(#5378),#5393,.T.);
#5378 = FACE_BOUND('',#5379,.F.);
#5379 = EDGE_LOOP('',(#5380,#5381,#5382,#5383,#5384,#5385,#5386,#5387,
    #5388,#5389,#5390,#5391,#5392));
#5380 = ORIENTED_EDGE('',*,*,#3353,.T.);
#5381 = ORIENTED_EDGE('',*,*,#3336,.T.);
#5382 = ORIENTED_EDGE('',*,*,#3312,.T.);
#5383 = ORIENTED_EDGE('',*,*,#3288,.T.);
#5384 = ORIENTED_EDGE('',*,*,#3264,.T.);
#5385 = ORIENTED_EDGE('',*,*,#3240,.T.);
#5386 = ORIENTED_EDGE('',*,*,#3216,.T.);
#5387 = ORIENTED_EDGE('',*,*,#3192,.T.);
#5388 = ORIENTED_EDGE('',*,*,#3168,.T.);
#5389 = ORIENTED_EDGE('',*,*,#3144,.T.);
#5390 = ORIENTED_EDGE('',*,*,#3120,.T.);
#5391 = ORIENTED_EDGE('',*,*,#3096,.T.);
#5392 = ORIENTED_EDGE('',*,*,#3065,.T.);
#5393 = PLANE('',#5394);
#5394 = AXIS2_PLACEMENT_3D('',#5395,#5396,#5397);
#5395 = CARTESIAN_POINT('',(58.155842254159,52.968118630547,51.4));
#5396 = DIRECTION('',(0.,0.,1.));
#5397 = DIRECTION('',(1.,0.,-0.));
#5398 = ADVANCED_FACE('',(#5399,#5409),#5435,.T.);
#5399 = FACE_BOUND('',#5400,.F.);
#5400 = EDGE_LOOP('',(#5401,#5402,#5403,#5404,#5405,#5406,#5407,#5408));
#5401 = ORIENTED_EDGE('',*,*,#3545,.T.);
#5402 = ORIENTED_EDGE('',*,*,#3528,.T.);
#5403 = ORIENTED_EDGE('',*,*,#3504,.T.);
#5404 = ORIENTED_EDGE('',*,*,#3480,.T.);
#5405 = ORIENTED_EDGE('',*,*,#3456,.T.);
#5406 = ORIENTED_EDGE('',*,*,#3432,.T.);
#5407 = ORIENTED_EDGE('',*,*,#3408,.T.);
#5408 = ORIENTED_EDGE('',*,*,#3377,.T.);
#5409 = FACE_BOUND('',#5410,.F.);
#5410 = EDGE_LOOP('',(#5411,#5421,#5429));
#5411 = ORIENTED_EDGE('',*,*,#5412,.T.);
#5412 = EDGE_CURVE('',#5413,#5415,#5417,.T.);
#5413 = VERTEX_POINT('',#5414);
#5414 = CARTESIAN_POINT('',(63.823566878981,52.538004246285,51.4));
#5415 = VERTEX_POINT('',#5416);
#5416 = CARTESIAN_POINT('',(63.18025477707,54.277282377919,51.4));
#5417 = LINE('',#5418,#5419);
#5418 = CARTESIAN_POINT('',(63.823566878981,52.538004246285,51.4));
#5419 = VECTOR('',#5420,1.);
#5420 = DIRECTION('',(-0.34690414798,0.937900587543,0.));
#5421 = ORIENTED_EDGE('',*,*,#5422,.T.);
#5422 = EDGE_CURVE('',#5415,#5423,#5425,.T.);
#5423 = VERTEX_POINT('',#5424);
#5424 = CARTESIAN_POINT('',(62.549681528662,52.538004246285,51.4));
#5425 = LINE('',#5426,#5427);
#5426 = CARTESIAN_POINT('',(63.18025477707,54.277282377919,51.4));
#5427 = VECTOR('',#5428,1.);
#5428 = DIRECTION('',(-0.340839896143,-0.940121356633,0.));
#5429 = ORIENTED_EDGE('',*,*,#5430,.T.);
#5430 = EDGE_CURVE('',#5423,#5413,#5431,.T.);
#5431 = LINE('',#5432,#5433);
#5432 = CARTESIAN_POINT('',(62.549681528662,52.538004246285,51.4));
#5433 = VECTOR('',#5434,1.);
#5434 = DIRECTION('',(1.,0.,0.));
#5435 = PLANE('',#5436);
#5436 = AXIS2_PLACEMENT_3D('',#5437,#5438,#5439);
#5437 = CARTESIAN_POINT('',(63.20194698702,52.662349921944,51.4));
#5438 = DIRECTION('',(0.,0.,1.));
#5439 = DIRECTION('',(1.,0.,-0.));
#5440 = ADVANCED_FACE('',(#5441),#5455,.T.);
#5441 = FACE_BOUND('',#5442,.F.);
#5442 = EDGE_LOOP('',(#5443,#5444,#5445,#5446,#5447,#5448,#5449,#5450,
    #5451,#5452,#5453,#5454));
#5443 = ORIENTED_EDGE('',*,*,#3833,.T.);
#5444 = ORIENTED_EDGE('',*,*,#3816,.T.);
#5445 = ORIENTED_EDGE('',*,*,#3792,.T.);
#5446 = ORIENTED_EDGE('',*,*,#3768,.T.);
#5447 = ORIENTED_EDGE('',*,*,#3744,.T.);
#5448 = ORIENTED_EDGE('',*,*,#3720,.T.);
#5449 = ORIENTED_EDGE('',*,*,#3696,.T.);
#5450 = ORIENTED_EDGE('',*,*,#3672,.T.);
#5451 = ORIENTED_EDGE('',*,*,#3648,.T.);
#5452 = ORIENTED_EDGE('',*,*,#3624,.T.);
#5453 = ORIENTED_EDGE('',*,*,#3600,.T.);
#5454 = ORIENTED_EDGE('',*,*,#3569,.T.);
#5455 = PLANE('',#5456);
#5456 = AXIS2_PLACEMENT_3D('',#5457,#5458,#5459);
#5457 = CARTESIAN_POINT('',(67.761676125331,53.003131348412,51.4));
#5458 = DIRECTION('',(0.,0.,1.));
#5459 = DIRECTION('',(1.,0.,-0.));
#5460 = ADVANCED_FACE('',(#5461),#5479,.F.);
#5461 = FACE_BOUND('',#5462,.T.);
#5462 = EDGE_LOOP('',(#5463,#5471,#5477,#5478));
#5463 = ORIENTED_EDGE('',*,*,#5464,.F.);
#5464 = EDGE_CURVE('',#5465,#4546,#5467,.T.);
#5465 = VERTEX_POINT('',#5466);
#5466 = CARTESIAN_POINT('',(6.,128.89411254969,49.1));
#5467 = LINE('',#5468,#5469);
#5468 = CARTESIAN_POINT('',(6.,130.4,47.594112549695));
#5469 = VECTOR('',#5470,1.);
#5470 = DIRECTION('',(4.329780281177E-17,-0.707106781187,0.707106781187)
  );
#5471 = ORIENTED_EDGE('',*,*,#5472,.F.);
#5472 = EDGE_CURVE('',#3919,#5465,#5473,.T.);
#5473 = LINE('',#5474,#5475);
#5474 = CARTESIAN_POINT('',(4.3,128.89411254969,49.1));
#5475 = VECTOR('',#5476,1.);
#5476 = DIRECTION('',(-1.,0.,0.));
#5477 = ORIENTED_EDGE('',*,*,#3927,.T.);
#5478 = ORIENTED_EDGE('',*,*,#4545,.F.);
#5479 = PLANE('',#5480);
#5480 = AXIS2_PLACEMENT_3D('',#5481,#5482,#5483);
#5481 = CARTESIAN_POINT('',(6.,129.39705627484,48.597056274848));
#5482 = DIRECTION('',(0.,0.707106781187,0.707106781187));
#5483 = DIRECTION('',(-1.,-0.,0.));
#5484 = ADVANCED_FACE('',(#5485,#5488),#5499,.T.);
#5485 = FACE_BOUND('',#5486,.T.);
#5486 = EDGE_LOOP('',(#5487));
#5487 = ORIENTED_EDGE('',*,*,#3901,.T.);
#5488 = FACE_BOUND('',#5489,.T.);
#5489 = EDGE_LOOP('',(#5490));
#5490 = ORIENTED_EDGE('',*,*,#5491,.F.);
#5491 = EDGE_CURVE('',#5492,#5492,#5494,.T.);
#5492 = VERTEX_POINT('',#5493);
#5493 = CARTESIAN_POINT('',(21.7,126.4,49.));
#5494 = CIRCLE('',#5495,1.7);
#5495 = AXIS2_PLACEMENT_3D('',#5496,#5497,#5498);
#5496 = CARTESIAN_POINT('',(20.,126.4,49.));
#5497 = DIRECTION('',(0.,0.,1.));
#5498 = DIRECTION('',(1.,0.,-0.));
#5499 = PLANE('',#5500);
#5500 = AXIS2_PLACEMENT_3D('',#5501,#5502,#5503);
#5501 = CARTESIAN_POINT('',(20.,126.4,49.));
#5502 = DIRECTION('',(0.,0.,1.));
#5503 = DIRECTION('',(1.,0.,-0.));
#5504 = ADVANCED_FACE('',(#5505),#5516,.F.);
#5505 = FACE_BOUND('',#5506,.T.);
#5506 = EDGE_LOOP('',(#5507,#5508,#5509,#5515));
#5507 = ORIENTED_EDGE('',*,*,#4537,.F.);
#5508 = ORIENTED_EDGE('',*,*,#3866,.T.);
#5509 = ORIENTED_EDGE('',*,*,#5510,.F.);
#5510 = EDGE_CURVE('',#4452,#3867,#5511,.T.);
#5511 = LINE('',#5512,#5513);
#5512 = CARTESIAN_POINT('',(11.,128.89411254969,49.1));
#5513 = VECTOR('',#5514,1.);
#5514 = DIRECTION('',(-1.,0.,0.));
#5515 = ORIENTED_EDGE('',*,*,#4451,.T.);
#5516 = PLANE('',#5517);
#5517 = AXIS2_PLACEMENT_3D('',#5518,#5519,#5520);
#5518 = CARTESIAN_POINT('',(6.,129.39705627484,48.597056274848));
#5519 = DIRECTION('',(0.,0.707106781187,0.707106781187));
#5520 = DIRECTION('',(-1.,-0.,0.));
#5521 = ADVANCED_FACE('',(#5522,#5525),#5536,.T.);
#5522 = FACE_BOUND('',#5523,.T.);
#5523 = EDGE_LOOP('',(#5524));
#5524 = ORIENTED_EDGE('',*,*,#4441,.T.);
#5525 = FACE_BOUND('',#5526,.T.);
#5526 = EDGE_LOOP('',(#5527));
#5527 = ORIENTED_EDGE('',*,*,#5528,.F.);
#5528 = EDGE_CURVE('',#5529,#5529,#5531,.T.);
#5529 = VERTEX_POINT('',#5530);
#5530 = CARTESIAN_POINT('',(102.1,126.4,49.));
#5531 = CIRCLE('',#5532,1.7);
#5532 = AXIS2_PLACEMENT_3D('',#5533,#5534,#5535);
#5533 = CARTESIAN_POINT('',(100.4,126.4,49.));
#5534 = DIRECTION('',(0.,0.,1.));
#5535 = DIRECTION('',(1.,0.,-0.));
#5536 = PLANE('',#5537);
#5537 = AXIS2_PLACEMENT_3D('',#5538,#5539,#5540);
#5538 = CARTESIAN_POINT('',(100.4,126.4,49.));
#5539 = DIRECTION('',(0.,0.,1.));
#5540 = DIRECTION('',(1.,0.,-0.));
#5541 = ADVANCED_FACE('',(#5542),#5554,.F.);
#5542 = FACE_BOUND('',#5543,.T.);
#5543 = EDGE_LOOP('',(#5544,#5545,#5552,#5553));
#5544 = ORIENTED_EDGE('',*,*,#4996,.F.);
#5545 = ORIENTED_EDGE('',*,*,#5546,.F.);
#5546 = EDGE_CURVE('',#5465,#4989,#5547,.T.);
#5547 = CIRCLE('',#5548,2.094112549695);
#5548 = AXIS2_PLACEMENT_3D('',#5549,#5550,#5551);
#5549 = CARTESIAN_POINT('',(6.,126.8,49.1));
#5550 = DIRECTION('',(0.,0.,1.));
#5551 = DIRECTION('',(-1.,0.,0.));
#5552 = ORIENTED_EDGE('',*,*,#5464,.T.);
#5553 = ORIENTED_EDGE('',*,*,#4553,.F.);
#5554 = CONICAL_SURFACE('',#5555,3.6,0.785398163397);
#5555 = AXIS2_PLACEMENT_3D('',#5556,#5557,#5558);
#5556 = CARTESIAN_POINT('',(6.,126.8,47.594112549695));
#5557 = DIRECTION('',(-0.,-0.,-1.));
#5558 = DIRECTION('',(-1.,0.,0.));
#5559 = ADVANCED_FACE('',(#5560),#5585,.F.);
#5560 = FACE_BOUND('',#5561,.F.);
#5561 = EDGE_LOOP('',(#5562,#5570,#5578,#5584));
#5562 = ORIENTED_EDGE('',*,*,#5563,.F.);
#5563 = EDGE_CURVE('',#5564,#4575,#5566,.T.);
#5564 = VERTEX_POINT('',#5565);
#5565 = CARTESIAN_POINT('',(49.2,97.9,45.4));
#5566 = LINE('',#5567,#5568);
#5567 = CARTESIAN_POINT('',(49.2,97.9,45.4));
#5568 = VECTOR('',#5569,1.);
#5569 = DIRECTION('',(0.,0.,1.));
#5570 = ORIENTED_EDGE('',*,*,#5571,.F.);
#5571 = EDGE_CURVE('',#5572,#5564,#5574,.T.);
#5572 = VERTEX_POINT('',#5573);
#5573 = CARTESIAN_POINT('',(41.6,97.9,45.4));
#5574 = LINE('',#5575,#5576);
#5575 = CARTESIAN_POINT('',(41.6,97.9,45.4));
#5576 = VECTOR('',#5577,1.);
#5577 = DIRECTION('',(1.,0.,-0.));
#5578 = ORIENTED_EDGE('',*,*,#5579,.T.);
#5579 = EDGE_CURVE('',#5572,#4577,#5580,.T.);
#5580 = LINE('',#5581,#5582);
#5581 = CARTESIAN_POINT('',(41.6,97.9,45.4));
#5582 = VECTOR('',#5583,1.);
#5583 = DIRECTION('',(0.,0.,1.));
#5584 = ORIENTED_EDGE('',*,*,#4574,.F.);
#5585 = PLANE('',#5586);
#5586 = AXIS2_PLACEMENT_3D('',#5587,#5588,#5589);
#5587 = CARTESIAN_POINT('',(41.6,97.9,45.4));
#5588 = DIRECTION('',(-0.,1.,0.));
#5589 = DIRECTION('',(0.,0.,1.));
#5590 = ADVANCED_FACE('',(#5591),#5616,.T.);
#5591 = FACE_BOUND('',#5592,.T.);
#5592 = EDGE_LOOP('',(#5593,#5603,#5609,#5610));
#5593 = ORIENTED_EDGE('',*,*,#5594,.F.);
#5594 = EDGE_CURVE('',#5595,#5597,#5599,.T.);
#5595 = VERTEX_POINT('',#5596);
#5596 = CARTESIAN_POINT('',(41.6,99.1,46.6));
#5597 = VERTEX_POINT('',#5598);
#5598 = CARTESIAN_POINT('',(49.2,99.1,46.6));
#5599 = LINE('',#5600,#5601);
#5600 = CARTESIAN_POINT('',(41.6,99.1,46.6));
#5601 = VECTOR('',#5602,1.);
#5602 = DIRECTION('',(1.,0.,-0.));
#5603 = ORIENTED_EDGE('',*,*,#5604,.T.);
#5604 = EDGE_CURVE('',#5595,#4585,#5605,.T.);
#5605 = LINE('',#5606,#5607);
#5606 = CARTESIAN_POINT('',(41.6,99.1,45.4));
#5607 = VECTOR('',#5608,1.);
#5608 = DIRECTION('',(0.,0.,1.));
#5609 = ORIENTED_EDGE('',*,*,#4592,.F.);
#5610 = ORIENTED_EDGE('',*,*,#5611,.F.);
#5611 = EDGE_CURVE('',#5597,#4593,#5612,.T.);
#5612 = LINE('',#5613,#5614);
#5613 = CARTESIAN_POINT('',(49.2,99.1,45.4));
#5614 = VECTOR('',#5615,1.);
#5615 = DIRECTION('',(0.,0.,1.));
#5616 = PLANE('',#5617);
#5617 = AXIS2_PLACEMENT_3D('',#5618,#5619,#5620);
#5618 = CARTESIAN_POINT('',(41.6,99.1,45.4));
#5619 = DIRECTION('',(-0.,1.,0.));
#5620 = DIRECTION('',(0.,0.,1.));
#5621 = ADVANCED_FACE('',(#5622),#5647,.F.);
#5622 = FACE_BOUND('',#5623,.F.);
#5623 = EDGE_LOOP('',(#5624,#5632,#5640,#5646));
#5624 = ORIENTED_EDGE('',*,*,#5625,.F.);
#5625 = EDGE_CURVE('',#5626,#4609,#5628,.T.);
#5626 = VERTEX_POINT('',#5627);
#5627 = CARTESIAN_POINT('',(60.2,97.9,45.4));
#5628 = LINE('',#5629,#5630);
#5629 = CARTESIAN_POINT('',(60.2,97.9,45.4));
#5630 = VECTOR('',#5631,1.);
#5631 = DIRECTION('',(0.,0.,1.));
#5632 = ORIENTED_EDGE('',*,*,#5633,.F.);
#5633 = EDGE_CURVE('',#5634,#5626,#5636,.T.);
#5634 = VERTEX_POINT('',#5635);
#5635 = CARTESIAN_POINT('',(52.6,97.9,45.4));
#5636 = LINE('',#5637,#5638);
#5637 = CARTESIAN_POINT('',(52.6,97.9,45.4));
#5638 = VECTOR('',#5639,1.);
#5639 = DIRECTION('',(1.,0.,-0.));
#5640 = ORIENTED_EDGE('',*,*,#5641,.T.);
#5641 = EDGE_CURVE('',#5634,#4611,#5642,.T.);
#5642 = LINE('',#5643,#5644);
#5643 = CARTESIAN_POINT('',(52.6,97.9,45.4));
#5644 = VECTOR('',#5645,1.);
#5645 = DIRECTION('',(0.,0.,1.));
#5646 = ORIENTED_EDGE('',*,*,#4608,.F.);
#5647 = PLANE('',#5648);
#5648 = AXIS2_PLACEMENT_3D('',#5649,#5650,#5651);
#5649 = CARTESIAN_POINT('',(52.6,97.9,45.4));
#5650 = DIRECTION('',(-0.,1.,0.));
#5651 = DIRECTION('',(0.,0.,1.));
#5652 = ADVANCED_FACE('',(#5653),#5678,.T.);
#5653 = FACE_BOUND('',#5654,.T.);
#5654 = EDGE_LOOP('',(#5655,#5665,#5671,#5672));
#5655 = ORIENTED_EDGE('',*,*,#5656,.F.);
#5656 = EDGE_CURVE('',#5657,#5659,#5661,.T.);
#5657 = VERTEX_POINT('',#5658);
#5658 = CARTESIAN_POINT('',(52.6,99.1,46.6));
#5659 = VERTEX_POINT('',#5660);
#5660 = CARTESIAN_POINT('',(60.2,99.1,46.6));
#5661 = LINE('',#5662,#5663);
#5662 = CARTESIAN_POINT('',(52.6,99.1,46.6));
#5663 = VECTOR('',#5664,1.);
#5664 = DIRECTION('',(1.,0.,-0.));
#5665 = ORIENTED_EDGE('',*,*,#5666,.T.);
#5666 = EDGE_CURVE('',#5657,#4619,#5667,.T.);
#5667 = LINE('',#5668,#5669);
#5668 = CARTESIAN_POINT('',(52.6,99.1,45.4));
#5669 = VECTOR('',#5670,1.);
#5670 = DIRECTION('',(0.,0.,1.));
#5671 = ORIENTED_EDGE('',*,*,#4626,.F.);
#5672 = ORIENTED_EDGE('',*,*,#5673,.F.);
#5673 = EDGE_CURVE('',#5659,#4627,#5674,.T.);
#5674 = LINE('',#5675,#5676);
#5675 = CARTESIAN_POINT('',(60.2,99.1,45.4));
#5676 = VECTOR('',#5677,1.);
#5677 = DIRECTION('',(0.,0.,1.));
#5678 = PLANE('',#5679);
#5679 = AXIS2_PLACEMENT_3D('',#5680,#5681,#5682);
#5680 = CARTESIAN_POINT('',(52.6,99.1,45.4));
#5681 = DIRECTION('',(-0.,1.,0.));
#5682 = DIRECTION('',(0.,0.,1.));
#5683 = ADVANCED_FACE('',(#5684),#5709,.F.);
#5684 = FACE_BOUND('',#5685,.F.);
#5685 = EDGE_LOOP('',(#5686,#5696,#5702,#5703));
#5686 = ORIENTED_EDGE('',*,*,#5687,.F.);
#5687 = EDGE_CURVE('',#5688,#5690,#5692,.T.);
#5688 = VERTEX_POINT('',#5689);
#5689 = CARTESIAN_POINT('',(41.6,121.7,46.6));
#5690 = VERTEX_POINT('',#5691);
#5691 = CARTESIAN_POINT('',(49.2,121.7,46.6));
#5692 = LINE('',#5693,#5694);
#5693 = CARTESIAN_POINT('',(41.6,121.7,46.6));
#5694 = VECTOR('',#5695,1.);
#5695 = DIRECTION('',(1.,0.,-0.));
#5696 = ORIENTED_EDGE('',*,*,#5697,.T.);
#5697 = EDGE_CURVE('',#5688,#4651,#5698,.T.);
#5698 = LINE('',#5699,#5700);
#5699 = CARTESIAN_POINT('',(41.6,121.7,45.4));
#5700 = VECTOR('',#5701,1.);
#5701 = DIRECTION('',(0.,0.,1.));
#5702 = ORIENTED_EDGE('',*,*,#4648,.F.);
#5703 = ORIENTED_EDGE('',*,*,#5704,.F.);
#5704 = EDGE_CURVE('',#5690,#4649,#5705,.T.);
#5705 = LINE('',#5706,#5707);
#5706 = CARTESIAN_POINT('',(49.2,121.7,45.4));
#5707 = VECTOR('',#5708,1.);
#5708 = DIRECTION('',(0.,0.,1.));
#5709 = PLANE('',#5710);
#5710 = AXIS2_PLACEMENT_3D('',#5711,#5712,#5713);
#5711 = CARTESIAN_POINT('',(41.6,121.7,45.4));
#5712 = DIRECTION('',(-0.,1.,0.));
#5713 = DIRECTION('',(0.,0.,1.));
#5714 = ADVANCED_FACE('',(#5715),#5740,.T.);
#5715 = FACE_BOUND('',#5716,.T.);
#5716 = EDGE_LOOP('',(#5717,#5725,#5733,#5739));
#5717 = ORIENTED_EDGE('',*,*,#5718,.F.);
#5718 = EDGE_CURVE('',#5719,#4667,#5721,.T.);
#5719 = VERTEX_POINT('',#5720);
#5720 = CARTESIAN_POINT('',(49.2,122.9,45.4));
#5721 = LINE('',#5722,#5723);
#5722 = CARTESIAN_POINT('',(49.2,122.9,45.4));
#5723 = VECTOR('',#5724,1.);
#5724 = DIRECTION('',(0.,0.,1.));
#5725 = ORIENTED_EDGE('',*,*,#5726,.F.);
#5726 = EDGE_CURVE('',#5727,#5719,#5729,.T.);
#5727 = VERTEX_POINT('',#5728);
#5728 = CARTESIAN_POINT('',(41.6,122.9,45.4));
#5729 = LINE('',#5730,#5731);
#5730 = CARTESIAN_POINT('',(41.6,122.9,45.4));
#5731 = VECTOR('',#5732,1.);
#5732 = DIRECTION('',(1.,0.,-0.));
#5733 = ORIENTED_EDGE('',*,*,#5734,.T.);
#5734 = EDGE_CURVE('',#5727,#4659,#5735,.T.);
#5735 = LINE('',#5736,#5737);
#5736 = CARTESIAN_POINT('',(41.6,122.9,45.4));
#5737 = VECTOR('',#5738,1.);
#5738 = DIRECTION('',(0.,0.,1.));
#5739 = ORIENTED_EDGE('',*,*,#4666,.F.);
#5740 = PLANE('',#5741);
#5741 = AXIS2_PLACEMENT_3D('',#5742,#5743,#5744);
#5742 = CARTESIAN_POINT('',(41.6,122.9,45.4));
#5743 = DIRECTION('',(-0.,1.,0.));
#5744 = DIRECTION('',(0.,0.,1.));
#5745 = ADVANCED_FACE('',(#5746),#5771,.F.);
#5746 = FACE_BOUND('',#5747,.F.);
#5747 = EDGE_LOOP('',(#5748,#5758,#5764,#5765));
#5748 = ORIENTED_EDGE('',*,*,#5749,.F.);
#5749 = EDGE_CURVE('',#5750,#5752,#5754,.T.);
#5750 = VERTEX_POINT('',#5751);
#5751 = CARTESIAN_POINT('',(52.6,121.7,46.6));
#5752 = VERTEX_POINT('',#5753);
#5753 = CARTESIAN_POINT('',(60.2,121.7,46.6));
#5754 = LINE('',#5755,#5756);
#5755 = CARTESIAN_POINT('',(52.6,121.7,46.6));
#5756 = VECTOR('',#5757,1.);
#5757 = DIRECTION('',(1.,0.,-0.));
#5758 = ORIENTED_EDGE('',*,*,#5759,.T.);
#5759 = EDGE_CURVE('',#5750,#4691,#5760,.T.);
#5760 = LINE('',#5761,#5762);
#5761 = CARTESIAN_POINT('',(52.6,121.7,45.4));
#5762 = VECTOR('',#5763,1.);
#5763 = DIRECTION('',(0.,0.,1.));
#5764 = ORIENTED_EDGE('',*,*,#4688,.F.);
#5765 = ORIENTED_EDGE('',*,*,#5766,.F.);
#5766 = EDGE_CURVE('',#5752,#4689,#5767,.T.);
#5767 = LINE('',#5768,#5769);
#5768 = CARTESIAN_POINT('',(60.2,121.7,45.4));
#5769 = VECTOR('',#5770,1.);
#5770 = DIRECTION('',(0.,0.,1.));
#5771 = PLANE('',#5772);
#5772 = AXIS2_PLACEMENT_3D('',#5773,#5774,#5775);
#5773 = CARTESIAN_POINT('',(52.6,121.7,45.4));
#5774 = DIRECTION('',(-0.,1.,0.));
#5775 = DIRECTION('',(0.,0.,1.));
#5776 = ADVANCED_FACE('',(#5777),#5802,.T.);
#5777 = FACE_BOUND('',#5778,.T.);
#5778 = EDGE_LOOP('',(#5779,#5787,#5795,#5801));
#5779 = ORIENTED_EDGE('',*,*,#5780,.F.);
#5780 = EDGE_CURVE('',#5781,#4707,#5783,.T.);
#5781 = VERTEX_POINT('',#5782);
#5782 = CARTESIAN_POINT('',(60.2,122.9,45.4));
#5783 = LINE('',#5784,#5785);
#5784 = CARTESIAN_POINT('',(60.2,122.9,45.4));
#5785 = VECTOR('',#5786,1.);
#5786 = DIRECTION('',(0.,0.,1.));
#5787 = ORIENTED_EDGE('',*,*,#5788,.F.);
#5788 = EDGE_CURVE('',#5789,#5781,#5791,.T.);
#5789 = VERTEX_POINT('',#5790);
#5790 = CARTESIAN_POINT('',(52.6,122.9,45.4));
#5791 = LINE('',#5792,#5793);
#5792 = CARTESIAN_POINT('',(52.6,122.9,45.4));
#5793 = VECTOR('',#5794,1.);
#5794 = DIRECTION('',(1.,0.,-0.));
#5795 = ORIENTED_EDGE('',*,*,#5796,.T.);
#5796 = EDGE_CURVE('',#5789,#4699,#5797,.T.);
#5797 = LINE('',#5798,#5799);
#5798 = CARTESIAN_POINT('',(52.6,122.9,45.4));
#5799 = VECTOR('',#5800,1.);
#5800 = DIRECTION('',(0.,0.,1.));
#5801 = ORIENTED_EDGE('',*,*,#4706,.F.);
#5802 = PLANE('',#5803);
#5803 = AXIS2_PLACEMENT_3D('',#5804,#5805,#5806);
#5804 = CARTESIAN_POINT('',(52.6,122.9,45.4));
#5805 = DIRECTION('',(-0.,1.,0.));
#5806 = DIRECTION('',(0.,0.,1.));
#5807 = ADVANCED_FACE('',(#5808),#5833,.F.);
#5808 = FACE_BOUND('',#5809,.F.);
#5809 = EDGE_LOOP('',(#5810,#5818,#5826,#5832));
#5810 = ORIENTED_EDGE('',*,*,#5811,.F.);
#5811 = EDGE_CURVE('',#5812,#4723,#5814,.T.);
#5812 = VERTEX_POINT('',#5813);
#5813 = CARTESIAN_POINT('',(71.2,97.9,45.4));
#5814 = LINE('',#5815,#5816);
#5815 = CARTESIAN_POINT('',(71.2,97.9,45.4));
#5816 = VECTOR('',#5817,1.);
#5817 = DIRECTION('',(0.,0.,1.));
#5818 = ORIENTED_EDGE('',*,*,#5819,.F.);
#5819 = EDGE_CURVE('',#5820,#5812,#5822,.T.);
#5820 = VERTEX_POINT('',#5821);
#5821 = CARTESIAN_POINT('',(63.6,97.9,45.4));
#5822 = LINE('',#5823,#5824);
#5823 = CARTESIAN_POINT('',(63.6,97.9,45.4));
#5824 = VECTOR('',#5825,1.);
#5825 = DIRECTION('',(1.,0.,-0.));
#5826 = ORIENTED_EDGE('',*,*,#5827,.T.);
#5827 = EDGE_CURVE('',#5820,#4725,#5828,.T.);
#5828 = LINE('',#5829,#5830);
#5829 = CARTESIAN_POINT('',(63.6,97.9,45.4));
#5830 = VECTOR('',#5831,1.);
#5831 = DIRECTION('',(0.,0.,1.));
#5832 = ORIENTED_EDGE('',*,*,#4722,.F.);
#5833 = PLANE('',#5834);
#5834 = AXIS2_PLACEMENT_3D('',#5835,#5836,#5837);
#5835 = CARTESIAN_POINT('',(63.6,97.9,45.4));
#5836 = DIRECTION('',(-0.,1.,0.));
#5837 = DIRECTION('',(0.,0.,1.));
#5838 = ADVANCED_FACE('',(#5839),#5864,.T.);
#5839 = FACE_BOUND('',#5840,.T.);
#5840 = EDGE_LOOP('',(#5841,#5851,#5857,#5858));
#5841 = ORIENTED_EDGE('',*,*,#5842,.F.);
#5842 = EDGE_CURVE('',#5843,#5845,#5847,.T.);
#5843 = VERTEX_POINT('',#5844);
#5844 = CARTESIAN_POINT('',(63.6,99.1,46.6));
#5845 = VERTEX_POINT('',#5846);
#5846 = CARTESIAN_POINT('',(71.2,99.1,46.6));
#5847 = LINE('',#5848,#5849);
#5848 = CARTESIAN_POINT('',(63.6,99.1,46.6));
#5849 = VECTOR('',#5850,1.);
#5850 = DIRECTION('',(1.,0.,-0.));
#5851 = ORIENTED_EDGE('',*,*,#5852,.T.);
#5852 = EDGE_CURVE('',#5843,#4733,#5853,.T.);
#5853 = LINE('',#5854,#5855);
#5854 = CARTESIAN_POINT('',(63.6,99.1,45.4));
#5855 = VECTOR('',#5856,1.);
#5856 = DIRECTION('',(0.,0.,1.));
#5857 = ORIENTED_EDGE('',*,*,#4740,.F.);
#5858 = ORIENTED_EDGE('',*,*,#5859,.F.);
#5859 = EDGE_CURVE('',#5845,#4741,#5860,.T.);
#5860 = LINE('',#5861,#5862);
#5861 = CARTESIAN_POINT('',(71.2,99.1,45.4));
#5862 = VECTOR('',#5863,1.);
#5863 = DIRECTION('',(0.,0.,1.));
#5864 = PLANE('',#5865);
#5865 = AXIS2_PLACEMENT_3D('',#5866,#5867,#5868);
#5866 = CARTESIAN_POINT('',(63.6,99.1,45.4));
#5867 = DIRECTION('',(-0.,1.,0.));
#5868 = DIRECTION('',(0.,0.,1.));
#5869 = ADVANCED_FACE('',(#5870),#5895,.F.);
#5870 = FACE_BOUND('',#5871,.F.);
#5871 = EDGE_LOOP('',(#5872,#5882,#5888,#5889));
#5872 = ORIENTED_EDGE('',*,*,#5873,.F.);
#5873 = EDGE_CURVE('',#5874,#5876,#5878,.T.);
#5874 = VERTEX_POINT('',#5875);
#5875 = CARTESIAN_POINT('',(63.6,121.7,46.6));
#5876 = VERTEX_POINT('',#5877);
#5877 = CARTESIAN_POINT('',(71.2,121.7,46.6));
#5878 = LINE('',#5879,#5880);
#5879 = CARTESIAN_POINT('',(63.6,121.7,46.6));
#5880 = VECTOR('',#5881,1.);
#5881 = DIRECTION('',(1.,0.,-0.));
#5882 = ORIENTED_EDGE('',*,*,#5883,.T.);
#5883 = EDGE_CURVE('',#5874,#4765,#5884,.T.);
#5884 = LINE('',#5885,#5886);
#5885 = CARTESIAN_POINT('',(63.6,121.7,45.4));
#5886 = VECTOR('',#5887,1.);
#5887 = DIRECTION('',(0.,0.,1.));
#5888 = ORIENTED_EDGE('',*,*,#4762,.F.);
#5889 = ORIENTED_EDGE('',*,*,#5890,.F.);
#5890 = EDGE_CURVE('',#5876,#4763,#5891,.T.);
#5891 = LINE('',#5892,#5893);
#5892 = CARTESIAN_POINT('',(71.2,121.7,45.4));
#5893 = VECTOR('',#5894,1.);
#5894 = DIRECTION('',(0.,0.,1.));
#5895 = PLANE('',#5896);
#5896 = AXIS2_PLACEMENT_3D('',#5897,#5898,#5899);
#5897 = CARTESIAN_POINT('',(63.6,121.7,45.4));
#5898 = DIRECTION('',(-0.,1.,0.));
#5899 = DIRECTION('',(0.,0.,1.));
#5900 = ADVANCED_FACE('',(#5901),#5926,.T.);
#5901 = FACE_BOUND('',#5902,.T.);
#5902 = EDGE_LOOP('',(#5903,#5911,#5919,#5925));
#5903 = ORIENTED_EDGE('',*,*,#5904,.F.);
#5904 = EDGE_CURVE('',#5905,#4781,#5907,.T.);
#5905 = VERTEX_POINT('',#5906);
#5906 = CARTESIAN_POINT('',(71.2,122.9,45.4));
#5907 = LINE('',#5908,#5909);
#5908 = CARTESIAN_POINT('',(71.2,122.9,45.4));
#5909 = VECTOR('',#5910,1.);
#5910 = DIRECTION('',(0.,0.,1.));
#5911 = ORIENTED_EDGE('',*,*,#5912,.F.);
#5912 = EDGE_CURVE('',#5913,#5905,#5915,.T.);
#5913 = VERTEX_POINT('',#5914);
#5914 = CARTESIAN_POINT('',(63.6,122.9,45.4));
#5915 = LINE('',#5916,#5917);
#5916 = CARTESIAN_POINT('',(63.6,122.9,45.4));
#5917 = VECTOR('',#5918,1.);
#5918 = DIRECTION('',(1.,0.,-0.));
#5919 = ORIENTED_EDGE('',*,*,#5920,.T.);
#5920 = EDGE_CURVE('',#5913,#4773,#5921,.T.);
#5921 = LINE('',#5922,#5923);
#5922 = CARTESIAN_POINT('',(63.6,122.9,45.4));
#5923 = VECTOR('',#5924,1.);
#5924 = DIRECTION('',(0.,0.,1.));
#5925 = ORIENTED_EDGE('',*,*,#4780,.F.);
#5926 = PLANE('',#5927);
#5927 = AXIS2_PLACEMENT_3D('',#5928,#5929,#5930);
#5928 = CARTESIAN_POINT('',(63.6,122.9,45.4));
#5929 = DIRECTION('',(-0.,1.,0.));
#5930 = DIRECTION('',(0.,0.,1.));
#5931 = ADVANCED_FACE('',(#5932),#5957,.F.);
#5932 = FACE_BOUND('',#5933,.F.);
#5933 = EDGE_LOOP('',(#5934,#5942,#5950,#5956));
#5934 = ORIENTED_EDGE('',*,*,#5935,.F.);
#5935 = EDGE_CURVE('',#5936,#4797,#5938,.T.);
#5936 = VERTEX_POINT('',#5937);
#5937 = CARTESIAN_POINT('',(82.2,97.9,45.4));
#5938 = LINE('',#5939,#5940);
#5939 = CARTESIAN_POINT('',(82.2,97.9,45.4));
#5940 = VECTOR('',#5941,1.);
#5941 = DIRECTION('',(0.,0.,1.));
#5942 = ORIENTED_EDGE('',*,*,#5943,.F.);
#5943 = EDGE_CURVE('',#5944,#5936,#5946,.T.);
#5944 = VERTEX_POINT('',#5945);
#5945 = CARTESIAN_POINT('',(74.6,97.9,45.4));
#5946 = LINE('',#5947,#5948);
#5947 = CARTESIAN_POINT('',(74.6,97.9,45.4));
#5948 = VECTOR('',#5949,1.);
#5949 = DIRECTION('',(1.,0.,-0.));
#5950 = ORIENTED_EDGE('',*,*,#5951,.T.);
#5951 = EDGE_CURVE('',#5944,#4799,#5952,.T.);
#5952 = LINE('',#5953,#5954);
#5953 = CARTESIAN_POINT('',(74.6,97.9,45.4));
#5954 = VECTOR('',#5955,1.);
#5955 = DIRECTION('',(0.,0.,1.));
#5956 = ORIENTED_EDGE('',*,*,#4796,.F.);
#5957 = PLANE('',#5958);
#5958 = AXIS2_PLACEMENT_3D('',#5959,#5960,#5961);
#5959 = CARTESIAN_POINT('',(74.6,97.9,45.4));
#5960 = DIRECTION('',(-0.,1.,0.));
#5961 = DIRECTION('',(0.,0.,1.));
#5962 = ADVANCED_FACE('',(#5963),#5988,.T.);
#5963 = FACE_BOUND('',#5964,.T.);
#5964 = EDGE_LOOP('',(#5965,#5975,#5981,#5982));
#5965 = ORIENTED_EDGE('',*,*,#5966,.F.);
#5966 = EDGE_CURVE('',#5967,#5969,#5971,.T.);
#5967 = VERTEX_POINT('',#5968);
#5968 = CARTESIAN_POINT('',(74.6,99.1,46.6));
#5969 = VERTEX_POINT('',#5970);
#5970 = CARTESIAN_POINT('',(82.2,99.1,46.6));
#5971 = LINE('',#5972,#5973);
#5972 = CARTESIAN_POINT('',(74.6,99.1,46.6));
#5973 = VECTOR('',#5974,1.);
#5974 = DIRECTION('',(1.,0.,-0.));
#5975 = ORIENTED_EDGE('',*,*,#5976,.T.);
#5976 = EDGE_CURVE('',#5967,#4807,#5977,.T.);
#5977 = LINE('',#5978,#5979);
#5978 = CARTESIAN_POINT('',(74.6,99.1,45.4));
#5979 = VECTOR('',#5980,1.);
#5980 = DIRECTION('',(0.,0.,1.));
#5981 = ORIENTED_EDGE('',*,*,#4814,.F.);
#5982 = ORIENTED_EDGE('',*,*,#5983,.F.);
#5983 = EDGE_CURVE('',#5969,#4815,#5984,.T.);
#5984 = LINE('',#5985,#5986);
#5985 = CARTESIAN_POINT('',(82.2,99.1,45.4));
#5986 = VECTOR('',#5987,1.);
#5987 = DIRECTION('',(0.,0.,1.));
#5988 = PLANE('',#5989);
#5989 = AXIS2_PLACEMENT_3D('',#5990,#5991,#5992);
#5990 = CARTESIAN_POINT('',(74.6,99.1,45.4));
#5991 = DIRECTION('',(-0.,1.,0.));
#5992 = DIRECTION('',(0.,0.,1.));
#5993 = ADVANCED_FACE('',(#5994),#6019,.F.);
#5994 = FACE_BOUND('',#5995,.F.);
#5995 = EDGE_LOOP('',(#5996,#6004,#6012,#6018));
#5996 = ORIENTED_EDGE('',*,*,#5997,.F.);
#5997 = EDGE_CURVE('',#5998,#4831,#6000,.T.);
#5998 = VERTEX_POINT('',#5999);
#5999 = CARTESIAN_POINT('',(93.2,97.9,45.4));
#6000 = LINE('',#6001,#6002);
#6001 = CARTESIAN_POINT('',(93.2,97.9,45.4));
#6002 = VECTOR('',#6003,1.);
#6003 = DIRECTION('',(0.,0.,1.));
#6004 = ORIENTED_EDGE('',*,*,#6005,.F.);
#6005 = EDGE_CURVE('',#6006,#5998,#6008,.T.);
#6006 = VERTEX_POINT('',#6007);
#6007 = CARTESIAN_POINT('',(85.6,97.9,45.4));
#6008 = LINE('',#6009,#6010);
#6009 = CARTESIAN_POINT('',(85.6,97.9,45.4));
#6010 = VECTOR('',#6011,1.);
#6011 = DIRECTION('',(1.,0.,-0.));
#6012 = ORIENTED_EDGE('',*,*,#6013,.T.);
#6013 = EDGE_CURVE('',#6006,#4833,#6014,.T.);
#6014 = LINE('',#6015,#6016);
#6015 = CARTESIAN_POINT('',(85.6,97.9,45.4));
#6016 = VECTOR('',#6017,1.);
#6017 = DIRECTION('',(0.,0.,1.));
#6018 = ORIENTED_EDGE('',*,*,#4830,.F.);
#6019 = PLANE('',#6020);
#6020 = AXIS2_PLACEMENT_3D('',#6021,#6022,#6023);
#6021 = CARTESIAN_POINT('',(85.6,97.9,45.4));
#6022 = DIRECTION('',(-0.,1.,0.));
#6023 = DIRECTION('',(0.,0.,1.));
#6024 = ADVANCED_FACE('',(#6025),#6050,.T.);
#6025 = FACE_BOUND('',#6026,.T.);
#6026 = EDGE_LOOP('',(#6027,#6037,#6043,#6044));
#6027 = ORIENTED_EDGE('',*,*,#6028,.F.);
#6028 = EDGE_CURVE('',#6029,#6031,#6033,.T.);
#6029 = VERTEX_POINT('',#6030);
#6030 = CARTESIAN_POINT('',(85.6,99.1,46.6));
#6031 = VERTEX_POINT('',#6032);
#6032 = CARTESIAN_POINT('',(93.2,99.1,46.6));
#6033 = LINE('',#6034,#6035);
#6034 = CARTESIAN_POINT('',(85.6,99.1,46.6));
#6035 = VECTOR('',#6036,1.);
#6036 = DIRECTION('',(1.,0.,-0.));
#6037 = ORIENTED_EDGE('',*,*,#6038,.T.);
#6038 = EDGE_CURVE('',#6029,#4841,#6039,.T.);
#6039 = LINE('',#6040,#6041);
#6040 = CARTESIAN_POINT('',(85.6,99.1,45.4));
#6041 = VECTOR('',#6042,1.);
#6042 = DIRECTION('',(0.,0.,1.));
#6043 = ORIENTED_EDGE('',*,*,#4848,.F.);
#6044 = ORIENTED_EDGE('',*,*,#6045,.F.);
#6045 = EDGE_CURVE('',#6031,#4849,#6046,.T.);
#6046 = LINE('',#6047,#6048);
#6047 = CARTESIAN_POINT('',(93.2,99.1,45.4));
#6048 = VECTOR('',#6049,1.);
#6049 = DIRECTION('',(0.,0.,1.));
#6050 = PLANE('',#6051);
#6051 = AXIS2_PLACEMENT_3D('',#6052,#6053,#6054);
#6052 = CARTESIAN_POINT('',(85.6,99.1,45.4));
#6053 = DIRECTION('',(-0.,1.,0.));
#6054 = DIRECTION('',(0.,0.,1.));
#6055 = ADVANCED_FACE('',(#6056),#6081,.F.);
#6056 = FACE_BOUND('',#6057,.F.);
#6057 = EDGE_LOOP('',(#6058,#6068,#6074,#6075));
#6058 = ORIENTED_EDGE('',*,*,#6059,.F.);
#6059 = EDGE_CURVE('',#6060,#6062,#6064,.T.);
#6060 = VERTEX_POINT('',#6061);
#6061 = CARTESIAN_POINT('',(74.6,121.7,46.6));
#6062 = VERTEX_POINT('',#6063);
#6063 = CARTESIAN_POINT('',(82.2,121.7,46.6));
#6064 = LINE('',#6065,#6066);
#6065 = CARTESIAN_POINT('',(74.6,121.7,46.6));
#6066 = VECTOR('',#6067,1.);
#6067 = DIRECTION('',(1.,0.,-0.));
#6068 = ORIENTED_EDGE('',*,*,#6069,.T.);
#6069 = EDGE_CURVE('',#6060,#4873,#6070,.T.);
#6070 = LINE('',#6071,#6072);
#6071 = CARTESIAN_POINT('',(74.6,121.7,45.4));
#6072 = VECTOR('',#6073,1.);
#6073 = DIRECTION('',(0.,0.,1.));
#6074 = ORIENTED_EDGE('',*,*,#4870,.F.);
#6075 = ORIENTED_EDGE('',*,*,#6076,.F.);
#6076 = EDGE_CURVE('',#6062,#4871,#6077,.T.);
#6077 = LINE('',#6078,#6079);
#6078 = CARTESIAN_POINT('',(82.2,121.7,45.4));
#6079 = VECTOR('',#6080,1.);
#6080 = DIRECTION('',(0.,0.,1.));
#6081 = PLANE('',#6082);
#6082 = AXIS2_PLACEMENT_3D('',#6083,#6084,#6085);
#6083 = CARTESIAN_POINT('',(74.6,121.7,45.4));
#6084 = DIRECTION('',(-0.,1.,0.));
#6085 = DIRECTION('',(0.,0.,1.));
#6086 = ADVANCED_FACE('',(#6087),#6112,.T.);
#6087 = FACE_BOUND('',#6088,.T.);
#6088 = EDGE_LOOP('',(#6089,#6097,#6105,#6111));
#6089 = ORIENTED_EDGE('',*,*,#6090,.F.);
#6090 = EDGE_CURVE('',#6091,#4889,#6093,.T.);
#6091 = VERTEX_POINT('',#6092);
#6092 = CARTESIAN_POINT('',(82.2,122.9,45.4));
#6093 = LINE('',#6094,#6095);
#6094 = CARTESIAN_POINT('',(82.2,122.9,45.4));
#6095 = VECTOR('',#6096,1.);
#6096 = DIRECTION('',(0.,0.,1.));
#6097 = ORIENTED_EDGE('',*,*,#6098,.F.);
#6098 = EDGE_CURVE('',#6099,#6091,#6101,.T.);
#6099 = VERTEX_POINT('',#6100);
#6100 = CARTESIAN_POINT('',(74.6,122.9,45.4));
#6101 = LINE('',#6102,#6103);
#6102 = CARTESIAN_POINT('',(74.6,122.9,45.4));
#6103 = VECTOR('',#6104,1.);
#6104 = DIRECTION('',(1.,0.,-0.));
#6105 = ORIENTED_EDGE('',*,*,#6106,.T.);
#6106 = EDGE_CURVE('',#6099,#4881,#6107,.T.);
#6107 = LINE('',#6108,#6109);
#6108 = CARTESIAN_POINT('',(74.6,122.9,45.4));
#6109 = VECTOR('',#6110,1.);
#6110 = DIRECTION('',(0.,0.,1.));
#6111 = ORIENTED_EDGE('',*,*,#4888,.F.);
#6112 = PLANE('',#6113);
#6113 = AXIS2_PLACEMENT_3D('',#6114,#6115,#6116);
#6114 = CARTESIAN_POINT('',(74.6,122.9,45.4));
#6115 = DIRECTION('',(-0.,1.,0.));
#6116 = DIRECTION('',(0.,0.,1.));
#6117 = ADVANCED_FACE('',(#6118),#6143,.F.);
#6118 = FACE_BOUND('',#6119,.F.);
#6119 = EDGE_LOOP('',(#6120,#6130,#6136,#6137));
#6120 = ORIENTED_EDGE('',*,*,#6121,.F.);
#6121 = EDGE_CURVE('',#6122,#6124,#6126,.T.);
#6122 = VERTEX_POINT('',#6123);
#6123 = CARTESIAN_POINT('',(85.6,121.7,46.6));
#6124 = VERTEX_POINT('',#6125);
#6125 = CARTESIAN_POINT('',(93.2,121.7,46.6));
#6126 = LINE('',#6127,#6128);
#6127 = CARTESIAN_POINT('',(85.6,121.7,46.6));
#6128 = VECTOR('',#6129,1.);
#6129 = DIRECTION('',(1.,0.,-0.));
#6130 = ORIENTED_EDGE('',*,*,#6131,.T.);
#6131 = EDGE_CURVE('',#6122,#4913,#6132,.T.);
#6132 = LINE('',#6133,#6134);
#6133 = CARTESIAN_POINT('',(85.6,121.7,45.4));
#6134 = VECTOR('',#6135,1.);
#6135 = DIRECTION('',(0.,0.,1.));
#6136 = ORIENTED_EDGE('',*,*,#4910,.F.);
#6137 = ORIENTED_EDGE('',*,*,#6138,.F.);
#6138 = EDGE_CURVE('',#6124,#4911,#6139,.T.);
#6139 = LINE('',#6140,#6141);
#6140 = CARTESIAN_POINT('',(93.2,121.7,45.4));
#6141 = VECTOR('',#6142,1.);
#6142 = DIRECTION('',(0.,0.,1.));
#6143 = PLANE('',#6144);
#6144 = AXIS2_PLACEMENT_3D('',#6145,#6146,#6147);
#6145 = CARTESIAN_POINT('',(85.6,121.7,45.4));
#6146 = DIRECTION('',(-0.,1.,0.));
#6147 = DIRECTION('',(0.,0.,1.));
#6148 = ADVANCED_FACE('',(#6149),#6174,.T.);
#6149 = FACE_BOUND('',#6150,.T.);
#6150 = EDGE_LOOP('',(#6151,#6159,#6167,#6173));
#6151 = ORIENTED_EDGE('',*,*,#6152,.F.);
#6152 = EDGE_CURVE('',#6153,#4929,#6155,.T.);
#6153 = VERTEX_POINT('',#6154);
#6154 = CARTESIAN_POINT('',(93.2,122.9,45.4));
#6155 = LINE('',#6156,#6157);
#6156 = CARTESIAN_POINT('',(93.2,122.9,45.4));
#6157 = VECTOR('',#6158,1.);
#6158 = DIRECTION('',(0.,0.,1.));
#6159 = ORIENTED_EDGE('',*,*,#6160,.F.);
#6160 = EDGE_CURVE('',#6161,#6153,#6163,.T.);
#6161 = VERTEX_POINT('',#6162);
#6162 = CARTESIAN_POINT('',(85.6,122.9,45.4));
#6163 = LINE('',#6164,#6165);
#6164 = CARTESIAN_POINT('',(85.6,122.9,45.4));
#6165 = VECTOR('',#6166,1.);
#6166 = DIRECTION('',(1.,0.,-0.));
#6167 = ORIENTED_EDGE('',*,*,#6168,.T.);
#6168 = EDGE_CURVE('',#6161,#4921,#6169,.T.);
#6169 = LINE('',#6170,#6171);
#6170 = CARTESIAN_POINT('',(85.6,122.9,45.4));
#6171 = VECTOR('',#6172,1.);
#6172 = DIRECTION('',(0.,0.,1.));
#6173 = ORIENTED_EDGE('',*,*,#4928,.F.);
#6174 = PLANE('',#6175);
#6175 = AXIS2_PLACEMENT_3D('',#6176,#6177,#6178);
#6176 = CARTESIAN_POINT('',(85.6,122.9,45.4));
#6177 = DIRECTION('',(-0.,1.,0.));
#6178 = DIRECTION('',(0.,0.,1.));
#6179 = ADVANCED_FACE('',(#6180),#6199,.F.);
#6180 = FACE_BOUND('',#6181,.F.);
#6181 = EDGE_LOOP('',(#6182,#6190,#6191,#6192));
#6182 = ORIENTED_EDGE('',*,*,#6183,.T.);
#6183 = EDGE_CURVE('',#6184,#4971,#6186,.T.);
#6184 = VERTEX_POINT('',#6185);
#6185 = CARTESIAN_POINT('',(8.1,6.4,45.5));
#6186 = LINE('',#6187,#6188);
#6187 = CARTESIAN_POINT('',(8.1,6.4,44.5));
#6188 = VECTOR('',#6189,1.);
#6189 = DIRECTION('',(0.,0.,1.));
#6190 = ORIENTED_EDGE('',*,*,#4970,.F.);
#6191 = ORIENTED_EDGE('',*,*,#6183,.F.);
#6192 = ORIENTED_EDGE('',*,*,#6193,.T.);
#6193 = EDGE_CURVE('',#6184,#6184,#6194,.T.);
#6194 = CIRCLE('',#6195,1.7);
#6195 = AXIS2_PLACEMENT_3D('',#6196,#6197,#6198);
#6196 = CARTESIAN_POINT('',(6.4,6.4,45.5));
#6197 = DIRECTION('',(0.,0.,1.));
#6198 = DIRECTION('',(1.,0.,-0.));
#6199 = CYLINDRICAL_SURFACE('',#6200,1.7);
#6200 = AXIS2_PLACEMENT_3D('',#6201,#6202,#6203);
#6201 = CARTESIAN_POINT('',(6.4,6.4,44.5));
#6202 = DIRECTION('',(0.,0.,1.));
#6203 = DIRECTION('',(1.,0.,-0.));
#6204 = ADVANCED_FACE('',(#6205),#6237,.T.);
#6205 = FACE_BOUND('',#6206,.T.);
#6206 = EDGE_LOOP('',(#6207,#6224,#6230,#6231));
#6207 = ORIENTED_EDGE('',*,*,#6208,.T.);
#6208 = EDGE_CURVE('',#6209,#6211,#6213,.T.);
#6209 = VERTEX_POINT('',#6210);
#6210 = CARTESIAN_POINT('',(38.073460721868,51.591507430998,52.));
#6211 = VERTEX_POINT('',#6212);
#6212 = CARTESIAN_POINT('',(37.872823779193,52.26050955414,52.));
#6213 = B_SPLINE_CURVE_WITH_KNOTS('',5,(#6214,#6215,#6216,#6217,#6218,
    #6219,#6220,#6221,#6222,#6223),.UNSPECIFIED.,.F.,.F.,(6,4,6),(0.,
    0.486829699832,1.),.UNSPECIFIED.);
#6214 = CARTESIAN_POINT('',(38.073460721868,51.591507430998,52.));
#6215 = CARTESIAN_POINT('',(38.032606651846,51.639494751342,52.));
#6216 = CARTESIAN_POINT('',(37.997043445924,51.692496774739,52.));
#6217 = CARTESIAN_POINT('',(37.966937670244,51.750216497346,52.));
#6218 = CARTESIAN_POINT('',(37.942194242857,51.812197849532,52.));
#6219 = CARTESIAN_POINT('',(37.901909725829,51.947221045699,52.));
#6220 = CARTESIAN_POINT('',(37.886937283268,52.020687002424,52.));
#6221 = CARTESIAN_POINT('',(37.877387168448,52.097754089894,52.));
#6222 = CARTESIAN_POINT('',(37.872823779193,52.177848591032,52.));
#6223 = CARTESIAN_POINT('',(37.872823779193,52.26050955414,52.));
#6224 = ORIENTED_EDGE('',*,*,#6225,.T.);
#6225 = EDGE_CURVE('',#6211,#5030,#6226,.T.);
#6226 = LINE('',#6227,#6228);
#6227 = CARTESIAN_POINT('',(37.872823779193,52.26050955414,52.01));
#6228 = VECTOR('',#6229,1.);
#6229 = DIRECTION('',(0.,0.,-1.));
#6230 = ORIENTED_EDGE('',*,*,#5029,.T.);
#6231 = ORIENTED_EDGE('',*,*,#6232,.F.);
#6232 = EDGE_CURVE('',#6209,#5032,#6233,.T.);
#6233 = LINE('',#6234,#6235);
#6234 = CARTESIAN_POINT('',(38.073460721868,51.591507430998,52.01));
#6235 = VECTOR('',#6236,1.);
#6236 = DIRECTION('',(0.,0.,-1.));
#6237 = SURFACE_OF_LINEAR_EXTRUSION('',#6238,#6242);
#6238 = B_SPLINE_CURVE_WITH_KNOTS('',2,(#6239,#6240,#6241),
  .UNSPECIFIED.,.F.,.F.,(3,3),(0.,1.),.PIECEWISE_BEZIER_KNOTS.);
#6239 = CARTESIAN_POINT('',(37.872823779193,52.26050955414,52.01));
#6240 = CARTESIAN_POINT('',(37.872823779193,51.827176220807,52.01));
#6241 = CARTESIAN_POINT('',(38.073460721868,51.591507430998,52.01));
#6242 = VECTOR('',#6243,1.);
#6243 = DIRECTION('',(-0.,-0.,1.));
#6244 = ADVANCED_FACE('',(#6245),#6270,.T.);
#6245 = FACE_BOUND('',#6246,.T.);
#6246 = EDGE_LOOP('',(#6247,#6262,#6263,#6264));
#6247 = ORIENTED_EDGE('',*,*,#6248,.T.);
#6248 = EDGE_CURVE('',#6249,#6209,#6251,.T.);
#6249 = VERTEX_POINT('',#6250);
#6250 = CARTESIAN_POINT('',(38.532059447983,51.355838641189,52.));
#6251 = B_SPLINE_CURVE_WITH_KNOTS('',5,(#6252,#6253,#6254,#6255,#6256,
    #6257,#6258,#6259,#6260,#6261),.UNSPECIFIED.,.F.,.F.,(6,4,6),(0.,
    0.249154678395,1.),.UNSPECIFIED.);
#6252 = CARTESIAN_POINT('',(38.532059447983,51.355838641189,52.));
#6253 = CARTESIAN_POINT('',(38.50615908823,51.355838641189,52.));
#6254 = CARTESIAN_POINT('',(38.480543812785,51.357323426872,52.));
#6255 = CARTESIAN_POINT('',(38.455242432376,51.360310709585,52.));
#6256 = CARTESIAN_POINT('',(38.43028185098,51.364806388781,52.));
#6257 = CARTESIAN_POINT('',(38.331568933684,51.388880442999,52.));
#6258 = CARTESIAN_POINT('',(38.260751781385,51.42060629325,52.));
#6259 = CARTESIAN_POINT('',(38.193983161117,51.465811325608,52.));
#6260 = CARTESIAN_POINT('',(38.131540422881,51.523286829808,52.));
#6261 = CARTESIAN_POINT('',(38.073460721868,51.591507430998,52.));
#6262 = ORIENTED_EDGE('',*,*,#6232,.T.);
#6263 = ORIENTED_EDGE('',*,*,#5039,.T.);
#6264 = ORIENTED_EDGE('',*,*,#6265,.F.);
#6265 = EDGE_CURVE('',#6249,#5040,#6266,.T.);
#6266 = LINE('',#6267,#6268);
#6267 = CARTESIAN_POINT('',(38.532059447983,51.355838641189,52.01));
#6268 = VECTOR('',#6269,1.);
#6269 = DIRECTION('',(0.,0.,-1.));
#6270 = SURFACE_OF_LINEAR_EXTRUSION('',#6271,#6275);
#6271 = B_SPLINE_CURVE_WITH_KNOTS('',2,(#6272,#6273,#6274),
  .UNSPECIFIED.,.F.,.F.,(3,3),(0.,1.),.PIECEWISE_BEZIER_KNOTS.);
#6272 = CARTESIAN_POINT('',(38.073460721868,51.591507430998,52.01));
#6273 = CARTESIAN_POINT('',(38.274097664544,51.355838641189,52.01));
#6274 = CARTESIAN_POINT('',(38.532059447983,51.355838641189,52.01));
#6275 = VECTOR('',#6276,1.);
#6276 = DIRECTION('',(-0.,-0.,1.));
#6277 = ADVANCED_FACE('',(#6278),#6303,.T.);
#6278 = FACE_BOUND('',#6279,.T.);
#6279 = EDGE_LOOP('',(#6280,#6295,#6296,#6297));
#6280 = ORIENTED_EDGE('',*,*,#6281,.T.);
#6281 = EDGE_CURVE('',#6282,#6249,#6284,.T.);
#6282 = VERTEX_POINT('',#6283);
#6283 = CARTESIAN_POINT('',(38.946072186837,51.548832271762,52.));
#6284 = B_SPLINE_CURVE_WITH_KNOTS('',5,(#6285,#6286,#6287,#6288,#6289,
    #6290,#6291,#6292,#6293,#6294),.UNSPECIFIED.,.F.,.F.,(6,4,6),(0.,
    0.534396840631,1.),.UNSPECIFIED.);
#6285 = CARTESIAN_POINT('',(38.946072186837,51.548832271762,52.));
#6286 = CARTESIAN_POINT('',(38.911174060844,51.508162532625,52.));
#6287 = CARTESIAN_POINT('',(38.873631698265,51.472445946528,52.));
#6288 = CARTESIAN_POINT('',(38.833455051894,51.442012949029,52.));
#6289 = CARTESIAN_POINT('',(38.790720048084,51.417090437453,52.));
#6290 = CARTESIAN_POINT('',(38.706277657772,51.380896227546,52.));
#6291 = CARTESIAN_POINT('',(38.665142801056,51.368278805128,52.));
#6292 = CARTESIAN_POINT('',(38.622298715831,51.359943486245,52.));
#6293 = CARTESIAN_POINT('',(38.57788443937,51.355838641189,52.));
#6294 = CARTESIAN_POINT('',(38.532059447983,51.355838641189,52.));
#6295 = ORIENTED_EDGE('',*,*,#6265,.T.);
#6296 = ORIENTED_EDGE('',*,*,#5047,.T.);
#6297 = ORIENTED_EDGE('',*,*,#6298,.F.);
#6298 = EDGE_CURVE('',#6282,#5048,#6299,.T.);
#6299 = LINE('',#6300,#6301);
#6300 = CARTESIAN_POINT('',(38.946072186837,51.548832271762,52.01));
#6301 = VECTOR('',#6302,1.);
#6302 = DIRECTION('',(0.,0.,-1.));
#6303 = SURFACE_OF_LINEAR_EXTRUSION('',#6304,#6308);
#6304 = B_SPLINE_CURVE_WITH_KNOTS('',2,(#6305,#6306,#6307),
  .UNSPECIFIED.,.F.,.F.,(3,3),(0.,1.),.PIECEWISE_BEZIER_KNOTS.);
#6305 = CARTESIAN_POINT('',(38.532059447983,51.355838641189,52.01));
#6306 = CARTESIAN_POINT('',(38.780467091295,51.355838641189,52.01));
#6307 = CARTESIAN_POINT('',(38.946072186837,51.548832271762,52.01));
#6308 = VECTOR('',#6309,1.);
#6309 = DIRECTION('',(-0.,-0.,1.));
#6310 = ADVANCED_FACE('',(#6311),#6336,.T.);
#6311 = FACE_BOUND('',#6312,.T.);
#6312 = EDGE_LOOP('',(#6313,#6328,#6329,#6330));
#6313 = ORIENTED_EDGE('',*,*,#6314,.T.);
#6314 = EDGE_CURVE('',#6315,#6282,#6317,.T.);
#6315 = VERTEX_POINT('',#6316);
#6316 = CARTESIAN_POINT('',(39.111677282378,52.181316348195,52.));
#6317 = B_SPLINE_CURVE_WITH_KNOTS('',5,(#6318,#6319,#6320,#6321,#6322,
    #6323,#6324,#6325,#6326,#6327),.UNSPECIFIED.,.F.,.F.,(6,4,6),(0.,
    0.524006139406,1.),.UNSPECIFIED.);
#6318 = CARTESIAN_POINT('',(39.111677282378,52.181316348195,52.));
#6319 = CARTESIAN_POINT('',(39.111677282378,52.097916097953,52.));
#6320 = CARTESIAN_POINT('',(39.107949478131,52.017649778934,52.));
#6321 = CARTESIAN_POINT('',(39.1000656431,51.941080186893,52.));
#6322 = CARTESIAN_POINT('',(39.087530816991,51.868981826413,52.));
#6323 = CARTESIAN_POINT('',(39.053968841687,51.741510605375,52.));
#6324 = CARTESIAN_POINT('',(39.033824641718,51.68520826119,52.));
#6325 = CARTESIAN_POINT('',(39.009221959463,51.633922383027,52.));
#6326 = CARTESIAN_POINT('',(38.979950749559,51.58831382755,52.));
#6327 = CARTESIAN_POINT('',(38.946072186837,51.548832271762,52.));
#6328 = ORIENTED_EDGE('',*,*,#6298,.T.);
#6329 = ORIENTED_EDGE('',*,*,#5055,.T.);
#6330 = ORIENTED_EDGE('',*,*,#6331,.F.);
#6331 = EDGE_CURVE('',#6315,#5056,#6332,.T.);
#6332 = LINE('',#6333,#6334);
#6333 = CARTESIAN_POINT('',(39.111677282378,52.181316348195,52.01));
#6334 = VECTOR('',#6335,1.);
#6335 = DIRECTION('',(0.,0.,-1.));
#6336 = SURFACE_OF_LINEAR_EXTRUSION('',#6337,#6341);
#6337 = B_SPLINE_CURVE_WITH_KNOTS('',2,(#6338,#6339,#6340),
  .UNSPECIFIED.,.F.,.F.,(3,3),(0.,1.),.PIECEWISE_BEZIER_KNOTS.);
#6338 = CARTESIAN_POINT('',(38.946072186837,51.548832271762,52.01));
#6339 = CARTESIAN_POINT('',(39.111677282378,51.741825902335,52.01));
#6340 = CARTESIAN_POINT('',(39.111677282378,52.181316348195,52.01));
#6341 = VECTOR('',#6342,1.);
#6342 = DIRECTION('',(-0.,-0.,1.));
#6343 = ADVANCED_FACE('',(#6344),#6369,.T.);
#6344 = FACE_BOUND('',#6345,.T.);
#6345 = EDGE_LOOP('',(#6346,#6361,#6362,#6363));
#6346 = ORIENTED_EDGE('',*,*,#6347,.T.);
#6347 = EDGE_CURVE('',#6348,#6315,#6350,.T.);
#6348 = VERTEX_POINT('',#6349);
#6349 = CARTESIAN_POINT('',(38.933333333333,52.843949044586,52.));
#6350 = B_SPLINE_CURVE_WITH_KNOTS('',5,(#6351,#6352,#6353,#6354,#6355,
    #6356,#6357,#6358,#6359,#6360),.UNSPECIFIED.,.F.,.F.,(6,4,6),(0.,
    0.480570513851,1.),.UNSPECIFIED.);
#6351 = CARTESIAN_POINT('',(38.933333333333,52.843949044586,52.));
#6352 = CARTESIAN_POINT('',(38.97007114698,52.800650907074,52.));
#6353 = CARTESIAN_POINT('',(39.001803902824,52.751251676395,52.));
#6354 = CARTESIAN_POINT('',(39.028450215195,52.696210901768,52.));
#6355 = CARTESIAN_POINT('',(39.050227871352,52.636198234331,52.));
#6356 = CARTESIAN_POINT('',(39.086059029924,52.502338295394,52.));
#6357 = CARTESIAN_POINT('',(39.099346328164,52.427760913456,52.));
#6358 = CARTESIAN_POINT('',(39.107715609054,52.348936071738,52.));
#6359 = CARTESIAN_POINT('',(39.111677282378,52.266607151753,52.));
#6360 = CARTESIAN_POINT('',(39.111677282378,52.181316348195,52.));
#6361 = ORIENTED_EDGE('',*,*,#6331,.T.);
#6362 = ORIENTED_EDGE('',*,*,#5063,.T.);
#6363 = ORIENTED_EDGE('',*,*,#6364,.F.);
#6364 = EDGE_CURVE('',#6348,#5064,#6365,.T.);
#6365 = LINE('',#6366,#6367);
#6366 = CARTESIAN_POINT('',(38.933333333333,52.843949044586,52.01));
#6367 = VECTOR('',#6368,1.);
#6368 = DIRECTION('',(0.,0.,-1.));
#6369 = SURFACE_OF_LINEAR_EXTRUSION('',#6370,#6374);
#6370 = B_SPLINE_CURVE_WITH_KNOTS('',2,(#6371,#6372,#6373),
  .UNSPECIFIED.,.F.,.F.,(3,3),(0.,1.),.PIECEWISE_BEZIER_KNOTS.);
#6371 = CARTESIAN_POINT('',(39.111677282378,52.181316348195,52.01));
#6372 = CARTESIAN_POINT('',(39.111677282378,52.633757961783,52.01));
#6373 = CARTESIAN_POINT('',(38.933333333333,52.843949044586,52.01));
#6374 = VECTOR('',#6375,1.);
#6375 = DIRECTION('',(-0.,-0.,1.));
#6376 = ADVANCED_FACE('',(#6377),#6402,.T.);
#6377 = FACE_BOUND('',#6378,.T.);
#6378 = EDGE_LOOP('',(#6379,#6394,#6395,#6396));
#6379 = ORIENTED_EDGE('',*,*,#6380,.T.);
#6380 = EDGE_CURVE('',#6381,#6348,#6383,.T.);
#6381 = VERTEX_POINT('',#6382);
#6382 = CARTESIAN_POINT('',(38.487473460722,53.054352441614,52.));
#6383 = B_SPLINE_CURVE_WITH_KNOTS('',5,(#6384,#6385,#6386,#6387,#6388,
    #6389,#6390,#6391,#6392,#6393),.UNSPECIFIED.,.F.,.F.,(6,4,6),(0.,
    0.455418525113,1.),.UNSPECIFIED.);
#6384 = CARTESIAN_POINT('',(38.487473460722,53.054352441614,52.));
#6385 = CARTESIAN_POINT('',(38.535713340378,53.054352441614,52.));
#6386 = CARTESIAN_POINT('',(38.582546569321,53.050076371853,52.));
#6387 = CARTESIAN_POINT('',(38.627791404908,53.041380348447,52.));
#6388 = CARTESIAN_POINT('',(38.671287135839,53.028203979155,52.));
#6389 = CARTESIAN_POINT('',(38.762672929755,52.989553864293,52.));
#6390 = CARTESIAN_POINT('',(38.80976258817,52.962174825326,52.));
#6391 = CARTESIAN_POINT('',(38.853951391188,52.928556302569,52.));
#6392 = CARTESIAN_POINT('',(38.895144201348,52.889003127678,52.));
#6393 = CARTESIAN_POINT('',(38.933333333333,52.843949044586,52.));
#6394 = ORIENTED_EDGE('',*,*,#6364,.T.);
#6395 = ORIENTED_EDGE('',*,*,#5071,.T.);
#6396 = ORIENTED_EDGE('',*,*,#6397,.F.);
#6397 = EDGE_CURVE('',#6381,#5072,#6398,.T.);
#6398 = LINE('',#6399,#6400);
#6399 = CARTESIAN_POINT('',(38.487473460722,53.054352441614,52.01));
#6400 = VECTOR('',#6401,1.);
#6401 = DIRECTION('',(0.,0.,-1.));
#6402 = SURFACE_OF_LINEAR_EXTRUSION('',#6403,#6407);
#6403 = B_SPLINE_CURVE_WITH_KNOTS('',2,(#6404,#6405,#6406),
  .UNSPECIFIED.,.F.,.F.,(3,3),(0.,1.),.PIECEWISE_BEZIER_KNOTS.);
#6404 = CARTESIAN_POINT('',(38.933333333333,52.843949044586,52.01));
#6405 = CARTESIAN_POINT('',(38.754989384289,53.054352441614,52.01));
#6406 = CARTESIAN_POINT('',(38.487473460722,53.054352441614,52.01));
#6407 = VECTOR('',#6408,1.);
#6408 = DIRECTION('',(-0.,-0.,1.));
#6409 = ADVANCED_FACE('',(#6410),#6435,.T.);
#6410 = FACE_BOUND('',#6411,.T.);
#6411 = EDGE_LOOP('',(#6412,#6427,#6428,#6429));
#6412 = ORIENTED_EDGE('',*,*,#6413,.T.);
#6413 = EDGE_CURVE('',#6414,#6381,#6416,.T.);
#6414 = VERTEX_POINT('',#6415);
#6415 = CARTESIAN_POINT('',(38.051167728238,52.853503184713,52.));
#6416 = B_SPLINE_CURVE_WITH_KNOTS('',5,(#6417,#6418,#6419,#6420,#6421,
    #6422,#6423,#6424,#6425,#6426),.UNSPECIFIED.,.F.,.F.,(6,4,6),(0.,
    0.560733001414,1.),.UNSPECIFIED.);
#6417 = CARTESIAN_POINT('',(38.051167728238,52.853503184713,52.));
#6418 = CARTESIAN_POINT('',(38.090505205143,52.897804676562,52.));
#6419 = CARTESIAN_POINT('',(38.132707082493,52.936498328363,52.));
#6420 = CARTESIAN_POINT('',(38.177755605992,52.969165729494,52.));
#6421 = CARTESIAN_POINT('',(38.22555208926,52.995516645373,52.));
#6422 = CARTESIAN_POINT('',(38.315307845827,53.03109753691,52.));
#6423 = CARTESIAN_POINT('',(38.356292251787,53.042801135396,52.));
#6424 = CARTESIAN_POINT('',(38.398733339709,53.050538146833,52.));
#6425 = CARTESIAN_POINT('',(38.442507083707,53.054352441614,52.));
#6426 = CARTESIAN_POINT('',(38.487473460722,53.054352441614,52.));
#6427 = ORIENTED_EDGE('',*,*,#6397,.T.);
#6428 = ORIENTED_EDGE('',*,*,#5079,.T.);
#6429 = ORIENTED_EDGE('',*,*,#6430,.F.);
#6430 = EDGE_CURVE('',#6414,#5080,#6431,.T.);
#6431 = LINE('',#6432,#6433);
#6432 = CARTESIAN_POINT('',(38.051167728238,52.853503184713,52.01));
#6433 = VECTOR('',#6434,1.);
#6434 = DIRECTION('',(0.,0.,-1.));
#6435 = SURFACE_OF_LINEAR_EXTRUSION('',#6436,#6440);
#6436 = B_SPLINE_CURVE_WITH_KNOTS('',2,(#6437,#6438,#6439),
  .UNSPECIFIED.,.F.,.F.,(3,3),(0.,1.),.PIECEWISE_BEZIER_KNOTS.);
#6437 = CARTESIAN_POINT('',(38.487473460722,53.054352441614,52.01));
#6438 = CARTESIAN_POINT('',(38.229511677282,53.054352441614,52.01));
#6439 = CARTESIAN_POINT('',(38.051167728238,52.853503184713,52.01));
#6440 = VECTOR('',#6441,1.);
#6441 = DIRECTION('',(-0.,-0.,1.));
#6442 = ADVANCED_FACE('',(#6443),#6461,.T.);
#6443 = FACE_BOUND('',#6444,.T.);
#6444 = EDGE_LOOP('',(#6445,#6458,#6459,#6460));
#6445 = ORIENTED_EDGE('',*,*,#6446,.T.);
#6446 = EDGE_CURVE('',#6211,#6414,#6447,.T.);
#6447 = B_SPLINE_CURVE_WITH_KNOTS('',5,(#6448,#6449,#6450,#6451,#6452,
    #6453,#6454,#6455,#6456,#6457),.UNSPECIFIED.,.F.,.F.,(6,4,6),(0.,
    0.514482803145,1.),.UNSPECIFIED.);
#6448 = CARTESIAN_POINT('',(37.872823779193,52.26050955414,52.));
#6449 = CARTESIAN_POINT('',(37.872823779193,52.335766426032,52.));
#6450 = CARTESIAN_POINT('',(37.87692934558,52.408297635074,52.));
#6451 = CARTESIAN_POINT('',(37.885504559431,52.477667032427,52.));
#6452 = CARTESIAN_POINT('',(37.898919043669,52.543348495359,52.));
#6453 = CARTESIAN_POINT('',(37.934859453479,52.662850357977,52.));
#6454 = CARTESIAN_POINT('',(37.95683104892,52.71713523669,52.));
#6455 = CARTESIAN_POINT('',(37.983518734798,52.767241088133,52.));
#6456 = CARTESIAN_POINT('',(38.015006175824,52.81277838878,52.));
#6457 = CARTESIAN_POINT('',(38.051167728238,52.853503184713,52.));
#6458 = ORIENTED_EDGE('',*,*,#6430,.T.);
#6459 = ORIENTED_EDGE('',*,*,#5087,.T.);
#6460 = ORIENTED_EDGE('',*,*,#6225,.F.);
#6461 = SURFACE_OF_LINEAR_EXTRUSION('',#6462,#6466);
#6462 = B_SPLINE_CURVE_WITH_KNOTS('',2,(#6463,#6464,#6465),
  .UNSPECIFIED.,.F.,.F.,(3,3),(0.,1.),.PIECEWISE_BEZIER_KNOTS.);
#6463 = CARTESIAN_POINT('',(38.051167728238,52.853503184713,52.01));
#6464 = CARTESIAN_POINT('',(37.872823779193,52.652653927813,52.01));
#6465 = CARTESIAN_POINT('',(37.872823779193,52.26050955414,52.01));
#6466 = VECTOR('',#6467,1.);
#6467 = DIRECTION('',(-0.,-0.,1.));
#6468 = ADVANCED_FACE('',(#6469),#6499,.T.);
#6469 = FACE_BOUND('',#6470,.T.);
#6470 = EDGE_LOOP('',(#6471,#6486,#6492,#6493));
#6471 = ORIENTED_EDGE('',*,*,#6472,.T.);
#6472 = EDGE_CURVE('',#6473,#6475,#6477,.T.);
#6473 = VERTEX_POINT('',#6474);
#6474 = CARTESIAN_POINT('',(41.72059447983,54.540552016985,52.));
#6475 = VERTEX_POINT('',#6476);
#6476 = CARTESIAN_POINT('',(42.010403397028,54.644161358811,52.));
#6477 = B_SPLINE_CURVE_WITH_KNOTS('',4,(#6478,#6479,#6480,#6481,#6482,
    #6483,#6484,#6485),.UNSPECIFIED.,.F.,.F.,(5,3,5),(0.,0.525086712642,
    1.),.UNSPECIFIED.);
#6478 = CARTESIAN_POINT('',(41.72059447983,54.540552016985,52.));
#6479 = CARTESIAN_POINT('',(41.753901164802,54.567641454095,52.));
#6480 = CARTESIAN_POINT('',(41.788936036514,54.590116428608,52.));
#6481 = CARTESIAN_POINT('',(41.825664410034,54.607839930074,52.));
#6482 = CARTESIAN_POINT('',(41.898687938383,54.632492184028,52.));
#6483 = CARTESIAN_POINT('',(41.93468951607,54.640290766893,52.));
#6484 = CARTESIAN_POINT('',(41.97195466639,54.644161358811,52.));
#6485 = CARTESIAN_POINT('',(42.010403397028,54.644161358811,52.));
#6486 = ORIENTED_EDGE('',*,*,#6487,.T.);
#6487 = EDGE_CURVE('',#6475,#5112,#6488,.T.);
#6488 = LINE('',#6489,#6490);
#6489 = CARTESIAN_POINT('',(42.010403397028,54.644161358811,52.01));
#6490 = VECTOR('',#6491,1.);
#6491 = DIRECTION('',(0.,0.,-1.));
#6492 = ORIENTED_EDGE('',*,*,#5111,.T.);
#6493 = ORIENTED_EDGE('',*,*,#6494,.F.);
#6494 = EDGE_CURVE('',#6473,#5114,#6495,.T.);
#6495 = LINE('',#6496,#6497);
#6496 = CARTESIAN_POINT('',(41.72059447983,54.540552016985,52.01));
#6497 = VECTOR('',#6498,1.);
#6498 = DIRECTION('',(0.,0.,-1.));
#6499 = SURFACE_OF_LINEAR_EXTRUSION('',#6500,#6504);
#6500 = B_SPLINE_CURVE_WITH_KNOTS('',2,(#6501,#6502,#6503),
  .UNSPECIFIED.,.F.,.F.,(3,3),(0.,1.),.PIECEWISE_BEZIER_KNOTS.);
#6501 = CARTESIAN_POINT('',(42.010403397028,54.644161358811,52.01));
#6502 = CARTESIAN_POINT('',(41.847983014862,54.644161358811,52.01));
#6503 = CARTESIAN_POINT('',(41.72059447983,54.540552016985,52.01));
#6504 = VECTOR('',#6505,1.);
#6505 = DIRECTION('',(-0.,-0.,1.));
#6506 = ADVANCED_FACE('',(#6507),#6529,.T.);
#6507 = FACE_BOUND('',#6508,.T.);
#6508 = EDGE_LOOP('',(#6509,#6521,#6522,#6523));
#6509 = ORIENTED_EDGE('',*,*,#6510,.T.);
#6510 = EDGE_CURVE('',#6511,#6473,#6513,.T.);
#6511 = VERTEX_POINT('',#6512);
#6512 = CARTESIAN_POINT('',(41.523142250531,54.169002123142,52.));
#6513 = B_SPLINE_CURVE_WITH_KNOTS('',6,(#6514,#6515,#6516,#6517,#6518,
    #6519,#6520),.UNSPECIFIED.,.F.,.F.,(7,7),(0.,1.),
  .PIECEWISE_BEZIER_KNOTS.);
#6514 = CARTESIAN_POINT('',(41.523142250531,54.169002123142,52.));
#6515 = CARTESIAN_POINT('',(41.545393295202,54.254095512158,52.));
#6516 = CARTESIAN_POINT('',(41.571637562511,54.331248988217,52.));
#6517 = CARTESIAN_POINT('',(41.602142025118,54.399432659006,52.));
#6518 = CARTESIAN_POINT('',(41.637116847044,54.457595601725,52.));
#6519 = CARTESIAN_POINT('',(41.676651429212,54.504811669149,52.));
#6520 = CARTESIAN_POINT('',(41.72059447983,54.540552016985,52.));
#6521 = ORIENTED_EDGE('',*,*,#6494,.T.);
#6522 = ORIENTED_EDGE('',*,*,#5121,.T.);
#6523 = ORIENTED_EDGE('',*,*,#6524,.F.);
#6524 = EDGE_CURVE('',#6511,#5122,#6525,.T.);
#6525 = LINE('',#6526,#6527);
#6526 = CARTESIAN_POINT('',(41.523142250531,54.169002123142,52.01));
#6527 = VECTOR('',#6528,1.);
#6528 = DIRECTION('',(0.,0.,-1.));
#6529 = SURFACE_OF_LINEAR_EXTRUSION('',#6530,#6534);
#6530 = B_SPLINE_CURVE_WITH_KNOTS('',2,(#6531,#6532,#6533),
  .UNSPECIFIED.,.F.,.F.,(3,3),(0.,1.),.PIECEWISE_BEZIER_KNOTS.);
#6531 = CARTESIAN_POINT('',(41.72059447983,54.540552016985,52.01));
#6532 = CARTESIAN_POINT('',(41.593205944798,54.436942675159,52.01));
#6533 = CARTESIAN_POINT('',(41.523142250531,54.169002123142,52.01));
#6534 = VECTOR('',#6535,1.);
#6535 = DIRECTION('',(-0.,-0.,1.));
#6536 = ADVANCED_FACE('',(#6537),#6568,.T.);
#6537 = FACE_BOUND('',#6538,.T.);
#6538 = EDGE_LOOP('',(#6539,#6560,#6561,#6562));
#6539 = ORIENTED_EDGE('',*,*,#6540,.T.);
#6540 = EDGE_CURVE('',#6541,#6511,#6543,.T.);
#6541 = VERTEX_POINT('',#6542);
#6542 = CARTESIAN_POINT('',(41.430785562633,52.9983014862,52.));
#6543 = B_SPLINE_CURVE_WITH_KNOTS('',8,(#6544,#6545,#6546,#6547,#6548,
    #6549,#6550,#6551,#6552,#6553,#6554,#6555,#6556,#6557,#6558,#6559),
  .UNSPECIFIED.,.F.,.F.,(9,7,9),(0.,0.850061696941,1.),.UNSPECIFIED.);
#6544 = CARTESIAN_POINT('',(41.430785562633,52.9983014862,52.));
#6545 = CARTESIAN_POINT('',(41.430785562633,53.139575459014,52.));
#6546 = CARTESIAN_POINT('',(41.432341026361,53.278411981004,52.));
#6547 = CARTESIAN_POINT('',(41.435665541287,53.414722567708,52.));
#6548 = CARTESIAN_POINT('',(41.441050881092,53.548029991304,52.));
#6549 = CARTESIAN_POINT('',(41.448863647622,53.677478291922,52.));
#6550 = CARTESIAN_POINT('',(41.459596851486,53.801733154727,52.));
#6551 = CARTESIAN_POINT('',(41.47385390428,53.919015626434,52.));
#6552 = CARTESIAN_POINT('',(41.495887287096,54.045663830372,52.));
#6553 = CARTESIAN_POINT('',(41.499328846046,54.064346888,52.));
#6554 = CARTESIAN_POINT('',(41.502913032324,54.082707146447,52.));
#6555 = CARTESIAN_POINT('',(41.50664461666,54.100726895301,52.));
#6556 = CARTESIAN_POINT('',(41.510528424109,54.118387153769,52.));
#6557 = CARTESIAN_POINT('',(41.514569334049,54.135667670671,52.));
#6558 = CARTESIAN_POINT('',(41.518772280181,54.152546924445,52.));
#6559 = CARTESIAN_POINT('',(41.523142250531,54.169002123142,52.));
#6560 = ORIENTED_EDGE('',*,*,#6524,.T.);
#6561 = ORIENTED_EDGE('',*,*,#5129,.T.);
#6562 = ORIENTED_EDGE('',*,*,#6563,.F.);
#6563 = EDGE_CURVE('',#6541,#5130,#6564,.T.);
#6564 = LINE('',#6565,#6566);
#6565 = CARTESIAN_POINT('',(41.430785562633,52.9983014862,52.01));
#6566 = VECTOR('',#6567,1.);
#6567 = DIRECTION('',(0.,0.,-1.));
#6568 = SURFACE_OF_LINEAR_EXTRUSION('',#6569,#6573);
#6569 = B_SPLINE_CURVE_WITH_KNOTS('',2,(#6570,#6571,#6572),
  .UNSPECIFIED.,.F.,.F.,(3,3),(0.,1.),.PIECEWISE_BEZIER_KNOTS.);
#6570 = CARTESIAN_POINT('',(41.523142250531,54.169002123142,52.01));
#6571 = CARTESIAN_POINT('',(41.430785562633,53.821231422505,52.01));
#6572 = CARTESIAN_POINT('',(41.430785562633,52.9983014862,52.01));
#6573 = VECTOR('',#6574,1.);
#6574 = DIRECTION('',(-0.,-0.,1.));
#6575 = ADVANCED_FACE('',(#6576),#6605,.T.);
#6576 = FACE_BOUND('',#6577,.T.);
#6577 = EDGE_LOOP('',(#6578,#6597,#6598,#6599));
#6578 = ORIENTED_EDGE('',*,*,#6579,.T.);
#6579 = EDGE_CURVE('',#6580,#6541,#6582,.T.);
#6580 = VERTEX_POINT('',#6581);
#6581 = CARTESIAN_POINT('',(41.513588110403,51.867728237792,52.));
#6582 = B_SPLINE_CURVE_WITH_KNOTS('',7,(#6583,#6584,#6585,#6586,#6587,
    #6588,#6589,#6590,#6591,#6592,#6593,#6594,#6595,#6596),
  .UNSPECIFIED.,.F.,.F.,(8,6,8),(0.,0.705900156008,1.),.UNSPECIFIED.);
#6583 = CARTESIAN_POINT('',(41.513588110403,51.867728237792,52.));
#6584 = CARTESIAN_POINT('',(41.492084962307,51.947675839688,52.));
#6585 = CARTESIAN_POINT('',(41.475322694206,52.042361475957,52.));
#6586 = CARTESIAN_POINT('',(41.462326627938,52.147380251857,52.));
#6587 = CARTESIAN_POINT('',(41.452386615337,52.259630029769,52.));
#6588 = CARTESIAN_POINT('',(41.444926056086,52.376970703342,52.));
#6589 = CARTESIAN_POINT('',(41.43951364699,52.498262427488,52.));
#6590 = CARTESIAN_POINT('',(41.434305568072,52.675380633,52.));
#6591 = CARTESIAN_POINT('',(41.433077268708,52.728050067637,52.));
#6592 = CARTESIAN_POINT('',(41.432129692427,52.78123973072,52.));
#6593 = CARTESIAN_POINT('',(41.431443084118,52.834899248772,52.));
#6594 = CARTESIAN_POINT('',(41.431000143553,52.888985803786,52.));
#6595 = CARTESIAN_POINT('',(41.430785562633,52.943463292589,52.));
#6596 = CARTESIAN_POINT('',(41.430785562633,52.9983014862,52.));
#6597 = ORIENTED_EDGE('',*,*,#6563,.T.);
#6598 = ORIENTED_EDGE('',*,*,#5137,.T.);
#6599 = ORIENTED_EDGE('',*,*,#6600,.F.);
#6600 = EDGE_CURVE('',#6580,#5138,#6601,.T.);
#6601 = LINE('',#6602,#6603);
#6602 = CARTESIAN_POINT('',(41.513588110403,51.867728237792,52.01));
#6603 = VECTOR('',#6604,1.);
#6604 = DIRECTION('',(0.,0.,-1.));
#6605 = SURFACE_OF_LINEAR_EXTRUSION('',#6606,#6610);
#6606 = B_SPLINE_CURVE_WITH_KNOTS('',2,(#6607,#6608,#6609),
  .UNSPECIFIED.,.F.,.F.,(3,3),(0.,1.),.PIECEWISE_BEZIER_KNOTS.);
#6607 = CARTESIAN_POINT('',(41.430785562633,52.9983014862,52.01));
#6608 = CARTESIAN_POINT('',(41.430785562633,52.175583864119,52.01));
#6609 = CARTESIAN_POINT('',(41.513588110403,51.867728237792,52.01));
#6610 = VECTOR('',#6611,1.);
#6611 = DIRECTION('',(-0.,-0.,1.));
#6612 = ADVANCED_FACE('',(#6613),#6635,.T.);
#6613 = FACE_BOUND('',#6614,.T.);
#6614 = EDGE_LOOP('',(#6615,#6627,#6628,#6629));
#6615 = ORIENTED_EDGE('',*,*,#6616,.T.);
#6616 = EDGE_CURVE('',#6617,#6580,#6619,.T.);
#6617 = VERTEX_POINT('',#6618);
#6618 = CARTESIAN_POINT('',(41.722080679406,51.457749469214,52.));
#6619 = B_SPLINE_CURVE_WITH_KNOTS('',6,(#6620,#6621,#6622,#6623,#6624,
    #6625,#6626),.UNSPECIFIED.,.F.,.F.,(7,7),(0.,1.),
  .PIECEWISE_BEZIER_KNOTS.);
#6620 = CARTESIAN_POINT('',(41.722080679406,51.457749469214,52.));
#6621 = CARTESIAN_POINT('',(41.677968226346,51.493590837325,52.));
#6622 = CARTESIAN_POINT('',(41.637552113791,51.544209079835,52.));
#6623 = CARTESIAN_POINT('',(41.601065476161,51.608616897341,52.));
#6624 = CARTESIAN_POINT('',(41.568404756149,51.685115151824,52.));
#6625 = CARTESIAN_POINT('',(41.539339866416,51.771984529541,52.));
#6626 = CARTESIAN_POINT('',(41.513588110403,51.867728237792,52.));
#6627 = ORIENTED_EDGE('',*,*,#6600,.T.);
#6628 = ORIENTED_EDGE('',*,*,#5145,.T.);
#6629 = ORIENTED_EDGE('',*,*,#6630,.F.);
#6630 = EDGE_CURVE('',#6617,#5146,#6631,.T.);
#6631 = LINE('',#6632,#6633);
#6632 = CARTESIAN_POINT('',(41.722080679406,51.457749469214,52.01));
#6633 = VECTOR('',#6634,1.);
#6634 = DIRECTION('',(0.,0.,-1.));
#6635 = SURFACE_OF_LINEAR_EXTRUSION('',#6636,#6640);
#6636 = B_SPLINE_CURVE_WITH_KNOTS('',2,(#6637,#6638,#6639),
  .UNSPECIFIED.,.F.,.F.,(3,3),(0.,1.),.PIECEWISE_BEZIER_KNOTS.);
#6637 = CARTESIAN_POINT('',(41.513588110403,51.867728237792,52.01));
#6638 = CARTESIAN_POINT('',(41.596390658174,51.559872611465,52.01));
#6639 = CARTESIAN_POINT('',(41.722080679406,51.457749469214,52.01));
#6640 = VECTOR('',#6641,1.);
#6641 = DIRECTION('',(-0.,-0.,1.));
#6642 = ADVANCED_FACE('',(#6643),#6666,.T.);
#6643 = FACE_BOUND('',#6644,.T.);
#6644 = EDGE_LOOP('',(#6645,#6658,#6659,#6660));
#6645 = ORIENTED_EDGE('',*,*,#6646,.T.);
#6646 = EDGE_CURVE('',#6647,#6617,#6649,.T.);
#6647 = VERTEX_POINT('',#6648);
#6648 = CARTESIAN_POINT('',(42.010403397028,51.355838641189,52.));
#6649 = B_SPLINE_CURVE_WITH_KNOTS('',4,(#6650,#6651,#6652,#6653,#6654,
    #6655,#6656,#6657),.UNSPECIFIED.,.F.,.F.,(5,3,5),(0.,0.507020096473,
    1.),.UNSPECIFIED.);
#6650 = CARTESIAN_POINT('',(42.010403397028,51.355838641189,52.));
#6651 = CARTESIAN_POINT('',(41.969379402209,51.355838641189,52.));
#6652 = CARTESIAN_POINT('',(41.929759970728,51.360172827109,52.));
#6653 = CARTESIAN_POINT('',(41.891642660323,51.368912802756,52.));
#6654 = CARTESIAN_POINT('',(41.819561487058,51.394793265794,52.));
#6655 = CARTESIAN_POINT('',(41.785511437794,51.411694554855,52.));
#6656 = CARTESIAN_POINT('',(41.753008390141,51.432715234555,52.));
#6657 = CARTESIAN_POINT('',(41.722080679406,51.457749469214,52.));
#6658 = ORIENTED_EDGE('',*,*,#6630,.T.);
#6659 = ORIENTED_EDGE('',*,*,#5153,.T.);
#6660 = ORIENTED_EDGE('',*,*,#6661,.F.);
#6661 = EDGE_CURVE('',#6647,#5154,#6662,.T.);
#6662 = LINE('',#6663,#6664);
#6663 = CARTESIAN_POINT('',(42.010403397028,51.355838641189,52.01));
#6664 = VECTOR('',#6665,1.);
#6665 = DIRECTION('',(0.,0.,-1.));
#6666 = SURFACE_OF_LINEAR_EXTRUSION('',#6667,#6671);
#6667 = B_SPLINE_CURVE_WITH_KNOTS('',2,(#6668,#6669,#6670),
  .UNSPECIFIED.,.F.,.F.,(3,3),(0.,1.),.PIECEWISE_BEZIER_KNOTS.);
#6668 = CARTESIAN_POINT('',(41.722080679406,51.457749469214,52.01));
#6669 = CARTESIAN_POINT('',(41.847983014862,51.355838641189,52.01));
#6670 = CARTESIAN_POINT('',(42.010403397028,51.355838641189,52.01));
#6671 = VECTOR('',#6672,1.);
#6672 = DIRECTION('',(-0.,-0.,1.));
#6673 = ADVANCED_FACE('',(#6674),#6697,.T.);
#6674 = FACE_BOUND('',#6675,.T.);
#6675 = EDGE_LOOP('',(#6676,#6689,#6690,#6691));
#6676 = ORIENTED_EDGE('',*,*,#6677,.T.);
#6677 = EDGE_CURVE('',#6678,#6647,#6680,.T.);
#6678 = VERTEX_POINT('',#6679);
#6679 = CARTESIAN_POINT('',(42.300212314225,51.459447983015,52.));
#6680 = B_SPLINE_CURVE_WITH_KNOTS('',4,(#6681,#6682,#6683,#6684,#6685,
    #6686,#6687,#6688),.UNSPECIFIED.,.F.,.F.,(5,3,5),(0.,0.525086712641,
    1.),.UNSPECIFIED.);
#6681 = CARTESIAN_POINT('',(42.300212314225,51.459447983015,52.));
#6682 = CARTESIAN_POINT('',(42.266905629254,51.432358545905,52.));
#6683 = CARTESIAN_POINT('',(42.231870757541,51.409883571392,52.));
#6684 = CARTESIAN_POINT('',(42.195142384022,51.392160069926,52.));
#6685 = CARTESIAN_POINT('',(42.122118855673,51.367507815972,52.));
#6686 = CARTESIAN_POINT('',(42.086117277985,51.359709233107,52.));
#6687 = CARTESIAN_POINT('',(42.048852127666,51.355838641189,52.));
#6688 = CARTESIAN_POINT('',(42.010403397028,51.355838641189,52.));
#6689 = ORIENTED_EDGE('',*,*,#6661,.T.);
#6690 = ORIENTED_EDGE('',*,*,#5161,.T.);
#6691 = ORIENTED_EDGE('',*,*,#6692,.F.);
#6692 = EDGE_CURVE('',#6678,#5162,#6693,.T.);
#6693 = LINE('',#6694,#6695);
#6694 = CARTESIAN_POINT('',(42.300212314225,51.459447983015,52.01));
#6695 = VECTOR('',#6696,1.);
#6696 = DIRECTION('',(0.,0.,-1.));
#6697 = SURFACE_OF_LINEAR_EXTRUSION('',#6698,#6702);
#6698 = B_SPLINE_CURVE_WITH_KNOTS('',2,(#6699,#6700,#6701),
  .UNSPECIFIED.,.F.,.F.,(3,3),(0.,1.),.PIECEWISE_BEZIER_KNOTS.);
#6699 = CARTESIAN_POINT('',(42.010403397028,51.355838641189,52.01));
#6700 = CARTESIAN_POINT('',(42.172823779193,51.355838641189,52.01));
#6701 = CARTESIAN_POINT('',(42.300212314225,51.459447983015,52.01));
#6702 = VECTOR('',#6703,1.);
#6703 = DIRECTION('',(-0.,-0.,1.));
#6704 = ADVANCED_FACE('',(#6705),#6727,.T.);
#6705 = FACE_BOUND('',#6706,.T.);
#6706 = EDGE_LOOP('',(#6707,#6719,#6720,#6721));
#6707 = ORIENTED_EDGE('',*,*,#6708,.T.);
#6708 = EDGE_CURVE('',#6709,#6678,#6711,.T.);
#6709 = VERTEX_POINT('',#6710);
#6710 = CARTESIAN_POINT('',(42.497664543524,51.830997876858,52.));
#6711 = B_SPLINE_CURVE_WITH_KNOTS('',6,(#6712,#6713,#6714,#6715,#6716,
    #6717,#6718),.UNSPECIFIED.,.F.,.F.,(7,7),(0.,1.),
  .PIECEWISE_BEZIER_KNOTS.);
#6712 = CARTESIAN_POINT('',(42.497664543524,51.830997876858,52.));
#6713 = CARTESIAN_POINT('',(42.475413498853,51.745904487842,52.));
#6714 = CARTESIAN_POINT('',(42.449169231544,51.668751011783,52.));
#6715 = CARTESIAN_POINT('',(42.418664768938,51.600567340994,52.));
#6716 = CARTESIAN_POINT('',(42.383689947011,51.542404398275,52.));
#6717 = CARTESIAN_POINT('',(42.344155364843,51.495188330851,52.));
#6718 = CARTESIAN_POINT('',(42.300212314225,51.459447983015,52.));
#6719 = ORIENTED_EDGE('',*,*,#6692,.T.);
#6720 = ORIENTED_EDGE('',*,*,#5169,.T.);
#6721 = ORIENTED_EDGE('',*,*,#6722,.F.);
#6722 = EDGE_CURVE('',#6709,#5170,#6723,.T.);
#6723 = LINE('',#6724,#6725);
#6724 = CARTESIAN_POINT('',(42.497664543524,51.830997876858,52.01));
#6725 = VECTOR('',#6726,1.);
#6726 = DIRECTION('',(0.,0.,-1.));
#6727 = SURFACE_OF_LINEAR_EXTRUSION('',#6728,#6732);
#6728 = B_SPLINE_CURVE_WITH_KNOTS('',2,(#6729,#6730,#6731),
  .UNSPECIFIED.,.F.,.F.,(3,3),(0.,1.),.PIECEWISE_BEZIER_KNOTS.);
#6729 = CARTESIAN_POINT('',(42.300212314225,51.459447983015,52.01));
#6730 = CARTESIAN_POINT('',(42.427600849257,51.563057324841,52.01));
#6731 = CARTESIAN_POINT('',(42.497664543524,51.830997876858,52.01));
#6732 = VECTOR('',#6733,1.);
#6733 = DIRECTION('',(-0.,-0.,1.));
#6734 = ADVANCED_FACE('',(#6735),#6766,.T.);
#6735 = FACE_BOUND('',#6736,.T.);
#6736 = EDGE_LOOP('',(#6737,#6758,#6759,#6760));
#6737 = ORIENTED_EDGE('',*,*,#6738,.T.);
#6738 = EDGE_CURVE('',#6739,#6709,#6741,.T.);
#6739 = VERTEX_POINT('',#6740);
#6740 = CARTESIAN_POINT('',(42.590021231423,52.9983014862,52.));
#6741 = B_SPLINE_CURVE_WITH_KNOTS('',8,(#6742,#6743,#6744,#6745,#6746,
    #6747,#6748,#6749,#6750,#6751,#6752,#6753,#6754,#6755,#6756,#6757),
  .UNSPECIFIED.,.F.,.F.,(9,7,9),(0.,0.845100637483,1.),.UNSPECIFIED.);
#6742 = CARTESIAN_POINT('',(42.590021231423,52.9983014862,52.));
#6743 = CARTESIAN_POINT('',(42.590021231423,52.858077850393,52.));
#6744 = CARTESIAN_POINT('',(42.588488020006,52.720271457266,52.));
#6745 = CARTESIAN_POINT('',(42.585211198657,52.584971148458,52.));
#6746 = CARTESIAN_POINT('',(42.579903480473,52.452650019917,52.));
#6747 = CARTESIAN_POINT('',(42.572203949312,52.324155610388,52.));
#6748 = CARTESIAN_POINT('',(42.561627308439,52.200808482258,52.));
#6749 = CARTESIAN_POINT('',(42.547579501554,52.084369104113,52.));
#6750 = CARTESIAN_POINT('',(42.525744116112,51.957866050154,52.));
#6751 = CARTESIAN_POINT('',(42.522215151624,51.938598443313,52.));
#6752 = CARTESIAN_POINT('',(42.518534288051,51.919676720025,52.));
#6753 = CARTESIAN_POINT('',(42.514696243875,51.901120597424,52.));
#6754 = CARTESIAN_POINT('',(42.510695677941,51.882951261795,52.));
#6755 = CARTESIAN_POINT('',(42.506527189461,51.865191368573,52.));
#6756 = CARTESIAN_POINT('',(42.502185318009,51.847865042347,52.));
#6757 = CARTESIAN_POINT('',(42.497664543524,51.830997876858,52.));
#6758 = ORIENTED_EDGE('',*,*,#6722,.T.);
#6759 = ORIENTED_EDGE('',*,*,#5177,.T.);
#6760 = ORIENTED_EDGE('',*,*,#6761,.F.);
#6761 = EDGE_CURVE('',#6739,#5178,#6762,.T.);
#6762 = LINE('',#6763,#6764);
#6763 = CARTESIAN_POINT('',(42.590021231423,52.9983014862,52.01));
#6764 = VECTOR('',#6765,1.);
#6765 = DIRECTION('',(0.,0.,-1.));
#6766 = SURFACE_OF_LINEAR_EXTRUSION('',#6767,#6771);
#6767 = B_SPLINE_CURVE_WITH_KNOTS('',2,(#6768,#6769,#6770),
  .UNSPECIFIED.,.F.,.F.,(3,3),(0.,1.),.PIECEWISE_BEZIER_KNOTS.);
#6768 = CARTESIAN_POINT('',(42.497664543524,51.830997876858,52.01));
#6769 = CARTESIAN_POINT('',(42.590021231423,52.175583864119,52.01));
#6770 = CARTESIAN_POINT('',(42.590021231423,52.9983014862,52.01));
#6771 = VECTOR('',#6772,1.);
#6772 = DIRECTION('',(-0.,-0.,1.));
#6773 = ADVANCED_FACE('',(#6774),#6803,.T.);
#6774 = FACE_BOUND('',#6775,.T.);
#6775 = EDGE_LOOP('',(#6776,#6795,#6796,#6797));
#6776 = ORIENTED_EDGE('',*,*,#6777,.T.);
#6777 = EDGE_CURVE('',#6778,#6739,#6780,.T.);
#6778 = VERTEX_POINT('',#6779);
#6779 = CARTESIAN_POINT('',(42.507218683652,54.129087048832,52.));
#6780 = B_SPLINE_CURVE_WITH_KNOTS('',7,(#6781,#6782,#6783,#6784,#6785,
    #6786,#6787,#6788,#6789,#6790,#6791,#6792,#6793,#6794),
  .UNSPECIFIED.,.F.,.F.,(8,6,8),(0.,0.705882239486,1.),.UNSPECIFIED.);
#6781 = CARTESIAN_POINT('',(42.507218683652,54.129087048832,52.));
#6782 = CARTESIAN_POINT('',(42.528723637621,54.049132732794,52.));
#6783 = CARTESIAN_POINT('',(42.545486208605,53.954432186473,52.));
#6784 = CARTESIAN_POINT('',(42.558481974219,53.849394843595,52.));
#6785 = CARTESIAN_POINT('',(42.568421416292,53.737125095287,52.));
#6786 = CARTESIAN_POINT('',(42.575881415111,53.61976442618,52.));
#6787 = CARTESIAN_POINT('',(42.581293392558,53.498452862177,52.));
#6788 = CARTESIAN_POINT('',(42.586501255884,53.321301279342,52.));
#6789 = CARTESIAN_POINT('',(42.587729562197,53.268618770208,52.));
#6790 = CARTESIAN_POINT('',(42.588677132423,53.215415976632,52.));
#6791 = CARTESIAN_POINT('',(42.589363729118,53.16174329347,52.));
#6792 = CARTESIAN_POINT('',(42.589806658028,53.107643554295,52.));
#6793 = CARTESIAN_POINT('',(42.590021231423,53.053152873132,52.));
#6794 = CARTESIAN_POINT('',(42.590021231423,52.9983014862,52.));
#6795 = ORIENTED_EDGE('',*,*,#6761,.T.);
#6796 = ORIENTED_EDGE('',*,*,#5185,.T.);
#6797 = ORIENTED_EDGE('',*,*,#6798,.F.);
#6798 = EDGE_CURVE('',#6778,#5186,#6799,.T.);
#6799 = LINE('',#6800,#6801);
#6800 = CARTESIAN_POINT('',(42.507218683652,54.129087048832,52.01));
#6801 = VECTOR('',#6802,1.);
#6802 = DIRECTION('',(0.,0.,-1.));
#6803 = SURFACE_OF_LINEAR_EXTRUSION('',#6804,#6808);
#6804 = B_SPLINE_CURVE_WITH_KNOTS('',2,(#6805,#6806,#6807),
  .UNSPECIFIED.,.F.,.F.,(3,3),(0.,1.),.PIECEWISE_BEZIER_KNOTS.);
#6805 = CARTESIAN_POINT('',(42.590021231423,52.9983014862,52.01));
#6806 = CARTESIAN_POINT('',(42.590021231423,53.821231422505,52.01));
#6807 = CARTESIAN_POINT('',(42.507218683652,54.129087048832,52.01));
#6808 = VECTOR('',#6809,1.);
#6809 = DIRECTION('',(-0.,-0.,1.));
#6810 = ADVANCED_FACE('',(#6811),#6833,.T.);
#6811 = FACE_BOUND('',#6812,.T.);
#6812 = EDGE_LOOP('',(#6813,#6825,#6826,#6827));
#6813 = ORIENTED_EDGE('',*,*,#6814,.T.);
#6814 = EDGE_CURVE('',#6815,#6778,#6817,.T.);
#6815 = VERTEX_POINT('',#6816);
#6816 = CARTESIAN_POINT('',(42.298513800425,54.540552016985,52.));
#6817 = B_SPLINE_CURVE_WITH_KNOTS('',6,(#6818,#6819,#6820,#6821,#6822,
    #6823,#6824),.UNSPECIFIED.,.F.,.F.,(7,7),(0.,1.),
  .PIECEWISE_BEZIER_KNOTS.);
#6818 = CARTESIAN_POINT('',(42.298513800425,54.540552016985,52.));
#6819 = CARTESIAN_POINT('',(42.342692362811,54.504195965645,52.));
#6820 = CARTESIAN_POINT('',(42.383156158455,54.453187368563,52.));
#6821 = CARTESIAN_POINT('',(42.419679942142,54.388511013847,52.));
#6822 = CARTESIAN_POINT('',(42.452369399612,54.311842195631,52.));
#6823 = CARTESIAN_POINT('',(42.481454933832,54.224875349443,52.));
#6824 = CARTESIAN_POINT('',(42.507218683652,54.129087048832,52.));
#6825 = ORIENTED_EDGE('',*,*,#6798,.T.);
#6826 = ORIENTED_EDGE('',*,*,#5193,.T.);
#6827 = ORIENTED_EDGE('',*,*,#6828,.F.);
#6828 = EDGE_CURVE('',#6815,#5194,#6829,.T.);
#6829 = LINE('',#6830,#6831);
#6830 = CARTESIAN_POINT('',(42.298513800425,54.540552016985,52.01));
#6831 = VECTOR('',#6832,1.);
#6832 = DIRECTION('',(0.,0.,-1.));
#6833 = SURFACE_OF_LINEAR_EXTRUSION('',#6834,#6838);
#6834 = B_SPLINE_CURVE_WITH_KNOTS('',2,(#6835,#6836,#6837),
  .UNSPECIFIED.,.F.,.F.,(3,3),(0.,1.),.PIECEWISE_BEZIER_KNOTS.);
#6835 = CARTESIAN_POINT('',(42.507218683652,54.129087048832,52.01));
#6836 = CARTESIAN_POINT('',(42.424416135881,54.436942675159,52.01));
#6837 = CARTESIAN_POINT('',(42.298513800425,54.540552016985,52.01));
#6838 = VECTOR('',#6839,1.);
#6839 = DIRECTION('',(-0.,-0.,1.));
#6840 = ADVANCED_FACE('',(#6841),#6857,.T.);
#6841 = FACE_BOUND('',#6842,.T.);
#6842 = EDGE_LOOP('',(#6843,#6854,#6855,#6856));
#6843 = ORIENTED_EDGE('',*,*,#6844,.T.);
#6844 = EDGE_CURVE('',#6475,#6815,#6845,.T.);
#6845 = B_SPLINE_CURVE_WITH_KNOTS('',4,(#6846,#6847,#6848,#6849,#6850,
    #6851,#6852,#6853),.UNSPECIFIED.,.F.,.F.,(5,3,5),(0.,0.494974497505,
    1.),.UNSPECIFIED.);
#6846 = CARTESIAN_POINT('',(42.010403397028,54.644161358811,52.));
#6847 = CARTESIAN_POINT('',(42.050459107715,54.644161358811,52.));
#6848 = CARTESIAN_POINT('',(42.089167984496,54.639960484471,52.));
#6849 = CARTESIAN_POINT('',(42.126436821845,54.631490597617,52.));
#6850 = CARTESIAN_POINT('',(42.198688820723,54.605800147198,52.));
#6851 = CARTESIAN_POINT('',(42.23361063664,54.588405213232,52.));
#6852 = CARTESIAN_POINT('',(42.266895726868,54.566615564106,52.));
#6853 = CARTESIAN_POINT('',(42.298513800425,54.540552016985,52.));
#6854 = ORIENTED_EDGE('',*,*,#6828,.T.);
#6855 = ORIENTED_EDGE('',*,*,#5201,.T.);
#6856 = ORIENTED_EDGE('',*,*,#6487,.F.);
#6857 = SURFACE_OF_LINEAR_EXTRUSION('',#6858,#6862);
#6858 = B_SPLINE_CURVE_WITH_KNOTS('',2,(#6859,#6860,#6861),
  .UNSPECIFIED.,.F.,.F.,(3,3),(0.,1.),.PIECEWISE_BEZIER_KNOTS.);
#6859 = CARTESIAN_POINT('',(42.298513800425,54.540552016985,52.01));
#6860 = CARTESIAN_POINT('',(42.172823779193,54.644161358811,52.01));
#6861 = CARTESIAN_POINT('',(42.010403397028,54.644161358811,52.01));
#6862 = VECTOR('',#6863,1.);
#6863 = DIRECTION('',(-0.,-0.,1.));
#6864 = ADVANCED_FACE('',(#6865),#6895,.T.);
#6865 = FACE_BOUND('',#6866,.T.);
#6866 = EDGE_LOOP('',(#6867,#6882,#6888,#6889));
#6867 = ORIENTED_EDGE('',*,*,#6868,.T.);
#6868 = EDGE_CURVE('',#6869,#6871,#6873,.T.);
#6869 = VERTEX_POINT('',#6870);
#6870 = CARTESIAN_POINT('',(45.348619957537,54.540552016985,52.));
#6871 = VERTEX_POINT('',#6872);
#6872 = CARTESIAN_POINT('',(45.638428874735,54.644161358811,52.));
#6873 = B_SPLINE_CURVE_WITH_KNOTS('',4,(#6874,#6875,#6876,#6877,#6878,
    #6879,#6880,#6881),.UNSPECIFIED.,.F.,.F.,(5,3,5),(0.,0.525086712642,
    1.),.UNSPECIFIED.);
#6874 = CARTESIAN_POINT('',(45.348619957537,54.540552016985,52.));
#6875 = CARTESIAN_POINT('',(45.381926642509,54.567641454095,52.));
#6876 = CARTESIAN_POINT('',(45.416961514221,54.590116428608,52.));
#6877 = CARTESIAN_POINT('',(45.453689887741,54.607839930074,52.));
#6878 = CARTESIAN_POINT('',(45.52671341609,54.632492184028,52.));
#6879 = CARTESIAN_POINT('',(45.562714993777,54.640290766893,52.));
#6880 = CARTESIAN_POINT('',(45.599980144097,54.644161358811,52.));
#6881 = CARTESIAN_POINT('',(45.638428874735,54.644161358811,52.));
#6882 = ORIENTED_EDGE('',*,*,#6883,.T.);
#6883 = EDGE_CURVE('',#6871,#5226,#6884,.T.);
#6884 = LINE('',#6885,#6886);
#6885 = CARTESIAN_POINT('',(45.638428874735,54.644161358811,52.01));
#6886 = VECTOR('',#6887,1.);
#6887 = DIRECTION('',(0.,0.,-1.));
#6888 = ORIENTED_EDGE('',*,*,#5225,.T.);
#6889 = ORIENTED_EDGE('',*,*,#6890,.F.);
#6890 = EDGE_CURVE('',#6869,#5228,#6891,.T.);
#6891 = LINE('',#6892,#6893);
#6892 = CARTESIAN_POINT('',(45.348619957537,54.540552016985,52.01));
#6893 = VECTOR('',#6894,1.);
#6894 = DIRECTION('',(0.,0.,-1.));
#6895 = SURFACE_OF_LINEAR_EXTRUSION('',#6896,#6900);
#6896 = B_SPLINE_CURVE_WITH_KNOTS('',2,(#6897,#6898,#6899),
  .UNSPECIFIED.,.F.,.F.,(3,3),(0.,1.),.PIECEWISE_BEZIER_KNOTS.);
#6897 = CARTESIAN_POINT('',(45.638428874735,54.644161358811,52.01));
#6898 = CARTESIAN_POINT('',(45.476008492569,54.644161358811,52.01));
#6899 = CARTESIAN_POINT('',(45.348619957537,54.540552016985,52.01));
#6900 = VECTOR('',#6901,1.);
#6901 = DIRECTION('',(-0.,-0.,1.));
#6902 = ADVANCED_FACE('',(#6903),#6925,.T.);
#6903 = FACE_BOUND('',#6904,.T.);
#6904 = EDGE_LOOP('',(#6905,#6917,#6918,#6919));
#6905 = ORIENTED_EDGE('',*,*,#6906,.T.);
#6906 = EDGE_CURVE('',#6907,#6869,#6909,.T.);
#6907 = VERTEX_POINT('',#6908);
#6908 = CARTESIAN_POINT('',(45.151167728238,54.169002123142,52.));
#6909 = B_SPLINE_CURVE_WITH_KNOTS('',6,(#6910,#6911,#6912,#6913,#6914,
    #6915,#6916),.UNSPECIFIED.,.F.,.F.,(7,7),(0.,1.),
  .PIECEWISE_BEZIER_KNOTS.);
#6910 = CARTESIAN_POINT('',(45.151167728238,54.169002123142,52.));
#6911 = CARTESIAN_POINT('',(45.173418772909,54.254095512158,52.));
#6912 = CARTESIAN_POINT('',(45.199663040218,54.331248988217,52.));
#6913 = CARTESIAN_POINT('',(45.230167502825,54.399432659006,52.));
#6914 = CARTESIAN_POINT('',(45.265142324751,54.457595601725,52.));
#6915 = CARTESIAN_POINT('',(45.304676906919,54.504811669149,52.));
#6916 = CARTESIAN_POINT('',(45.348619957537,54.540552016985,52.));
#6917 = ORIENTED_EDGE('',*,*,#6890,.T.);
#6918 = ORIENTED_EDGE('',*,*,#5235,.T.);
#6919 = ORIENTED_EDGE('',*,*,#6920,.F.);
#6920 = EDGE_CURVE('',#6907,#5236,#6921,.T.);
#6921 = LINE('',#6922,#6923);
#6922 = CARTESIAN_POINT('',(45.151167728238,54.169002123142,52.01));
#6923 = VECTOR('',#6924,1.);
#6924 = DIRECTION('',(0.,0.,-1.));
#6925 = SURFACE_OF_LINEAR_EXTRUSION('',#6926,#6930);
#6926 = B_SPLINE_CURVE_WITH_KNOTS('',2,(#6927,#6928,#6929),
  .UNSPECIFIED.,.F.,.F.,(3,3),(0.,1.),.PIECEWISE_BEZIER_KNOTS.);
#6927 = CARTESIAN_POINT('',(45.348619957537,54.540552016985,52.01));
#6928 = CARTESIAN_POINT('',(45.221231422505,54.436942675159,52.01));
#6929 = CARTESIAN_POINT('',(45.151167728238,54.169002123142,52.01));
#6930 = VECTOR('',#6931,1.);
#6931 = DIRECTION('',(-0.,-0.,1.));
#6932 = ADVANCED_FACE('',(#6933),#6964,.T.);
#6933 = FACE_BOUND('',#6934,.T.);
#6934 = EDGE_LOOP('',(#6935,#6956,#6957,#6958));
#6935 = ORIENTED_EDGE('',*,*,#6936,.T.);
#6936 = EDGE_CURVE('',#6937,#6907,#6939,.T.);
#6937 = VERTEX_POINT('',#6938);
#6938 = CARTESIAN_POINT('',(45.05881104034,52.9983014862,52.));
#6939 = B_SPLINE_CURVE_WITH_KNOTS('',8,(#6940,#6941,#6942,#6943,#6944,
    #6945,#6946,#6947,#6948,#6949,#6950,#6951,#6952,#6953,#6954,#6955),
  .UNSPECIFIED.,.F.,.F.,(9,7,9),(0.,0.850061696941,1.),.UNSPECIFIED.);
#6940 = CARTESIAN_POINT('',(45.05881104034,52.9983014862,52.));
#6941 = CARTESIAN_POINT('',(45.05881104034,53.139575459014,52.));
#6942 = CARTESIAN_POINT('',(45.060366504068,53.278411981004,52.));
#6943 = CARTESIAN_POINT('',(45.063691018994,53.414722567708,52.));
#6944 = CARTESIAN_POINT('',(45.069076358799,53.548029991304,52.));
#6945 = CARTESIAN_POINT('',(45.076889125329,53.677478291922,52.));
#6946 = CARTESIAN_POINT('',(45.087622329193,53.801733154727,52.));
#6947 = CARTESIAN_POINT('',(45.101879381987,53.919015626434,52.));
#6948 = CARTESIAN_POINT('',(45.123912764803,54.045663830372,52.));
#6949 = CARTESIAN_POINT('',(45.127354323753,54.064346888,52.));
#6950 = CARTESIAN_POINT('',(45.130938510031,54.082707146447,52.));
#6951 = CARTESIAN_POINT('',(45.134670094367,54.100726895301,52.));
#6952 = CARTESIAN_POINT('',(45.138553901816,54.118387153769,52.));
#6953 = CARTESIAN_POINT('',(45.142594811756,54.135667670671,52.));
#6954 = CARTESIAN_POINT('',(45.146797757888,54.152546924445,52.));
#6955 = CARTESIAN_POINT('',(45.151167728238,54.169002123142,52.));
#6956 = ORIENTED_EDGE('',*,*,#6920,.T.);
#6957 = ORIENTED_EDGE('',*,*,#5243,.T.);
#6958 = ORIENTED_EDGE('',*,*,#6959,.F.);
#6959 = EDGE_CURVE('',#6937,#5244,#6960,.T.);
#6960 = LINE('',#6961,#6962);
#6961 = CARTESIAN_POINT('',(45.05881104034,52.9983014862,52.01));
#6962 = VECTOR('',#6963,1.);
#6963 = DIRECTION('',(0.,0.,-1.));
#6964 = SURFACE_OF_LINEAR_EXTRUSION('',#6965,#6969);
#6965 = B_SPLINE_CURVE_WITH_KNOTS('',2,(#6966,#6967,#6968),
  .UNSPECIFIED.,.F.,.F.,(3,3),(0.,1.),.PIECEWISE_BEZIER_KNOTS.);
#6966 = CARTESIAN_POINT('',(45.151167728238,54.169002123142,52.01));
#6967 = CARTESIAN_POINT('',(45.05881104034,53.821231422505,52.01));
#6968 = CARTESIAN_POINT('',(45.05881104034,52.9983014862,52.01));
#6969 = VECTOR('',#6970,1.);
#6970 = DIRECTION('',(-0.,-0.,1.));
#6971 = ADVANCED_FACE('',(#6972),#7001,.T.);
#6972 = FACE_BOUND('',#6973,.T.);
#6973 = EDGE_LOOP('',(#6974,#6993,#6994,#6995));
#6974 = ORIENTED_EDGE('',*,*,#6975,.T.);
#6975 = EDGE_CURVE('',#6976,#6937,#6978,.T.);
#6976 = VERTEX_POINT('',#6977);
#6977 = CARTESIAN_POINT('',(45.14161358811,51.867728237792,52.));
#6978 = B_SPLINE_CURVE_WITH_KNOTS('',7,(#6979,#6980,#6981,#6982,#6983,
    #6984,#6985,#6986,#6987,#6988,#6989,#6990,#6991,#6992),
  .UNSPECIFIED.,.F.,.F.,(8,6,8),(0.,0.705900156008,1.),.UNSPECIFIED.);
#6979 = CARTESIAN_POINT('',(45.14161358811,51.867728237792,52.));
#6980 = CARTESIAN_POINT('',(45.120110440014,51.947675839688,52.));
#6981 = CARTESIAN_POINT('',(45.103348171913,52.042361475957,52.));
#6982 = CARTESIAN_POINT('',(45.090352105645,52.147380251857,52.));
#6983 = CARTESIAN_POINT('',(45.080412093044,52.259630029768,52.));
#6984 = CARTESIAN_POINT('',(45.072951533793,52.376970703342,52.));
#6985 = CARTESIAN_POINT('',(45.067539124697,52.498262427488,52.));
#6986 = CARTESIAN_POINT('',(45.062331045779,52.675380633,52.));
#6987 = CARTESIAN_POINT('',(45.061102746415,52.728050067637,52.));
#6988 = CARTESIAN_POINT('',(45.060155170134,52.78123973072,52.));
#6989 = CARTESIAN_POINT('',(45.059468561825,52.834899248772,52.));
#6990 = CARTESIAN_POINT('',(45.05902562126,52.888985803786,52.));
#6991 = CARTESIAN_POINT('',(45.05881104034,52.943463292589,52.));
#6992 = CARTESIAN_POINT('',(45.05881104034,52.9983014862,52.));
#6993 = ORIENTED_EDGE('',*,*,#6959,.T.);
#6994 = ORIENTED_EDGE('',*,*,#5251,.T.);
#6995 = ORIENTED_EDGE('',*,*,#6996,.F.);
#6996 = EDGE_CURVE('',#6976,#5252,#6997,.T.);
#6997 = LINE('',#6998,#6999);
#6998 = CARTESIAN_POINT('',(45.14161358811,51.867728237792,52.01));
#6999 = VECTOR('',#7000,1.);
#7000 = DIRECTION('',(0.,0.,-1.));
#7001 = SURFACE_OF_LINEAR_EXTRUSION('',#7002,#7006);
#7002 = B_SPLINE_CURVE_WITH_KNOTS('',2,(#7003,#7004,#7005),
  .UNSPECIFIED.,.F.,.F.,(3,3),(0.,1.),.PIECEWISE_BEZIER_KNOTS.);
#7003 = CARTESIAN_POINT('',(45.05881104034,52.9983014862,52.01));
#7004 = CARTESIAN_POINT('',(45.05881104034,52.175583864119,52.01));
#7005 = CARTESIAN_POINT('',(45.14161358811,51.867728237792,52.01));
#7006 = VECTOR('',#7007,1.);
#7007 = DIRECTION('',(-0.,-0.,1.));
#7008 = ADVANCED_FACE('',(#7009),#7031,.T.);
#7009 = FACE_BOUND('',#7010,.T.);
#7010 = EDGE_LOOP('',(#7011,#7023,#7024,#7025));
#7011 = ORIENTED_EDGE('',*,*,#7012,.T.);
#7012 = EDGE_CURVE('',#7013,#6976,#7015,.T.);
#7013 = VERTEX_POINT('',#7014);
#7014 = CARTESIAN_POINT('',(45.350106157113,51.457749469214,52.));
#7015 = B_SPLINE_CURVE_WITH_KNOTS('',6,(#7016,#7017,#7018,#7019,#7020,
    #7021,#7022),.UNSPECIFIED.,.F.,.F.,(7,7),(0.,1.),
  .PIECEWISE_BEZIER_KNOTS.);
#7016 = CARTESIAN_POINT('',(45.350106157113,51.457749469214,52.));
#7017 = CARTESIAN_POINT('',(45.305993704053,51.493590837325,52.));
#7018 = CARTESIAN_POINT('',(45.265577591498,51.544209079835,52.));
#7019 = CARTESIAN_POINT('',(45.229090953868,51.608616897341,52.));
#7020 = CARTESIAN_POINT('',(45.196430233856,51.685115151824,52.));
#7021 = CARTESIAN_POINT('',(45.167365344123,51.771984529541,52.));
#7022 = CARTESIAN_POINT('',(45.14161358811,51.867728237792,52.));
#7023 = ORIENTED_EDGE('',*,*,#6996,.T.);
#7024 = ORIENTED_EDGE('',*,*,#5259,.T.);
#7025 = ORIENTED_EDGE('',*,*,#7026,.F.);
#7026 = EDGE_CURVE('',#7013,#5260,#7027,.T.);
#7027 = LINE('',#7028,#7029);
#7028 = CARTESIAN_POINT('',(45.350106157113,51.457749469214,52.01));
#7029 = VECTOR('',#7030,1.);
#7030 = DIRECTION('',(0.,0.,-1.));
#7031 = SURFACE_OF_LINEAR_EXTRUSION('',#7032,#7036);
#7032 = B_SPLINE_CURVE_WITH_KNOTS('',2,(#7033,#7034,#7035),
  .UNSPECIFIED.,.F.,.F.,(3,3),(0.,1.),.PIECEWISE_BEZIER_KNOTS.);
#7033 = CARTESIAN_POINT('',(45.14161358811,51.867728237792,52.01));
#7034 = CARTESIAN_POINT('',(45.224416135881,51.559872611465,52.01));
#7035 = CARTESIAN_POINT('',(45.350106157113,51.457749469214,52.01));
#7036 = VECTOR('',#7037,1.);
#7037 = DIRECTION('',(-0.,-0.,1.));
#7038 = ADVANCED_FACE('',(#7039),#7062,.T.);
#7039 = FACE_BOUND('',#7040,.T.);
#7040 = EDGE_LOOP('',(#7041,#7054,#7055,#7056));
#7041 = ORIENTED_EDGE('',*,*,#7042,.T.);
#7042 = EDGE_CURVE('',#7043,#7013,#7045,.T.);
#7043 = VERTEX_POINT('',#7044);
#7044 = CARTESIAN_POINT('',(45.638428874735,51.355838641189,52.));
#7045 = B_SPLINE_CURVE_WITH_KNOTS('',4,(#7046,#7047,#7048,#7049,#7050,
    #7051,#7052,#7053),.UNSPECIFIED.,.F.,.F.,(5,3,5),(0.,0.507020096473,
    1.),.UNSPECIFIED.);
#7046 = CARTESIAN_POINT('',(45.638428874735,51.355838641189,52.));
#7047 = CARTESIAN_POINT('',(45.597404879916,51.355838641189,52.));
#7048 = CARTESIAN_POINT('',(45.557785448435,51.360172827109,52.));
#7049 = CARTESIAN_POINT('',(45.51966813803,51.368912802756,52.));
#7050 = CARTESIAN_POINT('',(45.447586964765,51.394793265794,52.));
#7051 = CARTESIAN_POINT('',(45.413536915501,51.411694554855,52.));
#7052 = CARTESIAN_POINT('',(45.381033867848,51.432715234555,52.));
#7053 = CARTESIAN_POINT('',(45.350106157113,51.457749469214,52.));
#7054 = ORIENTED_EDGE('',*,*,#7026,.T.);
#7055 = ORIENTED_EDGE('',*,*,#5267,.T.);
#7056 = ORIENTED_EDGE('',*,*,#7057,.F.);
#7057 = EDGE_CURVE('',#7043,#5268,#7058,.T.);
#7058 = LINE('',#7059,#7060);
#7059 = CARTESIAN_POINT('',(45.638428874735,51.355838641189,52.01));
#7060 = VECTOR('',#7061,1.);
#7061 = DIRECTION('',(0.,0.,-1.));
#7062 = SURFACE_OF_LINEAR_EXTRUSION('',#7063,#7067);
#7063 = B_SPLINE_CURVE_WITH_KNOTS('',2,(#7064,#7065,#7066),
  .UNSPECIFIED.,.F.,.F.,(3,3),(0.,1.),.PIECEWISE_BEZIER_KNOTS.);
#7064 = CARTESIAN_POINT('',(45.350106157113,51.457749469214,52.01));
#7065 = CARTESIAN_POINT('',(45.476008492569,51.355838641189,52.01));
#7066 = CARTESIAN_POINT('',(45.638428874735,51.355838641189,52.01));
#7067 = VECTOR('',#7068,1.);
#7068 = DIRECTION('',(-0.,-0.,1.));
#7069 = ADVANCED_FACE('',(#7070),#7093,.T.);
#7070 = FACE_BOUND('',#7071,.T.);
#7071 = EDGE_LOOP('',(#7072,#7085,#7086,#7087));
#7072 = ORIENTED_EDGE('',*,*,#7073,.T.);
#7073 = EDGE_CURVE('',#7074,#7043,#7076,.T.);
#7074 = VERTEX_POINT('',#7075);
#7075 = CARTESIAN_POINT('',(45.928237791932,51.459447983015,52.));
#7076 = B_SPLINE_CURVE_WITH_KNOTS('',4,(#7077,#7078,#7079,#7080,#7081,
    #7082,#7083,#7084),.UNSPECIFIED.,.F.,.F.,(5,3,5),(0.,0.525086712642,
    1.),.UNSPECIFIED.);
#7077 = CARTESIAN_POINT('',(45.928237791932,51.459447983015,52.));
#7078 = CARTESIAN_POINT('',(45.894931106961,51.432358545905,52.));
#7079 = CARTESIAN_POINT('',(45.859896235248,51.409883571392,52.));
#7080 = CARTESIAN_POINT('',(45.823167861729,51.392160069926,52.));
#7081 = CARTESIAN_POINT('',(45.75014433338,51.367507815972,52.));
#7082 = CARTESIAN_POINT('',(45.714142755692,51.359709233107,52.));
#7083 = CARTESIAN_POINT('',(45.676877605373,51.355838641189,52.));
#7084 = CARTESIAN_POINT('',(45.638428874735,51.355838641189,52.));
#7085 = ORIENTED_EDGE('',*,*,#7057,.T.);
#7086 = ORIENTED_EDGE('',*,*,#5275,.T.);
#7087 = ORIENTED_EDGE('',*,*,#7088,.F.);
#7088 = EDGE_CURVE('',#7074,#5276,#7089,.T.);
#7089 = LINE('',#7090,#7091);
#7090 = CARTESIAN_POINT('',(45.928237791932,51.459447983015,52.01));
#7091 = VECTOR('',#7092,1.);
#7092 = DIRECTION('',(0.,0.,-1.));
#7093 = SURFACE_OF_LINEAR_EXTRUSION('',#7094,#7098);
#7094 = B_SPLINE_CURVE_WITH_KNOTS('',2,(#7095,#7096,#7097),
  .UNSPECIFIED.,.F.,.F.,(3,3),(0.,1.),.PIECEWISE_BEZIER_KNOTS.);
#7095 = CARTESIAN_POINT('',(45.638428874735,51.355838641189,52.01));
#7096 = CARTESIAN_POINT('',(45.8008492569,51.355838641189,52.01));
#7097 = CARTESIAN_POINT('',(45.928237791932,51.459447983015,52.01));
#7098 = VECTOR('',#7099,1.);
#7099 = DIRECTION('',(-0.,-0.,1.));
#7100 = ADVANCED_FACE('',(#7101),#7123,.T.);
#7101 = FACE_BOUND('',#7102,.T.);
#7102 = EDGE_LOOP('',(#7103,#7115,#7116,#7117));
#7103 = ORIENTED_EDGE('',*,*,#7104,.T.);
#7104 = EDGE_CURVE('',#7105,#7074,#7107,.T.);
#7105 = VERTEX_POINT('',#7106);
#7106 = CARTESIAN_POINT('',(46.125690021231,51.830997876858,52.));
#7107 = B_SPLINE_CURVE_WITH_KNOTS('',6,(#7108,#7109,#7110,#7111,#7112,
    #7113,#7114),.UNSPECIFIED.,.F.,.F.,(7,7),(0.,1.),
  .PIECEWISE_BEZIER_KNOTS.);
#7108 = CARTESIAN_POINT('',(46.125690021231,51.830997876858,52.));
#7109 = CARTESIAN_POINT('',(46.10343897656,51.745904487842,52.));
#7110 = CARTESIAN_POINT('',(46.077194709251,51.668751011783,52.));
#7111 = CARTESIAN_POINT('',(46.046690246645,51.600567340994,52.));
#7112 = CARTESIAN_POINT('',(46.011715424718,51.542404398275,52.));
#7113 = CARTESIAN_POINT('',(45.97218084255,51.495188330851,52.));
#7114 = CARTESIAN_POINT('',(45.928237791932,51.459447983015,52.));
#7115 = ORIENTED_EDGE('',*,*,#7088,.T.);
#7116 = ORIENTED_EDGE('',*,*,#5283,.T.);
#7117 = ORIENTED_EDGE('',*,*,#7118,.F.);
#7118 = EDGE_CURVE('',#7105,#5284,#7119,.T.);
#7119 = LINE('',#7120,#7121);
#7120 = CARTESIAN_POINT('',(46.125690021231,51.830997876858,52.01));
#7121 = VECTOR('',#7122,1.);
#7122 = DIRECTION('',(0.,0.,-1.));
#7123 = SURFACE_OF_LINEAR_EXTRUSION('',#7124,#7128);
#7124 = B_SPLINE_CURVE_WITH_KNOTS('',2,(#7125,#7126,#7127),
  .UNSPECIFIED.,.F.,.F.,(3,3),(0.,1.),.PIECEWISE_BEZIER_KNOTS.);
#7125 = CARTESIAN_POINT('',(45.928237791932,51.459447983015,52.01));
#7126 = CARTESIAN_POINT('',(46.055626326964,51.563057324841,52.01));
#7127 = CARTESIAN_POINT('',(46.125690021231,51.830997876858,52.01));
#7128 = VECTOR('',#7129,1.);
#7129 = DIRECTION('',(-0.,-0.,1.));
#7130 = ADVANCED_FACE('',(#7131),#7162,.T.);
#7131 = FACE_BOUND('',#7132,.T.);
#7132 = EDGE_LOOP('',(#7133,#7154,#7155,#7156));
#7133 = ORIENTED_EDGE('',*,*,#7134,.T.);
#7134 = EDGE_CURVE('',#7135,#7105,#7137,.T.);
#7135 = VERTEX_POINT('',#7136);
#7136 = CARTESIAN_POINT('',(46.21804670913,52.9983014862,52.));
#7137 = B_SPLINE_CURVE_WITH_KNOTS('',8,(#7138,#7139,#7140,#7141,#7142,
    #7143,#7144,#7145,#7146,#7147,#7148,#7149,#7150,#7151,#7152,#7153),
  .UNSPECIFIED.,.F.,.F.,(9,7,9),(0.,0.845100637483,1.),.UNSPECIFIED.);
#7138 = CARTESIAN_POINT('',(46.21804670913,52.9983014862,52.));
#7139 = CARTESIAN_POINT('',(46.21804670913,52.858077850393,52.));
#7140 = CARTESIAN_POINT('',(46.216513497713,52.720271457266,52.));
#7141 = CARTESIAN_POINT('',(46.213236676364,52.584971148458,52.));
#7142 = CARTESIAN_POINT('',(46.20792895818,52.452650019917,52.));
#7143 = CARTESIAN_POINT('',(46.200229427019,52.324155610388,52.));
#7144 = CARTESIAN_POINT('',(46.189652786146,52.200808482258,52.));
#7145 = CARTESIAN_POINT('',(46.175604979261,52.084369104113,52.));
#7146 = CARTESIAN_POINT('',(46.153769593819,51.957866050154,52.));
#7147 = CARTESIAN_POINT('',(46.150240629331,51.938598443313,52.));
#7148 = CARTESIAN_POINT('',(46.146559765758,51.919676720025,52.));
#7149 = CARTESIAN_POINT('',(46.142721721582,51.901120597424,52.));
#7150 = CARTESIAN_POINT('',(46.138721155648,51.882951261795,52.));
#7151 = CARTESIAN_POINT('',(46.134552667168,51.865191368573,52.));
#7152 = CARTESIAN_POINT('',(46.130210795716,51.847865042347,52.));
#7153 = CARTESIAN_POINT('',(46.125690021231,51.830997876858,52.));
#7154 = ORIENTED_EDGE('',*,*,#7118,.T.);
#7155 = ORIENTED_EDGE('',*,*,#5291,.T.);
#7156 = ORIENTED_EDGE('',*,*,#7157,.F.);
#7157 = EDGE_CURVE('',#7135,#5292,#7158,.T.);
#7158 = LINE('',#7159,#7160);
#7159 = CARTESIAN_POINT('',(46.21804670913,52.9983014862,52.01));
#7160 = VECTOR('',#7161,1.);
#7161 = DIRECTION('',(0.,0.,-1.));
#7162 = SURFACE_OF_LINEAR_EXTRUSION('',#7163,#7167);
#7163 = B_SPLINE_CURVE_WITH_KNOTS('',2,(#7164,#7165,#7166),
  .UNSPECIFIED.,.F.,.F.,(3,3),(0.,1.),.PIECEWISE_BEZIER_KNOTS.);
#7164 = CARTESIAN_POINT('',(46.125690021231,51.830997876858,52.01));
#7165 = CARTESIAN_POINT('',(46.21804670913,52.175583864119,52.01));
#7166 = CARTESIAN_POINT('',(46.21804670913,52.9983014862,52.01));
#7167 = VECTOR('',#7168,1.);
#7168 = DIRECTION('',(-0.,-0.,1.));
#7169 = ADVANCED_FACE('',(#7170),#7199,.T.);
#7170 = FACE_BOUND('',#7171,.T.);
#7171 = EDGE_LOOP('',(#7172,#7191,#7192,#7193));
#7172 = ORIENTED_EDGE('',*,*,#7173,.T.);
#7173 = EDGE_CURVE('',#7174,#7135,#7176,.T.);
#7174 = VERTEX_POINT('',#7175);
#7175 = CARTESIAN_POINT('',(46.135244161359,54.129087048832,52.));
#7176 = B_SPLINE_CURVE_WITH_KNOTS('',7,(#7177,#7178,#7179,#7180,#7181,
    #7182,#7183,#7184,#7185,#7186,#7187,#7188,#7189,#7190),
  .UNSPECIFIED.,.F.,.F.,(8,6,8),(0.,0.705882239486,1.),.UNSPECIFIED.);
#7177 = CARTESIAN_POINT('',(46.135244161359,54.129087048832,52.));
#7178 = CARTESIAN_POINT('',(46.156749115328,54.049132732794,52.));
#7179 = CARTESIAN_POINT('',(46.173511686312,53.954432186473,52.));
#7180 = CARTESIAN_POINT('',(46.186507451926,53.849394843595,52.));
#7181 = CARTESIAN_POINT('',(46.196446893999,53.737125095287,52.));
#7182 = CARTESIAN_POINT('',(46.203906892818,53.61976442618,52.));
#7183 = CARTESIAN_POINT('',(46.209318870265,53.498452862177,52.));
#7184 = CARTESIAN_POINT('',(46.214526733591,53.321301279342,52.));
#7185 = CARTESIAN_POINT('',(46.215755039904,53.268618770208,52.));
#7186 = CARTESIAN_POINT('',(46.21670261013,53.215415976632,52.));
#7187 = CARTESIAN_POINT('',(46.217389206825,53.16174329347,52.));
#7188 = CARTESIAN_POINT('',(46.217832135735,53.107643554295,52.));
#7189 = CARTESIAN_POINT('',(46.21804670913,53.053152873132,52.));
#7190 = CARTESIAN_POINT('',(46.21804670913,52.9983014862,52.));
#7191 = ORIENTED_EDGE('',*,*,#7157,.T.);
#7192 = ORIENTED_EDGE('',*,*,#5299,.T.);
#7193 = ORIENTED_EDGE('',*,*,#7194,.F.);
#7194 = EDGE_CURVE('',#7174,#5300,#7195,.T.);
#7195 = LINE('',#7196,#7197);
#7196 = CARTESIAN_POINT('',(46.135244161359,54.129087048832,52.01));
#7197 = VECTOR('',#7198,1.);
#7198 = DIRECTION('',(0.,0.,-1.));
#7199 = SURFACE_OF_LINEAR_EXTRUSION('',#7200,#7204);
#7200 = B_SPLINE_CURVE_WITH_KNOTS('',2,(#7201,#7202,#7203),
  .UNSPECIFIED.,.F.,.F.,(3,3),(0.,1.),.PIECEWISE_BEZIER_KNOTS.);
#7201 = CARTESIAN_POINT('',(46.21804670913,52.9983014862,52.01));
#7202 = CARTESIAN_POINT('',(46.21804670913,53.821231422505,52.01));
#7203 = CARTESIAN_POINT('',(46.135244161359,54.129087048832,52.01));
#7204 = VECTOR('',#7205,1.);
#7205 = DIRECTION('',(-0.,-0.,1.));
#7206 = ADVANCED_FACE('',(#7207),#7229,.T.);
#7207 = FACE_BOUND('',#7208,.T.);
#7208 = EDGE_LOOP('',(#7209,#7221,#7222,#7223));
#7209 = ORIENTED_EDGE('',*,*,#7210,.T.);
#7210 = EDGE_CURVE('',#7211,#7174,#7213,.T.);
#7211 = VERTEX_POINT('',#7212);
#7212 = CARTESIAN_POINT('',(45.926539278132,54.540552016985,52.));
#7213 = B_SPLINE_CURVE_WITH_KNOTS('',6,(#7214,#7215,#7216,#7217,#7218,
    #7219,#7220),.UNSPECIFIED.,.F.,.F.,(7,7),(0.,1.),
  .PIECEWISE_BEZIER_KNOTS.);
#7214 = CARTESIAN_POINT('',(45.926539278132,54.540552016985,52.));
#7215 = CARTESIAN_POINT('',(45.970717840518,54.504195965645,52.));
#7216 = CARTESIAN_POINT('',(46.011181636162,54.453187368563,52.));
#7217 = CARTESIAN_POINT('',(46.047705419849,54.388511013847,52.));
#7218 = CARTESIAN_POINT('',(46.080394877319,54.311842195631,52.));
#7219 = CARTESIAN_POINT('',(46.109480411539,54.224875349443,52.));
#7220 = CARTESIAN_POINT('',(46.135244161359,54.129087048832,52.));
#7221 = ORIENTED_EDGE('',*,*,#7194,.T.);
#7222 = ORIENTED_EDGE('',*,*,#5307,.T.);
#7223 = ORIENTED_EDGE('',*,*,#7224,.F.);
#7224 = EDGE_CURVE('',#7211,#5308,#7225,.T.);
#7225 = LINE('',#7226,#7227);
#7226 = CARTESIAN_POINT('',(45.926539278132,54.540552016985,52.01));
#7227 = VECTOR('',#7228,1.);
#7228 = DIRECTION('',(0.,0.,-1.));
#7229 = SURFACE_OF_LINEAR_EXTRUSION('',#7230,#7234);
#7230 = B_SPLINE_CURVE_WITH_KNOTS('',2,(#7231,#7232,#7233),
  .UNSPECIFIED.,.F.,.F.,(3,3),(0.,1.),.PIECEWISE_BEZIER_KNOTS.);
#7231 = CARTESIAN_POINT('',(46.135244161359,54.129087048832,52.01));
#7232 = CARTESIAN_POINT('',(46.052441613588,54.436942675159,52.01));
#7233 = CARTESIAN_POINT('',(45.926539278132,54.540552016985,52.01));
#7234 = VECTOR('',#7235,1.);
#7235 = DIRECTION('',(-0.,-0.,1.));
#7236 = ADVANCED_FACE('',(#7237),#7253,.T.);
#7237 = FACE_BOUND('',#7238,.T.);
#7238 = EDGE_LOOP('',(#7239,#7250,#7251,#7252));
#7239 = ORIENTED_EDGE('',*,*,#7240,.T.);
#7240 = EDGE_CURVE('',#6871,#7211,#7241,.T.);
#7241 = B_SPLINE_CURVE_WITH_KNOTS('',4,(#7242,#7243,#7244,#7245,#7246,
    #7247,#7248,#7249),.UNSPECIFIED.,.F.,.F.,(5,3,5),(0.,0.494974497505,
    1.),.UNSPECIFIED.);
#7242 = CARTESIAN_POINT('',(45.638428874735,54.644161358811,52.));
#7243 = CARTESIAN_POINT('',(45.678484585422,54.644161358811,52.));
#7244 = CARTESIAN_POINT('',(45.717193462203,54.639960484471,52.));
#7245 = CARTESIAN_POINT('',(45.754462299552,54.631490597617,52.));
#7246 = CARTESIAN_POINT('',(45.82671429843,54.605800147198,52.));
#7247 = CARTESIAN_POINT('',(45.861636114347,54.588405213232,52.));
#7248 = CARTESIAN_POINT('',(45.894921204575,54.566615564106,52.));
#7249 = CARTESIAN_POINT('',(45.926539278132,54.540552016985,52.));
#7250 = ORIENTED_EDGE('',*,*,#7224,.T.);
#7251 = ORIENTED_EDGE('',*,*,#5315,.T.);
#7252 = ORIENTED_EDGE('',*,*,#6883,.F.);
#7253 = SURFACE_OF_LINEAR_EXTRUSION('',#7254,#7258);
#7254 = B_SPLINE_CURVE_WITH_KNOTS('',2,(#7255,#7256,#7257),
  .UNSPECIFIED.,.F.,.F.,(3,3),(0.,1.),.PIECEWISE_BEZIER_KNOTS.);
#7255 = CARTESIAN_POINT('',(45.926539278132,54.540552016985,52.01));
#7256 = CARTESIAN_POINT('',(45.8008492569,54.644161358811,52.01));
#7257 = CARTESIAN_POINT('',(45.638428874735,54.644161358811,52.01));
#7258 = VECTOR('',#7259,1.);
#7259 = DIRECTION('',(-0.,-0.,1.));
#7260 = ADVANCED_FACE('',(#7261),#7280,.F.);
#7261 = FACE_BOUND('',#7262,.F.);
#7262 = EDGE_LOOP('',(#7263,#7271,#7272,#7273));
#7263 = ORIENTED_EDGE('',*,*,#7264,.T.);
#7264 = EDGE_CURVE('',#7265,#5348,#7267,.T.);
#7265 = VERTEX_POINT('',#7266);
#7266 = CARTESIAN_POINT('',(102.1,6.4,45.5));
#7267 = LINE('',#7268,#7269);
#7268 = CARTESIAN_POINT('',(102.1,6.4,44.5));
#7269 = VECTOR('',#7270,1.);
#7270 = DIRECTION('',(0.,0.,1.));
#7271 = ORIENTED_EDGE('',*,*,#5347,.F.);
#7272 = ORIENTED_EDGE('',*,*,#7264,.F.);
#7273 = ORIENTED_EDGE('',*,*,#7274,.T.);
#7274 = EDGE_CURVE('',#7265,#7265,#7275,.T.);
#7275 = CIRCLE('',#7276,1.7);
#7276 = AXIS2_PLACEMENT_3D('',#7277,#7278,#7279);
#7277 = CARTESIAN_POINT('',(100.4,6.4,45.5));
#7278 = DIRECTION('',(0.,0.,1.));
#7279 = DIRECTION('',(1.,0.,-0.));
#7280 = CYLINDRICAL_SURFACE('',#7281,1.7);
#7281 = AXIS2_PLACEMENT_3D('',#7282,#7283,#7284);
#7282 = CARTESIAN_POINT('',(100.4,6.4,44.5));
#7283 = DIRECTION('',(0.,0.,1.));
#7284 = DIRECTION('',(1.,0.,-0.));
#7285 = ADVANCED_FACE('',(#7286),#7311,.T.);
#7286 = FACE_BOUND('',#7287,.T.);
#7287 = EDGE_LOOP('',(#7288,#7298,#7304,#7305));
#7288 = ORIENTED_EDGE('',*,*,#7289,.F.);
#7289 = EDGE_CURVE('',#7290,#7292,#7294,.T.);
#7290 = VERTEX_POINT('',#7291);
#7291 = CARTESIAN_POINT('',(63.823566878981,52.538004246285,52.));
#7292 = VERTEX_POINT('',#7293);
#7293 = CARTESIAN_POINT('',(63.18025477707,54.277282377919,52.));
#7294 = LINE('',#7295,#7296);
#7295 = CARTESIAN_POINT('',(68.530148138827,39.813148246066,52.));
#7296 = VECTOR('',#7297,1.);
#7297 = DIRECTION('',(-0.34690414798,0.937900587543,0.));
#7298 = ORIENTED_EDGE('',*,*,#7299,.T.);
#7299 = EDGE_CURVE('',#7290,#5413,#7300,.T.);
#7300 = LINE('',#7301,#7302);
#7301 = CARTESIAN_POINT('',(63.823566878981,52.538004246285,52.01));
#7302 = VECTOR('',#7303,1.);
#7303 = DIRECTION('',(0.,0.,-1.));
#7304 = ORIENTED_EDGE('',*,*,#5412,.T.);
#7305 = ORIENTED_EDGE('',*,*,#7306,.F.);
#7306 = EDGE_CURVE('',#7292,#5415,#7307,.T.);
#7307 = LINE('',#7308,#7309);
#7308 = CARTESIAN_POINT('',(63.18025477707,54.277282377919,52.01));
#7309 = VECTOR('',#7310,1.);
#7310 = DIRECTION('',(0.,0.,-1.));
#7311 = PLANE('',#7312);
#7312 = AXIS2_PLACEMENT_3D('',#7313,#7314,#7315);
#7313 = CARTESIAN_POINT('',(63.823566878981,52.538004246285,52.01));
#7314 = DIRECTION('',(0.937900587543,0.34690414798,0.));
#7315 = DIRECTION('',(-0.34690414798,0.937900587543,0.));
#7316 = ADVANCED_FACE('',(#7317),#7335,.T.);
#7317 = FACE_BOUND('',#7318,.T.);
#7318 = EDGE_LOOP('',(#7319,#7327,#7328,#7329));
#7319 = ORIENTED_EDGE('',*,*,#7320,.F.);
#7320 = EDGE_CURVE('',#7292,#7321,#7323,.T.);
#7321 = VERTEX_POINT('',#7322);
#7322 = CARTESIAN_POINT('',(62.549681528662,52.538004246285,52.));
#7323 = LINE('',#7324,#7325);
#7324 = CARTESIAN_POINT('',(50.814313430501,20.168935067788,52.));
#7325 = VECTOR('',#7326,1.);
#7326 = DIRECTION('',(-0.340839896143,-0.940121356633,0.));
#7327 = ORIENTED_EDGE('',*,*,#7306,.T.);
#7328 = ORIENTED_EDGE('',*,*,#5422,.T.);
#7329 = ORIENTED_EDGE('',*,*,#7330,.F.);
#7330 = EDGE_CURVE('',#7321,#5423,#7331,.T.);
#7331 = LINE('',#7332,#7333);
#7332 = CARTESIAN_POINT('',(62.549681528662,52.538004246285,52.01));
#7333 = VECTOR('',#7334,1.);
#7334 = DIRECTION('',(0.,0.,-1.));
#7335 = PLANE('',#7336);
#7336 = AXIS2_PLACEMENT_3D('',#7337,#7338,#7339);
#7337 = CARTESIAN_POINT('',(63.18025477707,54.277282377919,52.01));
#7338 = DIRECTION('',(-0.940121356633,0.340839896143,0.));
#7339 = DIRECTION('',(-0.340839896143,-0.940121356633,0.));
#7340 = ADVANCED_FACE('',(#7341),#7352,.T.);
#7341 = FACE_BOUND('',#7342,.T.);
#7342 = EDGE_LOOP('',(#7343,#7349,#7350,#7351));
#7343 = ORIENTED_EDGE('',*,*,#7344,.F.);
#7344 = EDGE_CURVE('',#7321,#7290,#7345,.T.);
#7345 = LINE('',#7346,#7347);
#7346 = CARTESIAN_POINT('',(31.274840764331,52.538004246285,52.));
#7347 = VECTOR('',#7348,1.);
#7348 = DIRECTION('',(1.,0.,-0.));
#7349 = ORIENTED_EDGE('',*,*,#7330,.T.);
#7350 = ORIENTED_EDGE('',*,*,#5430,.T.);
#7351 = ORIENTED_EDGE('',*,*,#7299,.F.);
#7352 = PLANE('',#7353);
#7353 = AXIS2_PLACEMENT_3D('',#7354,#7355,#7356);
#7354 = CARTESIAN_POINT('',(62.549681528662,52.538004246285,52.01));
#7355 = DIRECTION('',(0.,-1.,0.));
#7356 = DIRECTION('',(1.,0.,0.));
#7357 = ADVANCED_FACE('',(#7358),#7377,.F.);
#7358 = FACE_BOUND('',#7359,.F.);
#7359 = EDGE_LOOP('',(#7360,#7368,#7369,#7370));
#7360 = ORIENTED_EDGE('',*,*,#7361,.T.);
#7361 = EDGE_CURVE('',#7362,#5492,#7364,.T.);
#7362 = VERTEX_POINT('',#7363);
#7363 = CARTESIAN_POINT('',(21.7,126.4,45.5));
#7364 = LINE('',#7365,#7366);
#7365 = CARTESIAN_POINT('',(21.7,126.4,44.5));
#7366 = VECTOR('',#7367,1.);
#7367 = DIRECTION('',(0.,0.,1.));
#7368 = ORIENTED_EDGE('',*,*,#5491,.F.);
#7369 = ORIENTED_EDGE('',*,*,#7361,.F.);
#7370 = ORIENTED_EDGE('',*,*,#7371,.T.);
#7371 = EDGE_CURVE('',#7362,#7362,#7372,.T.);
#7372 = CIRCLE('',#7373,1.7);
#7373 = AXIS2_PLACEMENT_3D('',#7374,#7375,#7376);
#7374 = CARTESIAN_POINT('',(20.,126.4,45.5));
#7375 = DIRECTION('',(0.,0.,1.));
#7376 = DIRECTION('',(1.,0.,-0.));
#7377 = CYLINDRICAL_SURFACE('',#7378,1.7);
#7378 = AXIS2_PLACEMENT_3D('',#7379,#7380,#7381);
#7379 = CARTESIAN_POINT('',(20.,126.4,44.5));
#7380 = DIRECTION('',(0.,0.,1.));
#7381 = DIRECTION('',(1.,0.,-0.));
#7382 = ADVANCED_FACE('',(#7383),#7402,.F.);
#7383 = FACE_BOUND('',#7384,.F.);
#7384 = EDGE_LOOP('',(#7385,#7393,#7394,#7395));
#7385 = ORIENTED_EDGE('',*,*,#7386,.T.);
#7386 = EDGE_CURVE('',#7387,#5529,#7389,.T.);
#7387 = VERTEX_POINT('',#7388);
#7388 = CARTESIAN_POINT('',(102.1,126.4,45.5));
#7389 = LINE('',#7390,#7391);
#7390 = CARTESIAN_POINT('',(102.1,126.4,44.5));
#7391 = VECTOR('',#7392,1.);
#7392 = DIRECTION('',(0.,0.,1.));
#7393 = ORIENTED_EDGE('',*,*,#5528,.F.);
#7394 = ORIENTED_EDGE('',*,*,#7386,.F.);
#7395 = ORIENTED_EDGE('',*,*,#7396,.T.);
#7396 = EDGE_CURVE('',#7387,#7387,#7397,.T.);
#7397 = CIRCLE('',#7398,1.7);
#7398 = AXIS2_PLACEMENT_3D('',#7399,#7400,#7401);
#7399 = CARTESIAN_POINT('',(100.4,126.4,45.5));
#7400 = DIRECTION('',(0.,0.,1.));
#7401 = DIRECTION('',(1.,0.,-0.));
#7402 = CYLINDRICAL_SURFACE('',#7403,1.7);
#7403 = AXIS2_PLACEMENT_3D('',#7404,#7405,#7406);
#7404 = CARTESIAN_POINT('',(100.4,126.4,44.5));
#7405 = DIRECTION('',(0.,0.,1.));
#7406 = DIRECTION('',(1.,0.,-0.));
#7407 = ADVANCED_FACE('',(#7408),#7424,.T.);
#7408 = FACE_BOUND('',#7409,.T.);
#7409 = EDGE_LOOP('',(#7410,#7416,#7417,#7423));
#7410 = ORIENTED_EDGE('',*,*,#7411,.F.);
#7411 = EDGE_CURVE('',#5595,#5688,#7412,.T.);
#7412 = LINE('',#7413,#7414);
#7413 = CARTESIAN_POINT('',(41.6,99.1,46.6));
#7414 = VECTOR('',#7415,1.);
#7415 = DIRECTION('',(-0.,1.,0.));
#7416 = ORIENTED_EDGE('',*,*,#5594,.T.);
#7417 = ORIENTED_EDGE('',*,*,#7418,.T.);
#7418 = EDGE_CURVE('',#5597,#5690,#7419,.T.);
#7419 = LINE('',#7420,#7421);
#7420 = CARTESIAN_POINT('',(49.2,99.1,46.6));
#7421 = VECTOR('',#7422,1.);
#7422 = DIRECTION('',(-0.,1.,0.));
#7423 = ORIENTED_EDGE('',*,*,#5687,.F.);
#7424 = PLANE('',#7425);
#7425 = AXIS2_PLACEMENT_3D('',#7426,#7427,#7428);
#7426 = CARTESIAN_POINT('',(41.6,99.1,46.6));
#7427 = DIRECTION('',(0.,0.,1.));
#7428 = DIRECTION('',(1.,0.,-0.));
#7429 = ADVANCED_FACE('',(#7430),#7446,.T.);
#7430 = FACE_BOUND('',#7431,.T.);
#7431 = EDGE_LOOP('',(#7432,#7438,#7439,#7445));
#7432 = ORIENTED_EDGE('',*,*,#7433,.F.);
#7433 = EDGE_CURVE('',#5657,#5750,#7434,.T.);
#7434 = LINE('',#7435,#7436);
#7435 = CARTESIAN_POINT('',(52.6,99.1,46.6));
#7436 = VECTOR('',#7437,1.);
#7437 = DIRECTION('',(-0.,1.,0.));
#7438 = ORIENTED_EDGE('',*,*,#5656,.T.);
#7439 = ORIENTED_EDGE('',*,*,#7440,.T.);
#7440 = EDGE_CURVE('',#5659,#5752,#7441,.T.);
#7441 = LINE('',#7442,#7443);
#7442 = CARTESIAN_POINT('',(60.2,99.1,46.6));
#7443 = VECTOR('',#7444,1.);
#7444 = DIRECTION('',(-0.,1.,0.));
#7445 = ORIENTED_EDGE('',*,*,#5749,.F.);
#7446 = PLANE('',#7447);
#7447 = AXIS2_PLACEMENT_3D('',#7448,#7449,#7450);
#7448 = CARTESIAN_POINT('',(52.6,99.1,46.6));
#7449 = DIRECTION('',(0.,0.,1.));
#7450 = DIRECTION('',(1.,0.,-0.));
#7451 = ADVANCED_FACE('',(#7452),#7468,.T.);
#7452 = FACE_BOUND('',#7453,.T.);
#7453 = EDGE_LOOP('',(#7454,#7460,#7461,#7467));
#7454 = ORIENTED_EDGE('',*,*,#7455,.F.);
#7455 = EDGE_CURVE('',#5843,#5874,#7456,.T.);
#7456 = LINE('',#7457,#7458);
#7457 = CARTESIAN_POINT('',(63.6,99.1,46.6));
#7458 = VECTOR('',#7459,1.);
#7459 = DIRECTION('',(-0.,1.,0.));
#7460 = ORIENTED_EDGE('',*,*,#5842,.T.);
#7461 = ORIENTED_EDGE('',*,*,#7462,.T.);
#7462 = EDGE_CURVE('',#5845,#5876,#7463,.T.);
#7463 = LINE('',#7464,#7465);
#7464 = CARTESIAN_POINT('',(71.2,99.1,46.6));
#7465 = VECTOR('',#7466,1.);
#7466 = DIRECTION('',(-0.,1.,0.));
#7467 = ORIENTED_EDGE('',*,*,#5873,.F.);
#7468 = PLANE('',#7469);
#7469 = AXIS2_PLACEMENT_3D('',#7470,#7471,#7472);
#7470 = CARTESIAN_POINT('',(63.6,99.1,46.6));
#7471 = DIRECTION('',(0.,0.,1.));
#7472 = DIRECTION('',(1.,0.,-0.));
#7473 = ADVANCED_FACE('',(#7474),#7490,.T.);
#7474 = FACE_BOUND('',#7475,.T.);
#7475 = EDGE_LOOP('',(#7476,#7482,#7483,#7489));
#7476 = ORIENTED_EDGE('',*,*,#7477,.F.);
#7477 = EDGE_CURVE('',#5967,#6060,#7478,.T.);
#7478 = LINE('',#7479,#7480);
#7479 = CARTESIAN_POINT('',(74.6,99.1,46.6));
#7480 = VECTOR('',#7481,1.);
#7481 = DIRECTION('',(-0.,1.,0.));
#7482 = ORIENTED_EDGE('',*,*,#5966,.T.);
#7483 = ORIENTED_EDGE('',*,*,#7484,.T.);
#7484 = EDGE_CURVE('',#5969,#6062,#7485,.T.);
#7485 = LINE('',#7486,#7487);
#7486 = CARTESIAN_POINT('',(82.2,99.1,46.6));
#7487 = VECTOR('',#7488,1.);
#7488 = DIRECTION('',(-0.,1.,0.));
#7489 = ORIENTED_EDGE('',*,*,#6059,.F.);
#7490 = PLANE('',#7491);
#7491 = AXIS2_PLACEMENT_3D('',#7492,#7493,#7494);
#7492 = CARTESIAN_POINT('',(74.6,99.1,46.6));
#7493 = DIRECTION('',(0.,0.,1.));
#7494 = DIRECTION('',(1.,0.,-0.));
#7495 = ADVANCED_FACE('',(#7496),#7512,.T.);
#7496 = FACE_BOUND('',#7497,.T.);
#7497 = EDGE_LOOP('',(#7498,#7504,#7505,#7511));
#7498 = ORIENTED_EDGE('',*,*,#7499,.F.);
#7499 = EDGE_CURVE('',#6029,#6122,#7500,.T.);
#7500 = LINE('',#7501,#7502);
#7501 = CARTESIAN_POINT('',(85.6,99.1,46.6));
#7502 = VECTOR('',#7503,1.);
#7503 = DIRECTION('',(-0.,1.,0.));
#7504 = ORIENTED_EDGE('',*,*,#6028,.T.);
#7505 = ORIENTED_EDGE('',*,*,#7506,.T.);
#7506 = EDGE_CURVE('',#6031,#6124,#7507,.T.);
#7507 = LINE('',#7508,#7509);
#7508 = CARTESIAN_POINT('',(93.2,99.1,46.6));
#7509 = VECTOR('',#7510,1.);
#7510 = DIRECTION('',(-0.,1.,0.));
#7511 = ORIENTED_EDGE('',*,*,#6121,.F.);
#7512 = PLANE('',#7513);
#7513 = AXIS2_PLACEMENT_3D('',#7514,#7515,#7516);
#7514 = CARTESIAN_POINT('',(85.6,99.1,46.6));
#7515 = DIRECTION('',(0.,0.,1.));
#7516 = DIRECTION('',(1.,0.,-0.));
#7517 = ADVANCED_FACE('',(#7518),#7528,.T.);
#7518 = FACE_BOUND('',#7519,.T.);
#7519 = EDGE_LOOP('',(#7520,#7521,#7522,#7523,#7524,#7525,#7526,#7527));
#7520 = ORIENTED_EDGE('',*,*,#6208,.F.);
#7521 = ORIENTED_EDGE('',*,*,#6248,.F.);
#7522 = ORIENTED_EDGE('',*,*,#6281,.F.);
#7523 = ORIENTED_EDGE('',*,*,#6314,.F.);
#7524 = ORIENTED_EDGE('',*,*,#6347,.F.);
#7525 = ORIENTED_EDGE('',*,*,#6380,.F.);
#7526 = ORIENTED_EDGE('',*,*,#6413,.F.);
#7527 = ORIENTED_EDGE('',*,*,#6446,.F.);
#7528 = PLANE('',#7529);
#7529 = AXIS2_PLACEMENT_3D('',#7530,#7531,#7532);
#7530 = CARTESIAN_POINT('',(0.,0.,52.));
#7531 = DIRECTION('',(0.,0.,1.));
#7532 = DIRECTION('',(1.,0.,-0.));
#7533 = ADVANCED_FACE('',(#7534),#7548,.T.);
#7534 = FACE_BOUND('',#7535,.T.);
#7535 = EDGE_LOOP('',(#7536,#7537,#7538,#7539,#7540,#7541,#7542,#7543,
    #7544,#7545,#7546,#7547));
#7536 = ORIENTED_EDGE('',*,*,#6472,.F.);
#7537 = ORIENTED_EDGE('',*,*,#6510,.F.);
#7538 = ORIENTED_EDGE('',*,*,#6540,.F.);
#7539 = ORIENTED_EDGE('',*,*,#6579,.F.);
#7540 = ORIENTED_EDGE('',*,*,#6616,.F.);
#7541 = ORIENTED_EDGE('',*,*,#6646,.F.);
#7542 = ORIENTED_EDGE('',*,*,#6677,.F.);
#7543 = ORIENTED_EDGE('',*,*,#6708,.F.);
#7544 = ORIENTED_EDGE('',*,*,#6738,.F.);
#7545 = ORIENTED_EDGE('',*,*,#6777,.F.);
#7546 = ORIENTED_EDGE('',*,*,#6814,.F.);
#7547 = ORIENTED_EDGE('',*,*,#6844,.F.);
#7548 = PLANE('',#7549);
#7549 = AXIS2_PLACEMENT_3D('',#7550,#7551,#7552);
#7550 = CARTESIAN_POINT('',(0.,0.,52.));
#7551 = DIRECTION('',(0.,0.,1.));
#7552 = DIRECTION('',(1.,0.,-0.));
#7553 = ADVANCED_FACE('',(#7554),#7568,.T.);
#7554 = FACE_BOUND('',#7555,.T.);
#7555 = EDGE_LOOP('',(#7556,#7557,#7558,#7559,#7560,#7561,#7562,#7563,
    #7564,#7565,#7566,#7567));
#7556 = ORIENTED_EDGE('',*,*,#6868,.F.);
#7557 = ORIENTED_EDGE('',*,*,#6906,.F.);
#7558 = ORIENTED_EDGE('',*,*,#6936,.F.);
#7559 = ORIENTED_EDGE('',*,*,#6975,.F.);
#7560 = ORIENTED_EDGE('',*,*,#7012,.F.);
#7561 = ORIENTED_EDGE('',*,*,#7042,.F.);
#7562 = ORIENTED_EDGE('',*,*,#7073,.F.);
#7563 = ORIENTED_EDGE('',*,*,#7104,.F.);
#7564 = ORIENTED_EDGE('',*,*,#7134,.F.);
#7565 = ORIENTED_EDGE('',*,*,#7173,.F.);
#7566 = ORIENTED_EDGE('',*,*,#7210,.F.);
#7567 = ORIENTED_EDGE('',*,*,#7240,.F.);
#7568 = PLANE('',#7569);
#7569 = AXIS2_PLACEMENT_3D('',#7570,#7571,#7572);
#7570 = CARTESIAN_POINT('',(0.,0.,52.));
#7571 = DIRECTION('',(0.,0.,1.));
#7572 = DIRECTION('',(1.,0.,-0.));
#7573 = ADVANCED_FACE('',(#7574),#7579,.T.);
#7574 = FACE_BOUND('',#7575,.T.);
#7575 = EDGE_LOOP('',(#7576,#7577,#7578));
#7576 = ORIENTED_EDGE('',*,*,#7344,.T.);
#7577 = ORIENTED_EDGE('',*,*,#7289,.T.);
#7578 = ORIENTED_EDGE('',*,*,#7320,.T.);
#7579 = PLANE('',#7580);
#7580 = AXIS2_PLACEMENT_3D('',#7581,#7582,#7583);
#7581 = CARTESIAN_POINT('',(0.,0.,52.));
#7582 = DIRECTION('',(0.,0.,1.));
#7583 = DIRECTION('',(1.,0.,-0.));
#7584 = ADVANCED_FACE('',(#7585),#7596,.F.);
#7585 = FACE_BOUND('',#7586,.T.);
#7586 = EDGE_LOOP('',(#7587,#7588,#7589,#7595));
#7587 = ORIENTED_EDGE('',*,*,#158,.T.);
#7588 = ORIENTED_EDGE('',*,*,#1695,.F.);
#7589 = ORIENTED_EDGE('',*,*,#7590,.F.);
#7590 = EDGE_CURVE('',#1600,#1696,#7591,.T.);
#7591 = LINE('',#7592,#7593);
#7592 = CARTESIAN_POINT('',(2.6,2.6,45.5));
#7593 = VECTOR('',#7594,1.);
#7594 = DIRECTION('',(-0.,1.,0.));
#7595 = ORIENTED_EDGE('',*,*,#1599,.T.);
#7596 = PLANE('',#7597);
#7597 = AXIS2_PLACEMENT_3D('',#7598,#7599,#7600);
#7598 = CARTESIAN_POINT('',(2.6,2.6,45.5));
#7599 = DIRECTION('',(1.,0.,-0.));
#7600 = DIRECTION('',(0.,0.,1.));
#7601 = ADVANCED_FACE('',(#7602),#7613,.F.);
#7602 = FACE_BOUND('',#7603,.T.);
#7603 = EDGE_LOOP('',(#7604,#7610,#7611,#7612));
#7604 = ORIENTED_EDGE('',*,*,#7605,.T.);
#7605 = EDGE_CURVE('',#1608,#1640,#7606,.T.);
#7606 = LINE('',#7607,#7608);
#7607 = CARTESIAN_POINT('',(2.6,2.6,45.5));
#7608 = VECTOR('',#7609,1.);
#7609 = DIRECTION('',(1.,0.,-0.));
#7610 = ORIENTED_EDGE('',*,*,#1648,.T.);
#7611 = ORIENTED_EDGE('',*,*,#209,.T.);
#7612 = ORIENTED_EDGE('',*,*,#1616,.F.);
#7613 = PLANE('',#7614);
#7614 = AXIS2_PLACEMENT_3D('',#7615,#7616,#7617);
#7615 = CARTESIAN_POINT('',(2.6,2.6,45.5));
#7616 = DIRECTION('',(-0.,1.,0.));
#7617 = DIRECTION('',(0.,0.,1.));
#7618 = ADVANCED_FACE('',(#7619),#7630,.T.);
#7619 = FACE_BOUND('',#7620,.T.);
#7620 = EDGE_LOOP('',(#7621,#7622,#7623,#7629));
#7621 = ORIENTED_EDGE('',*,*,#192,.F.);
#7622 = ORIENTED_EDGE('',*,*,#1631,.F.);
#7623 = ORIENTED_EDGE('',*,*,#7624,.T.);
#7624 = EDGE_CURVE('',#1632,#1664,#7625,.T.);
#7625 = LINE('',#7626,#7627);
#7626 = CARTESIAN_POINT('',(104.2,2.6,45.5));
#7627 = VECTOR('',#7628,1.);
#7628 = DIRECTION('',(-0.,1.,0.));
#7629 = ORIENTED_EDGE('',*,*,#1663,.T.);
#7630 = PLANE('',#7631);
#7631 = AXIS2_PLACEMENT_3D('',#7632,#7633,#7634);
#7632 = CARTESIAN_POINT('',(104.2,2.6,45.5));
#7633 = DIRECTION('',(1.,0.,-0.));
#7634 = DIRECTION('',(0.,0.,1.));
#7635 = ADVANCED_FACE('',(#7636),#7647,.T.);
#7636 = FACE_BOUND('',#7637,.T.);
#7637 = EDGE_LOOP('',(#7638,#7644,#7645,#7646));
#7638 = ORIENTED_EDGE('',*,*,#7639,.F.);
#7639 = EDGE_CURVE('',#1704,#1672,#7640,.T.);
#7640 = LINE('',#7641,#7642);
#7641 = CARTESIAN_POINT('',(2.6,130.2,45.5));
#7642 = VECTOR('',#7643,1.);
#7643 = DIRECTION('',(1.,0.,-0.));
#7644 = ORIENTED_EDGE('',*,*,#1712,.T.);
#7645 = ORIENTED_EDGE('',*,*,#175,.F.);
#7646 = ORIENTED_EDGE('',*,*,#1680,.F.);
#7647 = PLANE('',#7648);
#7648 = AXIS2_PLACEMENT_3D('',#7649,#7650,#7651);
#7649 = CARTESIAN_POINT('',(2.6,130.2,45.5));
#7650 = DIRECTION('',(-0.,1.,0.));
#7651 = DIRECTION('',(0.,0.,1.));
#7652 = ADVANCED_FACE('',(#7653,#7663,#7786,#7789,#7792,#7795),#7798,.F.
  );
#7653 = FACE_BOUND('',#7654,.T.);
#7654 = EDGE_LOOP('',(#7655,#7656,#7657,#7658,#7659,#7660,#7661,#7662));
#7655 = ORIENTED_EDGE('',*,*,#7590,.T.);
#7656 = ORIENTED_EDGE('',*,*,#1703,.T.);
#7657 = ORIENTED_EDGE('',*,*,#7639,.T.);
#7658 = ORIENTED_EDGE('',*,*,#1671,.F.);
#7659 = ORIENTED_EDGE('',*,*,#7624,.F.);
#7660 = ORIENTED_EDGE('',*,*,#1639,.T.);
#7661 = ORIENTED_EDGE('',*,*,#7605,.F.);
#7662 = ORIENTED_EDGE('',*,*,#1607,.F.);
#7663 = FACE_BOUND('',#7664,.F.);
#7664 = EDGE_LOOP('',(#7665,#7675,#7683,#7691,#7699,#7707,#7715,#7723,
    #7731,#7739,#7747,#7755,#7763,#7771,#7780));
#7665 = ORIENTED_EDGE('',*,*,#7666,.F.);
#7666 = EDGE_CURVE('',#7667,#7669,#7671,.T.);
#7667 = VERTEX_POINT('',#7668);
#7668 = CARTESIAN_POINT('',(16.,122.4,45.5));
#7669 = VERTEX_POINT('',#7670);
#7670 = CARTESIAN_POINT('',(16.,128.6,45.5));
#7671 = LINE('',#7672,#7673);
#7672 = CARTESIAN_POINT('',(16.,122.4,45.5));
#7673 = VECTOR('',#7674,1.);
#7674 = DIRECTION('',(-0.,1.,0.));
#7675 = ORIENTED_EDGE('',*,*,#7676,.T.);
#7676 = EDGE_CURVE('',#7667,#7677,#7679,.T.);
#7677 = VERTEX_POINT('',#7678);
#7678 = CARTESIAN_POINT('',(24.,122.4,45.5));
#7679 = LINE('',#7680,#7681);
#7680 = CARTESIAN_POINT('',(16.,122.4,45.5));
#7681 = VECTOR('',#7682,1.);
#7682 = DIRECTION('',(1.,0.,-0.));
#7683 = ORIENTED_EDGE('',*,*,#7684,.T.);
#7684 = EDGE_CURVE('',#7677,#7685,#7687,.T.);
#7685 = VERTEX_POINT('',#7686);
#7686 = CARTESIAN_POINT('',(24.,128.6,45.5));
#7687 = LINE('',#7688,#7689);
#7688 = CARTESIAN_POINT('',(24.,122.4,45.5));
#7689 = VECTOR('',#7690,1.);
#7690 = DIRECTION('',(-0.,1.,0.));
#7691 = ORIENTED_EDGE('',*,*,#7692,.F.);
#7692 = EDGE_CURVE('',#7693,#7685,#7695,.T.);
#7693 = VERTEX_POINT('',#7694);
#7694 = CARTESIAN_POINT('',(96.4,128.6,45.5));
#7695 = LINE('',#7696,#7697);
#7696 = CARTESIAN_POINT('',(3.4,128.6,45.5));
#7697 = VECTOR('',#7698,1.);
#7698 = DIRECTION('',(-1.,-0.,0.));
#7699 = ORIENTED_EDGE('',*,*,#7700,.F.);
#7700 = EDGE_CURVE('',#7701,#7693,#7703,.T.);
#7701 = VERTEX_POINT('',#7702);
#7702 = CARTESIAN_POINT('',(96.4,122.4,45.5));
#7703 = LINE('',#7704,#7705);
#7704 = CARTESIAN_POINT('',(96.4,122.4,45.5));
#7705 = VECTOR('',#7706,1.);
#7706 = DIRECTION('',(-0.,1.,0.));
#7707 = ORIENTED_EDGE('',*,*,#7708,.T.);
#7708 = EDGE_CURVE('',#7701,#7709,#7711,.T.);
#7709 = VERTEX_POINT('',#7710);
#7710 = CARTESIAN_POINT('',(102.6,122.4,45.5));
#7711 = LINE('',#7712,#7713);
#7712 = CARTESIAN_POINT('',(96.4,122.4,45.5));
#7713 = VECTOR('',#7714,1.);
#7714 = DIRECTION('',(1.,0.,-0.));
#7715 = ORIENTED_EDGE('',*,*,#7716,.F.);
#7716 = EDGE_CURVE('',#7717,#7709,#7719,.T.);
#7717 = VERTEX_POINT('',#7718);
#7718 = CARTESIAN_POINT('',(102.6,10.4,45.5));
#7719 = LINE('',#7720,#7721);
#7720 = CARTESIAN_POINT('',(102.6,3.4,45.5));
#7721 = VECTOR('',#7722,1.);
#7722 = DIRECTION('',(-0.,1.,0.));
#7723 = ORIENTED_EDGE('',*,*,#7724,.F.);
#7724 = EDGE_CURVE('',#7725,#7717,#7727,.T.);
#7725 = VERTEX_POINT('',#7726);
#7726 = CARTESIAN_POINT('',(96.4,10.4,45.5));
#7727 = LINE('',#7728,#7729);
#7728 = CARTESIAN_POINT('',(96.4,10.4,45.5));
#7729 = VECTOR('',#7730,1.);
#7730 = DIRECTION('',(1.,0.,-0.));
#7731 = ORIENTED_EDGE('',*,*,#7732,.F.);
#7732 = EDGE_CURVE('',#7733,#7725,#7735,.T.);
#7733 = VERTEX_POINT('',#7734);
#7734 = CARTESIAN_POINT('',(96.4,4.2,45.5));
#7735 = LINE('',#7736,#7737);
#7736 = CARTESIAN_POINT('',(96.4,2.4,45.5));
#7737 = VECTOR('',#7738,1.);
#7738 = DIRECTION('',(-0.,1.,0.));
#7739 = ORIENTED_EDGE('',*,*,#7740,.T.);
#7740 = EDGE_CURVE('',#7733,#7741,#7743,.T.);
#7741 = VERTEX_POINT('',#7742);
#7742 = CARTESIAN_POINT('',(10.4,4.2,45.5));
#7743 = LINE('',#7744,#7745);
#7744 = CARTESIAN_POINT('',(3.4,4.2,45.5));
#7745 = VECTOR('',#7746,1.);
#7746 = DIRECTION('',(-1.,-0.,0.));
#7747 = ORIENTED_EDGE('',*,*,#7748,.T.);
#7748 = EDGE_CURVE('',#7741,#7749,#7751,.T.);
#7749 = VERTEX_POINT('',#7750);
#7750 = CARTESIAN_POINT('',(10.4,10.4,45.5));
#7751 = LINE('',#7752,#7753);
#7752 = CARTESIAN_POINT('',(10.4,2.4,45.5));
#7753 = VECTOR('',#7754,1.);
#7754 = DIRECTION('',(-0.,1.,0.));
#7755 = ORIENTED_EDGE('',*,*,#7756,.F.);
#7756 = EDGE_CURVE('',#7757,#7749,#7759,.T.);
#7757 = VERTEX_POINT('',#7758);
#7758 = CARTESIAN_POINT('',(4.2,10.4,45.5));
#7759 = LINE('',#7760,#7761);
#7760 = CARTESIAN_POINT('',(2.4,10.4,45.5));
#7761 = VECTOR('',#7762,1.);
#7762 = DIRECTION('',(1.,0.,-0.));
#7763 = ORIENTED_EDGE('',*,*,#7764,.T.);
#7764 = EDGE_CURVE('',#7757,#7765,#7767,.T.);
#7765 = VERTEX_POINT('',#7766);
#7766 = CARTESIAN_POINT('',(4.2,126.8,45.5));
#7767 = LINE('',#7768,#7769);
#7768 = CARTESIAN_POINT('',(4.2,3.4,45.5));
#7769 = VECTOR('',#7770,1.);
#7770 = DIRECTION('',(-0.,1.,0.));
#7771 = ORIENTED_EDGE('',*,*,#7772,.F.);
#7772 = EDGE_CURVE('',#7773,#7765,#7775,.T.);
#7773 = VERTEX_POINT('',#7774);
#7774 = CARTESIAN_POINT('',(6.,128.6,45.5));
#7775 = CIRCLE('',#7776,1.8);
#7776 = AXIS2_PLACEMENT_3D('',#7777,#7778,#7779);
#7777 = CARTESIAN_POINT('',(6.,126.8,45.5));
#7778 = DIRECTION('',(0.,0.,1.));
#7779 = DIRECTION('',(-1.,-0.,0.));
#7780 = ORIENTED_EDGE('',*,*,#7781,.F.);
#7781 = EDGE_CURVE('',#7669,#7773,#7782,.T.);
#7782 = LINE('',#7783,#7784);
#7783 = CARTESIAN_POINT('',(3.4,128.6,45.5));
#7784 = VECTOR('',#7785,1.);
#7785 = DIRECTION('',(-1.,-0.,0.));
#7786 = FACE_BOUND('',#7787,.F.);
#7787 = EDGE_LOOP('',(#7788));
#7788 = ORIENTED_EDGE('',*,*,#7274,.F.);
#7789 = FACE_BOUND('',#7790,.F.);
#7790 = EDGE_LOOP('',(#7791));
#7791 = ORIENTED_EDGE('',*,*,#6193,.F.);
#7792 = FACE_BOUND('',#7793,.F.);
#7793 = EDGE_LOOP('',(#7794));
#7794 = ORIENTED_EDGE('',*,*,#7396,.F.);
#7795 = FACE_BOUND('',#7796,.F.);
#7796 = EDGE_LOOP('',(#7797));
#7797 = ORIENTED_EDGE('',*,*,#7371,.F.);
#7798 = PLANE('',#7799);
#7799 = AXIS2_PLACEMENT_3D('',#7800,#7801,#7802);
#7800 = CARTESIAN_POINT('',(2.6,2.6,45.5));
#7801 = DIRECTION('',(0.,0.,1.));
#7802 = DIRECTION('',(1.,0.,-0.));
#7803 = ADVANCED_FACE('',(#7804),#7829,.F.);
#7804 = FACE_BOUND('',#7805,.F.);
#7805 = EDGE_LOOP('',(#7806,#7814,#7815,#7823));
#7806 = ORIENTED_EDGE('',*,*,#7807,.T.);
#7807 = EDGE_CURVE('',#7808,#7693,#7810,.T.);
#7808 = VERTEX_POINT('',#7809);
#7809 = CARTESIAN_POINT('',(96.4,128.6,49.1));
#7810 = LINE('',#7811,#7812);
#7811 = CARTESIAN_POINT('',(96.4,128.6,45.));
#7812 = VECTOR('',#7813,1.);
#7813 = DIRECTION('',(-0.,0.,-1.));
#7814 = ORIENTED_EDGE('',*,*,#7692,.T.);
#7815 = ORIENTED_EDGE('',*,*,#7816,.F.);
#7816 = EDGE_CURVE('',#7817,#7685,#7819,.T.);
#7817 = VERTEX_POINT('',#7818);
#7818 = CARTESIAN_POINT('',(24.,128.6,49.1));
#7819 = LINE('',#7820,#7821);
#7820 = CARTESIAN_POINT('',(24.,128.6,45.));
#7821 = VECTOR('',#7822,1.);
#7822 = DIRECTION('',(-0.,0.,-1.));
#7823 = ORIENTED_EDGE('',*,*,#7824,.F.);
#7824 = EDGE_CURVE('',#7808,#7817,#7825,.T.);
#7825 = LINE('',#7826,#7827);
#7826 = CARTESIAN_POINT('',(3.4,128.6,49.1));
#7827 = VECTOR('',#7828,1.);
#7828 = DIRECTION('',(-1.,-0.,0.));
#7829 = PLANE('',#7830);
#7830 = AXIS2_PLACEMENT_3D('',#7831,#7832,#7833);
#7831 = CARTESIAN_POINT('',(4.2,128.6,44.5));
#7832 = DIRECTION('',(-0.,1.,0.));
#7833 = DIRECTION('',(0.,0.,1.));
#7834 = ADVANCED_FACE('',(#7835),#7853,.T.);
#7835 = FACE_BOUND('',#7836,.T.);
#7836 = EDGE_LOOP('',(#7837,#7845,#7846,#7847));
#7837 = ORIENTED_EDGE('',*,*,#7838,.F.);
#7838 = EDGE_CURVE('',#7677,#7839,#7841,.T.);
#7839 = VERTEX_POINT('',#7840);
#7840 = CARTESIAN_POINT('',(24.,122.4,49.1));
#7841 = LINE('',#7842,#7843);
#7842 = CARTESIAN_POINT('',(24.,122.4,45.5));
#7843 = VECTOR('',#7844,1.);
#7844 = DIRECTION('',(0.,0.,1.));
#7845 = ORIENTED_EDGE('',*,*,#7684,.T.);
#7846 = ORIENTED_EDGE('',*,*,#7816,.F.);
#7847 = ORIENTED_EDGE('',*,*,#7848,.F.);
#7848 = EDGE_CURVE('',#7839,#7817,#7849,.T.);
#7849 = LINE('',#7850,#7851);
#7850 = CARTESIAN_POINT('',(24.,122.4,49.1));
#7851 = VECTOR('',#7852,1.);
#7852 = DIRECTION('',(-0.,1.,0.));
#7853 = PLANE('',#7854);
#7854 = AXIS2_PLACEMENT_3D('',#7855,#7856,#7857);
#7855 = CARTESIAN_POINT('',(24.,122.4,45.5));
#7856 = DIRECTION('',(1.,0.,-0.));
#7857 = DIRECTION('',(0.,0.,1.));
#7858 = ADVANCED_FACE('',(#7859),#7877,.F.);
#7859 = FACE_BOUND('',#7860,.F.);
#7860 = EDGE_LOOP('',(#7861,#7862,#7870,#7876));
#7861 = ORIENTED_EDGE('',*,*,#7676,.F.);
#7862 = ORIENTED_EDGE('',*,*,#7863,.T.);
#7863 = EDGE_CURVE('',#7667,#7864,#7866,.T.);
#7864 = VERTEX_POINT('',#7865);
#7865 = CARTESIAN_POINT('',(16.,122.4,49.1));
#7866 = LINE('',#7867,#7868);
#7867 = CARTESIAN_POINT('',(16.,122.4,45.5));
#7868 = VECTOR('',#7869,1.);
#7869 = DIRECTION('',(0.,0.,1.));
#7870 = ORIENTED_EDGE('',*,*,#7871,.T.);
#7871 = EDGE_CURVE('',#7864,#7839,#7872,.T.);
#7872 = LINE('',#7873,#7874);
#7873 = CARTESIAN_POINT('',(16.,122.4,49.1));
#7874 = VECTOR('',#7875,1.);
#7875 = DIRECTION('',(1.,0.,-0.));
#7876 = ORIENTED_EDGE('',*,*,#7838,.F.);
#7877 = PLANE('',#7878);
#7878 = AXIS2_PLACEMENT_3D('',#7879,#7880,#7881);
#7879 = CARTESIAN_POINT('',(16.,122.4,45.5));
#7880 = DIRECTION('',(-0.,1.,0.));
#7881 = DIRECTION('',(0.,0.,1.));
#7882 = ADVANCED_FACE('',(#7883),#7908,.F.);
#7883 = FACE_BOUND('',#7884,.F.);
#7884 = EDGE_LOOP('',(#7885,#7895,#7901,#7902));
#7885 = ORIENTED_EDGE('',*,*,#7886,.F.);
#7886 = EDGE_CURVE('',#7887,#7889,#7891,.T.);
#7887 = VERTEX_POINT('',#7888);
#7888 = CARTESIAN_POINT('',(102.6,10.4,49.1));
#7889 = VERTEX_POINT('',#7890);
#7890 = CARTESIAN_POINT('',(102.6,122.4,49.1));
#7891 = LINE('',#7892,#7893);
#7892 = CARTESIAN_POINT('',(102.6,3.4,49.1));
#7893 = VECTOR('',#7894,1.);
#7894 = DIRECTION('',(-0.,1.,0.));
#7895 = ORIENTED_EDGE('',*,*,#7896,.F.);
#7896 = EDGE_CURVE('',#7717,#7887,#7897,.T.);
#7897 = LINE('',#7898,#7899);
#7898 = CARTESIAN_POINT('',(102.6,10.4,45.));
#7899 = VECTOR('',#7900,1.);
#7900 = DIRECTION('',(0.,0.,1.));
#7901 = ORIENTED_EDGE('',*,*,#7716,.T.);
#7902 = ORIENTED_EDGE('',*,*,#7903,.T.);
#7903 = EDGE_CURVE('',#7709,#7889,#7904,.T.);
#7904 = LINE('',#7905,#7906);
#7905 = CARTESIAN_POINT('',(102.6,122.4,45.));
#7906 = VECTOR('',#7907,1.);
#7907 = DIRECTION('',(0.,0.,1.));
#7908 = PLANE('',#7909);
#7909 = AXIS2_PLACEMENT_3D('',#7910,#7911,#7912);
#7910 = CARTESIAN_POINT('',(102.6,4.2,44.5));
#7911 = DIRECTION('',(1.,0.,-0.));
#7912 = DIRECTION('',(0.,0.,1.));
#7913 = ADVANCED_FACE('',(#7914),#7932,.T.);
#7914 = FACE_BOUND('',#7915,.T.);
#7915 = EDGE_LOOP('',(#7916,#7917,#7925,#7931));
#7916 = ORIENTED_EDGE('',*,*,#7724,.F.);
#7917 = ORIENTED_EDGE('',*,*,#7918,.T.);
#7918 = EDGE_CURVE('',#7725,#7919,#7921,.T.);
#7919 = VERTEX_POINT('',#7920);
#7920 = CARTESIAN_POINT('',(96.4,10.4,49.1));
#7921 = LINE('',#7922,#7923);
#7922 = CARTESIAN_POINT('',(96.4,10.4,45.5));
#7923 = VECTOR('',#7924,1.);
#7924 = DIRECTION('',(0.,0.,1.));
#7925 = ORIENTED_EDGE('',*,*,#7926,.T.);
#7926 = EDGE_CURVE('',#7919,#7887,#7927,.T.);
#7927 = LINE('',#7928,#7929);
#7928 = CARTESIAN_POINT('',(96.4,10.4,49.1));
#7929 = VECTOR('',#7930,1.);
#7930 = DIRECTION('',(1.,0.,-0.));
#7931 = ORIENTED_EDGE('',*,*,#7896,.F.);
#7932 = PLANE('',#7933);
#7933 = AXIS2_PLACEMENT_3D('',#7934,#7935,#7936);
#7934 = CARTESIAN_POINT('',(96.4,10.4,45.5));
#7935 = DIRECTION('',(-0.,1.,0.));
#7936 = DIRECTION('',(0.,0.,1.));
#7937 = ADVANCED_FACE('',(#7938),#7963,.F.);
#7938 = FACE_BOUND('',#7939,.F.);
#7939 = EDGE_LOOP('',(#7940,#7948,#7949,#7957));
#7940 = ORIENTED_EDGE('',*,*,#7941,.T.);
#7941 = EDGE_CURVE('',#7942,#7669,#7944,.T.);
#7942 = VERTEX_POINT('',#7943);
#7943 = CARTESIAN_POINT('',(16.,128.6,49.1));
#7944 = LINE('',#7945,#7946);
#7945 = CARTESIAN_POINT('',(16.,128.6,45.));
#7946 = VECTOR('',#7947,1.);
#7947 = DIRECTION('',(-0.,0.,-1.));
#7948 = ORIENTED_EDGE('',*,*,#7781,.T.);
#7949 = ORIENTED_EDGE('',*,*,#7950,.T.);
#7950 = EDGE_CURVE('',#7773,#7951,#7953,.T.);
#7951 = VERTEX_POINT('',#7952);
#7952 = CARTESIAN_POINT('',(6.,128.6,49.1));
#7953 = LINE('',#7954,#7955);
#7954 = CARTESIAN_POINT('',(6.,128.6,44.5));
#7955 = VECTOR('',#7956,1.);
#7956 = DIRECTION('',(0.,0.,1.));
#7957 = ORIENTED_EDGE('',*,*,#7958,.F.);
#7958 = EDGE_CURVE('',#7942,#7951,#7959,.T.);
#7959 = LINE('',#7960,#7961);
#7960 = CARTESIAN_POINT('',(3.4,128.6,49.1));
#7961 = VECTOR('',#7962,1.);
#7962 = DIRECTION('',(-1.,-0.,0.));
#7963 = PLANE('',#7964);
#7964 = AXIS2_PLACEMENT_3D('',#7965,#7966,#7967);
#7965 = CARTESIAN_POINT('',(4.2,128.6,44.5));
#7966 = DIRECTION('',(-0.,1.,0.));
#7967 = DIRECTION('',(0.,0.,1.));
#7968 = ADVANCED_FACE('',(#7969),#7988,.F.);
#7969 = FACE_BOUND('',#7970,.T.);
#7970 = EDGE_LOOP('',(#7971,#7979,#7980,#7981));
#7971 = ORIENTED_EDGE('',*,*,#7972,.F.);
#7972 = EDGE_CURVE('',#7765,#7973,#7975,.T.);
#7973 = VERTEX_POINT('',#7974);
#7974 = CARTESIAN_POINT('',(4.2,126.8,49.1));
#7975 = LINE('',#7976,#7977);
#7976 = CARTESIAN_POINT('',(4.2,126.8,44.5));
#7977 = VECTOR('',#7978,1.);
#7978 = DIRECTION('',(0.,0.,1.));
#7979 = ORIENTED_EDGE('',*,*,#7772,.F.);
#7980 = ORIENTED_EDGE('',*,*,#7950,.T.);
#7981 = ORIENTED_EDGE('',*,*,#7982,.T.);
#7982 = EDGE_CURVE('',#7951,#7973,#7983,.T.);
#7983 = CIRCLE('',#7984,1.8);
#7984 = AXIS2_PLACEMENT_3D('',#7985,#7986,#7987);
#7985 = CARTESIAN_POINT('',(6.,126.8,49.1));
#7986 = DIRECTION('',(0.,0.,1.));
#7987 = DIRECTION('',(-1.,-0.,0.));
#7988 = CYLINDRICAL_SURFACE('',#7989,1.8);
#7989 = AXIS2_PLACEMENT_3D('',#7990,#7991,#7992);
#7990 = CARTESIAN_POINT('',(6.,126.8,44.5));
#7991 = DIRECTION('',(0.,0.,1.));
#7992 = DIRECTION('',(-1.,-0.,0.));
#7993 = ADVANCED_FACE('',(#7994),#8012,.T.);
#7994 = FACE_BOUND('',#7995,.T.);
#7995 = EDGE_LOOP('',(#7996,#8004,#8010,#8011));
#7996 = ORIENTED_EDGE('',*,*,#7997,.F.);
#7997 = EDGE_CURVE('',#7998,#7973,#8000,.T.);
#7998 = VERTEX_POINT('',#7999);
#7999 = CARTESIAN_POINT('',(4.2,10.4,49.1));
#8000 = LINE('',#8001,#8002);
#8001 = CARTESIAN_POINT('',(4.2,3.4,49.1));
#8002 = VECTOR('',#8003,1.);
#8003 = DIRECTION('',(-0.,1.,0.));
#8004 = ORIENTED_EDGE('',*,*,#8005,.F.);
#8005 = EDGE_CURVE('',#7757,#7998,#8006,.T.);
#8006 = LINE('',#8007,#8008);
#8007 = CARTESIAN_POINT('',(4.2,10.4,45.));
#8008 = VECTOR('',#8009,1.);
#8009 = DIRECTION('',(0.,0.,1.));
#8010 = ORIENTED_EDGE('',*,*,#7764,.T.);
#8011 = ORIENTED_EDGE('',*,*,#7972,.T.);
#8012 = PLANE('',#8013);
#8013 = AXIS2_PLACEMENT_3D('',#8014,#8015,#8016);
#8014 = CARTESIAN_POINT('',(4.2,4.2,44.5));
#8015 = DIRECTION('',(1.,0.,-0.));
#8016 = DIRECTION('',(0.,0.,1.));
#8017 = ADVANCED_FACE('',(#8018),#8036,.T.);
#8018 = FACE_BOUND('',#8019,.T.);
#8019 = EDGE_LOOP('',(#8020,#8021,#8022,#8030));
#8020 = ORIENTED_EDGE('',*,*,#7756,.F.);
#8021 = ORIENTED_EDGE('',*,*,#8005,.T.);
#8022 = ORIENTED_EDGE('',*,*,#8023,.T.);
#8023 = EDGE_CURVE('',#7998,#8024,#8026,.T.);
#8024 = VERTEX_POINT('',#8025);
#8025 = CARTESIAN_POINT('',(10.4,10.4,49.1));
#8026 = LINE('',#8027,#8028);
#8027 = CARTESIAN_POINT('',(2.4,10.4,49.1));
#8028 = VECTOR('',#8029,1.);
#8029 = DIRECTION('',(1.,0.,-0.));
#8030 = ORIENTED_EDGE('',*,*,#8031,.F.);
#8031 = EDGE_CURVE('',#7749,#8024,#8032,.T.);
#8032 = LINE('',#8033,#8034);
#8033 = CARTESIAN_POINT('',(10.4,10.4,45.5));
#8034 = VECTOR('',#8035,1.);
#8035 = DIRECTION('',(0.,0.,1.));
#8036 = PLANE('',#8037);
#8037 = AXIS2_PLACEMENT_3D('',#8038,#8039,#8040);
#8038 = CARTESIAN_POINT('',(2.4,10.4,45.5));
#8039 = DIRECTION('',(-0.,1.,0.));
#8040 = DIRECTION('',(0.,0.,1.));
#8041 = ADVANCED_FACE('',(#8042),#8060,.T.);
#8042 = FACE_BOUND('',#8043,.T.);
#8043 = EDGE_LOOP('',(#8044,#8052,#8058,#8059));
#8044 = ORIENTED_EDGE('',*,*,#8045,.F.);
#8045 = EDGE_CURVE('',#8046,#8024,#8048,.T.);
#8046 = VERTEX_POINT('',#8047);
#8047 = CARTESIAN_POINT('',(10.4,4.2,49.1));
#8048 = LINE('',#8049,#8050);
#8049 = CARTESIAN_POINT('',(10.4,2.4,49.1));
#8050 = VECTOR('',#8051,1.);
#8051 = DIRECTION('',(-0.,1.,0.));
#8052 = ORIENTED_EDGE('',*,*,#8053,.T.);
#8053 = EDGE_CURVE('',#8046,#7741,#8054,.T.);
#8054 = LINE('',#8055,#8056);
#8055 = CARTESIAN_POINT('',(10.4,4.2,45.));
#8056 = VECTOR('',#8057,1.);
#8057 = DIRECTION('',(-0.,0.,-1.));
#8058 = ORIENTED_EDGE('',*,*,#7748,.T.);
#8059 = ORIENTED_EDGE('',*,*,#8031,.T.);
#8060 = PLANE('',#8061);
#8061 = AXIS2_PLACEMENT_3D('',#8062,#8063,#8064);
#8062 = CARTESIAN_POINT('',(10.4,2.4,45.5));
#8063 = DIRECTION('',(1.,0.,-0.));
#8064 = DIRECTION('',(0.,0.,1.));
#8065 = ADVANCED_FACE('',(#8066),#8084,.T.);
#8066 = FACE_BOUND('',#8067,.T.);
#8067 = EDGE_LOOP('',(#8068,#8076,#8077,#8078));
#8068 = ORIENTED_EDGE('',*,*,#8069,.T.);
#8069 = EDGE_CURVE('',#8070,#7733,#8072,.T.);
#8070 = VERTEX_POINT('',#8071);
#8071 = CARTESIAN_POINT('',(96.4,4.2,49.1));
#8072 = LINE('',#8073,#8074);
#8073 = CARTESIAN_POINT('',(96.4,4.2,45.));
#8074 = VECTOR('',#8075,1.);
#8075 = DIRECTION('',(-0.,0.,-1.));
#8076 = ORIENTED_EDGE('',*,*,#7740,.T.);
#8077 = ORIENTED_EDGE('',*,*,#8053,.F.);
#8078 = ORIENTED_EDGE('',*,*,#8079,.F.);
#8079 = EDGE_CURVE('',#8070,#8046,#8080,.T.);
#8080 = LINE('',#8081,#8082);
#8081 = CARTESIAN_POINT('',(3.4,4.2,49.1));
#8082 = VECTOR('',#8083,1.);
#8083 = DIRECTION('',(-1.,-0.,0.));
#8084 = PLANE('',#8085);
#8085 = AXIS2_PLACEMENT_3D('',#8086,#8087,#8088);
#8086 = CARTESIAN_POINT('',(4.2,4.2,44.5));
#8087 = DIRECTION('',(-0.,1.,0.));
#8088 = DIRECTION('',(0.,0.,1.));
#8089 = ADVANCED_FACE('',(#8090),#8101,.F.);
#8090 = FACE_BOUND('',#8091,.F.);
#8091 = EDGE_LOOP('',(#8092,#8098,#8099,#8100));
#8092 = ORIENTED_EDGE('',*,*,#8093,.F.);
#8093 = EDGE_CURVE('',#8070,#7919,#8094,.T.);
#8094 = LINE('',#8095,#8096);
#8095 = CARTESIAN_POINT('',(96.4,2.4,49.1));
#8096 = VECTOR('',#8097,1.);
#8097 = DIRECTION('',(-0.,1.,0.));
#8098 = ORIENTED_EDGE('',*,*,#8069,.T.);
#8099 = ORIENTED_EDGE('',*,*,#7732,.T.);
#8100 = ORIENTED_EDGE('',*,*,#7918,.T.);
#8101 = PLANE('',#8102);
#8102 = AXIS2_PLACEMENT_3D('',#8103,#8104,#8105);
#8103 = CARTESIAN_POINT('',(96.4,2.4,45.5));
#8104 = DIRECTION('',(1.,0.,-0.));
#8105 = DIRECTION('',(0.,0.,1.));
#8106 = ADVANCED_FACE('',(#8107),#8118,.F.);
#8107 = FACE_BOUND('',#8108,.F.);
#8108 = EDGE_LOOP('',(#8109,#8110,#8111,#8112));
#8109 = ORIENTED_EDGE('',*,*,#7863,.F.);
#8110 = ORIENTED_EDGE('',*,*,#7666,.T.);
#8111 = ORIENTED_EDGE('',*,*,#7941,.F.);
#8112 = ORIENTED_EDGE('',*,*,#8113,.F.);
#8113 = EDGE_CURVE('',#7864,#7942,#8114,.T.);
#8114 = LINE('',#8115,#8116);
#8115 = CARTESIAN_POINT('',(16.,122.4,49.1));
#8116 = VECTOR('',#8117,1.);
#8117 = DIRECTION('',(-0.,1.,0.));
#8118 = PLANE('',#8119);
#8119 = AXIS2_PLACEMENT_3D('',#8120,#8121,#8122);
#8120 = CARTESIAN_POINT('',(16.,122.4,45.5));
#8121 = DIRECTION('',(1.,0.,-0.));
#8122 = DIRECTION('',(0.,0.,1.));
#8123 = ADVANCED_FACE('',(#8124),#8142,.F.);
#8124 = FACE_BOUND('',#8125,.F.);
#8125 = EDGE_LOOP('',(#8126,#8134,#8135,#8136));
#8126 = ORIENTED_EDGE('',*,*,#8127,.F.);
#8127 = EDGE_CURVE('',#7701,#8128,#8130,.T.);
#8128 = VERTEX_POINT('',#8129);
#8129 = CARTESIAN_POINT('',(96.4,122.4,49.1));
#8130 = LINE('',#8131,#8132);
#8131 = CARTESIAN_POINT('',(96.4,122.4,45.5));
#8132 = VECTOR('',#8133,1.);
#8133 = DIRECTION('',(0.,0.,1.));
#8134 = ORIENTED_EDGE('',*,*,#7700,.T.);
#8135 = ORIENTED_EDGE('',*,*,#7807,.F.);
#8136 = ORIENTED_EDGE('',*,*,#8137,.F.);
#8137 = EDGE_CURVE('',#8128,#7808,#8138,.T.);
#8138 = LINE('',#8139,#8140);
#8139 = CARTESIAN_POINT('',(96.4,122.4,49.1));
#8140 = VECTOR('',#8141,1.);
#8141 = DIRECTION('',(-0.,1.,0.));
#8142 = PLANE('',#8143);
#8143 = AXIS2_PLACEMENT_3D('',#8144,#8145,#8146);
#8144 = CARTESIAN_POINT('',(96.4,122.4,45.5));
#8145 = DIRECTION('',(1.,0.,-0.));
#8146 = DIRECTION('',(0.,0.,1.));
#8147 = ADVANCED_FACE('',(#8148),#8159,.F.);
#8148 = FACE_BOUND('',#8149,.F.);
#8149 = EDGE_LOOP('',(#8150,#8151,#8152,#8158));
#8150 = ORIENTED_EDGE('',*,*,#7708,.F.);
#8151 = ORIENTED_EDGE('',*,*,#8127,.T.);
#8152 = ORIENTED_EDGE('',*,*,#8153,.T.);
#8153 = EDGE_CURVE('',#8128,#7889,#8154,.T.);
#8154 = LINE('',#8155,#8156);
#8155 = CARTESIAN_POINT('',(96.4,122.4,49.1));
#8156 = VECTOR('',#8157,1.);
#8157 = DIRECTION('',(1.,0.,-0.));
#8158 = ORIENTED_EDGE('',*,*,#7903,.F.);
#8159 = PLANE('',#8160);
#8160 = AXIS2_PLACEMENT_3D('',#8161,#8162,#8163);
#8161 = CARTESIAN_POINT('',(96.4,122.4,45.5));
#8162 = DIRECTION('',(-0.,1.,0.));
#8163 = DIRECTION('',(0.,0.,1.));
#8164 = ADVANCED_FACE('',(#8165,#8187),#8204,.T.);
#8165 = FACE_BOUND('',#8166,.T.);
#8166 = EDGE_LOOP('',(#8167,#8168,#8169,#8170,#8171,#8172,#8173,#8174,
    #8175,#8176,#8177,#8178,#8179,#8180,#8181,#8182,#8183,#8184,#8185,
    #8186));
#8167 = ORIENTED_EDGE('',*,*,#1797,.F.);
#8168 = ORIENTED_EDGE('',*,*,#4951,.T.);
#8169 = ORIENTED_EDGE('',*,*,#2998,.F.);
#8170 = ORIENTED_EDGE('',*,*,#3007,.F.);
#8171 = ORIENTED_EDGE('',*,*,#3016,.F.);
#8172 = ORIENTED_EDGE('',*,*,#5365,.T.);
#8173 = ORIENTED_EDGE('',*,*,#4480,.F.);
#8174 = ORIENTED_EDGE('',*,*,#4489,.F.);
#8175 = ORIENTED_EDGE('',*,*,#4498,.F.);
#8176 = ORIENTED_EDGE('',*,*,#5510,.T.);
#8177 = ORIENTED_EDGE('',*,*,#3875,.F.);
#8178 = ORIENTED_EDGE('',*,*,#3884,.F.);
#8179 = ORIENTED_EDGE('',*,*,#3909,.F.);
#8180 = ORIENTED_EDGE('',*,*,#3918,.F.);
#8181 = ORIENTED_EDGE('',*,*,#5472,.T.);
#8182 = ORIENTED_EDGE('',*,*,#5546,.T.);
#8183 = ORIENTED_EDGE('',*,*,#4988,.T.);
#8184 = ORIENTED_EDGE('',*,*,#1754,.F.);
#8185 = ORIENTED_EDGE('',*,*,#1763,.F.);
#8186 = ORIENTED_EDGE('',*,*,#1788,.F.);
#8187 = FACE_BOUND('',#8188,.T.);
#8188 = EDGE_LOOP('',(#8189,#8190,#8191,#8192,#8193,#8194,#8195,#8196,
    #8197,#8198,#8199,#8200,#8201,#8202,#8203));
#8189 = ORIENTED_EDGE('',*,*,#8023,.F.);
#8190 = ORIENTED_EDGE('',*,*,#7997,.T.);
#8191 = ORIENTED_EDGE('',*,*,#7982,.F.);
#8192 = ORIENTED_EDGE('',*,*,#7958,.F.);
#8193 = ORIENTED_EDGE('',*,*,#8113,.F.);
#8194 = ORIENTED_EDGE('',*,*,#7871,.T.);
#8195 = ORIENTED_EDGE('',*,*,#7848,.T.);
#8196 = ORIENTED_EDGE('',*,*,#7824,.F.);
#8197 = ORIENTED_EDGE('',*,*,#8137,.F.);
#8198 = ORIENTED_EDGE('',*,*,#8153,.T.);
#8199 = ORIENTED_EDGE('',*,*,#7886,.F.);
#8200 = ORIENTED_EDGE('',*,*,#7926,.F.);
#8201 = ORIENTED_EDGE('',*,*,#8093,.F.);
#8202 = ORIENTED_EDGE('',*,*,#8079,.T.);
#8203 = ORIENTED_EDGE('',*,*,#8045,.T.);
#8204 = PLANE('',#8205);
#8205 = AXIS2_PLACEMENT_3D('',#8206,#8207,#8208);
#8206 = CARTESIAN_POINT('',(52.794473912034,67.479718285128,49.1));
#8207 = DIRECTION('',(0.,0.,1.));
#8208 = DIRECTION('',(1.,0.,-0.));
#8209 = ADVANCED_FACE('',(#8210),#8225,.T.);
#8210 = FACE_BOUND('',#8211,.T.);
#8211 = EDGE_LOOP('',(#8212,#8213,#8219,#8220,#8221,#8222,#8223,#8224));
#8212 = ORIENTED_EDGE('',*,*,#5563,.F.);
#8213 = ORIENTED_EDGE('',*,*,#8214,.T.);
#8214 = EDGE_CURVE('',#5564,#5719,#8215,.T.);
#8215 = LINE('',#8216,#8217);
#8216 = CARTESIAN_POINT('',(49.2,97.9,45.4));
#8217 = VECTOR('',#8218,1.);
#8218 = DIRECTION('',(-0.,1.,0.));
#8219 = ORIENTED_EDGE('',*,*,#5718,.T.);
#8220 = ORIENTED_EDGE('',*,*,#4674,.F.);
#8221 = ORIENTED_EDGE('',*,*,#5704,.F.);
#8222 = ORIENTED_EDGE('',*,*,#7418,.F.);
#8223 = ORIENTED_EDGE('',*,*,#5611,.T.);
#8224 = ORIENTED_EDGE('',*,*,#4600,.F.);
#8225 = PLANE('',#8226);
#8226 = AXIS2_PLACEMENT_3D('',#8227,#8228,#8229);
#8227 = CARTESIAN_POINT('',(49.2,110.4,46.503105590062));
#8228 = DIRECTION('',(1.,0.,0.));
#8229 = DIRECTION('',(-0.,0.,1.));
#8230 = ADVANCED_FACE('',(#8231),#8246,.T.);
#8231 = FACE_BOUND('',#8232,.T.);
#8232 = EDGE_LOOP('',(#8233,#8234,#8235,#8236,#8237,#8238,#8239,#8240));
#8233 = ORIENTED_EDGE('',*,*,#5579,.T.);
#8234 = ORIENTED_EDGE('',*,*,#4584,.T.);
#8235 = ORIENTED_EDGE('',*,*,#5604,.F.);
#8236 = ORIENTED_EDGE('',*,*,#7411,.T.);
#8237 = ORIENTED_EDGE('',*,*,#5697,.T.);
#8238 = ORIENTED_EDGE('',*,*,#4658,.T.);
#8239 = ORIENTED_EDGE('',*,*,#5734,.F.);
#8240 = ORIENTED_EDGE('',*,*,#8241,.F.);
#8241 = EDGE_CURVE('',#5572,#5727,#8242,.T.);
#8242 = LINE('',#8243,#8244);
#8243 = CARTESIAN_POINT('',(41.6,121.7,45.4));
#8244 = VECTOR('',#8245,1.);
#8245 = DIRECTION('',(-0.,1.,0.));
#8246 = PLANE('',#8247);
#8247 = AXIS2_PLACEMENT_3D('',#8248,#8249,#8250);
#8248 = CARTESIAN_POINT('',(41.6,110.4,46.503105590062));
#8249 = DIRECTION('',(-1.,-0.,-0.));
#8250 = DIRECTION('',(0.,0.,-1.));
#8251 = ADVANCED_FACE('',(#8252),#8267,.T.);
#8252 = FACE_BOUND('',#8253,.T.);
#8253 = EDGE_LOOP('',(#8254,#8255,#8261,#8262,#8263,#8264,#8265,#8266));
#8254 = ORIENTED_EDGE('',*,*,#5625,.F.);
#8255 = ORIENTED_EDGE('',*,*,#8256,.T.);
#8256 = EDGE_CURVE('',#5626,#5781,#8257,.T.);
#8257 = LINE('',#8258,#8259);
#8258 = CARTESIAN_POINT('',(60.2,97.9,45.4));
#8259 = VECTOR('',#8260,1.);
#8260 = DIRECTION('',(-0.,1.,0.));
#8261 = ORIENTED_EDGE('',*,*,#5780,.T.);
#8262 = ORIENTED_EDGE('',*,*,#4714,.F.);
#8263 = ORIENTED_EDGE('',*,*,#5766,.F.);
#8264 = ORIENTED_EDGE('',*,*,#7440,.F.);
#8265 = ORIENTED_EDGE('',*,*,#5673,.T.);
#8266 = ORIENTED_EDGE('',*,*,#4634,.F.);
#8267 = PLANE('',#8268);
#8268 = AXIS2_PLACEMENT_3D('',#8269,#8270,#8271);
#8269 = CARTESIAN_POINT('',(60.2,110.4,46.503105590062));
#8270 = DIRECTION('',(1.,0.,0.));
#8271 = DIRECTION('',(-0.,0.,1.));
#8272 = ADVANCED_FACE('',(#8273),#8288,.T.);
#8273 = FACE_BOUND('',#8274,.T.);
#8274 = EDGE_LOOP('',(#8275,#8276,#8277,#8278,#8279,#8280,#8281,#8282));
#8275 = ORIENTED_EDGE('',*,*,#5641,.T.);
#8276 = ORIENTED_EDGE('',*,*,#4618,.T.);
#8277 = ORIENTED_EDGE('',*,*,#5666,.F.);
#8278 = ORIENTED_EDGE('',*,*,#7433,.T.);
#8279 = ORIENTED_EDGE('',*,*,#5759,.T.);
#8280 = ORIENTED_EDGE('',*,*,#4698,.T.);
#8281 = ORIENTED_EDGE('',*,*,#5796,.F.);
#8282 = ORIENTED_EDGE('',*,*,#8283,.F.);
#8283 = EDGE_CURVE('',#5634,#5789,#8284,.T.);
#8284 = LINE('',#8285,#8286);
#8285 = CARTESIAN_POINT('',(52.6,121.7,45.4));
#8286 = VECTOR('',#8287,1.);
#8287 = DIRECTION('',(-0.,1.,0.));
#8288 = PLANE('',#8289);
#8289 = AXIS2_PLACEMENT_3D('',#8290,#8291,#8292);
#8290 = CARTESIAN_POINT('',(52.6,110.4,46.503105590062));
#8291 = DIRECTION('',(-1.,-0.,-0.));
#8292 = DIRECTION('',(0.,0.,-1.));
#8293 = ADVANCED_FACE('',(#8294),#8309,.T.);
#8294 = FACE_BOUND('',#8295,.T.);
#8295 = EDGE_LOOP('',(#8296,#8297,#8303,#8304,#8305,#8306,#8307,#8308));
#8296 = ORIENTED_EDGE('',*,*,#5811,.F.);
#8297 = ORIENTED_EDGE('',*,*,#8298,.T.);
#8298 = EDGE_CURVE('',#5812,#5905,#8299,.T.);
#8299 = LINE('',#8300,#8301);
#8300 = CARTESIAN_POINT('',(71.2,97.9,45.4));
#8301 = VECTOR('',#8302,1.);
#8302 = DIRECTION('',(-0.,1.,0.));
#8303 = ORIENTED_EDGE('',*,*,#5904,.T.);
#8304 = ORIENTED_EDGE('',*,*,#4788,.F.);
#8305 = ORIENTED_EDGE('',*,*,#5890,.F.);
#8306 = ORIENTED_EDGE('',*,*,#7462,.F.);
#8307 = ORIENTED_EDGE('',*,*,#5859,.T.);
#8308 = ORIENTED_EDGE('',*,*,#4748,.F.);
#8309 = PLANE('',#8310);
#8310 = AXIS2_PLACEMENT_3D('',#8311,#8312,#8313);
#8311 = CARTESIAN_POINT('',(71.2,110.4,46.503105590062));
#8312 = DIRECTION('',(1.,0.,0.));
#8313 = DIRECTION('',(-0.,0.,1.));
#8314 = ADVANCED_FACE('',(#8315),#8330,.T.);
#8315 = FACE_BOUND('',#8316,.T.);
#8316 = EDGE_LOOP('',(#8317,#8318,#8319,#8320,#8321,#8322,#8323,#8324));
#8317 = ORIENTED_EDGE('',*,*,#5827,.T.);
#8318 = ORIENTED_EDGE('',*,*,#4732,.T.);
#8319 = ORIENTED_EDGE('',*,*,#5852,.F.);
#8320 = ORIENTED_EDGE('',*,*,#7455,.T.);
#8321 = ORIENTED_EDGE('',*,*,#5883,.T.);
#8322 = ORIENTED_EDGE('',*,*,#4772,.T.);
#8323 = ORIENTED_EDGE('',*,*,#5920,.F.);
#8324 = ORIENTED_EDGE('',*,*,#8325,.F.);
#8325 = EDGE_CURVE('',#5820,#5913,#8326,.T.);
#8326 = LINE('',#8327,#8328);
#8327 = CARTESIAN_POINT('',(63.6,121.7,45.4));
#8328 = VECTOR('',#8329,1.);
#8329 = DIRECTION('',(-0.,1.,0.));
#8330 = PLANE('',#8331);
#8331 = AXIS2_PLACEMENT_3D('',#8332,#8333,#8334);
#8332 = CARTESIAN_POINT('',(63.6,110.4,46.503105590062));
#8333 = DIRECTION('',(-1.,-0.,-0.));
#8334 = DIRECTION('',(0.,0.,-1.));
#8335 = ADVANCED_FACE('',(#8336),#8351,.T.);
#8336 = FACE_BOUND('',#8337,.T.);
#8337 = EDGE_LOOP('',(#8338,#8339,#8345,#8346,#8347,#8348,#8349,#8350));
#8338 = ORIENTED_EDGE('',*,*,#5935,.F.);
#8339 = ORIENTED_EDGE('',*,*,#8340,.T.);
#8340 = EDGE_CURVE('',#5936,#6091,#8341,.T.);
#8341 = LINE('',#8342,#8343);
#8342 = CARTESIAN_POINT('',(82.2,97.9,45.4));
#8343 = VECTOR('',#8344,1.);
#8344 = DIRECTION('',(-0.,1.,0.));
#8345 = ORIENTED_EDGE('',*,*,#6090,.T.);
#8346 = ORIENTED_EDGE('',*,*,#4896,.F.);
#8347 = ORIENTED_EDGE('',*,*,#6076,.F.);
#8348 = ORIENTED_EDGE('',*,*,#7484,.F.);
#8349 = ORIENTED_EDGE('',*,*,#5983,.T.);
#8350 = ORIENTED_EDGE('',*,*,#4822,.F.);
#8351 = PLANE('',#8352);
#8352 = AXIS2_PLACEMENT_3D('',#8353,#8354,#8355);
#8353 = CARTESIAN_POINT('',(82.2,110.4,46.503105590062));
#8354 = DIRECTION('',(1.,0.,0.));
#8355 = DIRECTION('',(-0.,0.,1.));
#8356 = ADVANCED_FACE('',(#8357),#8372,.T.);
#8357 = FACE_BOUND('',#8358,.T.);
#8358 = EDGE_LOOP('',(#8359,#8360,#8361,#8362,#8363,#8364,#8365,#8366));
#8359 = ORIENTED_EDGE('',*,*,#5951,.T.);
#8360 = ORIENTED_EDGE('',*,*,#4806,.T.);
#8361 = ORIENTED_EDGE('',*,*,#5976,.F.);
#8362 = ORIENTED_EDGE('',*,*,#7477,.T.);
#8363 = ORIENTED_EDGE('',*,*,#6069,.T.);
#8364 = ORIENTED_EDGE('',*,*,#4880,.T.);
#8365 = ORIENTED_EDGE('',*,*,#6106,.F.);
#8366 = ORIENTED_EDGE('',*,*,#8367,.F.);
#8367 = EDGE_CURVE('',#5944,#6099,#8368,.T.);
#8368 = LINE('',#8369,#8370);
#8369 = CARTESIAN_POINT('',(74.6,121.7,45.4));
#8370 = VECTOR('',#8371,1.);
#8371 = DIRECTION('',(-0.,1.,0.));
#8372 = PLANE('',#8373);
#8373 = AXIS2_PLACEMENT_3D('',#8374,#8375,#8376);
#8374 = CARTESIAN_POINT('',(74.6,110.4,46.503105590062));
#8375 = DIRECTION('',(-1.,-0.,-0.));
#8376 = DIRECTION('',(0.,0.,-1.));
#8377 = ADVANCED_FACE('',(#8378),#8393,.T.);
#8378 = FACE_BOUND('',#8379,.T.);
#8379 = EDGE_LOOP('',(#8380,#8381,#8387,#8388,#8389,#8390,#8391,#8392));
#8380 = ORIENTED_EDGE('',*,*,#5997,.F.);
#8381 = ORIENTED_EDGE('',*,*,#8382,.T.);
#8382 = EDGE_CURVE('',#5998,#6153,#8383,.T.);
#8383 = LINE('',#8384,#8385);
#8384 = CARTESIAN_POINT('',(93.2,97.9,45.4));
#8385 = VECTOR('',#8386,1.);
#8386 = DIRECTION('',(-0.,1.,0.));
#8387 = ORIENTED_EDGE('',*,*,#6152,.T.);
#8388 = ORIENTED_EDGE('',*,*,#4936,.F.);
#8389 = ORIENTED_EDGE('',*,*,#6138,.F.);
#8390 = ORIENTED_EDGE('',*,*,#7506,.F.);
#8391 = ORIENTED_EDGE('',*,*,#6045,.T.);
#8392 = ORIENTED_EDGE('',*,*,#4856,.F.);
#8393 = PLANE('',#8394);
#8394 = AXIS2_PLACEMENT_3D('',#8395,#8396,#8397);
#8395 = CARTESIAN_POINT('',(93.2,110.4,46.503105590062));
#8396 = DIRECTION('',(1.,0.,0.));
#8397 = DIRECTION('',(-0.,0.,1.));
#8398 = ADVANCED_FACE('',(#8399),#8414,.T.);
#8399 = FACE_BOUND('',#8400,.T.);
#8400 = EDGE_LOOP('',(#8401,#8402,#8403,#8404,#8405,#8406,#8407,#8408));
#8401 = ORIENTED_EDGE('',*,*,#6013,.T.);
#8402 = ORIENTED_EDGE('',*,*,#4840,.T.);
#8403 = ORIENTED_EDGE('',*,*,#6038,.F.);
#8404 = ORIENTED_EDGE('',*,*,#7499,.T.);
#8405 = ORIENTED_EDGE('',*,*,#6131,.T.);
#8406 = ORIENTED_EDGE('',*,*,#4920,.T.);
#8407 = ORIENTED_EDGE('',*,*,#6168,.F.);
#8408 = ORIENTED_EDGE('',*,*,#8409,.F.);
#8409 = EDGE_CURVE('',#6006,#6161,#8410,.T.);
#8410 = LINE('',#8411,#8412);
#8411 = CARTESIAN_POINT('',(85.6,121.7,45.4));
#8412 = VECTOR('',#8413,1.);
#8413 = DIRECTION('',(-0.,1.,0.));
#8414 = PLANE('',#8415);
#8415 = AXIS2_PLACEMENT_3D('',#8416,#8417,#8418);
#8416 = CARTESIAN_POINT('',(85.6,110.4,46.503105590062));
#8417 = DIRECTION('',(-1.,-0.,-0.));
#8418 = DIRECTION('',(0.,0.,-1.));
#8419 = ADVANCED_FACE('',(#8420),#8426,.T.);
#8420 = FACE_BOUND('',#8421,.T.);
#8421 = EDGE_LOOP('',(#8422,#8423,#8424,#8425));
#8422 = ORIENTED_EDGE('',*,*,#8241,.T.);
#8423 = ORIENTED_EDGE('',*,*,#5726,.T.);
#8424 = ORIENTED_EDGE('',*,*,#8214,.F.);
#8425 = ORIENTED_EDGE('',*,*,#5571,.F.);
#8426 = PLANE('',#8427);
#8427 = AXIS2_PLACEMENT_3D('',#8428,#8429,#8430);
#8428 = CARTESIAN_POINT('',(45.4,110.4,45.4));
#8429 = DIRECTION('',(-0.,-0.,-1.));
#8430 = DIRECTION('',(-1.,0.,0.));
#8431 = ADVANCED_FACE('',(#8432),#8438,.T.);
#8432 = FACE_BOUND('',#8433,.T.);
#8433 = EDGE_LOOP('',(#8434,#8435,#8436,#8437));
#8434 = ORIENTED_EDGE('',*,*,#8283,.T.);
#8435 = ORIENTED_EDGE('',*,*,#5788,.T.);
#8436 = ORIENTED_EDGE('',*,*,#8256,.F.);
#8437 = ORIENTED_EDGE('',*,*,#5633,.F.);
#8438 = PLANE('',#8439);
#8439 = AXIS2_PLACEMENT_3D('',#8440,#8441,#8442);
#8440 = CARTESIAN_POINT('',(56.4,110.4,45.4));
#8441 = DIRECTION('',(-0.,-0.,-1.));
#8442 = DIRECTION('',(-1.,0.,0.));
#8443 = ADVANCED_FACE('',(#8444),#8450,.T.);
#8444 = FACE_BOUND('',#8445,.T.);
#8445 = EDGE_LOOP('',(#8446,#8447,#8448,#8449));
#8446 = ORIENTED_EDGE('',*,*,#8325,.T.);
#8447 = ORIENTED_EDGE('',*,*,#5912,.T.);
#8448 = ORIENTED_EDGE('',*,*,#8298,.F.);
#8449 = ORIENTED_EDGE('',*,*,#5819,.F.);
#8450 = PLANE('',#8451);
#8451 = AXIS2_PLACEMENT_3D('',#8452,#8453,#8454);
#8452 = CARTESIAN_POINT('',(67.4,110.4,45.4));
#8453 = DIRECTION('',(-0.,-0.,-1.));
#8454 = DIRECTION('',(-1.,0.,0.));
#8455 = ADVANCED_FACE('',(#8456),#8462,.T.);
#8456 = FACE_BOUND('',#8457,.T.);
#8457 = EDGE_LOOP('',(#8458,#8459,#8460,#8461));
#8458 = ORIENTED_EDGE('',*,*,#8367,.T.);
#8459 = ORIENTED_EDGE('',*,*,#6098,.T.);
#8460 = ORIENTED_EDGE('',*,*,#8340,.F.);
#8461 = ORIENTED_EDGE('',*,*,#5943,.F.);
#8462 = PLANE('',#8463);
#8463 = AXIS2_PLACEMENT_3D('',#8464,#8465,#8466);
#8464 = CARTESIAN_POINT('',(78.4,110.4,45.4));
#8465 = DIRECTION('',(-0.,-0.,-1.));
#8466 = DIRECTION('',(-1.,0.,0.));
#8467 = ADVANCED_FACE('',(#8468),#8474,.T.);
#8468 = FACE_BOUND('',#8469,.T.);
#8469 = EDGE_LOOP('',(#8470,#8471,#8472,#8473));
#8470 = ORIENTED_EDGE('',*,*,#8409,.T.);
#8471 = ORIENTED_EDGE('',*,*,#6160,.T.);
#8472 = ORIENTED_EDGE('',*,*,#8382,.F.);
#8473 = ORIENTED_EDGE('',*,*,#6005,.F.);
#8474 = PLANE('',#8475);
#8475 = AXIS2_PLACEMENT_3D('',#8476,#8477,#8478);
#8476 = CARTESIAN_POINT('',(89.4,110.4,45.4));
#8477 = DIRECTION('',(-0.,-0.,-1.));
#8478 = DIRECTION('',(-1.,0.,0.));
#8479 = ( GEOMETRIC_REPRESENTATION_CONTEXT(3) 
GLOBAL_UNCERTAINTY_ASSIGNED_CONTEXT((#8483)) 
GLOBAL_UNIT_ASSIGNED_CONTEXT((#8480,#8481,#8482)) REPRESENTATION_CONTEXT
('Context #1','3D Context with UNIT and UNCERTAINTY') );
#8480 = ( LENGTH_UNIT() NAMED_UNIT(*) SI_UNIT(.MILLI.,.METRE.) );
#8481 = ( NAMED_UNIT(*) PLANE_ANGLE_UNIT() SI_UNIT($,.RADIAN.) );
#8482 = ( NAMED_UNIT(*) SI_UNIT($,.STERADIAN.) SOLID_ANGLE_UNIT() );
#8483 = UNCERTAINTY_MEASURE_WITH_UNIT(LENGTH_MEASURE(1.E-06),#8480,
  'distance_accuracy_value','confusion accuracy');
#8484 = PRODUCT_RELATED_PRODUCT_CATEGORY('part',$,(#7));
#8485 = MECHANICAL_DESIGN_GEOMETRIC_PRESENTATION_REPRESENTATION('',(
    #8486),#8479);
#8486 = STYLED_ITEM('color',(#8487),#15);
#8487 = PRESENTATION_STYLE_ASSIGNMENT((#8488,#8496));
#8488 = SURFACE_STYLE_USAGE(.BOTH.,#8489);
#8489 = SURFACE_SIDE_STYLE('',(#8490,#8494));
#8490 = SURFACE_STYLE_FILL_AREA(#8491);
#8491 = FILL_AREA_STYLE('',(#8492));
#8492 = FILL_AREA_STYLE_COLOUR('',#8493);
#8493 = COLOUR_RGB('',0.850000012718,0.199999998682,9.999999991362E-02);
#8494 = SURFACE_STYLE_RENDERING_WITH_PROPERTIES(.NORMAL_SHADING.,#8493,(
    #8495));
#8495 = SURFACE_STYLE_TRANSPARENT(0.600000023842);
#8496 = CURVE_STYLE('',#8497,POSITIVE_LENGTH_MEASURE(0.1),#8498);
#8497 = DRAUGHTING_PRE_DEFINED_CURVE_FONT('continuous');
#8498 = COLOUR_RGB('',9.803921802644E-02,9.803921802644E-02,
  9.803921802644E-02);
ENDSEC;
END-ISO-10303-21;
