ISO-10303-21;
HEADER;
FILE_DESCRIPTION(('KiCad electronic assembly'),'2;1');
FILE_NAME('CapacitorDischarger_2L.step','2026-10-01T15:07:14',('Pcbnew')
  ,('Kicad'),'Open CASCADE STEP processor 7.9','KiCad to STEP converter'
  ,'Unknown');
FILE_SCHEMA(('AUTOMOTIVE_DESIGN { 1 0 10303 214 1 1 1 1 }'));
ENDSEC;
DATA;
#1 = APPLICATION_PROTOCOL_DEFINITION('international standard',
  'automotive_design',2000,#2);
#2 = APPLICATION_CONTEXT(
  'core data for automotive mechanical design processes');
#3 = SHAPE_DEFINITION_REPRESENTATION(#4,#10);
#4 = PRODUCT_DEFINITION_SHAPE('','',#5);
#5 = PRODUCT_DEFINITION('design','',#6,#9);
#6 = PRODUCT_DEFINITION_FORMATION('','',#7);
#7 = PRODUCT('CapacitorDischarger_2L 1','CapacitorDischarger_2L 1','',(
    #8));
#8 = PRODUCT_CONTEXT('',#2,'mechanical');
#9 = PRODUCT_DEFINITION_CONTEXT('part definition',#2,'design');
#10 = SHAPE_REPRESENTATION('',(#11,#15,#19,#23,#27,#31,#35,#39,#43,#47,
    #51,#55,#59,#63,#67,#71,#75,#79,#83,#87,#91,#95,#99,#103,#107,#111,
    #115,#119,#123,#127,#131,#135,#139,#143,#147,#151,#155,#159,#163,
    #167,#171),#175);
#11 = AXIS2_PLACEMENT_3D('',#12,#13,#14);
#12 = CARTESIAN_POINT('',(0.,0.,0.));
#13 = DIRECTION('',(0.,0.,1.));
#14 = DIRECTION('',(1.,0.,-0.));
#15 = AXIS2_PLACEMENT_3D('',#16,#17,#18);
#16 = CARTESIAN_POINT('',(148.,-76.,1.595));
#17 = DIRECTION('',(0.,0.,1.));
#18 = DIRECTION('',(-1.,1.224646799147E-16,0.));
#19 = AXIS2_PLACEMENT_3D('',#20,#21,#22);
#20 = CARTESIAN_POINT('',(144.5,-128.,1.595));
#21 = DIRECTION('',(0.,-0.,1.));
#22 = DIRECTION('',(1.110223024625E-16,1.,0.));
#23 = AXIS2_PLACEMENT_3D('',#24,#25,#26);
#24 = CARTESIAN_POINT('',(88.02,-67.,1.595));
#25 = DIRECTION('',(-0.,0.,1.));
#26 = DIRECTION('',(1.110223024625E-16,-1.,0.));
#27 = AXIS2_PLACEMENT_3D('',#28,#29,#30);
#28 = CARTESIAN_POINT('',(126.,-125.5,1.595));
#29 = DIRECTION('',(-0.,0.,1.));
#30 = DIRECTION('',(1.110223024625E-16,-1.,0.));
#31 = AXIS2_PLACEMENT_3D('',#32,#33,#34);
#32 = CARTESIAN_POINT('',(91.,-132.48,1.595));
#33 = DIRECTION('',(0.,-0.,1.));
#34 = DIRECTION('',(1.110223024625E-16,1.,0.));
#35 = AXIS2_PLACEMENT_3D('',#36,#37,#38);
#36 = CARTESIAN_POINT('',(58.,-58.4,1.595));
#37 = DIRECTION('',(0.,0.,1.));
#38 = DIRECTION('',(1.,0.,0.));
#39 = AXIS2_PLACEMENT_3D('',#40,#41,#42);
#40 = CARTESIAN_POINT('',(131.,-117.24,1.595));
#41 = DIRECTION('',(-0.,0.,1.));
#42 = DIRECTION('',(1.110223024625E-16,-1.,0.));
#43 = AXIS2_PLACEMENT_3D('',#44,#45,#46);
#44 = CARTESIAN_POINT('',(150.5,-100.,1.595));
#45 = DIRECTION('',(0.,-0.,1.));
#46 = DIRECTION('',(1.110223024625E-16,1.,0.));
#47 = AXIS2_PLACEMENT_3D('',#48,#49,#50);
#48 = CARTESIAN_POINT('',(58.,-67.,1.595));
#49 = DIRECTION('',(-0.,0.,1.));
#50 = DIRECTION('',(1.110223024625E-16,-1.,0.));
#51 = AXIS2_PLACEMENT_3D('',#52,#53,#54);
#52 = CARTESIAN_POINT('',(69.,-132.48,1.595));
#53 = DIRECTION('',(0.,-0.,1.));
#54 = DIRECTION('',(1.110223024625E-16,1.,0.));
#55 = AXIS2_PLACEMENT_3D('',#56,#57,#58);
#56 = CARTESIAN_POINT('',(87.5,-90.,1.595));
#57 = DIRECTION('',(0.,0.,1.));
#58 = DIRECTION('',(1.,0.,0.));
#59 = AXIS2_PLACEMENT_3D('',#60,#61,#62);
#60 = CARTESIAN_POINT('',(118.,-59.,1.595));
#61 = DIRECTION('',(0.,0.,1.));
#62 = DIRECTION('',(1.,0.,0.));
#63 = AXIS2_PLACEMENT_3D('',#64,#65,#66);
#64 = CARTESIAN_POINT('',(121.,-107.08,1.595));
#65 = DIRECTION('',(-0.,0.,1.));
#66 = DIRECTION('',(1.110223024625E-16,-1.,0.));
#67 = AXIS2_PLACEMENT_3D('',#68,#69,#70);
#68 = CARTESIAN_POINT('',(130.,-107.08,1.595));
#69 = DIRECTION('',(-0.,0.,1.));
#70 = DIRECTION('',(1.110223024625E-16,-1.,0.));
#71 = AXIS2_PLACEMENT_3D('',#72,#73,#74);
#72 = CARTESIAN_POINT('',(159.5,-81.,1.595));
#73 = DIRECTION('',(0.,0.,1.));
#74 = DIRECTION('',(1.,0.,0.));
#75 = AXIS2_PLACEMENT_3D('',#76,#77,#78);
#76 = CARTESIAN_POINT('',(78.5,-58.4,1.595));
#77 = DIRECTION('',(0.,0.,1.));
#78 = DIRECTION('',(1.,0.,0.));
#79 = AXIS2_PLACEMENT_3D('',#80,#81,#82);
#80 = CARTESIAN_POINT('',(138.32,-74.,1.595));
#81 = DIRECTION('',(0.,0.,1.));
#82 = DIRECTION('',(-1.,1.224646799147E-16,0.));
#83 = AXIS2_PLACEMENT_3D('',#84,#85,#86);
#84 = CARTESIAN_POINT('',(135.78,-74.,1.595));
#85 = DIRECTION('',(0.,0.,1.));
#86 = DIRECTION('',(-1.,1.224646799147E-16,0.));
#87 = AXIS2_PLACEMENT_3D('',#88,#89,#90);
#88 = CARTESIAN_POINT('',(163.,-100.,1.595));
#89 = DIRECTION('',(0.,-0.,1.));
#90 = DIRECTION('',(1.110223024625E-16,1.,0.));
#91 = AXIS2_PLACEMENT_3D('',#92,#93,#94);
#92 = CARTESIAN_POINT('',(78.5,-77.16,1.595));
#93 = DIRECTION('',(0.,-0.,1.));
#94 = DIRECTION('',(1.110223024625E-16,1.,0.));
#95 = AXIS2_PLACEMENT_3D('',#96,#97,#98);
#96 = CARTESIAN_POINT('',(135.,-112.16,1.595));
#97 = DIRECTION('',(-0.,0.,1.));
#98 = DIRECTION('',(1.110223024625E-16,-1.,0.));
#99 = AXIS2_PLACEMENT_3D('',#100,#101,#102);
#100 = CARTESIAN_POINT('',(158.64,-67.,1.595));
#101 = DIRECTION('',(0.,0.,1.));
#102 = DIRECTION('',(-1.,1.224646799147E-16,0.));
#103 = AXIS2_PLACEMENT_3D('',#104,#105,#106);
#104 = CARTESIAN_POINT('',(152.,-76.,1.595));
#105 = DIRECTION('',(0.,0.,1.));
#106 = DIRECTION('',(1.,0.,0.));
#107 = AXIS2_PLACEMENT_3D('',#108,#109,#110);
#108 = CARTESIAN_POINT('',(116.,-102.,1.595));
#109 = DIRECTION('',(-0.,0.,1.));
#110 = DIRECTION('',(1.110223024625E-16,-1.,0.));
#111 = AXIS2_PLACEMENT_3D('',#112,#113,#114);
#112 = CARTESIAN_POINT('',(155.5,-83.,1.595));
#113 = DIRECTION('',(0.,-0.,1.));
#114 = DIRECTION('',(1.110223024625E-16,1.,0.));
#115 = AXIS2_PLACEMENT_3D('',#116,#117,#118);
#116 = CARTESIAN_POINT('',(122.,-128.5,1.595));
#117 = DIRECTION('',(0.,-0.,1.));
#118 = DIRECTION('',(1.110223024625E-16,1.,0.));
#119 = AXIS2_PLACEMENT_3D('',#120,#121,#122);
#120 = CARTESIAN_POINT('',(144.5,-115.5,1.595));
#121 = DIRECTION('',(-0.,0.,1.));
#122 = DIRECTION('',(1.110223024625E-16,-1.,0.));
#123 = AXIS2_PLACEMENT_3D('',#124,#125,#126);
#124 = CARTESIAN_POINT('',(102.,-102.,1.595));
#125 = DIRECTION('',(-0.,0.,1.));
#126 = DIRECTION('',(1.110223024625E-16,-1.,0.));
#127 = AXIS2_PLACEMENT_3D('',#128,#129,#130);
#128 = CARTESIAN_POINT('',(126.,-112.16,1.595));
#129 = DIRECTION('',(-0.,0.,1.));
#130 = DIRECTION('',(1.110223024625E-16,-1.,0.));
#131 = AXIS2_PLACEMENT_3D('',#132,#133,#134);
#132 = CARTESIAN_POINT('',(140.,-117.24,1.595));
#133 = DIRECTION('',(-0.,0.,1.));
#134 = DIRECTION('',(1.110223024625E-16,-1.,0.));
#135 = AXIS2_PLACEMENT_3D('',#136,#137,#138);
#136 = CARTESIAN_POINT('',(80.,-102.,1.595));
#137 = DIRECTION('',(-0.,0.,1.));
#138 = DIRECTION('',(1.110223024625E-16,-1.,0.));
#139 = AXIS2_PLACEMENT_3D('',#140,#141,#142);
#140 = CARTESIAN_POINT('',(67.52,-77.16,1.595));
#141 = DIRECTION('',(0.,-0.,1.));
#142 = DIRECTION('',(1.110223024625E-16,1.,0.));
#143 = AXIS2_PLACEMENT_3D('',#144,#145,#146);
#144 = CARTESIAN_POINT('',(143.,-81.,1.595));
#145 = DIRECTION('',(0.,0.,1.));
#146 = DIRECTION('',(1.,0.,0.));
#147 = AXIS2_PLACEMENT_3D('',#148,#149,#150);
#148 = CARTESIAN_POINT('',(58.,-102.,1.595));
#149 = DIRECTION('',(-0.,0.,1.));
#150 = DIRECTION('',(1.110223024625E-16,-1.,0.));
#151 = AXIS2_PLACEMENT_3D('',#152,#153,#154);
#152 = CARTESIAN_POINT('',(125.,-102.,1.595));
#153 = DIRECTION('',(-0.,0.,1.));
#154 = DIRECTION('',(1.110223024625E-16,-1.,0.));
#155 = AXIS2_PLACEMENT_3D('',#156,#157,#158);
#156 = CARTESIAN_POINT('',(130.,-125.5,1.595));
#157 = DIRECTION('',(-0.,0.,1.));
#158 = DIRECTION('',(1.110223024625E-16,-1.,0.));
#159 = AXIS2_PLACEMENT_3D('',#160,#161,#162);
#160 = CARTESIAN_POINT('',(152.,-85.,1.595));
#161 = DIRECTION('',(0.,-0.,1.));
#162 = DIRECTION('',(1.110223024625E-16,1.,0.));
#163 = AXIS2_PLACEMENT_3D('',#164,#165,#166);
#164 = CARTESIAN_POINT('',(116.,-128.,1.595));
#165 = DIRECTION('',(0.,-0.,1.));
#166 = DIRECTION('',(1.110223024625E-16,1.,0.));
#167 = AXIS2_PLACEMENT_3D('',#168,#169,#170);
#168 = CARTESIAN_POINT('',(136.,-122.32,1.595));
#169 = DIRECTION('',(-0.,0.,1.));
#170 = DIRECTION('',(1.110223024625E-16,-1.,0.));
#171 = AXIS2_PLACEMENT_3D('',#172,#173,#174);
#172 = CARTESIAN_POINT('',(0.,0.,0.));
#173 = DIRECTION('',(0.,0.,1.));
#174 = DIRECTION('',(1.,0.,-0.));
#175 = ( GEOMETRIC_REPRESENTATION_CONTEXT(3) 
GLOBAL_UNCERTAINTY_ASSIGNED_CONTEXT((#179)) GLOBAL_UNIT_ASSIGNED_CONTEXT
((#176,#177,#178)) REPRESENTATION_CONTEXT('Context #1',
  '3D Context with UNIT and UNCERTAINTY') );
#176 = ( LENGTH_UNIT() NAMED_UNIT(*) SI_UNIT(.MILLI.,.METRE.) );
#177 = ( NAMED_UNIT(*) PLANE_ANGLE_UNIT() SI_UNIT($,.RADIAN.) );
#178 = ( NAMED_UNIT(*) SI_UNIT($,.STERADIAN.) SOLID_ANGLE_UNIT() );
#179 = UNCERTAINTY_MEASURE_WITH_UNIT(LENGTH_MEASURE(1.E-07),#176,
  'distance_accuracy_value','confusion accuracy');
#180 = PRODUCT_RELATED_PRODUCT_CATEGORY('part',$,(#7));
#181 = SHAPE_DEFINITION_REPRESENTATION(#182,#188);
#182 = PRODUCT_DEFINITION_SHAPE('','',#183);
#183 = PRODUCT_DEFINITION('design','',#184,#187);
#184 = PRODUCT_DEFINITION_FORMATION('','',#185);
#185 = PRODUCT('R_Axial_DIN0207_L6.3mm_D2.5mm_P2.54mm_Vertical',
  'R_Axial_DIN0207_L6.3mm_D2.5mm_P2.54mm_Vertical','',(#186));
#186 = PRODUCT_CONTEXT('',#2,'mechanical');
#187 = PRODUCT_DEFINITION_CONTEXT('part definition',#2,'design');
#188 = SHAPE_REPRESENTATION('',(#11,#189),#193);
#189 = AXIS2_PLACEMENT_3D('',#190,#191,#192);
#190 = CARTESIAN_POINT('',(0.,0.,0.));
#191 = DIRECTION('',(0.,0.,1.));
#192 = DIRECTION('',(1.,0.,-0.));
#193 = ( GEOMETRIC_REPRESENTATION_CONTEXT(3) 
GLOBAL_UNCERTAINTY_ASSIGNED_CONTEXT((#197)) GLOBAL_UNIT_ASSIGNED_CONTEXT
((#194,#195,#196)) REPRESENTATION_CONTEXT('Context #1',
  '3D Context with UNIT and UNCERTAINTY') );
#194 = ( LENGTH_UNIT() NAMED_UNIT(*) SI_UNIT(.MILLI.,.METRE.) );
#195 = ( NAMED_UNIT(*) PLANE_ANGLE_UNIT() SI_UNIT($,.RADIAN.) );
#196 = ( NAMED_UNIT(*) SI_UNIT($,.STERADIAN.) SOLID_ANGLE_UNIT() );
#197 = UNCERTAINTY_MEASURE_WITH_UNIT(LENGTH_MEASURE(1.E-07),#194,
  'distance_accuracy_value','confusion accuracy');
#198 = CONTEXT_DEPENDENT_SHAPE_REPRESENTATION(#199,#201);
#199 = ( REPRESENTATION_RELATIONSHIP('','',#188,#10) 
REPRESENTATION_RELATIONSHIP_WITH_TRANSFORMATION(#200) 
SHAPE_REPRESENTATION_RELATIONSHIP() );
#200 = ITEM_DEFINED_TRANSFORMATION('','',#11,#15);
#201 = PRODUCT_DEFINITION_SHAPE('Placement','Placement of an item',#202
  );
#202 = NEXT_ASSEMBLY_USAGE_OCCURRENCE('2','R4','',#5,#183,$);
#203 = PRODUCT_RELATED_PRODUCT_CATEGORY('part',$,(#185));
#204 = SHAPE_DEFINITION_REPRESENTATION(#205,#211);
#205 = PRODUCT_DEFINITION_SHAPE('','',#206);
#206 = PRODUCT_DEFINITION('design','',#207,#210);
#207 = PRODUCT_DEFINITION_FORMATION('','',#208);
#208 = PRODUCT('R_Axial_DIN0207_L63mm_D25mm_P254mm_Vertical',
  'R_Axial_DIN0207_L63mm_D25mm_P254mm_Vertical','',(#209));
#209 = PRODUCT_CONTEXT('',#2,'mechanical');
#210 = PRODUCT_DEFINITION_CONTEXT('part definition',#2,'design');
#211 = ADVANCED_BREP_SHAPE_REPRESENTATION('',(#11,#212),#599);
#212 = MANIFOLD_SOLID_BREP('',#213);
#213 = CLOSED_SHELL('',(#214,#247,#273,#293,#313,#338,#363,#383,#392,
    #417,#443,#463,#488,#514,#539,#565,#590));
#214 = ADVANCED_FACE('',(#215),#242,.T.);
#215 = FACE_BOUND('',#216,.T.);
#216 = EDGE_LOOP('',(#217,#226,#234,#241));
#217 = ORIENTED_EDGE('',*,*,#218,.T.);
#218 = EDGE_CURVE('',#219,#219,#221,.T.);
#219 = VERTEX_POINT('',#220);
#220 = CARTESIAN_POINT('',(1.25,0.,1.625));
#221 = CIRCLE('',#222,1.25);
#222 = AXIS2_PLACEMENT_3D('',#223,#224,#225);
#223 = CARTESIAN_POINT('',(0.,0.,1.625));
#224 = DIRECTION('',(0.,0.,1.));
#225 = DIRECTION('',(1.,0.,-0.));
#226 = ORIENTED_EDGE('',*,*,#227,.T.);
#227 = EDGE_CURVE('',#219,#228,#230,.T.);
#228 = VERTEX_POINT('',#229);
#229 = CARTESIAN_POINT('',(1.25,0.,2.575));
#230 = LINE('',#231,#232);
#231 = CARTESIAN_POINT('',(1.25,0.,1.));
#232 = VECTOR('',#233,1.);
#233 = DIRECTION('',(0.,0.,1.));
#234 = ORIENTED_EDGE('',*,*,#235,.F.);
#235 = EDGE_CURVE('',#228,#228,#236,.T.);
#236 = CIRCLE('',#237,1.25);
#237 = AXIS2_PLACEMENT_3D('',#238,#239,#240);
#238 = CARTESIAN_POINT('',(0.,0.,2.575));
#239 = DIRECTION('',(0.,0.,1.));
#240 = DIRECTION('',(1.,0.,-0.));
#241 = ORIENTED_EDGE('',*,*,#227,.F.);
#242 = CYLINDRICAL_SURFACE('',#243,1.25);
#243 = AXIS2_PLACEMENT_3D('',#244,#245,#246);
#244 = CARTESIAN_POINT('',(0.,0.,1.));
#245 = DIRECTION('',(-0.,-0.,-1.));
#246 = DIRECTION('',(1.,0.,0.));
#247 = ADVANCED_FACE('',(#248),#268,.T.);
#248 = FACE_BOUND('',#249,.T.);
#249 = EDGE_LOOP('',(#250,#259,#266,#267));
#250 = ORIENTED_EDGE('',*,*,#251,.T.);
#251 = EDGE_CURVE('',#252,#252,#254,.T.);
#252 = VERTEX_POINT('',#253);
#253 = CARTESIAN_POINT('',(0.625,0.,1.));
#254 = CIRCLE('',#255,0.625);
#255 = AXIS2_PLACEMENT_3D('',#256,#257,#258);
#256 = CARTESIAN_POINT('',(0.,0.,1.));
#257 = DIRECTION('',(0.,0.,1.));
#258 = DIRECTION('',(1.,0.,-0.));
#259 = ORIENTED_EDGE('',*,*,#260,.F.);
#260 = EDGE_CURVE('',#219,#252,#261,.T.);
#261 = CIRCLE('',#262,0.625);
#262 = AXIS2_PLACEMENT_3D('',#263,#264,#265);
#263 = CARTESIAN_POINT('',(0.625,0.,1.625));
#264 = DIRECTION('',(-0.,1.,0.));
#265 = DIRECTION('',(1.,0.,0.));
#266 = ORIENTED_EDGE('',*,*,#218,.F.);
#267 = ORIENTED_EDGE('',*,*,#260,.T.);
#268 = TOROIDAL_SURFACE('',#269,0.625,0.625);
#269 = AXIS2_PLACEMENT_3D('',#270,#271,#272);
#270 = CARTESIAN_POINT('',(0.,0.,1.625));
#271 = DIRECTION('',(0.,0.,-1.));
#272 = DIRECTION('',(1.,0.,0.));
#273 = ADVANCED_FACE('',(#274,#277),#288,.F.);
#274 = FACE_BOUND('',#275,.F.);
#275 = EDGE_LOOP('',(#276));
#276 = ORIENTED_EDGE('',*,*,#235,.F.);
#277 = FACE_BOUND('',#278,.F.);
#278 = EDGE_LOOP('',(#279));
#279 = ORIENTED_EDGE('',*,*,#280,.F.);
#280 = EDGE_CURVE('',#281,#281,#283,.T.);
#281 = VERTEX_POINT('',#282);
#282 = CARTESIAN_POINT('',(1.125,0.,2.575));
#283 = CIRCLE('',#284,1.125);
#284 = AXIS2_PLACEMENT_3D('',#285,#286,#287);
#285 = CARTESIAN_POINT('',(0.,0.,2.575));
#286 = DIRECTION('',(0.,0.,-1.));
#287 = DIRECTION('',(1.,0.,0.));
#288 = PLANE('',#289);
#289 = AXIS2_PLACEMENT_3D('',#290,#291,#292);
#290 = CARTESIAN_POINT('',(1.25,0.,2.575));
#291 = DIRECTION('',(0.,0.,-1.));
#292 = DIRECTION('',(-1.,0.,0.));
#293 = ADVANCED_FACE('',(#294,#297),#308,.T.);
#294 = FACE_BOUND('',#295,.T.);
#295 = EDGE_LOOP('',(#296));
#296 = ORIENTED_EDGE('',*,*,#251,.F.);
#297 = FACE_BOUND('',#298,.T.);
#298 = EDGE_LOOP('',(#299));
#299 = ORIENTED_EDGE('',*,*,#300,.T.);
#300 = EDGE_CURVE('',#301,#301,#303,.T.);
#301 = VERTEX_POINT('',#302);
#302 = CARTESIAN_POINT('',(0.3,0.,1.));
#303 = CIRCLE('',#304,0.3);
#304 = AXIS2_PLACEMENT_3D('',#305,#306,#307);
#305 = CARTESIAN_POINT('',(0.,0.,1.));
#306 = DIRECTION('',(0.,0.,1.));
#307 = DIRECTION('',(1.,0.,-0.));
#308 = PLANE('',#309);
#309 = AXIS2_PLACEMENT_3D('',#310,#311,#312);
#310 = CARTESIAN_POINT('',(1.25,0.,1.));
#311 = DIRECTION('',(0.,0.,-1.));
#312 = DIRECTION('',(-1.,0.,0.));
#313 = ADVANCED_FACE('',(#314),#333,.T.);
#314 = FACE_BOUND('',#315,.T.);
#315 = EDGE_LOOP('',(#316,#325,#331,#332));
#316 = ORIENTED_EDGE('',*,*,#317,.T.);
#317 = EDGE_CURVE('',#318,#318,#320,.T.);
#318 = VERTEX_POINT('',#319);
#319 = CARTESIAN_POINT('',(1.125,0.,5.725));
#320 = CIRCLE('',#321,1.125);
#321 = AXIS2_PLACEMENT_3D('',#322,#323,#324);
#322 = CARTESIAN_POINT('',(0.,0.,5.725));
#323 = DIRECTION('',(0.,0.,-1.));
#324 = DIRECTION('',(1.,0.,0.));
#325 = ORIENTED_EDGE('',*,*,#326,.F.);
#326 = EDGE_CURVE('',#281,#318,#327,.T.);
#327 = LINE('',#328,#329);
#328 = CARTESIAN_POINT('',(1.125,0.,1.));
#329 = VECTOR('',#330,1.);
#330 = DIRECTION('',(0.,0.,1.));
#331 = ORIENTED_EDGE('',*,*,#280,.F.);
#332 = ORIENTED_EDGE('',*,*,#326,.T.);
#333 = CYLINDRICAL_SURFACE('',#334,1.125);
#334 = AXIS2_PLACEMENT_3D('',#335,#336,#337);
#335 = CARTESIAN_POINT('',(0.,0.,1.));
#336 = DIRECTION('',(-0.,-0.,-1.));
#337 = DIRECTION('',(1.,0.,0.));
#338 = ADVANCED_FACE('',(#339),#358,.T.);
#339 = FACE_BOUND('',#340,.T.);
#340 = EDGE_LOOP('',(#341,#350,#356,#357));
#341 = ORIENTED_EDGE('',*,*,#342,.T.);
#342 = EDGE_CURVE('',#343,#343,#345,.T.);
#343 = VERTEX_POINT('',#344);
#344 = CARTESIAN_POINT('',(0.3,-7.347880794884E-17,-3.));
#345 = CIRCLE('',#346,0.3);
#346 = AXIS2_PLACEMENT_3D('',#347,#348,#349);
#347 = CARTESIAN_POINT('',(0.,0.,-3.));
#348 = DIRECTION('',(0.,0.,1.));
#349 = DIRECTION('',(1.,0.,-0.));
#350 = ORIENTED_EDGE('',*,*,#351,.T.);
#351 = EDGE_CURVE('',#343,#301,#352,.T.);
#352 = LINE('',#353,#354);
#353 = CARTESIAN_POINT('',(0.3,0.,-3.));
#354 = VECTOR('',#355,1.);
#355 = DIRECTION('',(0.,0.,1.));
#356 = ORIENTED_EDGE('',*,*,#300,.F.);
#357 = ORIENTED_EDGE('',*,*,#351,.F.);
#358 = CYLINDRICAL_SURFACE('',#359,0.3);
#359 = AXIS2_PLACEMENT_3D('',#360,#361,#362);
#360 = CARTESIAN_POINT('',(0.,0.,-3.));
#361 = DIRECTION('',(0.,0.,1.));
#362 = DIRECTION('',(1.,0.,-0.));
#363 = ADVANCED_FACE('',(#364,#375),#378,.T.);
#364 = FACE_BOUND('',#365,.T.);
#365 = EDGE_LOOP('',(#366));
#366 = ORIENTED_EDGE('',*,*,#367,.F.);
#367 = EDGE_CURVE('',#368,#368,#370,.T.);
#368 = VERTEX_POINT('',#369);
#369 = CARTESIAN_POINT('',(1.25,0.,5.725));
#370 = CIRCLE('',#371,1.25);
#371 = AXIS2_PLACEMENT_3D('',#372,#373,#374);
#372 = CARTESIAN_POINT('',(0.,0.,5.725));
#373 = DIRECTION('',(0.,0.,1.));
#374 = DIRECTION('',(1.,0.,-0.));
#375 = FACE_BOUND('',#376,.T.);
#376 = EDGE_LOOP('',(#377));
#377 = ORIENTED_EDGE('',*,*,#317,.F.);
#378 = PLANE('',#379);
#379 = AXIS2_PLACEMENT_3D('',#380,#381,#382);
#380 = CARTESIAN_POINT('',(1.25,0.,5.725));
#381 = DIRECTION('',(0.,0.,-1.));
#382 = DIRECTION('',(-1.,0.,0.));
#383 = ADVANCED_FACE('',(#384),#387,.T.);
#384 = FACE_BOUND('',#385,.F.);
#385 = EDGE_LOOP('',(#386));
#386 = ORIENTED_EDGE('',*,*,#342,.T.);
#387 = PLANE('',#388);
#388 = AXIS2_PLACEMENT_3D('',#389,#390,#391);
#389 = CARTESIAN_POINT('',(0.3,0.,-3.));
#390 = DIRECTION('',(0.,0.,-1.));
#391 = DIRECTION('',(-1.,0.,0.));
#392 = ADVANCED_FACE('',(#393),#412,.T.);
#393 = FACE_BOUND('',#394,.T.);
#394 = EDGE_LOOP('',(#395,#396,#404,#411));
#395 = ORIENTED_EDGE('',*,*,#367,.T.);
#396 = ORIENTED_EDGE('',*,*,#397,.T.);
#397 = EDGE_CURVE('',#368,#398,#400,.T.);
#398 = VERTEX_POINT('',#399);
#399 = CARTESIAN_POINT('',(1.25,0.,6.675));
#400 = LINE('',#401,#402);
#401 = CARTESIAN_POINT('',(1.25,0.,5.725));
#402 = VECTOR('',#403,1.);
#403 = DIRECTION('',(0.,0.,1.));
#404 = ORIENTED_EDGE('',*,*,#405,.F.);
#405 = EDGE_CURVE('',#398,#398,#406,.T.);
#406 = CIRCLE('',#407,1.25);
#407 = AXIS2_PLACEMENT_3D('',#408,#409,#410);
#408 = CARTESIAN_POINT('',(0.,0.,6.675));
#409 = DIRECTION('',(0.,0.,1.));
#410 = DIRECTION('',(1.,0.,-0.));
#411 = ORIENTED_EDGE('',*,*,#397,.F.);
#412 = CYLINDRICAL_SURFACE('',#413,1.25);
#413 = AXIS2_PLACEMENT_3D('',#414,#415,#416);
#414 = CARTESIAN_POINT('',(0.,0.,5.725));
#415 = DIRECTION('',(-0.,-0.,-1.));
#416 = DIRECTION('',(1.,0.,0.));
#417 = ADVANCED_FACE('',(#418),#438,.T.);
#418 = FACE_BOUND('',#419,.T.);
#419 = EDGE_LOOP('',(#420,#429,#430,#431));
#420 = ORIENTED_EDGE('',*,*,#421,.F.);
#421 = EDGE_CURVE('',#398,#422,#424,.T.);
#422 = VERTEX_POINT('',#423);
#423 = CARTESIAN_POINT('',(0.625,0.,7.3));
#424 = CIRCLE('',#425,0.625);
#425 = AXIS2_PLACEMENT_3D('',#426,#427,#428);
#426 = CARTESIAN_POINT('',(0.625,0.,6.675));
#427 = DIRECTION('',(0.,-1.,0.));
#428 = DIRECTION('',(1.,0.,0.));
#429 = ORIENTED_EDGE('',*,*,#405,.T.);
#430 = ORIENTED_EDGE('',*,*,#421,.T.);
#431 = ORIENTED_EDGE('',*,*,#432,.F.);
#432 = EDGE_CURVE('',#422,#422,#433,.T.);
#433 = CIRCLE('',#434,0.625);
#434 = AXIS2_PLACEMENT_3D('',#435,#436,#437);
#435 = CARTESIAN_POINT('',(0.,0.,7.3));
#436 = DIRECTION('',(0.,0.,1.));
#437 = DIRECTION('',(1.,0.,-0.));
#438 = TOROIDAL_SURFACE('',#439,0.625,0.625);
#439 = AXIS2_PLACEMENT_3D('',#440,#441,#442);
#440 = CARTESIAN_POINT('',(0.,0.,6.675));
#441 = DIRECTION('',(0.,0.,1.));
#442 = DIRECTION('',(1.,0.,-0.));
#443 = ADVANCED_FACE('',(#444,#447),#458,.F.);
#444 = FACE_BOUND('',#445,.F.);
#445 = EDGE_LOOP('',(#446));
#446 = ORIENTED_EDGE('',*,*,#432,.F.);
#447 = FACE_BOUND('',#448,.F.);
#448 = EDGE_LOOP('',(#449));
#449 = ORIENTED_EDGE('',*,*,#450,.T.);
#450 = EDGE_CURVE('',#451,#451,#453,.T.);
#451 = VERTEX_POINT('',#452);
#452 = CARTESIAN_POINT('',(0.3,0.,7.3));
#453 = CIRCLE('',#454,0.3);
#454 = AXIS2_PLACEMENT_3D('',#455,#456,#457);
#455 = CARTESIAN_POINT('',(0.,0.,7.3));
#456 = DIRECTION('',(0.,0.,1.));
#457 = DIRECTION('',(1.,0.,-0.));
#458 = PLANE('',#459);
#459 = AXIS2_PLACEMENT_3D('',#460,#461,#462);
#460 = CARTESIAN_POINT('',(1.25,0.,7.3));
#461 = DIRECTION('',(0.,0.,-1.));
#462 = DIRECTION('',(-1.,0.,0.));
#463 = ADVANCED_FACE('',(#464),#483,.T.);
#464 = FACE_BOUND('',#465,.T.);
#465 = EDGE_LOOP('',(#466,#467,#475,#482));
#466 = ORIENTED_EDGE('',*,*,#450,.T.);
#467 = ORIENTED_EDGE('',*,*,#468,.T.);
#468 = EDGE_CURVE('',#451,#469,#471,.T.);
#469 = VERTEX_POINT('',#470);
#470 = CARTESIAN_POINT('',(0.3,0.,8.3));
#471 = LINE('',#472,#473);
#472 = CARTESIAN_POINT('',(0.3,0.,-3.));
#473 = VECTOR('',#474,1.);
#474 = DIRECTION('',(0.,0.,1.));
#475 = ORIENTED_EDGE('',*,*,#476,.F.);
#476 = EDGE_CURVE('',#469,#469,#477,.T.);
#477 = CIRCLE('',#478,0.3);
#478 = AXIS2_PLACEMENT_3D('',#479,#480,#481);
#479 = CARTESIAN_POINT('',(0.,0.,8.3));
#480 = DIRECTION('',(0.,0.,1.));
#481 = DIRECTION('',(1.,0.,-0.));
#482 = ORIENTED_EDGE('',*,*,#468,.F.);
#483 = CYLINDRICAL_SURFACE('',#484,0.3);
#484 = AXIS2_PLACEMENT_3D('',#485,#486,#487);
#485 = CARTESIAN_POINT('',(0.,0.,-3.));
#486 = DIRECTION('',(0.,0.,1.));
#487 = DIRECTION('',(1.,0.,-0.));
#488 = ADVANCED_FACE('',(#489),#509,.T.);
#489 = FACE_BOUND('',#490,.T.);
#490 = EDGE_LOOP('',(#491,#500,#507,#508));
#491 = ORIENTED_EDGE('',*,*,#492,.T.);
#492 = EDGE_CURVE('',#469,#493,#495,.T.);
#493 = VERTEX_POINT('',#494);
#494 = CARTESIAN_POINT('',(0.9,0.,8.9));
#495 = CIRCLE('',#496,0.6);
#496 = AXIS2_PLACEMENT_3D('',#497,#498,#499);
#497 = CARTESIAN_POINT('',(0.9,1.102182119233E-16,8.3));
#498 = DIRECTION('',(0.,1.,0.));
#499 = DIRECTION('',(-1.,0.,-1.973729821556E-15));
#500 = ORIENTED_EDGE('',*,*,#501,.T.);
#501 = EDGE_CURVE('',#493,#493,#502,.T.);
#502 = CIRCLE('',#503,0.3);
#503 = AXIS2_PLACEMENT_3D('',#504,#505,#506);
#504 = CARTESIAN_POINT('',(0.9,0.,9.2));
#505 = DIRECTION('',(-1.,0.,6.295730975872E-16));
#506 = DIRECTION('',(6.295730975872E-16,0.,1.));
#507 = ORIENTED_EDGE('',*,*,#492,.F.);
#508 = ORIENTED_EDGE('',*,*,#476,.T.);
#509 = TOROIDAL_SURFACE('',#510,0.9,0.3);
#510 = AXIS2_PLACEMENT_3D('',#511,#512,#513);
#511 = CARTESIAN_POINT('',(0.9,0.,8.3));
#512 = DIRECTION('',(0.,1.,0.));
#513 = DIRECTION('',(-1.,0.,-1.973729821556E-15));
#514 = ADVANCED_FACE('',(#515),#534,.T.);
#515 = FACE_BOUND('',#516,.T.);
#516 = EDGE_LOOP('',(#517,#525,#532,#533));
#517 = ORIENTED_EDGE('',*,*,#518,.T.);
#518 = EDGE_CURVE('',#493,#519,#521,.T.);
#519 = VERTEX_POINT('',#520);
#520 = CARTESIAN_POINT('',(1.64,0.,8.9));
#521 = LINE('',#522,#523);
#522 = CARTESIAN_POINT('',(0.9,0.,8.9));
#523 = VECTOR('',#524,1.);
#524 = DIRECTION('',(1.,0.,0.));
#525 = ORIENTED_EDGE('',*,*,#526,.F.);
#526 = EDGE_CURVE('',#519,#519,#527,.T.);
#527 = CIRCLE('',#528,0.3);
#528 = AXIS2_PLACEMENT_3D('',#529,#530,#531);
#529 = CARTESIAN_POINT('',(1.64,0.,9.2));
#530 = DIRECTION('',(1.,-0.,0.));
#531 = DIRECTION('',(0.,0.,-1.));
#532 = ORIENTED_EDGE('',*,*,#518,.F.);
#533 = ORIENTED_EDGE('',*,*,#501,.F.);
#534 = CYLINDRICAL_SURFACE('',#535,0.3);
#535 = AXIS2_PLACEMENT_3D('',#536,#537,#538);
#536 = CARTESIAN_POINT('',(0.9,0.,9.2));
#537 = DIRECTION('',(1.,0.,0.));
#538 = DIRECTION('',(0.,0.,-1.));
#539 = ADVANCED_FACE('',(#540),#560,.T.);
#540 = FACE_BOUND('',#541,.T.);
#541 = EDGE_LOOP('',(#542,#551,#558,#559));
#542 = ORIENTED_EDGE('',*,*,#543,.T.);
#543 = EDGE_CURVE('',#519,#544,#546,.T.);
#544 = VERTEX_POINT('',#545);
#545 = CARTESIAN_POINT('',(2.24,0.,8.3));
#546 = CIRCLE('',#547,0.6);
#547 = AXIS2_PLACEMENT_3D('',#548,#549,#550);
#548 = CARTESIAN_POINT('',(1.64,1.102182119233E-16,8.3));
#549 = DIRECTION('',(0.,1.,-0.));
#550 = DIRECTION('',(-9.868649107779E-16,0.,1.));
#551 = ORIENTED_EDGE('',*,*,#552,.T.);
#552 = EDGE_CURVE('',#544,#544,#553,.T.);
#553 = CIRCLE('',#554,0.3);
#554 = AXIS2_PLACEMENT_3D('',#555,#556,#557);
#555 = CARTESIAN_POINT('',(2.54,0.,8.3));
#556 = DIRECTION('',(2.060527218215E-15,-0.,1.));
#557 = DIRECTION('',(1.,0.,-2.060527218215E-15));
#558 = ORIENTED_EDGE('',*,*,#543,.F.);
#559 = ORIENTED_EDGE('',*,*,#526,.T.);
#560 = TOROIDAL_SURFACE('',#561,0.9,0.3);
#561 = AXIS2_PLACEMENT_3D('',#562,#563,#564);
#562 = CARTESIAN_POINT('',(1.64,0.,8.3));
#563 = DIRECTION('',(0.,1.,0.));
#564 = DIRECTION('',(-9.868649107779E-16,0.,1.));
#565 = ADVANCED_FACE('',(#566),#585,.T.);
#566 = FACE_BOUND('',#567,.T.);
#567 = EDGE_LOOP('',(#568,#576,#583,#584));
#568 = ORIENTED_EDGE('',*,*,#569,.T.);
#569 = EDGE_CURVE('',#544,#570,#572,.T.);
#570 = VERTEX_POINT('',#571);
#571 = CARTESIAN_POINT('',(2.24,-7.347880794884E-17,-3.));
#572 = LINE('',#573,#574);
#573 = CARTESIAN_POINT('',(2.24,0.,8.3));
#574 = VECTOR('',#575,1.);
#575 = DIRECTION('',(0.,0.,-1.));
#576 = ORIENTED_EDGE('',*,*,#577,.F.);
#577 = EDGE_CURVE('',#570,#570,#578,.T.);
#578 = CIRCLE('',#579,0.3);
#579 = AXIS2_PLACEMENT_3D('',#580,#581,#582);
#580 = CARTESIAN_POINT('',(2.54,0.,-3.));
#581 = DIRECTION('',(0.,0.,-1.));
#582 = DIRECTION('',(-1.,0.,0.));
#583 = ORIENTED_EDGE('',*,*,#569,.F.);
#584 = ORIENTED_EDGE('',*,*,#552,.F.);
#585 = CYLINDRICAL_SURFACE('',#586,0.3);
#586 = AXIS2_PLACEMENT_3D('',#587,#588,#589);
#587 = CARTESIAN_POINT('',(2.54,0.,8.3));
#588 = DIRECTION('',(0.,0.,-1.));
#589 = DIRECTION('',(-1.,0.,0.));
#590 = ADVANCED_FACE('',(#591),#594,.F.);
#591 = FACE_BOUND('',#592,.T.);
#592 = EDGE_LOOP('',(#593));
#593 = ORIENTED_EDGE('',*,*,#577,.T.);
#594 = PLANE('',#595);
#595 = AXIS2_PLACEMENT_3D('',#596,#597,#598);
#596 = CARTESIAN_POINT('',(2.24,0.,-3.));
#597 = DIRECTION('',(0.,0.,1.));
#598 = DIRECTION('',(1.,0.,-0.));
#599 = ( GEOMETRIC_REPRESENTATION_CONTEXT(3) 
GLOBAL_UNCERTAINTY_ASSIGNED_CONTEXT((#603)) GLOBAL_UNIT_ASSIGNED_CONTEXT
((#600,#601,#602)) REPRESENTATION_CONTEXT('Context #1',
  '3D Context with UNIT and UNCERTAINTY') );
#600 = ( LENGTH_UNIT() NAMED_UNIT(*) SI_UNIT(.MILLI.,.METRE.) );
#601 = ( NAMED_UNIT(*) PLANE_ANGLE_UNIT() SI_UNIT($,.RADIAN.) );
#602 = ( NAMED_UNIT(*) SI_UNIT($,.STERADIAN.) SOLID_ANGLE_UNIT() );
#603 = UNCERTAINTY_MEASURE_WITH_UNIT(LENGTH_MEASURE(1.E-07),#600,
  'distance_accuracy_value','confusion accuracy');
#604 = CONTEXT_DEPENDENT_SHAPE_REPRESENTATION(#605,#607);
#605 = ( REPRESENTATION_RELATIONSHIP('','',#211,#188) 
REPRESENTATION_RELATIONSHIP_WITH_TRANSFORMATION(#606) 
SHAPE_REPRESENTATION_RELATIONSHIP() );
#606 = ITEM_DEFINED_TRANSFORMATION('','',#11,#189);
#607 = PRODUCT_DEFINITION_SHAPE('Placement','Placement of an item',#608
  );
#608 = NEXT_ASSEMBLY_USAGE_OCCURRENCE('1','=>[0:1:1:3]','',#183,#206,$);
#609 = PRODUCT_RELATED_PRODUCT_CATEGORY('part',$,(#208));
#610 = SHAPE_DEFINITION_REPRESENTATION(#611,#617);
#611 = PRODUCT_DEFINITION_SHAPE('','',#612);
#612 = PRODUCT_DEFINITION('design','',#613,#616);
#613 = PRODUCT_DEFINITION_FORMATION('','',#614);
#614 = PRODUCT('LED_D5.0mm','LED_D5.0mm','',(#615));
#615 = PRODUCT_CONTEXT('',#2,'mechanical');
#616 = PRODUCT_DEFINITION_CONTEXT('part definition',#2,'design');
#617 = SHAPE_REPRESENTATION('',(#11,#618),#622);
#618 = AXIS2_PLACEMENT_3D('',#619,#620,#621);
#619 = CARTESIAN_POINT('',(0.,0.,0.));
#620 = DIRECTION('',(0.,0.,1.));
#621 = DIRECTION('',(1.,0.,-0.));
#622 = ( GEOMETRIC_REPRESENTATION_CONTEXT(3) 
GLOBAL_UNCERTAINTY_ASSIGNED_CONTEXT((#626)) GLOBAL_UNIT_ASSIGNED_CONTEXT
((#623,#624,#625)) REPRESENTATION_CONTEXT('Context #1',
  '3D Context with UNIT and UNCERTAINTY') );
#623 = ( LENGTH_UNIT() NAMED_UNIT(*) SI_UNIT(.MILLI.,.METRE.) );
#624 = ( NAMED_UNIT(*) PLANE_ANGLE_UNIT() SI_UNIT($,.RADIAN.) );
#625 = ( NAMED_UNIT(*) SI_UNIT($,.STERADIAN.) SOLID_ANGLE_UNIT() );
#626 = UNCERTAINTY_MEASURE_WITH_UNIT(LENGTH_MEASURE(1.E-07),#623,
  'distance_accuracy_value','confusion accuracy');
#627 = CONTEXT_DEPENDENT_SHAPE_REPRESENTATION(#628,#630);
#628 = ( REPRESENTATION_RELATIONSHIP('','',#617,#10) 
REPRESENTATION_RELATIONSHIP_WITH_TRANSFORMATION(#629) 
SHAPE_REPRESENTATION_RELATIONSHIP() );
#629 = ITEM_DEFINED_TRANSFORMATION('','',#11,#19);
#630 = PRODUCT_DEFINITION_SHAPE('Placement','Placement of an item',#631
  );
#631 = NEXT_ASSEMBLY_USAGE_OCCURRENCE('4','LED1','',#5,#612,$);
#632 = PRODUCT_RELATED_PRODUCT_CATEGORY('part',$,(#614));
#633 = SHAPE_DEFINITION_REPRESENTATION(#634,#640);
#634 = PRODUCT_DEFINITION_SHAPE('','',#635);
#635 = PRODUCT_DEFINITION('design','',#636,#639);
#636 = PRODUCT_DEFINITION_FORMATION('','',#637);
#637 = PRODUCT('LED_D5.0mm','LED_D5.0mm','',(#638));
#638 = PRODUCT_CONTEXT('',#2,'mechanical');
#639 = PRODUCT_DEFINITION_CONTEXT('part definition',#2,'design');
#640 = ADVANCED_BREP_SHAPE_REPRESENTATION('',(#11,#641),#1066);
#641 = MANIFOLD_SOLID_BREP('',#642);
#642 = CLOSED_SHELL('',(#643,#670,#695,#723,#755,#772,#850,#881,#905,
    #929,#946,#977,#1001,#1025,#1042,#1054));
#643 = ADVANCED_FACE('',(#644),#665,.T.);
#644 = FACE_BOUND('',#645,.T.);
#645 = EDGE_LOOP('',(#646,#657,#658));
#646 = ORIENTED_EDGE('',*,*,#647,.T.);
#647 = EDGE_CURVE('',#648,#650,#652,.T.);
#648 = VERTEX_POINT('',#649);
#649 = CARTESIAN_POINT('',(3.72,6.095124405192E-15,9.15));
#650 = VERTEX_POINT('',#651);
#651 = CARTESIAN_POINT('',(1.27,7.727152251391E-15,11.6));
#652 = CIRCLE('',#653,2.45);
#653 = AXIS2_PLACEMENT_3D('',#654,#655,#656);
#654 = CARTESIAN_POINT('',(1.27,6.095124405192E-15,9.15));
#655 = DIRECTION('',(0.,-1.,6.661338147751E-16));
#656 = DIRECTION('',(1.,0.,0.));
#657 = ORIENTED_EDGE('',*,*,#647,.F.);
#658 = ORIENTED_EDGE('',*,*,#659,.F.);
#659 = EDGE_CURVE('',#648,#648,#660,.T.);
#660 = CIRCLE('',#661,2.45);
#661 = AXIS2_PLACEMENT_3D('',#662,#663,#664);
#662 = CARTESIAN_POINT('',(1.27,4.063416270128E-15,9.15));
#663 = DIRECTION('',(-4.379057701015E-47,-4.440892098501E-16,-1.));
#664 = DIRECTION('',(1.,8.292686265567E-16,-3.68269249121E-31));
#665 = SPHERICAL_SURFACE('',#666,2.45);
#666 = AXIS2_PLACEMENT_3D('',#667,#668,#669);
#667 = CARTESIAN_POINT('',(1.27,6.095124405192E-15,9.15));
#668 = DIRECTION('',(0.,4.440892098501E-16,1.));
#669 = DIRECTION('',(1.,1.394807543452E-15,-6.194189798646E-31));
#670 = ADVANCED_FACE('',(#671),#690,.T.);
#671 = FACE_BOUND('',#672,.T.);
#672 = EDGE_LOOP('',(#673,#681,#682,#683));
#673 = ORIENTED_EDGE('',*,*,#674,.F.);
#674 = EDGE_CURVE('',#648,#675,#677,.T.);
#675 = VERTEX_POINT('',#676);
#676 = CARTESIAN_POINT('',(3.72,2.6645352591E-15,4.));
#677 = LINE('',#678,#679);
#678 = CARTESIAN_POINT('',(3.72,6.095124405192E-15,9.15));
#679 = VECTOR('',#680,1.);
#680 = DIRECTION('',(0.,-6.661338147751E-16,-1.));
#681 = ORIENTED_EDGE('',*,*,#659,.T.);
#682 = ORIENTED_EDGE('',*,*,#674,.T.);
#683 = ORIENTED_EDGE('',*,*,#684,.F.);
#684 = EDGE_CURVE('',#675,#675,#685,.T.);
#685 = CIRCLE('',#686,2.45);
#686 = AXIS2_PLACEMENT_3D('',#687,#688,#689);
#687 = CARTESIAN_POINT('',(1.27,1.7763568394E-15,4.));
#688 = DIRECTION('',(-2.189528850508E-47,-4.440892098501E-16,-1.));
#689 = DIRECTION('',(1.,3.625218039592E-16,-1.609920214737E-31));
#690 = CYLINDRICAL_SURFACE('',#691,2.45);
#691 = AXIS2_PLACEMENT_3D('',#692,#693,#694);
#692 = CARTESIAN_POINT('',(1.27,4.063416270128E-15,9.15));
#693 = DIRECTION('',(0.,-4.440892098501E-16,-1.));
#694 = DIRECTION('',(1.,8.292686265567E-16,-3.68269249121E-31));
#695 = ADVANCED_FACE('',(#696,#715),#718,.F.);
#696 = FACE_BOUND('',#697,.F.);
#697 = EDGE_LOOP('',(#698,#709));
#698 = ORIENTED_EDGE('',*,*,#699,.F.);
#699 = EDGE_CURVE('',#700,#702,#704,.T.);
#700 = VERTEX_POINT('',#701);
#701 = CARTESIAN_POINT('',(-1.229999999999,-1.46969384567,4.));
#702 = VERTEX_POINT('',#703);
#703 = CARTESIAN_POINT('',(-1.23,1.469693845669,4.));
#704 = CIRCLE('',#705,2.9);
#705 = AXIS2_PLACEMENT_3D('',#706,#707,#708);
#706 = CARTESIAN_POINT('',(1.27,0.,4.));
#707 = DIRECTION('',(0.,0.,1.));
#708 = DIRECTION('',(1.,0.,-0.));
#709 = ORIENTED_EDGE('',*,*,#710,.T.);
#710 = EDGE_CURVE('',#700,#702,#711,.T.);
#711 = LINE('',#712,#713);
#712 = CARTESIAN_POINT('',(-1.229999999999,-1.46969384567,4.));
#713 = VECTOR('',#714,1.);
#714 = DIRECTION('',(0.,1.,0.));
#715 = FACE_BOUND('',#716,.F.);
#716 = EDGE_LOOP('',(#717));
#717 = ORIENTED_EDGE('',*,*,#684,.F.);
#718 = PLANE('',#719);
#719 = AXIS2_PLACEMENT_3D('',#720,#721,#722);
#720 = CARTESIAN_POINT('',(-1.229999999999,-1.469693845671,4.));
#721 = DIRECTION('',(0.,0.,-1.));
#722 = DIRECTION('',(-1.,0.,0.));
#723 = ADVANCED_FACE('',(#724),#750,.T.);
#724 = FACE_BOUND('',#725,.T.);
#725 = EDGE_LOOP('',(#726,#737,#743,#744));
#726 = ORIENTED_EDGE('',*,*,#727,.T.);
#727 = EDGE_CURVE('',#728,#730,#732,.T.);
#728 = VERTEX_POINT('',#729);
#729 = CARTESIAN_POINT('',(-1.229999999999,-1.46969384567,3.));
#730 = VERTEX_POINT('',#731);
#731 = CARTESIAN_POINT('',(-1.23,1.469693845669,3.));
#732 = CIRCLE('',#733,2.9);
#733 = AXIS2_PLACEMENT_3D('',#734,#735,#736);
#734 = CARTESIAN_POINT('',(1.27,0.,3.));
#735 = DIRECTION('',(0.,0.,1.));
#736 = DIRECTION('',(1.,0.,-0.));
#737 = ORIENTED_EDGE('',*,*,#738,.T.);
#738 = EDGE_CURVE('',#730,#702,#739,.T.);
#739 = LINE('',#740,#741);
#740 = CARTESIAN_POINT('',(-1.23,1.469693845669,3.));
#741 = VECTOR('',#742,1.);
#742 = DIRECTION('',(0.,0.,1.));
#743 = ORIENTED_EDGE('',*,*,#699,.F.);
#744 = ORIENTED_EDGE('',*,*,#745,.F.);
#745 = EDGE_CURVE('',#728,#700,#746,.T.);
#746 = LINE('',#747,#748);
#747 = CARTESIAN_POINT('',(-1.229999999999,-1.46969384567,3.));
#748 = VECTOR('',#749,1.);
#749 = DIRECTION('',(0.,0.,1.));
#750 = CYLINDRICAL_SURFACE('',#751,2.9);
#751 = AXIS2_PLACEMENT_3D('',#752,#753,#754);
#752 = CARTESIAN_POINT('',(1.27,0.,3.));
#753 = DIRECTION('',(-0.,-0.,-1.));
#754 = DIRECTION('',(1.,0.,0.));
#755 = ADVANCED_FACE('',(#756),#767,.T.);
#756 = FACE_BOUND('',#757,.T.);
#757 = EDGE_LOOP('',(#758,#759,#760,#761));
#758 = ORIENTED_EDGE('',*,*,#745,.T.);
#759 = ORIENTED_EDGE('',*,*,#710,.T.);
#760 = ORIENTED_EDGE('',*,*,#738,.F.);
#761 = ORIENTED_EDGE('',*,*,#762,.F.);
#762 = EDGE_CURVE('',#728,#730,#763,.T.);
#763 = LINE('',#764,#765);
#764 = CARTESIAN_POINT('',(-1.229999999999,-1.46969384567,3.));
#765 = VECTOR('',#766,1.);
#766 = DIRECTION('',(0.,1.,0.));
#767 = PLANE('',#768);
#768 = AXIS2_PLACEMENT_3D('',#769,#770,#771);
#769 = CARTESIAN_POINT('',(-1.229999999999,-1.46969384567,3.));
#770 = DIRECTION('',(-1.,0.,0.));
#771 = DIRECTION('',(0.,1.,0.));
#772 = ADVANCED_FACE('',(#773,#777,#811),#845,.T.);
#773 = FACE_BOUND('',#774,.T.);
#774 = EDGE_LOOP('',(#775,#776));
#775 = ORIENTED_EDGE('',*,*,#727,.F.);
#776 = ORIENTED_EDGE('',*,*,#762,.T.);
#777 = FACE_BOUND('',#778,.T.);
#778 = EDGE_LOOP('',(#779,#789,#797,#805));
#779 = ORIENTED_EDGE('',*,*,#780,.T.);
#780 = EDGE_CURVE('',#781,#783,#785,.T.);
#781 = VERTEX_POINT('',#782);
#782 = CARTESIAN_POINT('',(-0.2,-0.2,3.));
#783 = VERTEX_POINT('',#784);
#784 = CARTESIAN_POINT('',(0.2,-0.2,3.));
#785 = LINE('',#786,#787);
#786 = CARTESIAN_POINT('',(-0.515,-0.2,3.));
#787 = VECTOR('',#788,1.);
#788 = DIRECTION('',(1.,0.,0.));
#789 = ORIENTED_EDGE('',*,*,#790,.T.);
#790 = EDGE_CURVE('',#783,#791,#793,.T.);
#791 = VERTEX_POINT('',#792);
#792 = CARTESIAN_POINT('',(0.2,0.2,3.));
#793 = LINE('',#794,#795);
#794 = CARTESIAN_POINT('',(0.2,-0.634846922835,3.));
#795 = VECTOR('',#796,1.);
#796 = DIRECTION('',(0.,1.,0.));
#797 = ORIENTED_EDGE('',*,*,#798,.T.);
#798 = EDGE_CURVE('',#791,#799,#801,.T.);
#799 = VERTEX_POINT('',#800);
#800 = CARTESIAN_POINT('',(-0.2,0.2,3.));
#801 = LINE('',#802,#803);
#802 = CARTESIAN_POINT('',(-0.715,0.2,3.));
#803 = VECTOR('',#804,1.);
#804 = DIRECTION('',(-1.,-0.,-0.));
#805 = ORIENTED_EDGE('',*,*,#806,.T.);
#806 = EDGE_CURVE('',#799,#781,#807,.T.);
#807 = LINE('',#808,#809);
#808 = CARTESIAN_POINT('',(-0.2,-0.834846922835,3.));
#809 = VECTOR('',#810,1.);
#810 = DIRECTION('',(0.,-1.,0.));
#811 = FACE_BOUND('',#812,.T.);
#812 = EDGE_LOOP('',(#813,#823,#831,#839));
#813 = ORIENTED_EDGE('',*,*,#814,.T.);
#814 = EDGE_CURVE('',#815,#817,#819,.T.);
#815 = VERTEX_POINT('',#816);
#816 = CARTESIAN_POINT('',(2.34,0.2,3.));
#817 = VERTEX_POINT('',#818);
#818 = CARTESIAN_POINT('',(2.34,-0.2,3.));
#819 = LINE('',#820,#821);
#820 = CARTESIAN_POINT('',(2.34,-0.834846922835,3.));
#821 = VECTOR('',#822,1.);
#822 = DIRECTION('',(0.,-1.,0.));
#823 = ORIENTED_EDGE('',*,*,#824,.T.);
#824 = EDGE_CURVE('',#817,#825,#827,.T.);
#825 = VERTEX_POINT('',#826);
#826 = CARTESIAN_POINT('',(2.74,-0.2,3.));
#827 = LINE('',#828,#829);
#828 = CARTESIAN_POINT('',(0.755,-0.2,3.));
#829 = VECTOR('',#830,1.);
#830 = DIRECTION('',(1.,0.,0.));
#831 = ORIENTED_EDGE('',*,*,#832,.T.);
#832 = EDGE_CURVE('',#825,#833,#835,.T.);
#833 = VERTEX_POINT('',#834);
#834 = CARTESIAN_POINT('',(2.74,0.2,3.));
#835 = LINE('',#836,#837);
#836 = CARTESIAN_POINT('',(2.74,-0.634846922835,3.));
#837 = VECTOR('',#838,1.);
#838 = DIRECTION('',(0.,1.,0.));
#839 = ORIENTED_EDGE('',*,*,#840,.T.);
#840 = EDGE_CURVE('',#833,#815,#841,.T.);
#841 = LINE('',#842,#843);
#842 = CARTESIAN_POINT('',(0.555,0.2,3.));
#843 = VECTOR('',#844,1.);
#844 = DIRECTION('',(-1.,-0.,-0.));
#845 = PLANE('',#846);
#846 = AXIS2_PLACEMENT_3D('',#847,#848,#849);
#847 = CARTESIAN_POINT('',(-1.229999999999,-1.469693845671,3.));
#848 = DIRECTION('',(0.,0.,-1.));
#849 = DIRECTION('',(-1.,0.,0.));
#850 = ADVANCED_FACE('',(#851),#876,.F.);
#851 = FACE_BOUND('',#852,.F.);
#852 = EDGE_LOOP('',(#853,#854,#862,#870));
#853 = ORIENTED_EDGE('',*,*,#780,.T.);
#854 = ORIENTED_EDGE('',*,*,#855,.T.);
#855 = EDGE_CURVE('',#783,#856,#858,.T.);
#856 = VERTEX_POINT('',#857);
#857 = CARTESIAN_POINT('',(0.2,-0.2,-2.5));
#858 = LINE('',#859,#860);
#859 = CARTESIAN_POINT('',(0.2,-0.2,3.5));
#860 = VECTOR('',#861,1.);
#861 = DIRECTION('',(-0.,-0.,-1.));
#862 = ORIENTED_EDGE('',*,*,#863,.T.);
#863 = EDGE_CURVE('',#856,#864,#866,.T.);
#864 = VERTEX_POINT('',#865);
#865 = CARTESIAN_POINT('',(-0.2,-0.2,-2.5));
#866 = LINE('',#867,#868);
#867 = CARTESIAN_POINT('',(0.2,-0.2,-2.5));
#868 = VECTOR('',#869,1.);
#869 = DIRECTION('',(-1.,0.,0.));
#870 = ORIENTED_EDGE('',*,*,#871,.F.);
#871 = EDGE_CURVE('',#781,#864,#872,.T.);
#872 = LINE('',#873,#874);
#873 = CARTESIAN_POINT('',(-0.2,-0.2,3.5));
#874 = VECTOR('',#875,1.);
#875 = DIRECTION('',(-0.,-0.,-1.));
#876 = PLANE('',#877);
#877 = AXIS2_PLACEMENT_3D('',#878,#879,#880);
#878 = CARTESIAN_POINT('',(0.2,-0.2,3.5));
#879 = DIRECTION('',(0.,1.,0.));
#880 = DIRECTION('',(-1.,0.,0.));
#881 = ADVANCED_FACE('',(#882),#900,.F.);
#882 = FACE_BOUND('',#883,.F.);
#883 = EDGE_LOOP('',(#884,#885,#886,#894));
#884 = ORIENTED_EDGE('',*,*,#806,.T.);
#885 = ORIENTED_EDGE('',*,*,#871,.T.);
#886 = ORIENTED_EDGE('',*,*,#887,.T.);
#887 = EDGE_CURVE('',#864,#888,#890,.T.);
#888 = VERTEX_POINT('',#889);
#889 = CARTESIAN_POINT('',(-0.2,0.2,-2.5));
#890 = LINE('',#891,#892);
#891 = CARTESIAN_POINT('',(-0.2,-0.2,-2.5));
#892 = VECTOR('',#893,1.);
#893 = DIRECTION('',(0.,1.,0.));
#894 = ORIENTED_EDGE('',*,*,#895,.F.);
#895 = EDGE_CURVE('',#799,#888,#896,.T.);
#896 = LINE('',#897,#898);
#897 = CARTESIAN_POINT('',(-0.2,0.2,3.5));
#898 = VECTOR('',#899,1.);
#899 = DIRECTION('',(-0.,-0.,-1.));
#900 = PLANE('',#901);
#901 = AXIS2_PLACEMENT_3D('',#902,#903,#904);
#902 = CARTESIAN_POINT('',(-0.2,-0.2,3.5));
#903 = DIRECTION('',(1.,0.,0.));
#904 = DIRECTION('',(-0.,1.,0.));
#905 = ADVANCED_FACE('',(#906),#924,.F.);
#906 = FACE_BOUND('',#907,.F.);
#907 = EDGE_LOOP('',(#908,#909,#910,#918));
#908 = ORIENTED_EDGE('',*,*,#798,.T.);
#909 = ORIENTED_EDGE('',*,*,#895,.T.);
#910 = ORIENTED_EDGE('',*,*,#911,.T.);
#911 = EDGE_CURVE('',#888,#912,#914,.T.);
#912 = VERTEX_POINT('',#913);
#913 = CARTESIAN_POINT('',(0.2,0.2,-2.5));
#914 = LINE('',#915,#916);
#915 = CARTESIAN_POINT('',(-0.2,0.2,-2.5));
#916 = VECTOR('',#917,1.);
#917 = DIRECTION('',(1.,0.,0.));
#918 = ORIENTED_EDGE('',*,*,#919,.F.);
#919 = EDGE_CURVE('',#791,#912,#920,.T.);
#920 = LINE('',#921,#922);
#921 = CARTESIAN_POINT('',(0.2,0.2,3.5));
#922 = VECTOR('',#923,1.);
#923 = DIRECTION('',(-0.,-0.,-1.));
#924 = PLANE('',#925);
#925 = AXIS2_PLACEMENT_3D('',#926,#927,#928);
#926 = CARTESIAN_POINT('',(-0.2,0.2,3.5));
#927 = DIRECTION('',(0.,-1.,0.));
#928 = DIRECTION('',(1.,0.,0.));
#929 = ADVANCED_FACE('',(#930),#941,.F.);
#930 = FACE_BOUND('',#931,.F.);
#931 = EDGE_LOOP('',(#932,#933,#934,#940));
#932 = ORIENTED_EDGE('',*,*,#790,.T.);
#933 = ORIENTED_EDGE('',*,*,#919,.T.);
#934 = ORIENTED_EDGE('',*,*,#935,.T.);
#935 = EDGE_CURVE('',#912,#856,#936,.T.);
#936 = LINE('',#937,#938);
#937 = CARTESIAN_POINT('',(0.2,0.2,-2.5));
#938 = VECTOR('',#939,1.);
#939 = DIRECTION('',(0.,-1.,0.));
#940 = ORIENTED_EDGE('',*,*,#855,.F.);
#941 = PLANE('',#942);
#942 = AXIS2_PLACEMENT_3D('',#943,#944,#945);
#943 = CARTESIAN_POINT('',(0.2,0.2,3.5));
#944 = DIRECTION('',(-1.,0.,0.));
#945 = DIRECTION('',(0.,-1.,0.));
#946 = ADVANCED_FACE('',(#947),#972,.F.);
#947 = FACE_BOUND('',#948,.F.);
#948 = EDGE_LOOP('',(#949,#950,#958,#966));
#949 = ORIENTED_EDGE('',*,*,#814,.T.);
#950 = ORIENTED_EDGE('',*,*,#951,.T.);
#951 = EDGE_CURVE('',#817,#952,#954,.T.);
#952 = VERTEX_POINT('',#953);
#953 = CARTESIAN_POINT('',(2.34,-0.2,-2.5));
#954 = LINE('',#955,#956);
#955 = CARTESIAN_POINT('',(2.34,-0.2,3.5));
#956 = VECTOR('',#957,1.);
#957 = DIRECTION('',(-0.,-0.,-1.));
#958 = ORIENTED_EDGE('',*,*,#959,.T.);
#959 = EDGE_CURVE('',#952,#960,#962,.T.);
#960 = VERTEX_POINT('',#961);
#961 = CARTESIAN_POINT('',(2.34,0.2,-2.5));
#962 = LINE('',#963,#964);
#963 = CARTESIAN_POINT('',(2.34,-0.2,-2.5));
#964 = VECTOR('',#965,1.);
#965 = DIRECTION('',(0.,1.,0.));
#966 = ORIENTED_EDGE('',*,*,#967,.F.);
#967 = EDGE_CURVE('',#815,#960,#968,.T.);
#968 = LINE('',#969,#970);
#969 = CARTESIAN_POINT('',(2.34,0.2,3.5));
#970 = VECTOR('',#971,1.);
#971 = DIRECTION('',(-0.,-0.,-1.));
#972 = PLANE('',#973);
#973 = AXIS2_PLACEMENT_3D('',#974,#975,#976);
#974 = CARTESIAN_POINT('',(2.34,-0.2,3.5));
#975 = DIRECTION('',(1.,0.,0.));
#976 = DIRECTION('',(-0.,1.,0.));
#977 = ADVANCED_FACE('',(#978),#996,.F.);
#978 = FACE_BOUND('',#979,.F.);
#979 = EDGE_LOOP('',(#980,#981,#982,#990));
#980 = ORIENTED_EDGE('',*,*,#840,.T.);
#981 = ORIENTED_EDGE('',*,*,#967,.T.);
#982 = ORIENTED_EDGE('',*,*,#983,.T.);
#983 = EDGE_CURVE('',#960,#984,#986,.T.);
#984 = VERTEX_POINT('',#985);
#985 = CARTESIAN_POINT('',(2.74,0.2,-2.5));
#986 = LINE('',#987,#988);
#987 = CARTESIAN_POINT('',(2.34,0.2,-2.5));
#988 = VECTOR('',#989,1.);
#989 = DIRECTION('',(1.,0.,0.));
#990 = ORIENTED_EDGE('',*,*,#991,.F.);
#991 = EDGE_CURVE('',#833,#984,#992,.T.);
#992 = LINE('',#993,#994);
#993 = CARTESIAN_POINT('',(2.74,0.2,3.5));
#994 = VECTOR('',#995,1.);
#995 = DIRECTION('',(-0.,-0.,-1.));
#996 = PLANE('',#997);
#997 = AXIS2_PLACEMENT_3D('',#998,#999,#1000);
#998 = CARTESIAN_POINT('',(2.34,0.2,3.5));
#999 = DIRECTION('',(0.,-1.,0.));
#1000 = DIRECTION('',(1.,0.,0.));
#1001 = ADVANCED_FACE('',(#1002),#1020,.F.);
#1002 = FACE_BOUND('',#1003,.F.);
#1003 = EDGE_LOOP('',(#1004,#1005,#1006,#1014));
#1004 = ORIENTED_EDGE('',*,*,#832,.T.);
#1005 = ORIENTED_EDGE('',*,*,#991,.T.);
#1006 = ORIENTED_EDGE('',*,*,#1007,.T.);
#1007 = EDGE_CURVE('',#984,#1008,#1010,.T.);
#1008 = VERTEX_POINT('',#1009);
#1009 = CARTESIAN_POINT('',(2.74,-0.2,-2.5));
#1010 = LINE('',#1011,#1012);
#1011 = CARTESIAN_POINT('',(2.74,0.2,-2.5));
#1012 = VECTOR('',#1013,1.);
#1013 = DIRECTION('',(0.,-1.,0.));
#1014 = ORIENTED_EDGE('',*,*,#1015,.F.);
#1015 = EDGE_CURVE('',#825,#1008,#1016,.T.);
#1016 = LINE('',#1017,#1018);
#1017 = CARTESIAN_POINT('',(2.74,-0.2,3.5));
#1018 = VECTOR('',#1019,1.);
#1019 = DIRECTION('',(-0.,-0.,-1.));
#1020 = PLANE('',#1021);
#1021 = AXIS2_PLACEMENT_3D('',#1022,#1023,#1024);
#1022 = CARTESIAN_POINT('',(2.74,0.2,3.5));
#1023 = DIRECTION('',(-1.,0.,0.));
#1024 = DIRECTION('',(0.,-1.,0.));
#1025 = ADVANCED_FACE('',(#1026),#1037,.F.);
#1026 = FACE_BOUND('',#1027,.F.);
#1027 = EDGE_LOOP('',(#1028,#1029,#1030,#1036));
#1028 = ORIENTED_EDGE('',*,*,#824,.T.);
#1029 = ORIENTED_EDGE('',*,*,#1015,.T.);
#1030 = ORIENTED_EDGE('',*,*,#1031,.T.);
#1031 = EDGE_CURVE('',#1008,#952,#1032,.T.);
#1032 = LINE('',#1033,#1034);
#1033 = CARTESIAN_POINT('',(2.74,-0.2,-2.5));
#1034 = VECTOR('',#1035,1.);
#1035 = DIRECTION('',(-1.,0.,0.));
#1036 = ORIENTED_EDGE('',*,*,#951,.F.);
#1037 = PLANE('',#1038);
#1038 = AXIS2_PLACEMENT_3D('',#1039,#1040,#1041);
#1039 = CARTESIAN_POINT('',(2.74,-0.2,3.5));
#1040 = DIRECTION('',(0.,1.,0.));
#1041 = DIRECTION('',(-1.,0.,0.));
#1042 = ADVANCED_FACE('',(#1043),#1049,.F.);
#1043 = FACE_BOUND('',#1044,.T.);
#1044 = EDGE_LOOP('',(#1045,#1046,#1047,#1048));
#1045 = ORIENTED_EDGE('',*,*,#911,.T.);
#1046 = ORIENTED_EDGE('',*,*,#935,.T.);
#1047 = ORIENTED_EDGE('',*,*,#863,.T.);
#1048 = ORIENTED_EDGE('',*,*,#887,.T.);
#1049 = PLANE('',#1050);
#1050 = AXIS2_PLACEMENT_3D('',#1051,#1052,#1053);
#1051 = CARTESIAN_POINT('',(-0.2,0.2,-2.5));
#1052 = DIRECTION('',(0.,0.,1.));
#1053 = DIRECTION('',(1.,0.,-0.));
#1054 = ADVANCED_FACE('',(#1055),#1061,.F.);
#1055 = FACE_BOUND('',#1056,.T.);
#1056 = EDGE_LOOP('',(#1057,#1058,#1059,#1060));
#1057 = ORIENTED_EDGE('',*,*,#983,.T.);
#1058 = ORIENTED_EDGE('',*,*,#1007,.T.);
#1059 = ORIENTED_EDGE('',*,*,#1031,.T.);
#1060 = ORIENTED_EDGE('',*,*,#959,.T.);
#1061 = PLANE('',#1062);
#1062 = AXIS2_PLACEMENT_3D('',#1063,#1064,#1065);
#1063 = CARTESIAN_POINT('',(2.34,0.2,-2.5));
#1064 = DIRECTION('',(0.,0.,1.));
#1065 = DIRECTION('',(1.,0.,-0.));
#1066 = ( GEOMETRIC_REPRESENTATION_CONTEXT(3) 
GLOBAL_UNCERTAINTY_ASSIGNED_CONTEXT((#1070)) 
GLOBAL_UNIT_ASSIGNED_CONTEXT((#1067,#1068,#1069)) REPRESENTATION_CONTEXT
('Context #1','3D Context with UNIT and UNCERTAINTY') );
#1067 = ( LENGTH_UNIT() NAMED_UNIT(*) SI_UNIT(.MILLI.,.METRE.) );
#1068 = ( NAMED_UNIT(*) PLANE_ANGLE_UNIT() SI_UNIT($,.RADIAN.) );
#1069 = ( NAMED_UNIT(*) SI_UNIT($,.STERADIAN.) SOLID_ANGLE_UNIT() );
#1070 = UNCERTAINTY_MEASURE_WITH_UNIT(LENGTH_MEASURE(1.E-07),#1067,
  'distance_accuracy_value','confusion accuracy');
#1071 = CONTEXT_DEPENDENT_SHAPE_REPRESENTATION(#1072,#1074);
#1072 = ( REPRESENTATION_RELATIONSHIP('','',#640,#617) 
REPRESENTATION_RELATIONSHIP_WITH_TRANSFORMATION(#1073) 
SHAPE_REPRESENTATION_RELATIONSHIP() );
#1073 = ITEM_DEFINED_TRANSFORMATION('','',#11,#618);
#1074 = PRODUCT_DEFINITION_SHAPE('Placement','Placement of an item',
  #1075);
#1075 = NEXT_ASSEMBLY_USAGE_OCCURRENCE('3','=>[0:1:1:5]','',#612,#635,$
  );
#1076 = PRODUCT_RELATED_PRODUCT_CATEGORY('part',$,(#637));
#1077 = SHAPE_DEFINITION_REPRESENTATION(#1078,#1084);
#1078 = PRODUCT_DEFINITION_SHAPE('','',#1079);
#1079 = PRODUCT_DEFINITION('design','',#1080,#1083);
#1080 = PRODUCT_DEFINITION_FORMATION('','',#1081);
#1081 = PRODUCT('D_DO-41_SOD81_P10.16mm_Horizontal',
  'D_DO-41_SOD81_P10.16mm_Horizontal','',(#1082));
#1082 = PRODUCT_CONTEXT('',#2,'mechanical');
#1083 = PRODUCT_DEFINITION_CONTEXT('part definition',#2,'design');
#1084 = SHAPE_REPRESENTATION('',(#11,#1085),#1089);
#1085 = AXIS2_PLACEMENT_3D('',#1086,#1087,#1088);
#1086 = CARTESIAN_POINT('',(0.,0.,0.));
#1087 = DIRECTION('',(0.,0.,1.));
#1088 = DIRECTION('',(1.,0.,-0.));
#1089 = ( GEOMETRIC_REPRESENTATION_CONTEXT(3) 
GLOBAL_UNCERTAINTY_ASSIGNED_CONTEXT((#1093)) 
GLOBAL_UNIT_ASSIGNED_CONTEXT((#1090,#1091,#1092)) REPRESENTATION_CONTEXT
('Context #1','3D Context with UNIT and UNCERTAINTY') );
#1090 = ( LENGTH_UNIT() NAMED_UNIT(*) SI_UNIT(.MILLI.,.METRE.) );
#1091 = ( NAMED_UNIT(*) PLANE_ANGLE_UNIT() SI_UNIT($,.RADIAN.) );
#1092 = ( NAMED_UNIT(*) SI_UNIT($,.STERADIAN.) SOLID_ANGLE_UNIT() );
#1093 = UNCERTAINTY_MEASURE_WITH_UNIT(LENGTH_MEASURE(1.E-07),#1090,
  'distance_accuracy_value','confusion accuracy');
#1094 = CONTEXT_DEPENDENT_SHAPE_REPRESENTATION(#1095,#1097);
#1095 = ( REPRESENTATION_RELATIONSHIP('','',#1084,#10) 
REPRESENTATION_RELATIONSHIP_WITH_TRANSFORMATION(#1096) 
SHAPE_REPRESENTATION_RELATIONSHIP() );
#1096 = ITEM_DEFINED_TRANSFORMATION('','',#11,#23);
#1097 = PRODUCT_DEFINITION_SHAPE('Placement','Placement of an item',
  #1098);
#1098 = NEXT_ASSEMBLY_USAGE_OCCURRENCE('6','D2','',#5,#1079,$);
#1099 = PRODUCT_RELATED_PRODUCT_CATEGORY('part',$,(#1081));
#1100 = SHAPE_DEFINITION_REPRESENTATION(#1101,#1107);
#1101 = PRODUCT_DEFINITION_SHAPE('','',#1102);
#1102 = PRODUCT_DEFINITION('design','',#1103,#1106);
#1103 = PRODUCT_DEFINITION_FORMATION('','',#1104);
#1104 = PRODUCT('D_DO-41_SOD81_P10.16mm_Horizontal',
  'D_DO-41_SOD81_P10.16mm_Horizontal','',(#1105));
#1105 = PRODUCT_CONTEXT('',#2,'mechanical');
#1106 = PRODUCT_DEFINITION_CONTEXT('part definition',#2,'design');
#1107 = ADVANCED_BREP_SHAPE_REPRESENTATION('',(#11,#1108),#1443);
#1108 = MANIFOLD_SOLID_BREP('',#1109);
#1109 = CLOSED_SHELL('',(#1110,#1143,#1163,#1183,#1208,#1233,#1253,#1273
    ,#1298,#1323,#1349,#1375,#1400,#1425,#1434));
#1110 = ADVANCED_FACE('',(#1111),#1138,.T.);
#1111 = FACE_BOUND('',#1112,.T.);
#1112 = EDGE_LOOP('',(#1113,#1122,#1130,#1137));
#1113 = ORIENTED_EDGE('',*,*,#1114,.T.);
#1114 = EDGE_CURVE('',#1115,#1115,#1117,.T.);
#1115 = VERTEX_POINT('',#1116);
#1116 = CARTESIAN_POINT('',(3.26,2.138289545428E-15,3.21));
#1117 = CIRCLE('',#1118,1.36);
#1118 = AXIS2_PLACEMENT_3D('',#1119,#1120,#1121);
#1119 = CARTESIAN_POINT('',(3.26,8.215650382226E-16,1.85));
#1120 = DIRECTION('',(1.,0.,-0.));
#1121 = DIRECTION('',(0.,9.681797847099E-16,1.));
#1122 = ORIENTED_EDGE('',*,*,#1123,.T.);
#1123 = EDGE_CURVE('',#1115,#1124,#1126,.T.);
#1124 = VERTEX_POINT('',#1125);
#1125 = CARTESIAN_POINT('',(4.56,2.138289545428E-15,3.21));
#1126 = LINE('',#1127,#1128);
#1127 = CARTESIAN_POINT('',(3.26,2.138289545428E-15,3.21));
#1128 = VECTOR('',#1129,1.);
#1129 = DIRECTION('',(1.,0.,0.));
#1130 = ORIENTED_EDGE('',*,*,#1131,.F.);
#1131 = EDGE_CURVE('',#1124,#1124,#1132,.T.);
#1132 = CIRCLE('',#1133,1.36);
#1133 = AXIS2_PLACEMENT_3D('',#1134,#1135,#1136);
#1134 = CARTESIAN_POINT('',(4.56,8.215650382226E-16,1.85));
#1135 = DIRECTION('',(1.,0.,-0.));
#1136 = DIRECTION('',(0.,9.681797847099E-16,1.));
#1137 = ORIENTED_EDGE('',*,*,#1123,.F.);
#1138 = CYLINDRICAL_SURFACE('',#1139,1.36);
#1139 = AXIS2_PLACEMENT_3D('',#1140,#1141,#1142);
#1140 = CARTESIAN_POINT('',(3.26,8.215650382226E-16,1.85));
#1141 = DIRECTION('',(1.,0.,0.));
#1142 = DIRECTION('',(-0.,9.681797847099E-16,1.));
#1143 = ADVANCED_FACE('',(#1144,#1147),#1158,.F.);
#1144 = FACE_BOUND('',#1145,.T.);
#1145 = EDGE_LOOP('',(#1146));
#1146 = ORIENTED_EDGE('',*,*,#1114,.F.);
#1147 = FACE_BOUND('',#1148,.T.);
#1148 = EDGE_LOOP('',(#1149));
#1149 = ORIENTED_EDGE('',*,*,#1150,.T.);
#1150 = EDGE_CURVE('',#1151,#1151,#1153,.T.);
#1151 = VERTEX_POINT('',#1152);
#1152 = CARTESIAN_POINT('',(3.26,2.13162820728E-15,3.2));
#1153 = CIRCLE('',#1154,1.35);
#1154 = AXIS2_PLACEMENT_3D('',#1155,#1156,#1157);
#1155 = CARTESIAN_POINT('',(3.26,8.215650382226E-16,1.85));
#1156 = DIRECTION('',(1.,0.,-0.));
#1157 = DIRECTION('',(0.,9.70417162265E-16,1.));
#1158 = PLANE('',#1159);
#1159 = AXIS2_PLACEMENT_3D('',#1160,#1161,#1162);
#1160 = CARTESIAN_POINT('',(3.26,8.215650382226E-16,1.85));
#1161 = DIRECTION('',(1.,0.,0.));
#1162 = DIRECTION('',(-0.,9.726879335149E-16,1.));
#1163 = ADVANCED_FACE('',(#1164,#1167),#1178,.T.);
#1164 = FACE_BOUND('',#1165,.T.);
#1165 = EDGE_LOOP('',(#1166));
#1166 = ORIENTED_EDGE('',*,*,#1131,.T.);
#1167 = FACE_BOUND('',#1168,.T.);
#1168 = EDGE_LOOP('',(#1169));
#1169 = ORIENTED_EDGE('',*,*,#1170,.F.);
#1170 = EDGE_CURVE('',#1171,#1171,#1173,.T.);
#1171 = VERTEX_POINT('',#1172);
#1172 = CARTESIAN_POINT('',(4.56,2.13162820728E-15,3.2));
#1173 = CIRCLE('',#1174,1.35);
#1174 = AXIS2_PLACEMENT_3D('',#1175,#1176,#1177);
#1175 = CARTESIAN_POINT('',(4.56,8.215650382226E-16,1.85));
#1176 = DIRECTION('',(1.,0.,-0.));
#1177 = DIRECTION('',(0.,9.70417162265E-16,1.));
#1178 = PLANE('',#1179);
#1179 = AXIS2_PLACEMENT_3D('',#1180,#1181,#1182);
#1180 = CARTESIAN_POINT('',(4.56,8.215650382226E-16,1.85));
#1181 = DIRECTION('',(1.,0.,0.));
#1182 = DIRECTION('',(-0.,9.681797847099E-16,1.));
#1183 = ADVANCED_FACE('',(#1184),#1203,.T.);
#1184 = FACE_BOUND('',#1185,.T.);
#1185 = EDGE_LOOP('',(#1186,#1194,#1201,#1202));
#1186 = ORIENTED_EDGE('',*,*,#1187,.F.);
#1187 = EDGE_CURVE('',#1188,#1151,#1190,.T.);
#1188 = VERTEX_POINT('',#1189);
#1189 = CARTESIAN_POINT('',(2.48,2.13162820728E-15,3.2));
#1190 = LINE('',#1191,#1192);
#1191 = CARTESIAN_POINT('',(2.48,2.13162820728E-15,3.2));
#1192 = VECTOR('',#1193,1.);
#1193 = DIRECTION('',(1.,0.,0.));
#1194 = ORIENTED_EDGE('',*,*,#1195,.T.);
#1195 = EDGE_CURVE('',#1188,#1188,#1196,.T.);
#1196 = CIRCLE('',#1197,1.35);
#1197 = AXIS2_PLACEMENT_3D('',#1198,#1199,#1200);
#1198 = CARTESIAN_POINT('',(2.48,8.215650382226E-16,1.85));
#1199 = DIRECTION('',(1.,0.,-0.));
#1200 = DIRECTION('',(0.,9.70417162265E-16,1.));
#1201 = ORIENTED_EDGE('',*,*,#1187,.T.);
#1202 = ORIENTED_EDGE('',*,*,#1150,.F.);
#1203 = CYLINDRICAL_SURFACE('',#1204,1.35);
#1204 = AXIS2_PLACEMENT_3D('',#1205,#1206,#1207);
#1205 = CARTESIAN_POINT('',(2.48,8.215650382226E-16,1.85));
#1206 = DIRECTION('',(1.,0.,0.));
#1207 = DIRECTION('',(-0.,9.70417162265E-16,1.));
#1208 = ADVANCED_FACE('',(#1209),#1228,.T.);
#1209 = FACE_BOUND('',#1210,.T.);
#1210 = EDGE_LOOP('',(#1211,#1212,#1220,#1227));
#1211 = ORIENTED_EDGE('',*,*,#1170,.T.);
#1212 = ORIENTED_EDGE('',*,*,#1213,.T.);
#1213 = EDGE_CURVE('',#1171,#1214,#1216,.T.);
#1214 = VERTEX_POINT('',#1215);
#1215 = CARTESIAN_POINT('',(7.68,2.13162820728E-15,3.2));
#1216 = LINE('',#1217,#1218);
#1217 = CARTESIAN_POINT('',(2.48,2.13162820728E-15,3.2));
#1218 = VECTOR('',#1219,1.);
#1219 = DIRECTION('',(1.,0.,0.));
#1220 = ORIENTED_EDGE('',*,*,#1221,.F.);
#1221 = EDGE_CURVE('',#1214,#1214,#1222,.T.);
#1222 = CIRCLE('',#1223,1.35);
#1223 = AXIS2_PLACEMENT_3D('',#1224,#1225,#1226);
#1224 = CARTESIAN_POINT('',(7.68,8.215650382226E-16,1.85));
#1225 = DIRECTION('',(1.,0.,-0.));
#1226 = DIRECTION('',(0.,9.70417162265E-16,1.));
#1227 = ORIENTED_EDGE('',*,*,#1213,.F.);
#1228 = CYLINDRICAL_SURFACE('',#1229,1.35);
#1229 = AXIS2_PLACEMENT_3D('',#1230,#1231,#1232);
#1230 = CARTESIAN_POINT('',(2.48,8.215650382226E-16,1.85));
#1231 = DIRECTION('',(1.,0.,0.));
#1232 = DIRECTION('',(-0.,9.70417162265E-16,1.));
#1233 = ADVANCED_FACE('',(#1234,#1237),#1248,.F.);
#1234 = FACE_BOUND('',#1235,.T.);
#1235 = EDGE_LOOP('',(#1236));
#1236 = ORIENTED_EDGE('',*,*,#1195,.F.);
#1237 = FACE_BOUND('',#1238,.T.);
#1238 = EDGE_LOOP('',(#1239));
#1239 = ORIENTED_EDGE('',*,*,#1240,.T.);
#1240 = EDGE_CURVE('',#1241,#1241,#1243,.T.);
#1241 = VERTEX_POINT('',#1242);
#1242 = CARTESIAN_POINT('',(2.48,7.660538869914E-16,1.45));
#1243 = CIRCLE('',#1244,0.4);
#1244 = AXIS2_PLACEMENT_3D('',#1245,#1246,#1247);
#1245 = CARTESIAN_POINT('',(2.48,8.548717289614E-16,1.85));
#1246 = DIRECTION('',(1.,0.,0.));
#1247 = DIRECTION('',(0.,-2.22044604925E-16,-1.));
#1248 = PLANE('',#1249);
#1249 = AXIS2_PLACEMENT_3D('',#1250,#1251,#1252);
#1250 = CARTESIAN_POINT('',(2.48,8.215650382226E-16,1.85));
#1251 = DIRECTION('',(1.,0.,0.));
#1252 = DIRECTION('',(-0.,9.70417162265E-16,1.));
#1253 = ADVANCED_FACE('',(#1254,#1257),#1268,.T.);
#1254 = FACE_BOUND('',#1255,.F.);
#1255 = EDGE_LOOP('',(#1256));
#1256 = ORIENTED_EDGE('',*,*,#1221,.F.);
#1257 = FACE_BOUND('',#1258,.F.);
#1258 = EDGE_LOOP('',(#1259));
#1259 = ORIENTED_EDGE('',*,*,#1260,.T.);
#1260 = EDGE_CURVE('',#1261,#1261,#1263,.T.);
#1261 = VERTEX_POINT('',#1262);
#1262 = CARTESIAN_POINT('',(7.68,7.660538869914E-16,1.45));
#1263 = CIRCLE('',#1264,0.4);
#1264 = AXIS2_PLACEMENT_3D('',#1265,#1266,#1267);
#1265 = CARTESIAN_POINT('',(7.68,8.548717289614E-16,1.85));
#1266 = DIRECTION('',(1.,0.,0.));
#1267 = DIRECTION('',(0.,-2.22044604925E-16,-1.));
#1268 = PLANE('',#1269);
#1269 = AXIS2_PLACEMENT_3D('',#1270,#1271,#1272);
#1270 = CARTESIAN_POINT('',(7.68,8.215650382226E-16,1.85));
#1271 = DIRECTION('',(1.,0.,0.));
#1272 = DIRECTION('',(-0.,9.70417162265E-16,1.));
#1273 = ADVANCED_FACE('',(#1274),#1293,.T.);
#1274 = FACE_BOUND('',#1275,.T.);
#1275 = EDGE_LOOP('',(#1276,#1285,#1291,#1292));
#1276 = ORIENTED_EDGE('',*,*,#1277,.F.);
#1277 = EDGE_CURVE('',#1278,#1278,#1280,.T.);
#1278 = VERTEX_POINT('',#1279);
#1279 = CARTESIAN_POINT('',(0.8,7.660538869914E-16,1.45));
#1280 = CIRCLE('',#1281,0.4);
#1281 = AXIS2_PLACEMENT_3D('',#1282,#1283,#1284);
#1282 = CARTESIAN_POINT('',(0.8,8.548717289614E-16,1.85));
#1283 = DIRECTION('',(-1.,-4.078893220341E-32,-1.836970198721E-16));
#1284 = DIRECTION('',(-1.836970198721E-16,2.22044604925E-16,1.));
#1285 = ORIENTED_EDGE('',*,*,#1286,.T.);
#1286 = EDGE_CURVE('',#1278,#1241,#1287,.T.);
#1287 = LINE('',#1288,#1289);
#1288 = CARTESIAN_POINT('',(0.8,7.660538869914E-16,1.45));
#1289 = VECTOR('',#1290,1.);
#1290 = DIRECTION('',(1.,0.,0.));
#1291 = ORIENTED_EDGE('',*,*,#1240,.F.);
#1292 = ORIENTED_EDGE('',*,*,#1286,.F.);
#1293 = CYLINDRICAL_SURFACE('',#1294,0.4);
#1294 = AXIS2_PLACEMENT_3D('',#1295,#1296,#1297);
#1295 = CARTESIAN_POINT('',(0.8,8.548717289614E-16,1.85));
#1296 = DIRECTION('',(1.,0.,0.));
#1297 = DIRECTION('',(0.,-2.22044604925E-16,-1.));
#1298 = ADVANCED_FACE('',(#1299),#1318,.T.);
#1299 = FACE_BOUND('',#1300,.T.);
#1300 = EDGE_LOOP('',(#1301,#1302,#1310,#1317));
#1301 = ORIENTED_EDGE('',*,*,#1260,.T.);
#1302 = ORIENTED_EDGE('',*,*,#1303,.T.);
#1303 = EDGE_CURVE('',#1261,#1304,#1306,.T.);
#1304 = VERTEX_POINT('',#1305);
#1305 = CARTESIAN_POINT('',(9.36,7.660538869914E-16,1.45));
#1306 = LINE('',#1307,#1308);
#1307 = CARTESIAN_POINT('',(0.8,7.660538869914E-16,1.45));
#1308 = VECTOR('',#1309,1.);
#1309 = DIRECTION('',(1.,0.,0.));
#1310 = ORIENTED_EDGE('',*,*,#1311,.F.);
#1311 = EDGE_CURVE('',#1304,#1304,#1312,.T.);
#1312 = CIRCLE('',#1313,0.4);
#1313 = AXIS2_PLACEMENT_3D('',#1314,#1315,#1316);
#1314 = CARTESIAN_POINT('',(9.36,8.548717289614E-16,1.85));
#1315 = DIRECTION('',(1.,0.,0.));
#1316 = DIRECTION('',(0.,-2.22044604925E-16,-1.));
#1317 = ORIENTED_EDGE('',*,*,#1303,.F.);
#1318 = CYLINDRICAL_SURFACE('',#1319,0.4);
#1319 = AXIS2_PLACEMENT_3D('',#1320,#1321,#1322);
#1320 = CARTESIAN_POINT('',(0.8,8.548717289614E-16,1.85));
#1321 = DIRECTION('',(1.,0.,0.));
#1322 = DIRECTION('',(0.,-2.22044604925E-16,-1.));
#1323 = ADVANCED_FACE('',(#1324),#1344,.T.);
#1324 = FACE_BOUND('',#1325,.T.);
#1325 = EDGE_LOOP('',(#1326,#1335,#1336,#1337));
#1326 = ORIENTED_EDGE('',*,*,#1327,.T.);
#1327 = EDGE_CURVE('',#1328,#1278,#1330,.T.);
#1328 = VERTEX_POINT('',#1329);
#1329 = CARTESIAN_POINT('',(0.4,6.772360450213E-16,1.05));
#1330 = CIRCLE('',#1331,0.4);
#1331 = AXIS2_PLACEMENT_3D('',#1332,#1333,#1334);
#1332 = CARTESIAN_POINT('',(0.8,8.24193660919E-16,1.05));
#1333 = DIRECTION('',(0.,1.,-2.22044604925E-16));
#1334 = DIRECTION('',(1.,0.,0.));
#1335 = ORIENTED_EDGE('',*,*,#1277,.T.);
#1336 = ORIENTED_EDGE('',*,*,#1327,.F.);
#1337 = ORIENTED_EDGE('',*,*,#1338,.T.);
#1338 = EDGE_CURVE('',#1328,#1328,#1339,.T.);
#1339 = CIRCLE('',#1340,0.4);
#1340 = AXIS2_PLACEMENT_3D('',#1341,#1342,#1343);
#1341 = CARTESIAN_POINT('',(0.,6.772360450213E-16,1.05));
#1342 = DIRECTION('',(-0.,2.22044604925E-16,1.));
#1343 = DIRECTION('',(1.,0.,0.));
#1344 = TOROIDAL_SURFACE('',#1345,0.8,0.4);
#1345 = AXIS2_PLACEMENT_3D('',#1346,#1347,#1348);
#1346 = CARTESIAN_POINT('',(0.8,6.772360450213E-16,1.05));
#1347 = DIRECTION('',(0.,1.,-2.22044604925E-16));
#1348 = DIRECTION('',(1.,0.,0.));
#1349 = ADVANCED_FACE('',(#1350),#1370,.T.);
#1350 = FACE_BOUND('',#1351,.T.);
#1351 = EDGE_LOOP('',(#1352,#1361,#1368,#1369));
#1352 = ORIENTED_EDGE('',*,*,#1353,.T.);
#1353 = EDGE_CURVE('',#1304,#1354,#1356,.T.);
#1354 = VERTEX_POINT('',#1355);
#1355 = CARTESIAN_POINT('',(9.76,6.772360450213E-16,1.05));
#1356 = CIRCLE('',#1357,0.4);
#1357 = AXIS2_PLACEMENT_3D('',#1358,#1359,#1360);
#1358 = CARTESIAN_POINT('',(9.36,8.24193660919E-16,1.05));
#1359 = DIRECTION('',(0.,1.,-2.22044604925E-16));
#1360 = DIRECTION('',(1.,0.,0.));
#1361 = ORIENTED_EDGE('',*,*,#1362,.T.);
#1362 = EDGE_CURVE('',#1354,#1354,#1363,.T.);
#1363 = CIRCLE('',#1364,0.4);
#1364 = AXIS2_PLACEMENT_3D('',#1365,#1366,#1367);
#1365 = CARTESIAN_POINT('',(10.16,6.772360450213E-16,1.05));
#1366 = DIRECTION('',(-2.449293598295E-16,2.22044604925E-16,1.));
#1367 = DIRECTION('',(1.,5.438524293788E-32,2.449293598295E-16));
#1368 = ORIENTED_EDGE('',*,*,#1353,.F.);
#1369 = ORIENTED_EDGE('',*,*,#1311,.T.);
#1370 = TOROIDAL_SURFACE('',#1371,0.8,0.4);
#1371 = AXIS2_PLACEMENT_3D('',#1372,#1373,#1374);
#1372 = CARTESIAN_POINT('',(9.36,6.772360450213E-16,1.05));
#1373 = DIRECTION('',(0.,1.,-2.22044604925E-16));
#1374 = DIRECTION('',(1.,0.,0.));
#1375 = ADVANCED_FACE('',(#1376),#1395,.T.);
#1376 = FACE_BOUND('',#1377,.T.);
#1377 = EDGE_LOOP('',(#1378,#1386,#1387,#1388));
#1378 = ORIENTED_EDGE('',*,*,#1379,.T.);
#1379 = EDGE_CURVE('',#1380,#1328,#1382,.T.);
#1380 = VERTEX_POINT('',#1381);
#1381 = CARTESIAN_POINT('',(0.4,-2.089940463943E-16,-2.5));
#1382 = LINE('',#1383,#1384);
#1383 = CARTESIAN_POINT('',(0.4,6.772360450213E-16,1.05));
#1384 = VECTOR('',#1385,1.);
#1385 = DIRECTION('',(0.,2.22044604925E-16,1.));
#1386 = ORIENTED_EDGE('',*,*,#1338,.F.);
#1387 = ORIENTED_EDGE('',*,*,#1379,.F.);
#1388 = ORIENTED_EDGE('',*,*,#1389,.T.);
#1389 = EDGE_CURVE('',#1380,#1380,#1390,.T.);
#1390 = CIRCLE('',#1391,0.4);
#1391 = AXIS2_PLACEMENT_3D('',#1392,#1393,#1394);
#1392 = CARTESIAN_POINT('',(0.,-1.110223024625E-16,-2.5));
#1393 = DIRECTION('',(-0.,2.22044604925E-16,1.));
#1394 = DIRECTION('',(1.,0.,0.));
#1395 = CYLINDRICAL_SURFACE('',#1396,0.4);
#1396 = AXIS2_PLACEMENT_3D('',#1397,#1398,#1399);
#1397 = CARTESIAN_POINT('',(0.,6.772360450213E-16,1.05));
#1398 = DIRECTION('',(0.,2.22044604925E-16,1.));
#1399 = DIRECTION('',(1.,0.,-0.));
#1400 = ADVANCED_FACE('',(#1401),#1420,.T.);
#1401 = FACE_BOUND('',#1402,.T.);
#1402 = EDGE_LOOP('',(#1403,#1411,#1418,#1419));
#1403 = ORIENTED_EDGE('',*,*,#1404,.T.);
#1404 = EDGE_CURVE('',#1354,#1405,#1407,.T.);
#1405 = VERTEX_POINT('',#1406);
#1406 = CARTESIAN_POINT('',(9.76,-2.089940463943E-16,-2.5));
#1407 = LINE('',#1408,#1409);
#1408 = CARTESIAN_POINT('',(9.76,6.772360450213E-16,1.05));
#1409 = VECTOR('',#1410,1.);
#1410 = DIRECTION('',(0.,-2.22044604925E-16,-1.));
#1411 = ORIENTED_EDGE('',*,*,#1412,.F.);
#1412 = EDGE_CURVE('',#1405,#1405,#1413,.T.);
#1413 = CIRCLE('',#1414,0.4);
#1414 = AXIS2_PLACEMENT_3D('',#1415,#1416,#1417);
#1415 = CARTESIAN_POINT('',(10.16,-1.110223024625E-16,-2.5));
#1416 = DIRECTION('',(-0.,-2.22044604925E-16,-1.));
#1417 = DIRECTION('',(-1.,0.,0.));
#1418 = ORIENTED_EDGE('',*,*,#1404,.F.);
#1419 = ORIENTED_EDGE('',*,*,#1362,.F.);
#1420 = CYLINDRICAL_SURFACE('',#1421,0.4);
#1421 = AXIS2_PLACEMENT_3D('',#1422,#1423,#1424);
#1422 = CARTESIAN_POINT('',(10.16,6.772360450213E-16,1.05));
#1423 = DIRECTION('',(0.,-2.22044604925E-16,-1.));
#1424 = DIRECTION('',(-1.,-0.,0.));
#1425 = ADVANCED_FACE('',(#1426),#1429,.T.);
#1426 = FACE_BOUND('',#1427,.F.);
#1427 = EDGE_LOOP('',(#1428));
#1428 = ORIENTED_EDGE('',*,*,#1389,.T.);
#1429 = PLANE('',#1430);
#1430 = AXIS2_PLACEMENT_3D('',#1431,#1432,#1433);
#1431 = CARTESIAN_POINT('',(0.4,-1.110223024625E-16,-2.5));
#1432 = DIRECTION('',(0.,0.,-1.));
#1433 = DIRECTION('',(-1.,0.,0.));
#1434 = ADVANCED_FACE('',(#1435),#1438,.F.);
#1435 = FACE_BOUND('',#1436,.T.);
#1436 = EDGE_LOOP('',(#1437));
#1437 = ORIENTED_EDGE('',*,*,#1412,.T.);
#1438 = PLANE('',#1439);
#1439 = AXIS2_PLACEMENT_3D('',#1440,#1441,#1442);
#1440 = CARTESIAN_POINT('',(9.76,-1.110223024625E-16,-2.5));
#1441 = DIRECTION('',(0.,0.,1.));
#1442 = DIRECTION('',(1.,0.,-0.));
#1443 = ( GEOMETRIC_REPRESENTATION_CONTEXT(3) 
GLOBAL_UNCERTAINTY_ASSIGNED_CONTEXT((#1447)) 
GLOBAL_UNIT_ASSIGNED_CONTEXT((#1444,#1445,#1446)) REPRESENTATION_CONTEXT
('Context #1','3D Context with UNIT and UNCERTAINTY') );
#1444 = ( LENGTH_UNIT() NAMED_UNIT(*) SI_UNIT(.MILLI.,.METRE.) );
#1445 = ( NAMED_UNIT(*) PLANE_ANGLE_UNIT() SI_UNIT($,.RADIAN.) );
#1446 = ( NAMED_UNIT(*) SI_UNIT($,.STERADIAN.) SOLID_ANGLE_UNIT() );
#1447 = UNCERTAINTY_MEASURE_WITH_UNIT(LENGTH_MEASURE(1.E-07),#1444,
  'distance_accuracy_value','confusion accuracy');
#1448 = CONTEXT_DEPENDENT_SHAPE_REPRESENTATION(#1449,#1451);
#1449 = ( REPRESENTATION_RELATIONSHIP('','',#1107,#1084) 
REPRESENTATION_RELATIONSHIP_WITH_TRANSFORMATION(#1450) 
SHAPE_REPRESENTATION_RELATIONSHIP() );
#1450 = ITEM_DEFINED_TRANSFORMATION('','',#11,#1085);
#1451 = PRODUCT_DEFINITION_SHAPE('Placement','Placement of an item',
  #1452);
#1452 = NEXT_ASSEMBLY_USAGE_OCCURRENCE('5','=>[0:1:1:7]','',#1079,#1102,
  $);
#1453 = PRODUCT_RELATED_PRODUCT_CATEGORY('part',$,(#1104));
#1454 = CONTEXT_DEPENDENT_SHAPE_REPRESENTATION(#1455,#1457);
#1455 = ( REPRESENTATION_RELATIONSHIP('','',#188,#10) 
REPRESENTATION_RELATIONSHIP_WITH_TRANSFORMATION(#1456) 
SHAPE_REPRESENTATION_RELATIONSHIP() );
#1456 = ITEM_DEFINED_TRANSFORMATION('','',#11,#27);
#1457 = PRODUCT_DEFINITION_SHAPE('Placement','Placement of an item',
  #1458);
#1458 = NEXT_ASSEMBLY_USAGE_OCCURRENCE('7','R_sig_bot2','',#5,#183,$);
#1459 = SHAPE_DEFINITION_REPRESENTATION(#1460,#1466);
#1460 = PRODUCT_DEFINITION_SHAPE('','',#1461);
#1461 = PRODUCT_DEFINITION('design','',#1462,#1465);
#1462 = PRODUCT_DEFINITION_FORMATION('','',#1463);
#1463 = PRODUCT('R_Axial_Ohmite_45F_5W','R_Axial_Ohmite_45F_5W','',(
    #1464));
#1464 = PRODUCT_CONTEXT('',#2,'mechanical');
#1465 = PRODUCT_DEFINITION_CONTEXT('part definition',#2,'design');
#1466 = SHAPE_REPRESENTATION('',(#11,#1467),#1471);
#1467 = AXIS2_PLACEMENT_3D('',#1468,#1469,#1470);
#1468 = CARTESIAN_POINT('',(0.,0.,0.));
#1469 = DIRECTION('',(0.,0.,1.));
#1470 = DIRECTION('',(1.,0.,-0.));
#1471 = ( GEOMETRIC_REPRESENTATION_CONTEXT(3) 
GLOBAL_UNCERTAINTY_ASSIGNED_CONTEXT((#1475)) 
GLOBAL_UNIT_ASSIGNED_CONTEXT((#1472,#1473,#1474)) REPRESENTATION_CONTEXT
('Context #1','3D Context with UNIT and UNCERTAINTY') );
#1472 = ( LENGTH_UNIT() NAMED_UNIT(*) SI_UNIT(.MILLI.,.METRE.) );
#1473 = ( NAMED_UNIT(*) PLANE_ANGLE_UNIT() SI_UNIT($,.RADIAN.) );
#1474 = ( NAMED_UNIT(*) SI_UNIT($,.STERADIAN.) SOLID_ANGLE_UNIT() );
#1475 = UNCERTAINTY_MEASURE_WITH_UNIT(LENGTH_MEASURE(1.E-07),#1472,
  'distance_accuracy_value','confusion accuracy');
#1476 = CONTEXT_DEPENDENT_SHAPE_REPRESENTATION(#1477,#1479);
#1477 = ( REPRESENTATION_RELATIONSHIP('','',#1466,#10) 
REPRESENTATION_RELATIONSHIP_WITH_TRANSFORMATION(#1478) 
SHAPE_REPRESENTATION_RELATIONSHIP() );
#1478 = ITEM_DEFINED_TRANSFORMATION('','',#11,#31);
#1479 = PRODUCT_DEFINITION_SHAPE('Placement','Placement of an item',
  #1480);
#1480 = NEXT_ASSEMBLY_USAGE_OCCURRENCE('11','R_slow2','',#5,#1461,$);
#1481 = PRODUCT_RELATED_PRODUCT_CATEGORY('part',$,(#1463));
#1482 = SHAPE_DEFINITION_REPRESENTATION(#1483,#1489);
#1483 = PRODUCT_DEFINITION_SHAPE('','',#1484);
#1484 = PRODUCT_DEFINITION('design','',#1485,#1488);
#1485 = PRODUCT_DEFINITION_FORMATION('','',#1486);
#1486 = PRODUCT('R_Axial_Ohmite_45F_5W','R_Axial_Ohmite_45F_5W','',(
    #1487));
#1487 = PRODUCT_CONTEXT('',#2,'mechanical');
#1488 = PRODUCT_DEFINITION_CONTEXT('part definition',#2,'design');
#1489 = SHAPE_REPRESENTATION('',(#11,#1490,#1494),#1498);
#1490 = AXIS2_PLACEMENT_3D('',#1491,#1492,#1493);
#1491 = CARTESIAN_POINT('',(0.,0.,0.));
#1492 = DIRECTION('',(0.,0.,1.));
#1493 = DIRECTION('',(1.,0.,0.));
#1494 = AXIS2_PLACEMENT_3D('',#1495,#1496,#1497);
#1495 = CARTESIAN_POINT('',(0.,0.,0.));
#1496 = DIRECTION('',(0.,0.,1.));
#1497 = DIRECTION('',(1.,0.,0.));
#1498 = ( GEOMETRIC_REPRESENTATION_CONTEXT(3) 
GLOBAL_UNCERTAINTY_ASSIGNED_CONTEXT((#1502)) 
GLOBAL_UNIT_ASSIGNED_CONTEXT((#1499,#1500,#1501)) REPRESENTATION_CONTEXT
('Context #1','3D Context with UNIT and UNCERTAINTY') );
#1499 = ( LENGTH_UNIT() NAMED_UNIT(*) SI_UNIT(.MILLI.,.METRE.) );
#1500 = ( NAMED_UNIT(*) PLANE_ANGLE_UNIT() SI_UNIT($,.RADIAN.) );
#1501 = ( NAMED_UNIT(*) SI_UNIT($,.STERADIAN.) SOLID_ANGLE_UNIT() );
#1502 = UNCERTAINTY_MEASURE_WITH_UNIT(LENGTH_MEASURE(1.E-07),#1499,
  'distance_accuracy_value','confusion accuracy');
#1503 = CONTEXT_DEPENDENT_SHAPE_REPRESENTATION(#1504,#1506);
#1504 = ( REPRESENTATION_RELATIONSHIP('','',#1489,#1466) 
REPRESENTATION_RELATIONSHIP_WITH_TRANSFORMATION(#1505) 
SHAPE_REPRESENTATION_RELATIONSHIP() );
#1505 = ITEM_DEFINED_TRANSFORMATION('','',#11,#1467);
#1506 = PRODUCT_DEFINITION_SHAPE('Placement','Placement of an item',
  #1507);
#1507 = NEXT_ASSEMBLY_USAGE_OCCURRENCE('10','=>[0:1:1:9]','',#1461,#1484
  ,$);
#1508 = PRODUCT_RELATED_PRODUCT_CATEGORY('part',$,(#1486));
#1509 = SHAPE_DEFINITION_REPRESENTATION(#1510,#1516);
#1510 = PRODUCT_DEFINITION_SHAPE('','',#1511);
#1511 = PRODUCT_DEFINITION('design','',#1512,#1515);
#1512 = PRODUCT_DEFINITION_FORMATION('','',#1513);
#1513 = PRODUCT('p0','p0','',(#1514));
#1514 = PRODUCT_CONTEXT('',#2,'mechanical');
#1515 = PRODUCT_DEFINITION_CONTEXT('part definition',#2,'design');
#1516 = ADVANCED_BREP_SHAPE_REPRESENTATION('',(#11,#1517),#1570);
#1517 = MANIFOLD_SOLID_BREP('',#1518);
#1518 = CLOSED_SHELL('',(#1519,#1552,#1561));
#1519 = ADVANCED_FACE('',(#1520),#1547,.T.);
#1520 = FACE_BOUND('',#1521,.T.);
#1521 = EDGE_LOOP('',(#1522,#1531,#1539,#1546));
#1522 = ORIENTED_EDGE('',*,*,#1523,.T.);
#1523 = EDGE_CURVE('',#1524,#1524,#1526,.T.);
#1524 = VERTEX_POINT('',#1525);
#1525 = CARTESIAN_POINT('',(3.34,4.35,7.35));
#1526 = CIRCLE('',#1527,4.35);
#1527 = AXIS2_PLACEMENT_3D('',#1528,#1529,#1530);
#1528 = CARTESIAN_POINT('',(3.34,0.,7.35));
#1529 = DIRECTION('',(1.,0.,0.));
#1530 = DIRECTION('',(-0.,1.,0.));
#1531 = ORIENTED_EDGE('',*,*,#1532,.T.);
#1532 = EDGE_CURVE('',#1524,#1533,#1535,.T.);
#1533 = VERTEX_POINT('',#1534);
#1534 = CARTESIAN_POINT('',(27.14,4.35,7.35));
#1535 = LINE('',#1536,#1537);
#1536 = CARTESIAN_POINT('',(3.34,4.35,7.35));
#1537 = VECTOR('',#1538,1.);
#1538 = DIRECTION('',(1.,0.,0.));
#1539 = ORIENTED_EDGE('',*,*,#1540,.F.);
#1540 = EDGE_CURVE('',#1533,#1533,#1541,.T.);
#1541 = CIRCLE('',#1542,4.35);
#1542 = AXIS2_PLACEMENT_3D('',#1543,#1544,#1545);
#1543 = CARTESIAN_POINT('',(27.14,0.,7.35));
#1544 = DIRECTION('',(1.,0.,0.));
#1545 = DIRECTION('',(-0.,1.,0.));
#1546 = ORIENTED_EDGE('',*,*,#1532,.F.);
#1547 = CYLINDRICAL_SURFACE('',#1548,4.35);
#1548 = AXIS2_PLACEMENT_3D('',#1549,#1550,#1551);
#1549 = CARTESIAN_POINT('',(3.34,0.,7.35));
#1550 = DIRECTION('',(-1.,-0.,-0.));
#1551 = DIRECTION('',(0.,1.,0.));
#1552 = ADVANCED_FACE('',(#1553),#1556,.F.);
#1553 = FACE_BOUND('',#1554,.F.);
#1554 = EDGE_LOOP('',(#1555));
#1555 = ORIENTED_EDGE('',*,*,#1523,.T.);
#1556 = PLANE('',#1557);
#1557 = AXIS2_PLACEMENT_3D('',#1558,#1559,#1560);
#1558 = CARTESIAN_POINT('',(3.34,-4.71531080186E-16,7.35));
#1559 = DIRECTION('',(1.,0.,0.));
#1560 = DIRECTION('',(-0.,0.,1.));
#1561 = ADVANCED_FACE('',(#1562),#1565,.T.);
#1562 = FACE_BOUND('',#1563,.T.);
#1563 = EDGE_LOOP('',(#1564));
#1564 = ORIENTED_EDGE('',*,*,#1540,.T.);
#1565 = PLANE('',#1566);
#1566 = AXIS2_PLACEMENT_3D('',#1567,#1568,#1569);
#1567 = CARTESIAN_POINT('',(27.14,-4.71531080186E-16,7.35));
#1568 = DIRECTION('',(1.,0.,0.));
#1569 = DIRECTION('',(-0.,0.,1.));
#1570 = ( GEOMETRIC_REPRESENTATION_CONTEXT(3) 
GLOBAL_UNCERTAINTY_ASSIGNED_CONTEXT((#1574)) 
GLOBAL_UNIT_ASSIGNED_CONTEXT((#1571,#1572,#1573)) REPRESENTATION_CONTEXT
('Context #1','3D Context with UNIT and UNCERTAINTY') );
#1571 = ( LENGTH_UNIT() NAMED_UNIT(*) SI_UNIT(.MILLI.,.METRE.) );
#1572 = ( NAMED_UNIT(*) PLANE_ANGLE_UNIT() SI_UNIT($,.RADIAN.) );
#1573 = ( NAMED_UNIT(*) SI_UNIT($,.STERADIAN.) SOLID_ANGLE_UNIT() );
#1574 = UNCERTAINTY_MEASURE_WITH_UNIT(LENGTH_MEASURE(1.E-07),#1571,
  'distance_accuracy_value','confusion accuracy');
#1575 = CONTEXT_DEPENDENT_SHAPE_REPRESENTATION(#1576,#1578);
#1576 = ( REPRESENTATION_RELATIONSHIP('','',#1516,#1489) 
REPRESENTATION_RELATIONSHIP_WITH_TRANSFORMATION(#1577) 
SHAPE_REPRESENTATION_RELATIONSHIP() );
#1577 = ITEM_DEFINED_TRANSFORMATION('','',#11,#1490);
#1578 = PRODUCT_DEFINITION_SHAPE('Placement','Placement of an item',
  #1579);
#1579 = NEXT_ASSEMBLY_USAGE_OCCURRENCE('8','p0','',#1484,#1511,$);
#1580 = PRODUCT_RELATED_PRODUCT_CATEGORY('part',$,(#1513));
#1581 = SHAPE_DEFINITION_REPRESENTATION(#1582,#1588);
#1582 = PRODUCT_DEFINITION_SHAPE('','',#1583);
#1583 = PRODUCT_DEFINITION('design','',#1584,#1587);
#1584 = PRODUCT_DEFINITION_FORMATION('','',#1585);
#1585 = PRODUCT('p1','p1','',(#1586));
#1586 = PRODUCT_CONTEXT('',#2,'mechanical');
#1587 = PRODUCT_DEFINITION_CONTEXT('part definition',#2,'design');
#1588 = SHAPE_REPRESENTATION('',(#11,#1589,#1728),#1857);
#1589 = MANIFOLD_SOLID_BREP('',#1590);
#1590 = CLOSED_SHELL('',(#1591,#1642,#1651,#1693,#1708,#1717));
#1591 = ADVANCED_FACE('',(#1592),#1637,.T.);
#1592 = FACE_BOUND('',#1593,.T.);
#1593 = EDGE_LOOP('',(#1594,#1604,#1613,#1622,#1629,#1630));
#1594 = ORIENTED_EDGE('',*,*,#1595,.T.);
#1595 = EDGE_CURVE('',#1596,#1598,#1600,.T.);
#1596 = VERTEX_POINT('',#1597);
#1597 = CARTESIAN_POINT('',(27.14,0.51,7.35));
#1598 = VERTEX_POINT('',#1599);
#1599 = CARTESIAN_POINT('',(30.48,0.51,7.35));
#1600 = LINE('',#1601,#1602);
#1601 = CARTESIAN_POINT('',(27.14,0.51,7.35));
#1602 = VECTOR('',#1603,1.);
#1603 = DIRECTION('',(1.,0.,0.));
#1604 = ORIENTED_EDGE('',*,*,#1605,.T.);
#1605 = EDGE_CURVE('',#1598,#1606,#1608,.T.);
#1606 = VERTEX_POINT('',#1607);
#1607 = CARTESIAN_POINT('',(29.97,1.24913973513E-16,6.84));
#1608 = ELLIPSE('',#1609,0.72124891681,0.51);
#1609 = AXIS2_PLACEMENT_3D('',#1610,#1611,#1612);
#1610 = CARTESIAN_POINT('',(30.48,0.,7.35));
#1611 = DIRECTION('',(-0.707106781187,0.,0.707106781187));
#1612 = DIRECTION('',(-0.707106781187,0.,-0.707106781187));
#1613 = ORIENTED_EDGE('',*,*,#1614,.T.);
#1614 = EDGE_CURVE('',#1606,#1615,#1617,.T.);
#1615 = VERTEX_POINT('',#1616);
#1616 = CARTESIAN_POINT('',(30.48,-0.51,7.35));
#1617 = ELLIPSE('',#1618,0.72124891681,0.51);
#1618 = AXIS2_PLACEMENT_3D('',#1619,#1620,#1621);
#1619 = CARTESIAN_POINT('',(30.48,0.,7.35));
#1620 = DIRECTION('',(-0.707106781187,0.,0.707106781187));
#1621 = DIRECTION('',(-0.707106781187,0.,-0.707106781187));
#1622 = ORIENTED_EDGE('',*,*,#1623,.F.);
#1623 = EDGE_CURVE('',#1598,#1615,#1624,.T.);
#1624 = CIRCLE('',#1625,0.51);
#1625 = AXIS2_PLACEMENT_3D('',#1626,#1627,#1628);
#1626 = CARTESIAN_POINT('',(30.48,0.,7.35));
#1627 = DIRECTION('',(1.,0.,0.));
#1628 = DIRECTION('',(-0.,1.,0.));
#1629 = ORIENTED_EDGE('',*,*,#1595,.F.);
#1630 = ORIENTED_EDGE('',*,*,#1631,.T.);
#1631 = EDGE_CURVE('',#1596,#1596,#1632,.T.);
#1632 = CIRCLE('',#1633,0.51);
#1633 = AXIS2_PLACEMENT_3D('',#1634,#1635,#1636);
#1634 = CARTESIAN_POINT('',(27.14,0.,7.35));
#1635 = DIRECTION('',(1.,0.,0.));
#1636 = DIRECTION('',(-0.,1.,0.));
#1637 = CYLINDRICAL_SURFACE('',#1638,0.51);
#1638 = AXIS2_PLACEMENT_3D('',#1639,#1640,#1641);
#1639 = CARTESIAN_POINT('',(27.14,0.,7.35));
#1640 = DIRECTION('',(-1.,-0.,-0.));
#1641 = DIRECTION('',(0.,1.,0.));
#1642 = ADVANCED_FACE('',(#1643),#1646,.F.);
#1643 = FACE_BOUND('',#1644,.F.);
#1644 = EDGE_LOOP('',(#1645));
#1645 = ORIENTED_EDGE('',*,*,#1631,.T.);
#1646 = PLANE('',#1647);
#1647 = AXIS2_PLACEMENT_3D('',#1648,#1649,#1650);
#1648 = CARTESIAN_POINT('',(27.14,-1.047365297595E-17,7.35));
#1649 = DIRECTION('',(1.,0.,0.));
#1650 = DIRECTION('',(-0.,0.,1.));
#1651 = ADVANCED_FACE('',(#1652),#1688,.T.);
#1652 = FACE_BOUND('',#1653,.T.);
#1653 = EDGE_LOOP('',(#1654,#1664,#1671,#1672,#1673,#1680,#1681));
#1654 = ORIENTED_EDGE('',*,*,#1655,.T.);
#1655 = EDGE_CURVE('',#1656,#1658,#1660,.T.);
#1656 = VERTEX_POINT('',#1657);
#1657 = CARTESIAN_POINT('',(30.99,0.,-3.));
#1658 = VERTEX_POINT('',#1659);
#1659 = CARTESIAN_POINT('',(30.99,0.,7.35));
#1660 = LINE('',#1661,#1662);
#1661 = CARTESIAN_POINT('',(30.99,0.,-3.));
#1662 = VECTOR('',#1663,1.);
#1663 = DIRECTION('',(0.,0.,1.));
#1664 = ORIENTED_EDGE('',*,*,#1665,.F.);
#1665 = EDGE_CURVE('',#1615,#1658,#1666,.T.);
#1666 = CIRCLE('',#1667,0.51);
#1667 = AXIS2_PLACEMENT_3D('',#1668,#1669,#1670);
#1668 = CARTESIAN_POINT('',(30.48,0.,7.35));
#1669 = DIRECTION('',(0.,0.,1.));
#1670 = DIRECTION('',(1.,0.,-0.));
#1671 = ORIENTED_EDGE('',*,*,#1614,.F.);
#1672 = ORIENTED_EDGE('',*,*,#1605,.F.);
#1673 = ORIENTED_EDGE('',*,*,#1674,.F.);
#1674 = EDGE_CURVE('',#1658,#1598,#1675,.T.);
#1675 = CIRCLE('',#1676,0.51);
#1676 = AXIS2_PLACEMENT_3D('',#1677,#1678,#1679);
#1677 = CARTESIAN_POINT('',(30.48,0.,7.35));
#1678 = DIRECTION('',(0.,0.,1.));
#1679 = DIRECTION('',(1.,0.,-0.));
#1680 = ORIENTED_EDGE('',*,*,#1655,.F.);
#1681 = ORIENTED_EDGE('',*,*,#1682,.T.);
#1682 = EDGE_CURVE('',#1656,#1656,#1683,.T.);
#1683 = CIRCLE('',#1684,0.51);
#1684 = AXIS2_PLACEMENT_3D('',#1685,#1686,#1687);
#1685 = CARTESIAN_POINT('',(30.48,0.,-3.));
#1686 = DIRECTION('',(0.,0.,1.));
#1687 = DIRECTION('',(1.,0.,-0.));
#1688 = CYLINDRICAL_SURFACE('',#1689,0.51);
#1689 = AXIS2_PLACEMENT_3D('',#1690,#1691,#1692);
#1690 = CARTESIAN_POINT('',(30.48,0.,-3.));
#1691 = DIRECTION('',(-0.,-0.,-1.));
#1692 = DIRECTION('',(1.,0.,0.));
#1693 = ADVANCED_FACE('',(#1694),#1703,.T.);
#1694 = FACE_BOUND('',#1695,.T.);
#1695 = EDGE_LOOP('',(#1696,#1702));
#1696 = ORIENTED_EDGE('',*,*,#1697,.F.);
#1697 = EDGE_CURVE('',#1598,#1615,#1698,.T.);
#1698 = LINE('',#1699,#1700);
#1699 = CARTESIAN_POINT('',(30.48,5.300981671165E-18,7.35));
#1700 = VECTOR('',#1701,1.);
#1701 = DIRECTION('',(0.,-1.,0.));
#1702 = ORIENTED_EDGE('',*,*,#1623,.T.);
#1703 = PLANE('',#1704);
#1704 = AXIS2_PLACEMENT_3D('',#1705,#1706,#1707);
#1705 = CARTESIAN_POINT('',(30.48,-1.047365297595E-17,7.35));
#1706 = DIRECTION('',(1.,0.,0.));
#1707 = DIRECTION('',(-0.,0.,1.));
#1708 = ADVANCED_FACE('',(#1709),#1712,.F.);
#1709 = FACE_BOUND('',#1710,.F.);
#1710 = EDGE_LOOP('',(#1711));
#1711 = ORIENTED_EDGE('',*,*,#1682,.T.);
#1712 = PLANE('',#1713);
#1713 = AXIS2_PLACEMENT_3D('',#1714,#1715,#1716);
#1714 = CARTESIAN_POINT('',(30.48,2.107561631828E-17,-3.));
#1715 = DIRECTION('',(0.,0.,1.));
#1716 = DIRECTION('',(1.,0.,-0.));
#1717 = ADVANCED_FACE('',(#1718),#1723,.T.);
#1718 = FACE_BOUND('',#1719,.T.);
#1719 = EDGE_LOOP('',(#1720,#1721,#1722));
#1720 = ORIENTED_EDGE('',*,*,#1665,.T.);
#1721 = ORIENTED_EDGE('',*,*,#1674,.T.);
#1722 = ORIENTED_EDGE('',*,*,#1697,.T.);
#1723 = PLANE('',#1724);
#1724 = AXIS2_PLACEMENT_3D('',#1725,#1726,#1727);
#1725 = CARTESIAN_POINT('',(30.48,2.107561631828E-17,7.35));
#1726 = DIRECTION('',(0.,0.,1.));
#1727 = DIRECTION('',(1.,0.,-0.));
#1728 = MANIFOLD_SOLID_BREP('',#1729);
#1729 = CLOSED_SHELL('',(#1730,#1781,#1796,#1829,#1838,#1848));
#1730 = ADVANCED_FACE('',(#1731),#1776,.T.);
#1731 = FACE_BOUND('',#1732,.T.);
#1732 = EDGE_LOOP('',(#1733,#1744,#1753,#1761,#1768,#1769));
#1733 = ORIENTED_EDGE('',*,*,#1734,.F.);
#1734 = EDGE_CURVE('',#1735,#1737,#1739,.T.);
#1735 = VERTEX_POINT('',#1736);
#1736 = CARTESIAN_POINT('',(0.51,0.,6.84));
#1737 = VERTEX_POINT('',#1738);
#1738 = CARTESIAN_POINT('',(-4.684274006739E-17,-0.51,7.35));
#1739 = ELLIPSE('',#1740,0.72124891681,0.51);
#1740 = AXIS2_PLACEMENT_3D('',#1741,#1742,#1743);
#1741 = CARTESIAN_POINT('',(0.,0.,7.35));
#1742 = DIRECTION('',(-0.707106781187,0.,-0.707106781187));
#1743 = DIRECTION('',(-0.707106781187,0.,0.707106781187));
#1744 = ORIENTED_EDGE('',*,*,#1745,.F.);
#1745 = EDGE_CURVE('',#1746,#1735,#1748,.T.);
#1746 = VERTEX_POINT('',#1747);
#1747 = CARTESIAN_POINT('',(0.,0.51,7.35));
#1748 = ELLIPSE('',#1749,0.72124891681,0.51);
#1749 = AXIS2_PLACEMENT_3D('',#1750,#1751,#1752);
#1750 = CARTESIAN_POINT('',(0.,0.,7.35));
#1751 = DIRECTION('',(-0.707106781187,0.,-0.707106781187));
#1752 = DIRECTION('',(-0.707106781187,0.,0.707106781187));
#1753 = ORIENTED_EDGE('',*,*,#1754,.T.);
#1754 = EDGE_CURVE('',#1746,#1755,#1757,.T.);
#1755 = VERTEX_POINT('',#1756);
#1756 = CARTESIAN_POINT('',(3.34,0.51,7.35));
#1757 = LINE('',#1758,#1759);
#1758 = CARTESIAN_POINT('',(0.,0.51,7.35));
#1759 = VECTOR('',#1760,1.);
#1760 = DIRECTION('',(1.,0.,0.));
#1761 = ORIENTED_EDGE('',*,*,#1762,.F.);
#1762 = EDGE_CURVE('',#1755,#1755,#1763,.T.);
#1763 = CIRCLE('',#1764,0.51);
#1764 = AXIS2_PLACEMENT_3D('',#1765,#1766,#1767);
#1765 = CARTESIAN_POINT('',(3.34,0.,7.35));
#1766 = DIRECTION('',(1.,0.,0.));
#1767 = DIRECTION('',(-0.,1.,0.));
#1768 = ORIENTED_EDGE('',*,*,#1754,.F.);
#1769 = ORIENTED_EDGE('',*,*,#1770,.T.);
#1770 = EDGE_CURVE('',#1746,#1737,#1771,.T.);
#1771 = CIRCLE('',#1772,0.51);
#1772 = AXIS2_PLACEMENT_3D('',#1773,#1774,#1775);
#1773 = CARTESIAN_POINT('',(0.,0.,7.35));
#1774 = DIRECTION('',(1.,0.,0.));
#1775 = DIRECTION('',(-0.,1.,0.));
#1776 = CYLINDRICAL_SURFACE('',#1777,0.51);
#1777 = AXIS2_PLACEMENT_3D('',#1778,#1779,#1780);
#1778 = CARTESIAN_POINT('',(0.,0.,7.35));
#1779 = DIRECTION('',(-1.,-0.,-0.));
#1780 = DIRECTION('',(0.,1.,0.));
#1781 = ADVANCED_FACE('',(#1782),#1791,.F.);
#1782 = FACE_BOUND('',#1783,.F.);
#1783 = EDGE_LOOP('',(#1784,#1790));
#1784 = ORIENTED_EDGE('',*,*,#1785,.F.);
#1785 = EDGE_CURVE('',#1746,#1737,#1786,.T.);
#1786 = LINE('',#1787,#1788);
#1787 = CARTESIAN_POINT('',(0.,-5.17267130478E-18,7.35));
#1788 = VECTOR('',#1789,1.);
#1789 = DIRECTION('',(0.,-1.,0.));
#1790 = ORIENTED_EDGE('',*,*,#1770,.T.);
#1791 = PLANE('',#1792);
#1792 = AXIS2_PLACEMENT_3D('',#1793,#1794,#1795);
#1793 = CARTESIAN_POINT('',(0.,-1.047365297595E-17,7.35));
#1794 = DIRECTION('',(1.,0.,0.));
#1795 = DIRECTION('',(-0.,0.,1.));
#1796 = ADVANCED_FACE('',(#1797),#1824,.T.);
#1797 = FACE_BOUND('',#1798,.T.);
#1798 = EDGE_LOOP('',(#1799,#1807,#1808,#1815,#1816,#1817));
#1799 = ORIENTED_EDGE('',*,*,#1800,.T.);
#1800 = EDGE_CURVE('',#1801,#1735,#1803,.T.);
#1801 = VERTEX_POINT('',#1802);
#1802 = CARTESIAN_POINT('',(0.51,0.,-3.));
#1803 = LINE('',#1804,#1805);
#1804 = CARTESIAN_POINT('',(0.51,0.,-3.));
#1805 = VECTOR('',#1806,1.);
#1806 = DIRECTION('',(0.,0.,1.));
#1807 = ORIENTED_EDGE('',*,*,#1734,.T.);
#1808 = ORIENTED_EDGE('',*,*,#1809,.F.);
#1809 = EDGE_CURVE('',#1746,#1737,#1810,.T.);
#1810 = CIRCLE('',#1811,0.51);
#1811 = AXIS2_PLACEMENT_3D('',#1812,#1813,#1814);
#1812 = CARTESIAN_POINT('',(0.,0.,7.35));
#1813 = DIRECTION('',(0.,0.,1.));
#1814 = DIRECTION('',(1.,0.,-0.));
#1815 = ORIENTED_EDGE('',*,*,#1745,.T.);
#1816 = ORIENTED_EDGE('',*,*,#1800,.F.);
#1817 = ORIENTED_EDGE('',*,*,#1818,.T.);
#1818 = EDGE_CURVE('',#1801,#1801,#1819,.T.);
#1819 = CIRCLE('',#1820,0.51);
#1820 = AXIS2_PLACEMENT_3D('',#1821,#1822,#1823);
#1821 = CARTESIAN_POINT('',(0.,0.,-3.));
#1822 = DIRECTION('',(0.,0.,1.));
#1823 = DIRECTION('',(1.,0.,-0.));
#1824 = CYLINDRICAL_SURFACE('',#1825,0.51);
#1825 = AXIS2_PLACEMENT_3D('',#1826,#1827,#1828);
#1826 = CARTESIAN_POINT('',(0.,0.,-3.));
#1827 = DIRECTION('',(-0.,-0.,-1.));
#1828 = DIRECTION('',(1.,0.,0.));
#1829 = ADVANCED_FACE('',(#1830),#1833,.T.);
#1830 = FACE_BOUND('',#1831,.T.);
#1831 = EDGE_LOOP('',(#1832));
#1832 = ORIENTED_EDGE('',*,*,#1762,.T.);
#1833 = PLANE('',#1834);
#1834 = AXIS2_PLACEMENT_3D('',#1835,#1836,#1837);
#1835 = CARTESIAN_POINT('',(3.34,-1.047365297595E-17,7.35));
#1836 = DIRECTION('',(1.,0.,0.));
#1837 = DIRECTION('',(-0.,0.,1.));
#1838 = ADVANCED_FACE('',(#1839),#1843,.T.);
#1839 = FACE_BOUND('',#1840,.T.);
#1840 = EDGE_LOOP('',(#1841,#1842));
#1841 = ORIENTED_EDGE('',*,*,#1785,.F.);
#1842 = ORIENTED_EDGE('',*,*,#1809,.T.);
#1843 = PLANE('',#1844);
#1844 = AXIS2_PLACEMENT_3D('',#1845,#1846,#1847);
#1845 = CARTESIAN_POINT('',(-2.094730595189E-17,1.283103663857E-19,7.35)
  );
#1846 = DIRECTION('',(0.,0.,1.));
#1847 = DIRECTION('',(1.,0.,-0.));
#1848 = ADVANCED_FACE('',(#1849),#1852,.F.);
#1849 = FACE_BOUND('',#1850,.F.);
#1850 = EDGE_LOOP('',(#1851));
#1851 = ORIENTED_EDGE('',*,*,#1818,.T.);
#1852 = PLANE('',#1853);
#1853 = AXIS2_PLACEMENT_3D('',#1854,#1855,#1856);
#1854 = CARTESIAN_POINT('',(-2.094730595189E-17,1.283103663857E-19,-3.)
  );
#1855 = DIRECTION('',(0.,0.,1.));
#1856 = DIRECTION('',(1.,0.,-0.));
#1857 = ( GEOMETRIC_REPRESENTATION_CONTEXT(3) 
GLOBAL_UNCERTAINTY_ASSIGNED_CONTEXT((#1861)) 
GLOBAL_UNIT_ASSIGNED_CONTEXT((#1858,#1859,#1860)) REPRESENTATION_CONTEXT
('Context #1','3D Context with UNIT and UNCERTAINTY') );
#1858 = ( LENGTH_UNIT() NAMED_UNIT(*) SI_UNIT(.MILLI.,.METRE.) );
#1859 = ( NAMED_UNIT(*) PLANE_ANGLE_UNIT() SI_UNIT($,.RADIAN.) );
#1860 = ( NAMED_UNIT(*) SI_UNIT($,.STERADIAN.) SOLID_ANGLE_UNIT() );
#1861 = UNCERTAINTY_MEASURE_WITH_UNIT(LENGTH_MEASURE(1.E-07),#1858,
  'distance_accuracy_value','confusion accuracy');
#1862 = CONTEXT_DEPENDENT_SHAPE_REPRESENTATION(#1863,#1865);
#1863 = ( REPRESENTATION_RELATIONSHIP('','',#1588,#1489) 
REPRESENTATION_RELATIONSHIP_WITH_TRANSFORMATION(#1864) 
SHAPE_REPRESENTATION_RELATIONSHIP() );
#1864 = ITEM_DEFINED_TRANSFORMATION('','',#11,#1494);
#1865 = PRODUCT_DEFINITION_SHAPE('Placement','Placement of an item',
  #1866);
#1866 = NEXT_ASSEMBLY_USAGE_OCCURRENCE('9','p1','',#1484,#1583,$);
#1867 = PRODUCT_RELATED_PRODUCT_CATEGORY('part',$,(#1585));
#1868 = SHAPE_DEFINITION_REPRESENTATION(#1869,#1875);
#1869 = PRODUCT_DEFINITION_SHAPE('','',#1870);
#1870 = PRODUCT_DEFINITION('design','',#1871,#1874);
#1871 = PRODUCT_DEFINITION_FORMATION('','',#1872);
#1872 = PRODUCT('TerminalBlock_Phoenix_MKDS-5-2-9.5_1x02_P9.52mm',
  'TerminalBlock_Phoenix_MKDS-5-2-9.5_1x02_P9.52mm','',(#1873));
#1873 = PRODUCT_CONTEXT('',#2,'mechanical');
#1874 = PRODUCT_DEFINITION_CONTEXT('part definition',#2,'design');
#1875 = SHAPE_REPRESENTATION('',(#11,#1876),#1880);
#1876 = AXIS2_PLACEMENT_3D('',#1877,#1878,#1879);
#1877 = CARTESIAN_POINT('',(0.,0.,0.));
#1878 = DIRECTION('',(0.,0.,1.));
#1879 = DIRECTION('',(1.,0.,-0.));
#1880 = ( GEOMETRIC_REPRESENTATION_CONTEXT(3) 
GLOBAL_UNCERTAINTY_ASSIGNED_CONTEXT((#1884)) 
GLOBAL_UNIT_ASSIGNED_CONTEXT((#1881,#1882,#1883)) REPRESENTATION_CONTEXT
('Context #1','3D Context with UNIT and UNCERTAINTY') );
#1881 = ( LENGTH_UNIT() NAMED_UNIT(*) SI_UNIT(.MILLI.,.METRE.) );
#1882 = ( NAMED_UNIT(*) PLANE_ANGLE_UNIT() SI_UNIT($,.RADIAN.) );
#1883 = ( NAMED_UNIT(*) SI_UNIT($,.STERADIAN.) SOLID_ANGLE_UNIT() );
#1884 = UNCERTAINTY_MEASURE_WITH_UNIT(LENGTH_MEASURE(1.E-07),#1881,
  'distance_accuracy_value','confusion accuracy');
#1885 = CONTEXT_DEPENDENT_SHAPE_REPRESENTATION(#1886,#1888);
#1886 = ( REPRESENTATION_RELATIONSHIP('','',#1875,#10) 
REPRESENTATION_RELATIONSHIP_WITH_TRANSFORMATION(#1887) 
SHAPE_REPRESENTATION_RELATIONSHIP() );
#1887 = ITEM_DEFINED_TRANSFORMATION('','',#11,#35);
#1888 = PRODUCT_DEFINITION_SHAPE('Placement','Placement of an item',
  #1889);
#1889 = NEXT_ASSEMBLY_USAGE_OCCURRENCE('15','J3','',#5,#1870,$);
#1890 = PRODUCT_RELATED_PRODUCT_CATEGORY('part',$,(#1872));
#1891 = SHAPE_DEFINITION_REPRESENTATION(#1892,#1898);
#1892 = PRODUCT_DEFINITION_SHAPE('','',#1893);
#1893 = PRODUCT_DEFINITION('design','',#1894,#1897);
#1894 = PRODUCT_DEFINITION_FORMATION('','',#1895);
#1895 = PRODUCT('TerminalBlock_Phoenix_MKDS-5-2-9.5_1x02_P9.52mm',
  'TerminalBlock_Phoenix_MKDS-5-2-9.5_1x02_P9.52mm','',(#1896));
#1896 = PRODUCT_CONTEXT('',#2,'mechanical');
#1897 = PRODUCT_DEFINITION_CONTEXT('part definition',#2,'design');
#1898 = SHAPE_REPRESENTATION('',(#11,#1899,#1903),#1907);
#1899 = AXIS2_PLACEMENT_3D('',#1900,#1901,#1902);
#1900 = CARTESIAN_POINT('',(0.,0.,0.));
#1901 = DIRECTION('',(0.,0.,1.));
#1902 = DIRECTION('',(1.,0.,0.));
#1903 = AXIS2_PLACEMENT_3D('',#1904,#1905,#1906);
#1904 = CARTESIAN_POINT('',(0.,0.,0.));
#1905 = DIRECTION('',(0.,0.,1.));
#1906 = DIRECTION('',(1.,0.,0.));
#1907 = ( GEOMETRIC_REPRESENTATION_CONTEXT(3) 
GLOBAL_UNCERTAINTY_ASSIGNED_CONTEXT((#1911)) 
GLOBAL_UNIT_ASSIGNED_CONTEXT((#1908,#1909,#1910)) REPRESENTATION_CONTEXT
('Context #1','3D Context with UNIT and UNCERTAINTY') );
#1908 = ( LENGTH_UNIT() NAMED_UNIT(*) SI_UNIT(.MILLI.,.METRE.) );
#1909 = ( NAMED_UNIT(*) PLANE_ANGLE_UNIT() SI_UNIT($,.RADIAN.) );
#1910 = ( NAMED_UNIT(*) SI_UNIT($,.STERADIAN.) SOLID_ANGLE_UNIT() );
#1911 = UNCERTAINTY_MEASURE_WITH_UNIT(LENGTH_MEASURE(1.E-07),#1908,
  'distance_accuracy_value','confusion accuracy');
#1912 = CONTEXT_DEPENDENT_SHAPE_REPRESENTATION(#1913,#1915);
#1913 = ( REPRESENTATION_RELATIONSHIP('','',#1898,#1875) 
REPRESENTATION_RELATIONSHIP_WITH_TRANSFORMATION(#1914) 
SHAPE_REPRESENTATION_RELATIONSHIP() );
#1914 = ITEM_DEFINED_TRANSFORMATION('','',#11,#1876);
#1915 = PRODUCT_DEFINITION_SHAPE('Placement','Placement of an item',
  #1916);
#1916 = NEXT_ASSEMBLY_USAGE_OCCURRENCE('14','=>[0:1:1:13]','',#1870,
  #1893,$);
#1917 = PRODUCT_RELATED_PRODUCT_CATEGORY('part',$,(#1895));
#1918 = SHAPE_DEFINITION_REPRESENTATION(#1919,#1925);
#1919 = PRODUCT_DEFINITION_SHAPE('','',#1920);
#1920 = PRODUCT_DEFINITION('design','',#1921,#1924);
#1921 = PRODUCT_DEFINITION_FORMATION('','',#1922);
#1922 = PRODUCT('p0','p0','',(#1923));
#1923 = PRODUCT_CONTEXT('',#2,'mechanical');
#1924 = PRODUCT_DEFINITION_CONTEXT('part definition',#2,'design');
#1925 = ADVANCED_BREP_SHAPE_REPRESENTATION('',(#11,#1926),#2450);
#1926 = MANIFOLD_SOLID_BREP('',#1927);
#1927 = CLOSED_SHELL('',(#1928,#1968,#1999,#2045,#2137,#2154,#2166,#2191
    ,#2216,#2247,#2271,#2295,#2312,#2343,#2367,#2391,#2408,#2417,#2426,
    #2438));
#1928 = ADVANCED_FACE('',(#1929),#1963,.F.);
#1929 = FACE_BOUND('',#1930,.F.);
#1930 = EDGE_LOOP('',(#1931,#1941,#1949,#1957));
#1931 = ORIENTED_EDGE('',*,*,#1932,.F.);
#1932 = EDGE_CURVE('',#1933,#1935,#1937,.T.);
#1933 = VERTEX_POINT('',#1934);
#1934 = CARTESIAN_POINT('',(-4.765,-4.6,0.));
#1935 = VERTEX_POINT('',#1936);
#1936 = CARTESIAN_POINT('',(-4.765,-4.6,21.5));
#1937 = LINE('',#1938,#1939);
#1938 = CARTESIAN_POINT('',(-4.765,-4.6,0.));
#1939 = VECTOR('',#1940,1.);
#1940 = DIRECTION('',(0.,0.,1.));
#1941 = ORIENTED_EDGE('',*,*,#1942,.T.);
#1942 = EDGE_CURVE('',#1933,#1943,#1945,.T.);
#1943 = VERTEX_POINT('',#1944);
#1944 = CARTESIAN_POINT('',(-4.765,7.9,0.));
#1945 = LINE('',#1946,#1947);
#1946 = CARTESIAN_POINT('',(-4.765,-4.6,0.));
#1947 = VECTOR('',#1948,1.);
#1948 = DIRECTION('',(0.,1.,0.));
#1949 = ORIENTED_EDGE('',*,*,#1950,.T.);
#1950 = EDGE_CURVE('',#1943,#1951,#1953,.T.);
#1951 = VERTEX_POINT('',#1952);
#1952 = CARTESIAN_POINT('',(-4.765,7.9,21.5));
#1953 = LINE('',#1954,#1955);
#1954 = CARTESIAN_POINT('',(-4.765,7.9,0.));
#1955 = VECTOR('',#1956,1.);
#1956 = DIRECTION('',(0.,0.,1.));
#1957 = ORIENTED_EDGE('',*,*,#1958,.F.);
#1958 = EDGE_CURVE('',#1935,#1951,#1959,.T.);
#1959 = LINE('',#1960,#1961);
#1960 = CARTESIAN_POINT('',(-4.765,-4.6,21.5));
#1961 = VECTOR('',#1962,1.);
#1962 = DIRECTION('',(0.,1.,0.));
#1963 = PLANE('',#1964);
#1964 = AXIS2_PLACEMENT_3D('',#1965,#1966,#1967);
#1965 = CARTESIAN_POINT('',(-4.765,-4.6,0.));
#1966 = DIRECTION('',(1.,0.,0.));
#1967 = DIRECTION('',(0.,0.,1.));
#1968 = ADVANCED_FACE('',(#1969),#1994,.F.);
#1969 = FACE_BOUND('',#1970,.F.);
#1970 = EDGE_LOOP('',(#1971,#1979,#1980,#1988));
#1971 = ORIENTED_EDGE('',*,*,#1972,.F.);
#1972 = EDGE_CURVE('',#1933,#1973,#1975,.T.);
#1973 = VERTEX_POINT('',#1974);
#1974 = CARTESIAN_POINT('',(14.285,-4.6,0.));
#1975 = LINE('',#1976,#1977);
#1976 = CARTESIAN_POINT('',(-4.765,-4.6,0.));
#1977 = VECTOR('',#1978,1.);
#1978 = DIRECTION('',(1.,0.,0.));
#1979 = ORIENTED_EDGE('',*,*,#1932,.T.);
#1980 = ORIENTED_EDGE('',*,*,#1981,.T.);
#1981 = EDGE_CURVE('',#1935,#1982,#1984,.T.);
#1982 = VERTEX_POINT('',#1983);
#1983 = CARTESIAN_POINT('',(14.285,-4.6,21.5));
#1984 = LINE('',#1985,#1986);
#1985 = CARTESIAN_POINT('',(-4.765,-4.6,21.5));
#1986 = VECTOR('',#1987,1.);
#1987 = DIRECTION('',(1.,0.,0.));
#1988 = ORIENTED_EDGE('',*,*,#1989,.F.);
#1989 = EDGE_CURVE('',#1973,#1982,#1990,.T.);
#1990 = LINE('',#1991,#1992);
#1991 = CARTESIAN_POINT('',(14.285,-4.6,0.));
#1992 = VECTOR('',#1993,1.);
#1993 = DIRECTION('',(0.,0.,1.));
#1994 = PLANE('',#1995);
#1995 = AXIS2_PLACEMENT_3D('',#1996,#1997,#1998);
#1996 = CARTESIAN_POINT('',(-4.765,-4.6,0.));
#1997 = DIRECTION('',(0.,1.,0.));
#1998 = DIRECTION('',(0.,-0.,1.));
#1999 = ADVANCED_FACE('',(#2000,#2018,#2029),#2040,.T.);
#2000 = FACE_BOUND('',#2001,.T.);
#2001 = EDGE_LOOP('',(#2002,#2003,#2004,#2012));
#2002 = ORIENTED_EDGE('',*,*,#1958,.F.);
#2003 = ORIENTED_EDGE('',*,*,#1981,.T.);
#2004 = ORIENTED_EDGE('',*,*,#2005,.T.);
#2005 = EDGE_CURVE('',#1982,#2006,#2008,.T.);
#2006 = VERTEX_POINT('',#2007);
#2007 = CARTESIAN_POINT('',(14.285,7.9,21.5));
#2008 = LINE('',#2009,#2010);
#2009 = CARTESIAN_POINT('',(14.285,-4.6,21.5));
#2010 = VECTOR('',#2011,1.);
#2011 = DIRECTION('',(0.,1.,0.));
#2012 = ORIENTED_EDGE('',*,*,#2013,.F.);
#2013 = EDGE_CURVE('',#1951,#2006,#2014,.T.);
#2014 = LINE('',#2015,#2016);
#2015 = CARTESIAN_POINT('',(-4.765,7.9,21.5));
#2016 = VECTOR('',#2017,1.);
#2017 = DIRECTION('',(1.,0.,0.));
#2018 = FACE_BOUND('',#2019,.T.);
#2019 = EDGE_LOOP('',(#2020));
#2020 = ORIENTED_EDGE('',*,*,#2021,.T.);
#2021 = EDGE_CURVE('',#2022,#2022,#2024,.T.);
#2022 = VERTEX_POINT('',#2023);
#2023 = CARTESIAN_POINT('',(2.8,1.5,21.5));
#2024 = CIRCLE('',#2025,2.8);
#2025 = AXIS2_PLACEMENT_3D('',#2026,#2027,#2028);
#2026 = CARTESIAN_POINT('',(0.,1.5,21.5));
#2027 = DIRECTION('',(0.,0.,-1.));
#2028 = DIRECTION('',(1.,0.,0.));
#2029 = FACE_BOUND('',#2030,.T.);
#2030 = EDGE_LOOP('',(#2031));
#2031 = ORIENTED_EDGE('',*,*,#2032,.T.);
#2032 = EDGE_CURVE('',#2033,#2033,#2035,.T.);
#2033 = VERTEX_POINT('',#2034);
#2034 = CARTESIAN_POINT('',(12.32,1.5,21.5));
#2035 = CIRCLE('',#2036,2.8);
#2036 = AXIS2_PLACEMENT_3D('',#2037,#2038,#2039);
#2037 = CARTESIAN_POINT('',(9.52,1.5,21.5));
#2038 = DIRECTION('',(0.,0.,-1.));
#2039 = DIRECTION('',(1.,0.,0.));
#2040 = PLANE('',#2041);
#2041 = AXIS2_PLACEMENT_3D('',#2042,#2043,#2044);
#2042 = CARTESIAN_POINT('',(-4.765,-4.6,21.5));
#2043 = DIRECTION('',(0.,0.,1.));
#2044 = DIRECTION('',(1.,0.,-0.));
#2045 = ADVANCED_FACE('',(#2046,#2064,#2098),#2132,.T.);
#2046 = FACE_BOUND('',#2047,.T.);
#2047 = EDGE_LOOP('',(#2048,#2056,#2057,#2058));
#2048 = ORIENTED_EDGE('',*,*,#2049,.F.);
#2049 = EDGE_CURVE('',#1943,#2050,#2052,.T.);
#2050 = VERTEX_POINT('',#2051);
#2051 = CARTESIAN_POINT('',(14.285,7.9,0.));
#2052 = LINE('',#2053,#2054);
#2053 = CARTESIAN_POINT('',(-4.765,7.9,0.));
#2054 = VECTOR('',#2055,1.);
#2055 = DIRECTION('',(1.,0.,0.));
#2056 = ORIENTED_EDGE('',*,*,#1950,.T.);
#2057 = ORIENTED_EDGE('',*,*,#2013,.T.);
#2058 = ORIENTED_EDGE('',*,*,#2059,.F.);
#2059 = EDGE_CURVE('',#2050,#2006,#2060,.T.);
#2060 = LINE('',#2061,#2062);
#2061 = CARTESIAN_POINT('',(14.285,7.9,0.));
#2062 = VECTOR('',#2063,1.);
#2063 = DIRECTION('',(0.,0.,1.));
#2064 = FACE_BOUND('',#2065,.T.);
#2065 = EDGE_LOOP('',(#2066,#2076,#2084,#2092));
#2066 = ORIENTED_EDGE('',*,*,#2067,.F.);
#2067 = EDGE_CURVE('',#2068,#2070,#2072,.T.);
#2068 = VERTEX_POINT('',#2069);
#2069 = CARTESIAN_POINT('',(-2.6,7.9,9.));
#2070 = VERTEX_POINT('',#2071);
#2071 = CARTESIAN_POINT('',(2.6,7.9,9.));
#2072 = LINE('',#2073,#2074);
#2073 = CARTESIAN_POINT('',(-3.6825,7.9,9.));
#2074 = VECTOR('',#2075,1.);
#2075 = DIRECTION('',(1.,0.,0.));
#2076 = ORIENTED_EDGE('',*,*,#2077,.T.);
#2077 = EDGE_CURVE('',#2068,#2078,#2080,.T.);
#2078 = VERTEX_POINT('',#2079);
#2079 = CARTESIAN_POINT('',(-2.6,7.9,3.));
#2080 = LINE('',#2081,#2082);
#2081 = CARTESIAN_POINT('',(-2.6,7.9,1.5));
#2082 = VECTOR('',#2083,1.);
#2083 = DIRECTION('',(0.,0.,-1.));
#2084 = ORIENTED_EDGE('',*,*,#2085,.T.);
#2085 = EDGE_CURVE('',#2078,#2086,#2088,.T.);
#2086 = VERTEX_POINT('',#2087);
#2087 = CARTESIAN_POINT('',(2.6,7.9,3.));
#2088 = LINE('',#2089,#2090);
#2089 = CARTESIAN_POINT('',(-3.6825,7.9,3.));
#2090 = VECTOR('',#2091,1.);
#2091 = DIRECTION('',(1.,0.,0.));
#2092 = ORIENTED_EDGE('',*,*,#2093,.F.);
#2093 = EDGE_CURVE('',#2070,#2086,#2094,.T.);
#2094 = LINE('',#2095,#2096);
#2095 = CARTESIAN_POINT('',(2.6,7.9,1.5));
#2096 = VECTOR('',#2097,1.);
#2097 = DIRECTION('',(0.,0.,-1.));
#2098 = FACE_BOUND('',#2099,.T.);
#2099 = EDGE_LOOP('',(#2100,#2110,#2118,#2126));
#2100 = ORIENTED_EDGE('',*,*,#2101,.F.);
#2101 = EDGE_CURVE('',#2102,#2104,#2106,.T.);
#2102 = VERTEX_POINT('',#2103);
#2103 = CARTESIAN_POINT('',(6.92,7.9,9.));
#2104 = VERTEX_POINT('',#2105);
#2105 = CARTESIAN_POINT('',(12.12,7.9,9.));
#2106 = LINE('',#2107,#2108);
#2107 = CARTESIAN_POINT('',(1.0775,7.9,9.));
#2108 = VECTOR('',#2109,1.);
#2109 = DIRECTION('',(1.,0.,0.));
#2110 = ORIENTED_EDGE('',*,*,#2111,.T.);
#2111 = EDGE_CURVE('',#2102,#2112,#2114,.T.);
#2112 = VERTEX_POINT('',#2113);
#2113 = CARTESIAN_POINT('',(6.92,7.9,3.));
#2114 = LINE('',#2115,#2116);
#2115 = CARTESIAN_POINT('',(6.92,7.9,1.5));
#2116 = VECTOR('',#2117,1.);
#2117 = DIRECTION('',(0.,0.,-1.));
#2118 = ORIENTED_EDGE('',*,*,#2119,.T.);
#2119 = EDGE_CURVE('',#2112,#2120,#2122,.T.);
#2120 = VERTEX_POINT('',#2121);
#2121 = CARTESIAN_POINT('',(12.12,7.9,3.));
#2122 = LINE('',#2123,#2124);
#2123 = CARTESIAN_POINT('',(1.0775,7.9,3.));
#2124 = VECTOR('',#2125,1.);
#2125 = DIRECTION('',(1.,0.,0.));
#2126 = ORIENTED_EDGE('',*,*,#2127,.F.);
#2127 = EDGE_CURVE('',#2104,#2120,#2128,.T.);
#2128 = LINE('',#2129,#2130);
#2129 = CARTESIAN_POINT('',(12.12,7.9,1.5));
#2130 = VECTOR('',#2131,1.);
#2131 = DIRECTION('',(0.,0.,-1.));
#2132 = PLANE('',#2133);
#2133 = AXIS2_PLACEMENT_3D('',#2134,#2135,#2136);
#2134 = CARTESIAN_POINT('',(-4.765,7.9,0.));
#2135 = DIRECTION('',(0.,1.,0.));
#2136 = DIRECTION('',(0.,-0.,1.));
#2137 = ADVANCED_FACE('',(#2138),#2149,.F.);
#2138 = FACE_BOUND('',#2139,.F.);
#2139 = EDGE_LOOP('',(#2140,#2141,#2142,#2148));
#2140 = ORIENTED_EDGE('',*,*,#1942,.F.);
#2141 = ORIENTED_EDGE('',*,*,#1972,.T.);
#2142 = ORIENTED_EDGE('',*,*,#2143,.T.);
#2143 = EDGE_CURVE('',#1973,#2050,#2144,.T.);
#2144 = LINE('',#2145,#2146);
#2145 = CARTESIAN_POINT('',(14.285,-4.6,0.));
#2146 = VECTOR('',#2147,1.);
#2147 = DIRECTION('',(0.,1.,0.));
#2148 = ORIENTED_EDGE('',*,*,#2049,.F.);
#2149 = PLANE('',#2150);
#2150 = AXIS2_PLACEMENT_3D('',#2151,#2152,#2153);
#2151 = CARTESIAN_POINT('',(-4.765,-4.6,0.));
#2152 = DIRECTION('',(0.,0.,1.));
#2153 = DIRECTION('',(1.,0.,-0.));
#2154 = ADVANCED_FACE('',(#2155),#2161,.T.);
#2155 = FACE_BOUND('',#2156,.T.);
#2156 = EDGE_LOOP('',(#2157,#2158,#2159,#2160));
#2157 = ORIENTED_EDGE('',*,*,#1989,.F.);
#2158 = ORIENTED_EDGE('',*,*,#2143,.T.);
#2159 = ORIENTED_EDGE('',*,*,#2059,.T.);
#2160 = ORIENTED_EDGE('',*,*,#2005,.F.);
#2161 = PLANE('',#2162);
#2162 = AXIS2_PLACEMENT_3D('',#2163,#2164,#2165);
#2163 = CARTESIAN_POINT('',(14.285,-4.6,0.));
#2164 = DIRECTION('',(1.,0.,0.));
#2165 = DIRECTION('',(0.,0.,1.));
#2166 = ADVANCED_FACE('',(#2167),#2186,.F.);
#2167 = FACE_BOUND('',#2168,.F.);
#2168 = EDGE_LOOP('',(#2169,#2177,#2178,#2179));
#2169 = ORIENTED_EDGE('',*,*,#2170,.T.);
#2170 = EDGE_CURVE('',#2171,#2022,#2173,.T.);
#2171 = VERTEX_POINT('',#2172);
#2172 = CARTESIAN_POINT('',(2.8,1.5,17.5));
#2173 = LINE('',#2174,#2175);
#2174 = CARTESIAN_POINT('',(2.8,1.5,17.5));
#2175 = VECTOR('',#2176,1.);
#2176 = DIRECTION('',(0.,0.,1.));
#2177 = ORIENTED_EDGE('',*,*,#2021,.T.);
#2178 = ORIENTED_EDGE('',*,*,#2170,.F.);
#2179 = ORIENTED_EDGE('',*,*,#2180,.T.);
#2180 = EDGE_CURVE('',#2171,#2171,#2181,.T.);
#2181 = CIRCLE('',#2182,2.8);
#2182 = AXIS2_PLACEMENT_3D('',#2183,#2184,#2185);
#2183 = CARTESIAN_POINT('',(0.,1.5,17.5));
#2184 = DIRECTION('',(0.,0.,1.));
#2185 = DIRECTION('',(1.,0.,-0.));
#2186 = CYLINDRICAL_SURFACE('',#2187,2.8);
#2187 = AXIS2_PLACEMENT_3D('',#2188,#2189,#2190);
#2188 = CARTESIAN_POINT('',(0.,1.5,17.5));
#2189 = DIRECTION('',(-0.,-0.,-1.));
#2190 = DIRECTION('',(1.,0.,0.));
#2191 = ADVANCED_FACE('',(#2192),#2211,.F.);
#2192 = FACE_BOUND('',#2193,.F.);
#2193 = EDGE_LOOP('',(#2194,#2202,#2203,#2204));
#2194 = ORIENTED_EDGE('',*,*,#2195,.T.);
#2195 = EDGE_CURVE('',#2196,#2033,#2198,.T.);
#2196 = VERTEX_POINT('',#2197);
#2197 = CARTESIAN_POINT('',(12.32,1.5,17.5));
#2198 = LINE('',#2199,#2200);
#2199 = CARTESIAN_POINT('',(12.32,1.5,17.5));
#2200 = VECTOR('',#2201,1.);
#2201 = DIRECTION('',(0.,0.,1.));
#2202 = ORIENTED_EDGE('',*,*,#2032,.T.);
#2203 = ORIENTED_EDGE('',*,*,#2195,.F.);
#2204 = ORIENTED_EDGE('',*,*,#2205,.T.);
#2205 = EDGE_CURVE('',#2196,#2196,#2206,.T.);
#2206 = CIRCLE('',#2207,2.8);
#2207 = AXIS2_PLACEMENT_3D('',#2208,#2209,#2210);
#2208 = CARTESIAN_POINT('',(9.52,1.5,17.5));
#2209 = DIRECTION('',(0.,0.,1.));
#2210 = DIRECTION('',(1.,0.,-0.));
#2211 = CYLINDRICAL_SURFACE('',#2212,2.8);
#2212 = AXIS2_PLACEMENT_3D('',#2213,#2214,#2215);
#2213 = CARTESIAN_POINT('',(9.52,1.5,17.5));
#2214 = DIRECTION('',(-0.,-0.,-1.));
#2215 = DIRECTION('',(1.,0.,0.));
#2216 = ADVANCED_FACE('',(#2217),#2242,.F.);
#2217 = FACE_BOUND('',#2218,.F.);
#2218 = EDGE_LOOP('',(#2219,#2227,#2235,#2241));
#2219 = ORIENTED_EDGE('',*,*,#2220,.F.);
#2220 = EDGE_CURVE('',#2221,#2068,#2223,.T.);
#2221 = VERTEX_POINT('',#2222);
#2222 = CARTESIAN_POINT('',(-2.6,4.5,9.));
#2223 = LINE('',#2224,#2225);
#2224 = CARTESIAN_POINT('',(-2.6,4.5,9.));
#2225 = VECTOR('',#2226,1.);
#2226 = DIRECTION('',(0.,1.,0.));
#2227 = ORIENTED_EDGE('',*,*,#2228,.T.);
#2228 = EDGE_CURVE('',#2221,#2229,#2231,.T.);
#2229 = VERTEX_POINT('',#2230);
#2230 = CARTESIAN_POINT('',(2.6,4.5,9.));
#2231 = LINE('',#2232,#2233);
#2232 = CARTESIAN_POINT('',(-2.6,4.5,9.));
#2233 = VECTOR('',#2234,1.);
#2234 = DIRECTION('',(1.,0.,0.));
#2235 = ORIENTED_EDGE('',*,*,#2236,.T.);
#2236 = EDGE_CURVE('',#2229,#2070,#2237,.T.);
#2237 = LINE('',#2238,#2239);
#2238 = CARTESIAN_POINT('',(2.6,4.5,9.));
#2239 = VECTOR('',#2240,1.);
#2240 = DIRECTION('',(0.,1.,0.));
#2241 = ORIENTED_EDGE('',*,*,#2067,.F.);
#2242 = PLANE('',#2243);
#2243 = AXIS2_PLACEMENT_3D('',#2244,#2245,#2246);
#2244 = CARTESIAN_POINT('',(-2.6,4.5,9.));
#2245 = DIRECTION('',(0.,0.,1.));
#2246 = DIRECTION('',(1.,0.,-0.));
#2247 = ADVANCED_FACE('',(#2248),#2266,.T.);
#2248 = FACE_BOUND('',#2249,.T.);
#2249 = EDGE_LOOP('',(#2250,#2251,#2259,#2265));
#2250 = ORIENTED_EDGE('',*,*,#2220,.F.);
#2251 = ORIENTED_EDGE('',*,*,#2252,.F.);
#2252 = EDGE_CURVE('',#2253,#2221,#2255,.T.);
#2253 = VERTEX_POINT('',#2254);
#2254 = CARTESIAN_POINT('',(-2.6,4.5,3.));
#2255 = LINE('',#2256,#2257);
#2256 = CARTESIAN_POINT('',(-2.6,4.5,3.));
#2257 = VECTOR('',#2258,1.);
#2258 = DIRECTION('',(0.,0.,1.));
#2259 = ORIENTED_EDGE('',*,*,#2260,.T.);
#2260 = EDGE_CURVE('',#2253,#2078,#2261,.T.);
#2261 = LINE('',#2262,#2263);
#2262 = CARTESIAN_POINT('',(-2.6,4.5,3.));
#2263 = VECTOR('',#2264,1.);
#2264 = DIRECTION('',(0.,1.,0.));
#2265 = ORIENTED_EDGE('',*,*,#2077,.F.);
#2266 = PLANE('',#2267);
#2267 = AXIS2_PLACEMENT_3D('',#2268,#2269,#2270);
#2268 = CARTESIAN_POINT('',(-2.6,4.5,3.));
#2269 = DIRECTION('',(1.,0.,0.));
#2270 = DIRECTION('',(0.,0.,1.));
#2271 = ADVANCED_FACE('',(#2272),#2290,.F.);
#2272 = FACE_BOUND('',#2273,.F.);
#2273 = EDGE_LOOP('',(#2274,#2275,#2283,#2289));
#2274 = ORIENTED_EDGE('',*,*,#2236,.F.);
#2275 = ORIENTED_EDGE('',*,*,#2276,.F.);
#2276 = EDGE_CURVE('',#2277,#2229,#2279,.T.);
#2277 = VERTEX_POINT('',#2278);
#2278 = CARTESIAN_POINT('',(2.6,4.5,3.));
#2279 = LINE('',#2280,#2281);
#2280 = CARTESIAN_POINT('',(2.6,4.5,3.));
#2281 = VECTOR('',#2282,1.);
#2282 = DIRECTION('',(0.,0.,1.));
#2283 = ORIENTED_EDGE('',*,*,#2284,.T.);
#2284 = EDGE_CURVE('',#2277,#2086,#2285,.T.);
#2285 = LINE('',#2286,#2287);
#2286 = CARTESIAN_POINT('',(2.6,4.5,3.));
#2287 = VECTOR('',#2288,1.);
#2288 = DIRECTION('',(0.,1.,0.));
#2289 = ORIENTED_EDGE('',*,*,#2093,.F.);
#2290 = PLANE('',#2291);
#2291 = AXIS2_PLACEMENT_3D('',#2292,#2293,#2294);
#2292 = CARTESIAN_POINT('',(2.6,4.5,3.));
#2293 = DIRECTION('',(1.,0.,0.));
#2294 = DIRECTION('',(0.,0.,1.));
#2295 = ADVANCED_FACE('',(#2296),#2307,.T.);
#2296 = FACE_BOUND('',#2297,.T.);
#2297 = EDGE_LOOP('',(#2298,#2299,#2305,#2306));
#2298 = ORIENTED_EDGE('',*,*,#2260,.F.);
#2299 = ORIENTED_EDGE('',*,*,#2300,.T.);
#2300 = EDGE_CURVE('',#2253,#2277,#2301,.T.);
#2301 = LINE('',#2302,#2303);
#2302 = CARTESIAN_POINT('',(-2.6,4.5,3.));
#2303 = VECTOR('',#2304,1.);
#2304 = DIRECTION('',(1.,0.,0.));
#2305 = ORIENTED_EDGE('',*,*,#2284,.T.);
#2306 = ORIENTED_EDGE('',*,*,#2085,.F.);
#2307 = PLANE('',#2308);
#2308 = AXIS2_PLACEMENT_3D('',#2309,#2310,#2311);
#2309 = CARTESIAN_POINT('',(-2.6,4.5,3.));
#2310 = DIRECTION('',(0.,0.,1.));
#2311 = DIRECTION('',(1.,0.,-0.));
#2312 = ADVANCED_FACE('',(#2313),#2338,.F.);
#2313 = FACE_BOUND('',#2314,.F.);
#2314 = EDGE_LOOP('',(#2315,#2323,#2331,#2337));
#2315 = ORIENTED_EDGE('',*,*,#2316,.F.);
#2316 = EDGE_CURVE('',#2317,#2102,#2319,.T.);
#2317 = VERTEX_POINT('',#2318);
#2318 = CARTESIAN_POINT('',(6.92,4.5,9.));
#2319 = LINE('',#2320,#2321);
#2320 = CARTESIAN_POINT('',(6.92,4.5,9.));
#2321 = VECTOR('',#2322,1.);
#2322 = DIRECTION('',(0.,1.,0.));
#2323 = ORIENTED_EDGE('',*,*,#2324,.T.);
#2324 = EDGE_CURVE('',#2317,#2325,#2327,.T.);
#2325 = VERTEX_POINT('',#2326);
#2326 = CARTESIAN_POINT('',(12.12,4.5,9.));
#2327 = LINE('',#2328,#2329);
#2328 = CARTESIAN_POINT('',(6.92,4.5,9.));
#2329 = VECTOR('',#2330,1.);
#2330 = DIRECTION('',(1.,0.,0.));
#2331 = ORIENTED_EDGE('',*,*,#2332,.T.);
#2332 = EDGE_CURVE('',#2325,#2104,#2333,.T.);
#2333 = LINE('',#2334,#2335);
#2334 = CARTESIAN_POINT('',(12.12,4.5,9.));
#2335 = VECTOR('',#2336,1.);
#2336 = DIRECTION('',(0.,1.,0.));
#2337 = ORIENTED_EDGE('',*,*,#2101,.F.);
#2338 = PLANE('',#2339);
#2339 = AXIS2_PLACEMENT_3D('',#2340,#2341,#2342);
#2340 = CARTESIAN_POINT('',(6.92,4.5,9.));
#2341 = DIRECTION('',(0.,0.,1.));
#2342 = DIRECTION('',(1.,0.,-0.));
#2343 = ADVANCED_FACE('',(#2344),#2362,.F.);
#2344 = FACE_BOUND('',#2345,.F.);
#2345 = EDGE_LOOP('',(#2346,#2347,#2355,#2361));
#2346 = ORIENTED_EDGE('',*,*,#2332,.F.);
#2347 = ORIENTED_EDGE('',*,*,#2348,.F.);
#2348 = EDGE_CURVE('',#2349,#2325,#2351,.T.);
#2349 = VERTEX_POINT('',#2350);
#2350 = CARTESIAN_POINT('',(12.12,4.5,3.));
#2351 = LINE('',#2352,#2353);
#2352 = CARTESIAN_POINT('',(12.12,4.5,3.));
#2353 = VECTOR('',#2354,1.);
#2354 = DIRECTION('',(0.,0.,1.));
#2355 = ORIENTED_EDGE('',*,*,#2356,.T.);
#2356 = EDGE_CURVE('',#2349,#2120,#2357,.T.);
#2357 = LINE('',#2358,#2359);
#2358 = CARTESIAN_POINT('',(12.12,4.5,3.));
#2359 = VECTOR('',#2360,1.);
#2360 = DIRECTION('',(0.,1.,0.));
#2361 = ORIENTED_EDGE('',*,*,#2127,.F.);
#2362 = PLANE('',#2363);
#2363 = AXIS2_PLACEMENT_3D('',#2364,#2365,#2366);
#2364 = CARTESIAN_POINT('',(12.12,4.5,3.));
#2365 = DIRECTION('',(1.,0.,0.));
#2366 = DIRECTION('',(0.,0.,1.));
#2367 = ADVANCED_FACE('',(#2368),#2386,.T.);
#2368 = FACE_BOUND('',#2369,.T.);
#2369 = EDGE_LOOP('',(#2370,#2378,#2384,#2385));
#2370 = ORIENTED_EDGE('',*,*,#2371,.F.);
#2371 = EDGE_CURVE('',#2372,#2112,#2374,.T.);
#2372 = VERTEX_POINT('',#2373);
#2373 = CARTESIAN_POINT('',(6.92,4.5,3.));
#2374 = LINE('',#2375,#2376);
#2375 = CARTESIAN_POINT('',(6.92,4.5,3.));
#2376 = VECTOR('',#2377,1.);
#2377 = DIRECTION('',(0.,1.,0.));
#2378 = ORIENTED_EDGE('',*,*,#2379,.T.);
#2379 = EDGE_CURVE('',#2372,#2349,#2380,.T.);
#2380 = LINE('',#2381,#2382);
#2381 = CARTESIAN_POINT('',(6.92,4.5,3.));
#2382 = VECTOR('',#2383,1.);
#2383 = DIRECTION('',(1.,0.,0.));
#2384 = ORIENTED_EDGE('',*,*,#2356,.T.);
#2385 = ORIENTED_EDGE('',*,*,#2119,.F.);
#2386 = PLANE('',#2387);
#2387 = AXIS2_PLACEMENT_3D('',#2388,#2389,#2390);
#2388 = CARTESIAN_POINT('',(6.92,4.5,3.));
#2389 = DIRECTION('',(0.,0.,1.));
#2390 = DIRECTION('',(1.,0.,-0.));
#2391 = ADVANCED_FACE('',(#2392),#2403,.T.);
#2392 = FACE_BOUND('',#2393,.T.);
#2393 = EDGE_LOOP('',(#2394,#2395,#2401,#2402));
#2394 = ORIENTED_EDGE('',*,*,#2316,.F.);
#2395 = ORIENTED_EDGE('',*,*,#2396,.F.);
#2396 = EDGE_CURVE('',#2372,#2317,#2397,.T.);
#2397 = LINE('',#2398,#2399);
#2398 = CARTESIAN_POINT('',(6.92,4.5,3.));
#2399 = VECTOR('',#2400,1.);
#2400 = DIRECTION('',(0.,0.,1.));
#2401 = ORIENTED_EDGE('',*,*,#2371,.T.);
#2402 = ORIENTED_EDGE('',*,*,#2111,.F.);
#2403 = PLANE('',#2404);
#2404 = AXIS2_PLACEMENT_3D('',#2405,#2406,#2407);
#2405 = CARTESIAN_POINT('',(6.92,4.5,3.));
#2406 = DIRECTION('',(1.,0.,0.));
#2407 = DIRECTION('',(0.,0.,1.));
#2408 = ADVANCED_FACE('',(#2409),#2412,.T.);
#2409 = FACE_BOUND('',#2410,.T.);
#2410 = EDGE_LOOP('',(#2411));
#2411 = ORIENTED_EDGE('',*,*,#2180,.T.);
#2412 = PLANE('',#2413);
#2413 = AXIS2_PLACEMENT_3D('',#2414,#2415,#2416);
#2414 = CARTESIAN_POINT('',(-1.831393034651E-16,1.5,17.5));
#2415 = DIRECTION('',(0.,0.,1.));
#2416 = DIRECTION('',(1.,0.,-0.));
#2417 = ADVANCED_FACE('',(#2418),#2421,.T.);
#2418 = FACE_BOUND('',#2419,.T.);
#2419 = EDGE_LOOP('',(#2420));
#2420 = ORIENTED_EDGE('',*,*,#2205,.T.);
#2421 = PLANE('',#2422);
#2422 = AXIS2_PLACEMENT_3D('',#2423,#2424,#2425);
#2423 = CARTESIAN_POINT('',(9.52,1.5,17.5));
#2424 = DIRECTION('',(0.,0.,1.));
#2425 = DIRECTION('',(1.,0.,-0.));
#2426 = ADVANCED_FACE('',(#2427),#2433,.T.);
#2427 = FACE_BOUND('',#2428,.T.);
#2428 = EDGE_LOOP('',(#2429,#2430,#2431,#2432));
#2429 = ORIENTED_EDGE('',*,*,#2300,.F.);
#2430 = ORIENTED_EDGE('',*,*,#2252,.T.);
#2431 = ORIENTED_EDGE('',*,*,#2228,.T.);
#2432 = ORIENTED_EDGE('',*,*,#2276,.F.);
#2433 = PLANE('',#2434);
#2434 = AXIS2_PLACEMENT_3D('',#2435,#2436,#2437);
#2435 = CARTESIAN_POINT('',(-2.6,4.5,3.));
#2436 = DIRECTION('',(0.,1.,0.));
#2437 = DIRECTION('',(0.,-0.,1.));
#2438 = ADVANCED_FACE('',(#2439),#2445,.T.);
#2439 = FACE_BOUND('',#2440,.T.);
#2440 = EDGE_LOOP('',(#2441,#2442,#2443,#2444));
#2441 = ORIENTED_EDGE('',*,*,#2379,.F.);
#2442 = ORIENTED_EDGE('',*,*,#2396,.T.);
#2443 = ORIENTED_EDGE('',*,*,#2324,.T.);
#2444 = ORIENTED_EDGE('',*,*,#2348,.F.);
#2445 = PLANE('',#2446);
#2446 = AXIS2_PLACEMENT_3D('',#2447,#2448,#2449);
#2447 = CARTESIAN_POINT('',(6.92,4.5,3.));
#2448 = DIRECTION('',(0.,1.,0.));
#2449 = DIRECTION('',(0.,-0.,1.));
#2450 = ( GEOMETRIC_REPRESENTATION_CONTEXT(3) 
GLOBAL_UNCERTAINTY_ASSIGNED_CONTEXT((#2454)) 
GLOBAL_UNIT_ASSIGNED_CONTEXT((#2451,#2452,#2453)) REPRESENTATION_CONTEXT
('Context #1','3D Context with UNIT and UNCERTAINTY') );
#2451 = ( LENGTH_UNIT() NAMED_UNIT(*) SI_UNIT(.MILLI.,.METRE.) );
#2452 = ( NAMED_UNIT(*) PLANE_ANGLE_UNIT() SI_UNIT($,.RADIAN.) );
#2453 = ( NAMED_UNIT(*) SI_UNIT($,.STERADIAN.) SOLID_ANGLE_UNIT() );
#2454 = UNCERTAINTY_MEASURE_WITH_UNIT(LENGTH_MEASURE(1.E-07),#2451,
  'distance_accuracy_value','confusion accuracy');
#2455 = CONTEXT_DEPENDENT_SHAPE_REPRESENTATION(#2456,#2458);
#2456 = ( REPRESENTATION_RELATIONSHIP('','',#1925,#1898) 
REPRESENTATION_RELATIONSHIP_WITH_TRANSFORMATION(#2457) 
SHAPE_REPRESENTATION_RELATIONSHIP() );
#2457 = ITEM_DEFINED_TRANSFORMATION('','',#11,#1899);
#2458 = PRODUCT_DEFINITION_SHAPE('Placement','Placement of an item',
  #2459);
#2459 = NEXT_ASSEMBLY_USAGE_OCCURRENCE('12','p0','',#1893,#1920,$);
#2460 = PRODUCT_RELATED_PRODUCT_CATEGORY('part',$,(#1922));
#2461 = SHAPE_DEFINITION_REPRESENTATION(#2462,#2468);
#2462 = PRODUCT_DEFINITION_SHAPE('','',#2463);
#2463 = PRODUCT_DEFINITION('design','',#2464,#2467);
#2464 = PRODUCT_DEFINITION_FORMATION('','',#2465);
#2465 = PRODUCT('p1','p1','',(#2466));
#2466 = PRODUCT_CONTEXT('',#2,'mechanical');
#2467 = PRODUCT_DEFINITION_CONTEXT('part definition',#2,'design');
#2468 = SHAPE_REPRESENTATION('',(#11,#2469,#2522,#2575,#2725),#2875);
#2469 = MANIFOLD_SOLID_BREP('',#2470);
#2470 = CLOSED_SHELL('',(#2471,#2504,#2513));
#2471 = ADVANCED_FACE('',(#2472),#2499,.T.);
#2472 = FACE_BOUND('',#2473,.T.);
#2473 = EDGE_LOOP('',(#2474,#2483,#2491,#2498));
#2474 = ORIENTED_EDGE('',*,*,#2475,.T.);
#2475 = EDGE_CURVE('',#2476,#2476,#2478,.T.);
#2476 = VERTEX_POINT('',#2477);
#2477 = CARTESIAN_POINT('',(2.5,1.5,15.5));
#2478 = CIRCLE('',#2479,2.5);
#2479 = AXIS2_PLACEMENT_3D('',#2480,#2481,#2482);
#2480 = CARTESIAN_POINT('',(0.,1.5,15.5));
#2481 = DIRECTION('',(0.,0.,1.));
#2482 = DIRECTION('',(1.,0.,-0.));
#2483 = ORIENTED_EDGE('',*,*,#2484,.T.);
#2484 = EDGE_CURVE('',#2476,#2485,#2487,.T.);
#2485 = VERTEX_POINT('',#2486);
#2486 = CARTESIAN_POINT('',(2.5,1.5,18.5));
#2487 = LINE('',#2488,#2489);
#2488 = CARTESIAN_POINT('',(2.5,1.5,15.5));
#2489 = VECTOR('',#2490,1.);
#2490 = DIRECTION('',(0.,0.,1.));
#2491 = ORIENTED_EDGE('',*,*,#2492,.F.);
#2492 = EDGE_CURVE('',#2485,#2485,#2493,.T.);
#2493 = CIRCLE('',#2494,2.5);
#2494 = AXIS2_PLACEMENT_3D('',#2495,#2496,#2497);
#2495 = CARTESIAN_POINT('',(0.,1.5,18.5));
#2496 = DIRECTION('',(0.,0.,1.));
#2497 = DIRECTION('',(1.,0.,-0.));
#2498 = ORIENTED_EDGE('',*,*,#2484,.F.);
#2499 = CYLINDRICAL_SURFACE('',#2500,2.5);
#2500 = AXIS2_PLACEMENT_3D('',#2501,#2502,#2503);
#2501 = CARTESIAN_POINT('',(0.,1.5,15.5));
#2502 = DIRECTION('',(-0.,-0.,-1.));
#2503 = DIRECTION('',(1.,0.,0.));
#2504 = ADVANCED_FACE('',(#2505),#2508,.F.);
#2505 = FACE_BOUND('',#2506,.F.);
#2506 = EDGE_LOOP('',(#2507));
#2507 = ORIENTED_EDGE('',*,*,#2475,.T.);
#2508 = PLANE('',#2509);
#2509 = AXIS2_PLACEMENT_3D('',#2510,#2511,#2512);
#2510 = CARTESIAN_POINT('',(-1.367440132539E-16,1.5,15.5));
#2511 = DIRECTION('',(0.,0.,1.));
#2512 = DIRECTION('',(1.,0.,-0.));
#2513 = ADVANCED_FACE('',(#2514),#2517,.T.);
#2514 = FACE_BOUND('',#2515,.T.);
#2515 = EDGE_LOOP('',(#2516));
#2516 = ORIENTED_EDGE('',*,*,#2492,.T.);
#2517 = PLANE('',#2518);
#2518 = AXIS2_PLACEMENT_3D('',#2519,#2520,#2521);
#2519 = CARTESIAN_POINT('',(-1.367440132539E-16,1.5,18.5));
#2520 = DIRECTION('',(0.,0.,1.));
#2521 = DIRECTION('',(1.,0.,-0.));
#2522 = MANIFOLD_SOLID_BREP('',#2523);
#2523 = CLOSED_SHELL('',(#2524,#2557,#2566));
#2524 = ADVANCED_FACE('',(#2525),#2552,.T.);
#2525 = FACE_BOUND('',#2526,.T.);
#2526 = EDGE_LOOP('',(#2527,#2536,#2544,#2551));
#2527 = ORIENTED_EDGE('',*,*,#2528,.T.);
#2528 = EDGE_CURVE('',#2529,#2529,#2531,.T.);
#2529 = VERTEX_POINT('',#2530);
#2530 = CARTESIAN_POINT('',(12.02,1.5,15.5));
#2531 = CIRCLE('',#2532,2.5);
#2532 = AXIS2_PLACEMENT_3D('',#2533,#2534,#2535);
#2533 = CARTESIAN_POINT('',(9.52,1.5,15.5));
#2534 = DIRECTION('',(0.,0.,1.));
#2535 = DIRECTION('',(1.,0.,-0.));
#2536 = ORIENTED_EDGE('',*,*,#2537,.T.);
#2537 = EDGE_CURVE('',#2529,#2538,#2540,.T.);
#2538 = VERTEX_POINT('',#2539);
#2539 = CARTESIAN_POINT('',(12.02,1.5,18.5));
#2540 = LINE('',#2541,#2542);
#2541 = CARTESIAN_POINT('',(12.02,1.5,15.5));
#2542 = VECTOR('',#2543,1.);
#2543 = DIRECTION('',(0.,0.,1.));
#2544 = ORIENTED_EDGE('',*,*,#2545,.F.);
#2545 = EDGE_CURVE('',#2538,#2538,#2546,.T.);
#2546 = CIRCLE('',#2547,2.5);
#2547 = AXIS2_PLACEMENT_3D('',#2548,#2549,#2550);
#2548 = CARTESIAN_POINT('',(9.52,1.5,18.5));
#2549 = DIRECTION('',(0.,0.,1.));
#2550 = DIRECTION('',(1.,0.,-0.));
#2551 = ORIENTED_EDGE('',*,*,#2537,.F.);
#2552 = CYLINDRICAL_SURFACE('',#2553,2.5);
#2553 = AXIS2_PLACEMENT_3D('',#2554,#2555,#2556);
#2554 = CARTESIAN_POINT('',(9.52,1.5,15.5));
#2555 = DIRECTION('',(-0.,-0.,-1.));
#2556 = DIRECTION('',(1.,0.,0.));
#2557 = ADVANCED_FACE('',(#2558),#2561,.F.);
#2558 = FACE_BOUND('',#2559,.F.);
#2559 = EDGE_LOOP('',(#2560));
#2560 = ORIENTED_EDGE('',*,*,#2528,.T.);
#2561 = PLANE('',#2562);
#2562 = AXIS2_PLACEMENT_3D('',#2563,#2564,#2565);
#2563 = CARTESIAN_POINT('',(9.52,1.5,15.5));
#2564 = DIRECTION('',(0.,0.,1.));
#2565 = DIRECTION('',(1.,0.,-0.));
#2566 = ADVANCED_FACE('',(#2567),#2570,.T.);
#2567 = FACE_BOUND('',#2568,.T.);
#2568 = EDGE_LOOP('',(#2569));
#2569 = ORIENTED_EDGE('',*,*,#2545,.T.);
#2570 = PLANE('',#2571);
#2571 = AXIS2_PLACEMENT_3D('',#2572,#2573,#2574);
#2572 = CARTESIAN_POINT('',(9.52,1.5,18.5));
#2573 = DIRECTION('',(0.,0.,1.));
#2574 = DIRECTION('',(1.,0.,-0.));
#2575 = MANIFOLD_SOLID_BREP('',#2576);
#2576 = CLOSED_SHELL('',(#2577,#2617,#2657,#2679,#2701,#2713));
#2577 = ADVANCED_FACE('',(#2578),#2612,.F.);
#2578 = FACE_BOUND('',#2579,.F.);
#2579 = EDGE_LOOP('',(#2580,#2590,#2598,#2606));
#2580 = ORIENTED_EDGE('',*,*,#2581,.F.);
#2581 = EDGE_CURVE('',#2582,#2584,#2586,.T.);
#2582 = VERTEX_POINT('',#2583);
#2583 = CARTESIAN_POINT('',(-0.45,-0.45,-5.));
#2584 = VERTEX_POINT('',#2585);
#2585 = CARTESIAN_POINT('',(-0.45,-0.45,0.));
#2586 = LINE('',#2587,#2588);
#2587 = CARTESIAN_POINT('',(-0.45,-0.45,-5.));
#2588 = VECTOR('',#2589,1.);
#2589 = DIRECTION('',(0.,0.,1.));
#2590 = ORIENTED_EDGE('',*,*,#2591,.T.);
#2591 = EDGE_CURVE('',#2582,#2592,#2594,.T.);
#2592 = VERTEX_POINT('',#2593);
#2593 = CARTESIAN_POINT('',(-0.45,0.45,-5.));
#2594 = LINE('',#2595,#2596);
#2595 = CARTESIAN_POINT('',(-0.45,-0.45,-5.));
#2596 = VECTOR('',#2597,1.);
#2597 = DIRECTION('',(0.,1.,0.));
#2598 = ORIENTED_EDGE('',*,*,#2599,.T.);
#2599 = EDGE_CURVE('',#2592,#2600,#2602,.T.);
#2600 = VERTEX_POINT('',#2601);
#2601 = CARTESIAN_POINT('',(-0.45,0.45,0.));
#2602 = LINE('',#2603,#2604);
#2603 = CARTESIAN_POINT('',(-0.45,0.45,-5.));
#2604 = VECTOR('',#2605,1.);
#2605 = DIRECTION('',(0.,0.,1.));
#2606 = ORIENTED_EDGE('',*,*,#2607,.F.);
#2607 = EDGE_CURVE('',#2584,#2600,#2608,.T.);
#2608 = LINE('',#2609,#2610);
#2609 = CARTESIAN_POINT('',(-0.45,-0.45,0.));
#2610 = VECTOR('',#2611,1.);
#2611 = DIRECTION('',(0.,1.,0.));
#2612 = PLANE('',#2613);
#2613 = AXIS2_PLACEMENT_3D('',#2614,#2615,#2616);
#2614 = CARTESIAN_POINT('',(-0.45,-0.45,-5.));
#2615 = DIRECTION('',(1.,0.,0.));
#2616 = DIRECTION('',(0.,0.,1.));
#2617 = ADVANCED_FACE('',(#2618),#2652,.T.);
#2618 = FACE_BOUND('',#2619,.T.);
#2619 = EDGE_LOOP('',(#2620,#2630,#2638,#2646));
#2620 = ORIENTED_EDGE('',*,*,#2621,.F.);
#2621 = EDGE_CURVE('',#2622,#2624,#2626,.T.);
#2622 = VERTEX_POINT('',#2623);
#2623 = CARTESIAN_POINT('',(0.45,-0.45,-5.));
#2624 = VERTEX_POINT('',#2625);
#2625 = CARTESIAN_POINT('',(0.45,-0.45,0.));
#2626 = LINE('',#2627,#2628);
#2627 = CARTESIAN_POINT('',(0.45,-0.45,-5.));
#2628 = VECTOR('',#2629,1.);
#2629 = DIRECTION('',(0.,0.,1.));
#2630 = ORIENTED_EDGE('',*,*,#2631,.T.);
#2631 = EDGE_CURVE('',#2622,#2632,#2634,.T.);
#2632 = VERTEX_POINT('',#2633);
#2633 = CARTESIAN_POINT('',(0.45,0.45,-5.));
#2634 = LINE('',#2635,#2636);
#2635 = CARTESIAN_POINT('',(0.45,-0.45,-5.));
#2636 = VECTOR('',#2637,1.);
#2637 = DIRECTION('',(0.,1.,0.));
#2638 = ORIENTED_EDGE('',*,*,#2639,.T.);
#2639 = EDGE_CURVE('',#2632,#2640,#2642,.T.);
#2640 = VERTEX_POINT('',#2641);
#2641 = CARTESIAN_POINT('',(0.45,0.45,0.));
#2642 = LINE('',#2643,#2644);
#2643 = CARTESIAN_POINT('',(0.45,0.45,-5.));
#2644 = VECTOR('',#2645,1.);
#2645 = DIRECTION('',(0.,0.,1.));
#2646 = ORIENTED_EDGE('',*,*,#2647,.F.);
#2647 = EDGE_CURVE('',#2624,#2640,#2648,.T.);
#2648 = LINE('',#2649,#2650);
#2649 = CARTESIAN_POINT('',(0.45,-0.45,0.));
#2650 = VECTOR('',#2651,1.);
#2651 = DIRECTION('',(0.,1.,0.));
#2652 = PLANE('',#2653);
#2653 = AXIS2_PLACEMENT_3D('',#2654,#2655,#2656);
#2654 = CARTESIAN_POINT('',(0.45,-0.45,-5.));
#2655 = DIRECTION('',(1.,0.,0.));
#2656 = DIRECTION('',(0.,0.,1.));
#2657 = ADVANCED_FACE('',(#2658),#2674,.F.);
#2658 = FACE_BOUND('',#2659,.F.);
#2659 = EDGE_LOOP('',(#2660,#2666,#2667,#2673));
#2660 = ORIENTED_EDGE('',*,*,#2661,.F.);
#2661 = EDGE_CURVE('',#2582,#2622,#2662,.T.);
#2662 = LINE('',#2663,#2664);
#2663 = CARTESIAN_POINT('',(-0.45,-0.45,-5.));
#2664 = VECTOR('',#2665,1.);
#2665 = DIRECTION('',(1.,0.,0.));
#2666 = ORIENTED_EDGE('',*,*,#2581,.T.);
#2667 = ORIENTED_EDGE('',*,*,#2668,.T.);
#2668 = EDGE_CURVE('',#2584,#2624,#2669,.T.);
#2669 = LINE('',#2670,#2671);
#2670 = CARTESIAN_POINT('',(-0.45,-0.45,0.));
#2671 = VECTOR('',#2672,1.);
#2672 = DIRECTION('',(1.,0.,0.));
#2673 = ORIENTED_EDGE('',*,*,#2621,.F.);
#2674 = PLANE('',#2675);
#2675 = AXIS2_PLACEMENT_3D('',#2676,#2677,#2678);
#2676 = CARTESIAN_POINT('',(-0.45,-0.45,-5.));
#2677 = DIRECTION('',(0.,1.,0.));
#2678 = DIRECTION('',(0.,-0.,1.));
#2679 = ADVANCED_FACE('',(#2680),#2696,.T.);
#2680 = FACE_BOUND('',#2681,.T.);
#2681 = EDGE_LOOP('',(#2682,#2688,#2689,#2695));
#2682 = ORIENTED_EDGE('',*,*,#2683,.F.);
#2683 = EDGE_CURVE('',#2592,#2632,#2684,.T.);
#2684 = LINE('',#2685,#2686);
#2685 = CARTESIAN_POINT('',(-0.45,0.45,-5.));
#2686 = VECTOR('',#2687,1.);
#2687 = DIRECTION('',(1.,0.,0.));
#2688 = ORIENTED_EDGE('',*,*,#2599,.T.);
#2689 = ORIENTED_EDGE('',*,*,#2690,.T.);
#2690 = EDGE_CURVE('',#2600,#2640,#2691,.T.);
#2691 = LINE('',#2692,#2693);
#2692 = CARTESIAN_POINT('',(-0.45,0.45,0.));
#2693 = VECTOR('',#2694,1.);
#2694 = DIRECTION('',(1.,0.,0.));
#2695 = ORIENTED_EDGE('',*,*,#2639,.F.);
#2696 = PLANE('',#2697);
#2697 = AXIS2_PLACEMENT_3D('',#2698,#2699,#2700);
#2698 = CARTESIAN_POINT('',(-0.45,0.45,-5.));
#2699 = DIRECTION('',(0.,1.,0.));
#2700 = DIRECTION('',(0.,-0.,1.));
#2701 = ADVANCED_FACE('',(#2702),#2708,.F.);
#2702 = FACE_BOUND('',#2703,.F.);
#2703 = EDGE_LOOP('',(#2704,#2705,#2706,#2707));
#2704 = ORIENTED_EDGE('',*,*,#2591,.F.);
#2705 = ORIENTED_EDGE('',*,*,#2661,.T.);
#2706 = ORIENTED_EDGE('',*,*,#2631,.T.);
#2707 = ORIENTED_EDGE('',*,*,#2683,.F.);
#2708 = PLANE('',#2709);
#2709 = AXIS2_PLACEMENT_3D('',#2710,#2711,#2712);
#2710 = CARTESIAN_POINT('',(-0.45,-0.45,-5.));
#2711 = DIRECTION('',(0.,0.,1.));
#2712 = DIRECTION('',(1.,0.,-0.));
#2713 = ADVANCED_FACE('',(#2714),#2720,.T.);
#2714 = FACE_BOUND('',#2715,.T.);
#2715 = EDGE_LOOP('',(#2716,#2717,#2718,#2719));
#2716 = ORIENTED_EDGE('',*,*,#2607,.F.);
#2717 = ORIENTED_EDGE('',*,*,#2668,.T.);
#2718 = ORIENTED_EDGE('',*,*,#2647,.T.);
#2719 = ORIENTED_EDGE('',*,*,#2690,.F.);
#2720 = PLANE('',#2721);
#2721 = AXIS2_PLACEMENT_3D('',#2722,#2723,#2724);
#2722 = CARTESIAN_POINT('',(-0.45,-0.45,0.));
#2723 = DIRECTION('',(0.,0.,1.));
#2724 = DIRECTION('',(1.,0.,-0.));
#2725 = MANIFOLD_SOLID_BREP('',#2726);
#2726 = CLOSED_SHELL('',(#2727,#2767,#2807,#2829,#2851,#2863));
#2727 = ADVANCED_FACE('',(#2728),#2762,.F.);
#2728 = FACE_BOUND('',#2729,.F.);
#2729 = EDGE_LOOP('',(#2730,#2740,#2748,#2756));
#2730 = ORIENTED_EDGE('',*,*,#2731,.F.);
#2731 = EDGE_CURVE('',#2732,#2734,#2736,.T.);
#2732 = VERTEX_POINT('',#2733);
#2733 = CARTESIAN_POINT('',(9.07,-0.45,-5.));
#2734 = VERTEX_POINT('',#2735);
#2735 = CARTESIAN_POINT('',(9.07,-0.45,0.));
#2736 = LINE('',#2737,#2738);
#2737 = CARTESIAN_POINT('',(9.07,-0.45,-5.));
#2738 = VECTOR('',#2739,1.);
#2739 = DIRECTION('',(0.,0.,1.));
#2740 = ORIENTED_EDGE('',*,*,#2741,.T.);
#2741 = EDGE_CURVE('',#2732,#2742,#2744,.T.);
#2742 = VERTEX_POINT('',#2743);
#2743 = CARTESIAN_POINT('',(9.07,0.45,-5.));
#2744 = LINE('',#2745,#2746);
#2745 = CARTESIAN_POINT('',(9.07,-0.45,-5.));
#2746 = VECTOR('',#2747,1.);
#2747 = DIRECTION('',(0.,1.,0.));
#2748 = ORIENTED_EDGE('',*,*,#2749,.T.);
#2749 = EDGE_CURVE('',#2742,#2750,#2752,.T.);
#2750 = VERTEX_POINT('',#2751);
#2751 = CARTESIAN_POINT('',(9.07,0.45,0.));
#2752 = LINE('',#2753,#2754);
#2753 = CARTESIAN_POINT('',(9.07,0.45,-5.));
#2754 = VECTOR('',#2755,1.);
#2755 = DIRECTION('',(0.,0.,1.));
#2756 = ORIENTED_EDGE('',*,*,#2757,.F.);
#2757 = EDGE_CURVE('',#2734,#2750,#2758,.T.);
#2758 = LINE('',#2759,#2760);
#2759 = CARTESIAN_POINT('',(9.07,-0.45,0.));
#2760 = VECTOR('',#2761,1.);
#2761 = DIRECTION('',(0.,1.,0.));
#2762 = PLANE('',#2763);
#2763 = AXIS2_PLACEMENT_3D('',#2764,#2765,#2766);
#2764 = CARTESIAN_POINT('',(9.07,-0.45,-5.));
#2765 = DIRECTION('',(1.,0.,0.));
#2766 = DIRECTION('',(0.,0.,1.));
#2767 = ADVANCED_FACE('',(#2768),#2802,.T.);
#2768 = FACE_BOUND('',#2769,.T.);
#2769 = EDGE_LOOP('',(#2770,#2780,#2788,#2796));
#2770 = ORIENTED_EDGE('',*,*,#2771,.F.);
#2771 = EDGE_CURVE('',#2772,#2774,#2776,.T.);
#2772 = VERTEX_POINT('',#2773);
#2773 = CARTESIAN_POINT('',(9.97,-0.45,-5.));
#2774 = VERTEX_POINT('',#2775);
#2775 = CARTESIAN_POINT('',(9.97,-0.45,0.));
#2776 = LINE('',#2777,#2778);
#2777 = CARTESIAN_POINT('',(9.97,-0.45,-5.));
#2778 = VECTOR('',#2779,1.);
#2779 = DIRECTION('',(0.,0.,1.));
#2780 = ORIENTED_EDGE('',*,*,#2781,.T.);
#2781 = EDGE_CURVE('',#2772,#2782,#2784,.T.);
#2782 = VERTEX_POINT('',#2783);
#2783 = CARTESIAN_POINT('',(9.97,0.45,-5.));
#2784 = LINE('',#2785,#2786);
#2785 = CARTESIAN_POINT('',(9.97,-0.45,-5.));
#2786 = VECTOR('',#2787,1.);
#2787 = DIRECTION('',(0.,1.,0.));
#2788 = ORIENTED_EDGE('',*,*,#2789,.T.);
#2789 = EDGE_CURVE('',#2782,#2790,#2792,.T.);
#2790 = VERTEX_POINT('',#2791);
#2791 = CARTESIAN_POINT('',(9.97,0.45,0.));
#2792 = LINE('',#2793,#2794);
#2793 = CARTESIAN_POINT('',(9.97,0.45,-5.));
#2794 = VECTOR('',#2795,1.);
#2795 = DIRECTION('',(0.,0.,1.));
#2796 = ORIENTED_EDGE('',*,*,#2797,.F.);
#2797 = EDGE_CURVE('',#2774,#2790,#2798,.T.);
#2798 = LINE('',#2799,#2800);
#2799 = CARTESIAN_POINT('',(9.97,-0.45,0.));
#2800 = VECTOR('',#2801,1.);
#2801 = DIRECTION('',(0.,1.,0.));
#2802 = PLANE('',#2803);
#2803 = AXIS2_PLACEMENT_3D('',#2804,#2805,#2806);
#2804 = CARTESIAN_POINT('',(9.97,-0.45,-5.));
#2805 = DIRECTION('',(1.,0.,0.));
#2806 = DIRECTION('',(0.,0.,1.));
#2807 = ADVANCED_FACE('',(#2808),#2824,.F.);
#2808 = FACE_BOUND('',#2809,.F.);
#2809 = EDGE_LOOP('',(#2810,#2816,#2817,#2823));
#2810 = ORIENTED_EDGE('',*,*,#2811,.F.);
#2811 = EDGE_CURVE('',#2732,#2772,#2812,.T.);
#2812 = LINE('',#2813,#2814);
#2813 = CARTESIAN_POINT('',(9.07,-0.45,-5.));
#2814 = VECTOR('',#2815,1.);
#2815 = DIRECTION('',(1.,0.,0.));
#2816 = ORIENTED_EDGE('',*,*,#2731,.T.);
#2817 = ORIENTED_EDGE('',*,*,#2818,.T.);
#2818 = EDGE_CURVE('',#2734,#2774,#2819,.T.);
#2819 = LINE('',#2820,#2821);
#2820 = CARTESIAN_POINT('',(9.07,-0.45,0.));
#2821 = VECTOR('',#2822,1.);
#2822 = DIRECTION('',(1.,0.,0.));
#2823 = ORIENTED_EDGE('',*,*,#2771,.F.);
#2824 = PLANE('',#2825);
#2825 = AXIS2_PLACEMENT_3D('',#2826,#2827,#2828);
#2826 = CARTESIAN_POINT('',(9.07,-0.45,-5.));
#2827 = DIRECTION('',(0.,1.,0.));
#2828 = DIRECTION('',(0.,-0.,1.));
#2829 = ADVANCED_FACE('',(#2830),#2846,.T.);
#2830 = FACE_BOUND('',#2831,.T.);
#2831 = EDGE_LOOP('',(#2832,#2838,#2839,#2845));
#2832 = ORIENTED_EDGE('',*,*,#2833,.F.);
#2833 = EDGE_CURVE('',#2742,#2782,#2834,.T.);
#2834 = LINE('',#2835,#2836);
#2835 = CARTESIAN_POINT('',(9.07,0.45,-5.));
#2836 = VECTOR('',#2837,1.);
#2837 = DIRECTION('',(1.,0.,0.));
#2838 = ORIENTED_EDGE('',*,*,#2749,.T.);
#2839 = ORIENTED_EDGE('',*,*,#2840,.T.);
#2840 = EDGE_CURVE('',#2750,#2790,#2841,.T.);
#2841 = LINE('',#2842,#2843);
#2842 = CARTESIAN_POINT('',(9.07,0.45,0.));
#2843 = VECTOR('',#2844,1.);
#2844 = DIRECTION('',(1.,0.,0.));
#2845 = ORIENTED_EDGE('',*,*,#2789,.F.);
#2846 = PLANE('',#2847);
#2847 = AXIS2_PLACEMENT_3D('',#2848,#2849,#2850);
#2848 = CARTESIAN_POINT('',(9.07,0.45,-5.));
#2849 = DIRECTION('',(0.,1.,0.));
#2850 = DIRECTION('',(0.,-0.,1.));
#2851 = ADVANCED_FACE('',(#2852),#2858,.F.);
#2852 = FACE_BOUND('',#2853,.F.);
#2853 = EDGE_LOOP('',(#2854,#2855,#2856,#2857));
#2854 = ORIENTED_EDGE('',*,*,#2741,.F.);
#2855 = ORIENTED_EDGE('',*,*,#2811,.T.);
#2856 = ORIENTED_EDGE('',*,*,#2781,.T.);
#2857 = ORIENTED_EDGE('',*,*,#2833,.F.);
#2858 = PLANE('',#2859);
#2859 = AXIS2_PLACEMENT_3D('',#2860,#2861,#2862);
#2860 = CARTESIAN_POINT('',(9.07,-0.45,-5.));
#2861 = DIRECTION('',(0.,0.,1.));
#2862 = DIRECTION('',(1.,0.,-0.));
#2863 = ADVANCED_FACE('',(#2864),#2870,.T.);
#2864 = FACE_BOUND('',#2865,.T.);
#2865 = EDGE_LOOP('',(#2866,#2867,#2868,#2869));
#2866 = ORIENTED_EDGE('',*,*,#2757,.F.);
#2867 = ORIENTED_EDGE('',*,*,#2818,.T.);
#2868 = ORIENTED_EDGE('',*,*,#2797,.T.);
#2869 = ORIENTED_EDGE('',*,*,#2840,.F.);
#2870 = PLANE('',#2871);
#2871 = AXIS2_PLACEMENT_3D('',#2872,#2873,#2874);
#2872 = CARTESIAN_POINT('',(9.07,-0.45,0.));
#2873 = DIRECTION('',(0.,0.,1.));
#2874 = DIRECTION('',(1.,0.,-0.));
#2875 = ( GEOMETRIC_REPRESENTATION_CONTEXT(3) 
GLOBAL_UNCERTAINTY_ASSIGNED_CONTEXT((#2879)) 
GLOBAL_UNIT_ASSIGNED_CONTEXT((#2876,#2877,#2878)) REPRESENTATION_CONTEXT
('Context #1','3D Context with UNIT and UNCERTAINTY') );
#2876 = ( LENGTH_UNIT() NAMED_UNIT(*) SI_UNIT(.MILLI.,.METRE.) );
#2877 = ( NAMED_UNIT(*) PLANE_ANGLE_UNIT() SI_UNIT($,.RADIAN.) );
#2878 = ( NAMED_UNIT(*) SI_UNIT($,.STERADIAN.) SOLID_ANGLE_UNIT() );
#2879 = UNCERTAINTY_MEASURE_WITH_UNIT(LENGTH_MEASURE(1.E-07),#2876,
  'distance_accuracy_value','confusion accuracy');
#2880 = CONTEXT_DEPENDENT_SHAPE_REPRESENTATION(#2881,#2883);
#2881 = ( REPRESENTATION_RELATIONSHIP('','',#2468,#1898) 
REPRESENTATION_RELATIONSHIP_WITH_TRANSFORMATION(#2882) 
SHAPE_REPRESENTATION_RELATIONSHIP() );
#2882 = ITEM_DEFINED_TRANSFORMATION('','',#11,#1903);
#2883 = PRODUCT_DEFINITION_SHAPE('Placement','Placement of an item',
  #2884);
#2884 = NEXT_ASSEMBLY_USAGE_OCCURRENCE('13','p1','',#1893,#2463,$);
#2885 = PRODUCT_RELATED_PRODUCT_CATEGORY('part',$,(#2465));
#2886 = SHAPE_DEFINITION_REPRESENTATION(#2887,#2893);
#2887 = PRODUCT_DEFINITION_SHAPE('','',#2888);
#2888 = PRODUCT_DEFINITION('design','',#2889,#2892);
#2889 = PRODUCT_DEFINITION_FORMATION('','',#2890);
#2890 = PRODUCT('R_Axial_DIN0207_L6.3mm_D2.5mm_P5.08mm_Vertical',
  'R_Axial_DIN0207_L6.3mm_D2.5mm_P5.08mm_Vertical','',(#2891));
#2891 = PRODUCT_CONTEXT('',#2,'mechanical');
#2892 = PRODUCT_DEFINITION_CONTEXT('part definition',#2,'design');
#2893 = SHAPE_REPRESENTATION('',(#11,#2894),#2898);
#2894 = AXIS2_PLACEMENT_3D('',#2895,#2896,#2897);
#2895 = CARTESIAN_POINT('',(0.,0.,0.));
#2896 = DIRECTION('',(0.,0.,1.));
#2897 = DIRECTION('',(1.,0.,-0.));
#2898 = ( GEOMETRIC_REPRESENTATION_CONTEXT(3) 
GLOBAL_UNCERTAINTY_ASSIGNED_CONTEXT((#2902)) 
GLOBAL_UNIT_ASSIGNED_CONTEXT((#2899,#2900,#2901)) REPRESENTATION_CONTEXT
('Context #1','3D Context with UNIT and UNCERTAINTY') );
#2899 = ( LENGTH_UNIT() NAMED_UNIT(*) SI_UNIT(.MILLI.,.METRE.) );
#2900 = ( NAMED_UNIT(*) PLANE_ANGLE_UNIT() SI_UNIT($,.RADIAN.) );
#2901 = ( NAMED_UNIT(*) SI_UNIT($,.STERADIAN.) SOLID_ANGLE_UNIT() );
#2902 = UNCERTAINTY_MEASURE_WITH_UNIT(LENGTH_MEASURE(1.E-07),#2899,
  'distance_accuracy_value','confusion accuracy');
#2903 = CONTEXT_DEPENDENT_SHAPE_REPRESENTATION(#2904,#2906);
#2904 = ( REPRESENTATION_RELATIONSHIP('','',#2893,#10) 
REPRESENTATION_RELATIONSHIP_WITH_TRANSFORMATION(#2905) 
SHAPE_REPRESENTATION_RELATIONSHIP() );
#2905 = ITEM_DEFINED_TRANSFORMATION('','',#11,#39);
#2906 = PRODUCT_DEFINITION_SHAPE('Placement','Placement of an item',
  #2907);
#2907 = NEXT_ASSEMBLY_USAGE_OCCURRENCE('17','R_sig4','',#5,#2888,$);
#2908 = PRODUCT_RELATED_PRODUCT_CATEGORY('part',$,(#2890));
#2909 = SHAPE_DEFINITION_REPRESENTATION(#2910,#2916);
#2910 = PRODUCT_DEFINITION_SHAPE('','',#2911);
#2911 = PRODUCT_DEFINITION('design','',#2912,#2915);
#2912 = PRODUCT_DEFINITION_FORMATION('','',#2913);
#2913 = PRODUCT('R_Axial_DIN0207_L63mm_D25mm_P508mm_Vertical',
  'R_Axial_DIN0207_L63mm_D25mm_P508mm_Vertical','',(#2914));
#2914 = PRODUCT_CONTEXT('',#2,'mechanical');
#2915 = PRODUCT_DEFINITION_CONTEXT('part definition',#2,'design');
#2916 = ADVANCED_BREP_SHAPE_REPRESENTATION('',(#11,#2917),#3304);
#2917 = MANIFOLD_SOLID_BREP('',#2918);
#2918 = CLOSED_SHELL('',(#2919,#2952,#2978,#2998,#3018,#3043,#3068,#3088
    ,#3097,#3122,#3148,#3168,#3193,#3219,#3244,#3270,#3295));
#2919 = ADVANCED_FACE('',(#2920),#2947,.T.);
#2920 = FACE_BOUND('',#2921,.T.);
#2921 = EDGE_LOOP('',(#2922,#2931,#2939,#2946));
#2922 = ORIENTED_EDGE('',*,*,#2923,.T.);
#2923 = EDGE_CURVE('',#2924,#2924,#2926,.T.);
#2924 = VERTEX_POINT('',#2925);
#2925 = CARTESIAN_POINT('',(1.25,0.,1.625));
#2926 = CIRCLE('',#2927,1.25);
#2927 = AXIS2_PLACEMENT_3D('',#2928,#2929,#2930);
#2928 = CARTESIAN_POINT('',(0.,0.,1.625));
#2929 = DIRECTION('',(0.,0.,1.));
#2930 = DIRECTION('',(1.,0.,-0.));
#2931 = ORIENTED_EDGE('',*,*,#2932,.T.);
#2932 = EDGE_CURVE('',#2924,#2933,#2935,.T.);
#2933 = VERTEX_POINT('',#2934);
#2934 = CARTESIAN_POINT('',(1.25,0.,2.575));
#2935 = LINE('',#2936,#2937);
#2936 = CARTESIAN_POINT('',(1.25,0.,1.));
#2937 = VECTOR('',#2938,1.);
#2938 = DIRECTION('',(0.,0.,1.));
#2939 = ORIENTED_EDGE('',*,*,#2940,.F.);
#2940 = EDGE_CURVE('',#2933,#2933,#2941,.T.);
#2941 = CIRCLE('',#2942,1.25);
#2942 = AXIS2_PLACEMENT_3D('',#2943,#2944,#2945);
#2943 = CARTESIAN_POINT('',(0.,0.,2.575));
#2944 = DIRECTION('',(0.,0.,1.));
#2945 = DIRECTION('',(1.,0.,-0.));
#2946 = ORIENTED_EDGE('',*,*,#2932,.F.);
#2947 = CYLINDRICAL_SURFACE('',#2948,1.25);
#2948 = AXIS2_PLACEMENT_3D('',#2949,#2950,#2951);
#2949 = CARTESIAN_POINT('',(0.,0.,1.));
#2950 = DIRECTION('',(-0.,-0.,-1.));
#2951 = DIRECTION('',(1.,0.,0.));
#2952 = ADVANCED_FACE('',(#2953),#2973,.T.);
#2953 = FACE_BOUND('',#2954,.T.);
#2954 = EDGE_LOOP('',(#2955,#2964,#2971,#2972));
#2955 = ORIENTED_EDGE('',*,*,#2956,.T.);
#2956 = EDGE_CURVE('',#2957,#2957,#2959,.T.);
#2957 = VERTEX_POINT('',#2958);
#2958 = CARTESIAN_POINT('',(0.625,0.,1.));
#2959 = CIRCLE('',#2960,0.625);
#2960 = AXIS2_PLACEMENT_3D('',#2961,#2962,#2963);
#2961 = CARTESIAN_POINT('',(0.,0.,1.));
#2962 = DIRECTION('',(0.,0.,1.));
#2963 = DIRECTION('',(1.,0.,-0.));
#2964 = ORIENTED_EDGE('',*,*,#2965,.F.);
#2965 = EDGE_CURVE('',#2924,#2957,#2966,.T.);
#2966 = CIRCLE('',#2967,0.625);
#2967 = AXIS2_PLACEMENT_3D('',#2968,#2969,#2970);
#2968 = CARTESIAN_POINT('',(0.625,0.,1.625));
#2969 = DIRECTION('',(-0.,1.,0.));
#2970 = DIRECTION('',(1.,0.,0.));
#2971 = ORIENTED_EDGE('',*,*,#2923,.F.);
#2972 = ORIENTED_EDGE('',*,*,#2965,.T.);
#2973 = TOROIDAL_SURFACE('',#2974,0.625,0.625);
#2974 = AXIS2_PLACEMENT_3D('',#2975,#2976,#2977);
#2975 = CARTESIAN_POINT('',(0.,0.,1.625));
#2976 = DIRECTION('',(0.,0.,-1.));
#2977 = DIRECTION('',(1.,0.,0.));
#2978 = ADVANCED_FACE('',(#2979,#2982),#2993,.F.);
#2979 = FACE_BOUND('',#2980,.F.);
#2980 = EDGE_LOOP('',(#2981));
#2981 = ORIENTED_EDGE('',*,*,#2940,.F.);
#2982 = FACE_BOUND('',#2983,.F.);
#2983 = EDGE_LOOP('',(#2984));
#2984 = ORIENTED_EDGE('',*,*,#2985,.F.);
#2985 = EDGE_CURVE('',#2986,#2986,#2988,.T.);
#2986 = VERTEX_POINT('',#2987);
#2987 = CARTESIAN_POINT('',(1.125,0.,2.575));
#2988 = CIRCLE('',#2989,1.125);
#2989 = AXIS2_PLACEMENT_3D('',#2990,#2991,#2992);
#2990 = CARTESIAN_POINT('',(0.,0.,2.575));
#2991 = DIRECTION('',(0.,0.,-1.));
#2992 = DIRECTION('',(1.,0.,0.));
#2993 = PLANE('',#2994);
#2994 = AXIS2_PLACEMENT_3D('',#2995,#2996,#2997);
#2995 = CARTESIAN_POINT('',(1.25,0.,2.575));
#2996 = DIRECTION('',(0.,0.,-1.));
#2997 = DIRECTION('',(-1.,0.,0.));
#2998 = ADVANCED_FACE('',(#2999,#3002),#3013,.T.);
#2999 = FACE_BOUND('',#3000,.T.);
#3000 = EDGE_LOOP('',(#3001));
#3001 = ORIENTED_EDGE('',*,*,#2956,.F.);
#3002 = FACE_BOUND('',#3003,.T.);
#3003 = EDGE_LOOP('',(#3004));
#3004 = ORIENTED_EDGE('',*,*,#3005,.T.);
#3005 = EDGE_CURVE('',#3006,#3006,#3008,.T.);
#3006 = VERTEX_POINT('',#3007);
#3007 = CARTESIAN_POINT('',(0.3,0.,1.));
#3008 = CIRCLE('',#3009,0.3);
#3009 = AXIS2_PLACEMENT_3D('',#3010,#3011,#3012);
#3010 = CARTESIAN_POINT('',(0.,0.,1.));
#3011 = DIRECTION('',(0.,0.,1.));
#3012 = DIRECTION('',(1.,0.,-0.));
#3013 = PLANE('',#3014);
#3014 = AXIS2_PLACEMENT_3D('',#3015,#3016,#3017);
#3015 = CARTESIAN_POINT('',(1.25,0.,1.));
#3016 = DIRECTION('',(0.,0.,-1.));
#3017 = DIRECTION('',(-1.,0.,0.));
#3018 = ADVANCED_FACE('',(#3019),#3038,.T.);
#3019 = FACE_BOUND('',#3020,.T.);
#3020 = EDGE_LOOP('',(#3021,#3030,#3036,#3037));
#3021 = ORIENTED_EDGE('',*,*,#3022,.T.);
#3022 = EDGE_CURVE('',#3023,#3023,#3025,.T.);
#3023 = VERTEX_POINT('',#3024);
#3024 = CARTESIAN_POINT('',(1.125,0.,5.725));
#3025 = CIRCLE('',#3026,1.125);
#3026 = AXIS2_PLACEMENT_3D('',#3027,#3028,#3029);
#3027 = CARTESIAN_POINT('',(0.,0.,5.725));
#3028 = DIRECTION('',(0.,0.,-1.));
#3029 = DIRECTION('',(1.,0.,0.));
#3030 = ORIENTED_EDGE('',*,*,#3031,.F.);
#3031 = EDGE_CURVE('',#2986,#3023,#3032,.T.);
#3032 = LINE('',#3033,#3034);
#3033 = CARTESIAN_POINT('',(1.125,0.,1.));
#3034 = VECTOR('',#3035,1.);
#3035 = DIRECTION('',(0.,0.,1.));
#3036 = ORIENTED_EDGE('',*,*,#2985,.F.);
#3037 = ORIENTED_EDGE('',*,*,#3031,.T.);
#3038 = CYLINDRICAL_SURFACE('',#3039,1.125);
#3039 = AXIS2_PLACEMENT_3D('',#3040,#3041,#3042);
#3040 = CARTESIAN_POINT('',(0.,0.,1.));
#3041 = DIRECTION('',(-0.,-0.,-1.));
#3042 = DIRECTION('',(1.,0.,0.));
#3043 = ADVANCED_FACE('',(#3044),#3063,.T.);
#3044 = FACE_BOUND('',#3045,.T.);
#3045 = EDGE_LOOP('',(#3046,#3055,#3061,#3062));
#3046 = ORIENTED_EDGE('',*,*,#3047,.T.);
#3047 = EDGE_CURVE('',#3048,#3048,#3050,.T.);
#3048 = VERTEX_POINT('',#3049);
#3049 = CARTESIAN_POINT('',(0.3,-7.347880794884E-17,-3.));
#3050 = CIRCLE('',#3051,0.3);
#3051 = AXIS2_PLACEMENT_3D('',#3052,#3053,#3054);
#3052 = CARTESIAN_POINT('',(0.,0.,-3.));
#3053 = DIRECTION('',(0.,0.,1.));
#3054 = DIRECTION('',(1.,0.,-0.));
#3055 = ORIENTED_EDGE('',*,*,#3056,.T.);
#3056 = EDGE_CURVE('',#3048,#3006,#3057,.T.);
#3057 = LINE('',#3058,#3059);
#3058 = CARTESIAN_POINT('',(0.3,0.,-3.));
#3059 = VECTOR('',#3060,1.);
#3060 = DIRECTION('',(0.,0.,1.));
#3061 = ORIENTED_EDGE('',*,*,#3005,.F.);
#3062 = ORIENTED_EDGE('',*,*,#3056,.F.);
#3063 = CYLINDRICAL_SURFACE('',#3064,0.3);
#3064 = AXIS2_PLACEMENT_3D('',#3065,#3066,#3067);
#3065 = CARTESIAN_POINT('',(0.,0.,-3.));
#3066 = DIRECTION('',(0.,0.,1.));
#3067 = DIRECTION('',(1.,0.,-0.));
#3068 = ADVANCED_FACE('',(#3069,#3080),#3083,.T.);
#3069 = FACE_BOUND('',#3070,.T.);
#3070 = EDGE_LOOP('',(#3071));
#3071 = ORIENTED_EDGE('',*,*,#3072,.F.);
#3072 = EDGE_CURVE('',#3073,#3073,#3075,.T.);
#3073 = VERTEX_POINT('',#3074);
#3074 = CARTESIAN_POINT('',(1.25,0.,5.725));
#3075 = CIRCLE('',#3076,1.25);
#3076 = AXIS2_PLACEMENT_3D('',#3077,#3078,#3079);
#3077 = CARTESIAN_POINT('',(0.,0.,5.725));
#3078 = DIRECTION('',(0.,0.,1.));
#3079 = DIRECTION('',(1.,0.,-0.));
#3080 = FACE_BOUND('',#3081,.T.);
#3081 = EDGE_LOOP('',(#3082));
#3082 = ORIENTED_EDGE('',*,*,#3022,.F.);
#3083 = PLANE('',#3084);
#3084 = AXIS2_PLACEMENT_3D('',#3085,#3086,#3087);
#3085 = CARTESIAN_POINT('',(1.25,0.,5.725));
#3086 = DIRECTION('',(0.,0.,-1.));
#3087 = DIRECTION('',(-1.,0.,0.));
#3088 = ADVANCED_FACE('',(#3089),#3092,.T.);
#3089 = FACE_BOUND('',#3090,.F.);
#3090 = EDGE_LOOP('',(#3091));
#3091 = ORIENTED_EDGE('',*,*,#3047,.T.);
#3092 = PLANE('',#3093);
#3093 = AXIS2_PLACEMENT_3D('',#3094,#3095,#3096);
#3094 = CARTESIAN_POINT('',(0.3,0.,-3.));
#3095 = DIRECTION('',(0.,0.,-1.));
#3096 = DIRECTION('',(-1.,0.,0.));
#3097 = ADVANCED_FACE('',(#3098),#3117,.T.);
#3098 = FACE_BOUND('',#3099,.T.);
#3099 = EDGE_LOOP('',(#3100,#3101,#3109,#3116));
#3100 = ORIENTED_EDGE('',*,*,#3072,.T.);
#3101 = ORIENTED_EDGE('',*,*,#3102,.T.);
#3102 = EDGE_CURVE('',#3073,#3103,#3105,.T.);
#3103 = VERTEX_POINT('',#3104);
#3104 = CARTESIAN_POINT('',(1.25,0.,6.675));
#3105 = LINE('',#3106,#3107);
#3106 = CARTESIAN_POINT('',(1.25,0.,5.725));
#3107 = VECTOR('',#3108,1.);
#3108 = DIRECTION('',(0.,0.,1.));
#3109 = ORIENTED_EDGE('',*,*,#3110,.F.);
#3110 = EDGE_CURVE('',#3103,#3103,#3111,.T.);
#3111 = CIRCLE('',#3112,1.25);
#3112 = AXIS2_PLACEMENT_3D('',#3113,#3114,#3115);
#3113 = CARTESIAN_POINT('',(0.,0.,6.675));
#3114 = DIRECTION('',(0.,0.,1.));
#3115 = DIRECTION('',(1.,0.,-0.));
#3116 = ORIENTED_EDGE('',*,*,#3102,.F.);
#3117 = CYLINDRICAL_SURFACE('',#3118,1.25);
#3118 = AXIS2_PLACEMENT_3D('',#3119,#3120,#3121);
#3119 = CARTESIAN_POINT('',(0.,0.,5.725));
#3120 = DIRECTION('',(-0.,-0.,-1.));
#3121 = DIRECTION('',(1.,0.,0.));
#3122 = ADVANCED_FACE('',(#3123),#3143,.T.);
#3123 = FACE_BOUND('',#3124,.T.);
#3124 = EDGE_LOOP('',(#3125,#3134,#3135,#3136));
#3125 = ORIENTED_EDGE('',*,*,#3126,.F.);
#3126 = EDGE_CURVE('',#3103,#3127,#3129,.T.);
#3127 = VERTEX_POINT('',#3128);
#3128 = CARTESIAN_POINT('',(0.625,0.,7.3));
#3129 = CIRCLE('',#3130,0.625);
#3130 = AXIS2_PLACEMENT_3D('',#3131,#3132,#3133);
#3131 = CARTESIAN_POINT('',(0.625,0.,6.675));
#3132 = DIRECTION('',(0.,-1.,0.));
#3133 = DIRECTION('',(1.,0.,0.));
#3134 = ORIENTED_EDGE('',*,*,#3110,.T.);
#3135 = ORIENTED_EDGE('',*,*,#3126,.T.);
#3136 = ORIENTED_EDGE('',*,*,#3137,.F.);
#3137 = EDGE_CURVE('',#3127,#3127,#3138,.T.);
#3138 = CIRCLE('',#3139,0.625);
#3139 = AXIS2_PLACEMENT_3D('',#3140,#3141,#3142);
#3140 = CARTESIAN_POINT('',(0.,0.,7.3));
#3141 = DIRECTION('',(0.,0.,1.));
#3142 = DIRECTION('',(1.,0.,-0.));
#3143 = TOROIDAL_SURFACE('',#3144,0.625,0.625);
#3144 = AXIS2_PLACEMENT_3D('',#3145,#3146,#3147);
#3145 = CARTESIAN_POINT('',(0.,0.,6.675));
#3146 = DIRECTION('',(0.,0.,1.));
#3147 = DIRECTION('',(1.,0.,-0.));
#3148 = ADVANCED_FACE('',(#3149,#3152),#3163,.F.);
#3149 = FACE_BOUND('',#3150,.F.);
#3150 = EDGE_LOOP('',(#3151));
#3151 = ORIENTED_EDGE('',*,*,#3137,.F.);
#3152 = FACE_BOUND('',#3153,.F.);
#3153 = EDGE_LOOP('',(#3154));
#3154 = ORIENTED_EDGE('',*,*,#3155,.T.);
#3155 = EDGE_CURVE('',#3156,#3156,#3158,.T.);
#3156 = VERTEX_POINT('',#3157);
#3157 = CARTESIAN_POINT('',(0.3,0.,7.3));
#3158 = CIRCLE('',#3159,0.3);
#3159 = AXIS2_PLACEMENT_3D('',#3160,#3161,#3162);
#3160 = CARTESIAN_POINT('',(0.,0.,7.3));
#3161 = DIRECTION('',(0.,0.,1.));
#3162 = DIRECTION('',(1.,0.,-0.));
#3163 = PLANE('',#3164);
#3164 = AXIS2_PLACEMENT_3D('',#3165,#3166,#3167);
#3165 = CARTESIAN_POINT('',(1.25,0.,7.3));
#3166 = DIRECTION('',(0.,0.,-1.));
#3167 = DIRECTION('',(-1.,0.,0.));
#3168 = ADVANCED_FACE('',(#3169),#3188,.T.);
#3169 = FACE_BOUND('',#3170,.T.);
#3170 = EDGE_LOOP('',(#3171,#3172,#3180,#3187));
#3171 = ORIENTED_EDGE('',*,*,#3155,.T.);
#3172 = ORIENTED_EDGE('',*,*,#3173,.T.);
#3173 = EDGE_CURVE('',#3156,#3174,#3176,.T.);
#3174 = VERTEX_POINT('',#3175);
#3175 = CARTESIAN_POINT('',(0.3,0.,8.3));
#3176 = LINE('',#3177,#3178);
#3177 = CARTESIAN_POINT('',(0.3,0.,-3.));
#3178 = VECTOR('',#3179,1.);
#3179 = DIRECTION('',(0.,0.,1.));
#3180 = ORIENTED_EDGE('',*,*,#3181,.F.);
#3181 = EDGE_CURVE('',#3174,#3174,#3182,.T.);
#3182 = CIRCLE('',#3183,0.3);
#3183 = AXIS2_PLACEMENT_3D('',#3184,#3185,#3186);
#3184 = CARTESIAN_POINT('',(0.,0.,8.3));
#3185 = DIRECTION('',(0.,0.,1.));
#3186 = DIRECTION('',(1.,0.,-0.));
#3187 = ORIENTED_EDGE('',*,*,#3173,.F.);
#3188 = CYLINDRICAL_SURFACE('',#3189,0.3);
#3189 = AXIS2_PLACEMENT_3D('',#3190,#3191,#3192);
#3190 = CARTESIAN_POINT('',(0.,0.,-3.));
#3191 = DIRECTION('',(0.,0.,1.));
#3192 = DIRECTION('',(1.,0.,-0.));
#3193 = ADVANCED_FACE('',(#3194),#3214,.T.);
#3194 = FACE_BOUND('',#3195,.T.);
#3195 = EDGE_LOOP('',(#3196,#3205,#3212,#3213));
#3196 = ORIENTED_EDGE('',*,*,#3197,.T.);
#3197 = EDGE_CURVE('',#3174,#3198,#3200,.T.);
#3198 = VERTEX_POINT('',#3199);
#3199 = CARTESIAN_POINT('',(0.9,0.,8.9));
#3200 = CIRCLE('',#3201,0.6);
#3201 = AXIS2_PLACEMENT_3D('',#3202,#3203,#3204);
#3202 = CARTESIAN_POINT('',(0.9,1.102182119233E-16,8.3));
#3203 = DIRECTION('',(0.,1.,0.));
#3204 = DIRECTION('',(-1.,0.,-1.973729821556E-15));
#3205 = ORIENTED_EDGE('',*,*,#3206,.T.);
#3206 = EDGE_CURVE('',#3198,#3198,#3207,.T.);
#3207 = CIRCLE('',#3208,0.3);
#3208 = AXIS2_PLACEMENT_3D('',#3209,#3210,#3211);
#3209 = CARTESIAN_POINT('',(0.9,0.,9.2));
#3210 = DIRECTION('',(-1.,0.,6.295730975872E-16));
#3211 = DIRECTION('',(6.295730975872E-16,0.,1.));
#3212 = ORIENTED_EDGE('',*,*,#3197,.F.);
#3213 = ORIENTED_EDGE('',*,*,#3181,.T.);
#3214 = TOROIDAL_SURFACE('',#3215,0.9,0.3);
#3215 = AXIS2_PLACEMENT_3D('',#3216,#3217,#3218);
#3216 = CARTESIAN_POINT('',(0.9,0.,8.3));
#3217 = DIRECTION('',(0.,1.,0.));
#3218 = DIRECTION('',(-1.,0.,-1.973729821556E-15));
#3219 = ADVANCED_FACE('',(#3220),#3239,.T.);
#3220 = FACE_BOUND('',#3221,.T.);
#3221 = EDGE_LOOP('',(#3222,#3230,#3237,#3238));
#3222 = ORIENTED_EDGE('',*,*,#3223,.T.);
#3223 = EDGE_CURVE('',#3198,#3224,#3226,.T.);
#3224 = VERTEX_POINT('',#3225);
#3225 = CARTESIAN_POINT('',(4.18,0.,8.9));
#3226 = LINE('',#3227,#3228);
#3227 = CARTESIAN_POINT('',(0.9,0.,8.9));
#3228 = VECTOR('',#3229,1.);
#3229 = DIRECTION('',(1.,0.,0.));
#3230 = ORIENTED_EDGE('',*,*,#3231,.F.);
#3231 = EDGE_CURVE('',#3224,#3224,#3232,.T.);
#3232 = CIRCLE('',#3233,0.3);
#3233 = AXIS2_PLACEMENT_3D('',#3234,#3235,#3236);
#3234 = CARTESIAN_POINT('',(4.18,0.,9.2));
#3235 = DIRECTION('',(1.,-0.,0.));
#3236 = DIRECTION('',(0.,0.,-1.));
#3237 = ORIENTED_EDGE('',*,*,#3223,.F.);
#3238 = ORIENTED_EDGE('',*,*,#3206,.F.);
#3239 = CYLINDRICAL_SURFACE('',#3240,0.3);
#3240 = AXIS2_PLACEMENT_3D('',#3241,#3242,#3243);
#3241 = CARTESIAN_POINT('',(0.9,0.,9.2));
#3242 = DIRECTION('',(1.,0.,0.));
#3243 = DIRECTION('',(0.,0.,-1.));
#3244 = ADVANCED_FACE('',(#3245),#3265,.T.);
#3245 = FACE_BOUND('',#3246,.T.);
#3246 = EDGE_LOOP('',(#3247,#3256,#3263,#3264));
#3247 = ORIENTED_EDGE('',*,*,#3248,.T.);
#3248 = EDGE_CURVE('',#3224,#3249,#3251,.T.);
#3249 = VERTEX_POINT('',#3250);
#3250 = CARTESIAN_POINT('',(4.78,0.,8.3));
#3251 = CIRCLE('',#3252,0.6);
#3252 = AXIS2_PLACEMENT_3D('',#3253,#3254,#3255);
#3253 = CARTESIAN_POINT('',(4.18,1.102182119233E-16,8.3));
#3254 = DIRECTION('',(0.,1.,-0.));
#3255 = DIRECTION('',(-9.868649107779E-16,0.,1.));
#3256 = ORIENTED_EDGE('',*,*,#3257,.T.);
#3257 = EDGE_CURVE('',#3249,#3249,#3258,.T.);
#3258 = CIRCLE('',#3259,0.3);
#3259 = AXIS2_PLACEMENT_3D('',#3260,#3261,#3262);
#3260 = CARTESIAN_POINT('',(5.08,0.,8.3));
#3261 = DIRECTION('',(2.060527218215E-15,-0.,1.));
#3262 = DIRECTION('',(1.,0.,-2.060527218215E-15));
#3263 = ORIENTED_EDGE('',*,*,#3248,.F.);
#3264 = ORIENTED_EDGE('',*,*,#3231,.T.);
#3265 = TOROIDAL_SURFACE('',#3266,0.9,0.3);
#3266 = AXIS2_PLACEMENT_3D('',#3267,#3268,#3269);
#3267 = CARTESIAN_POINT('',(4.18,0.,8.3));
#3268 = DIRECTION('',(0.,1.,0.));
#3269 = DIRECTION('',(-9.868649107779E-16,0.,1.));
#3270 = ADVANCED_FACE('',(#3271),#3290,.T.);
#3271 = FACE_BOUND('',#3272,.T.);
#3272 = EDGE_LOOP('',(#3273,#3281,#3288,#3289));
#3273 = ORIENTED_EDGE('',*,*,#3274,.T.);
#3274 = EDGE_CURVE('',#3249,#3275,#3277,.T.);
#3275 = VERTEX_POINT('',#3276);
#3276 = CARTESIAN_POINT('',(4.78,-7.347880794884E-17,-3.));
#3277 = LINE('',#3278,#3279);
#3278 = CARTESIAN_POINT('',(4.78,0.,8.3));
#3279 = VECTOR('',#3280,1.);
#3280 = DIRECTION('',(0.,0.,-1.));
#3281 = ORIENTED_EDGE('',*,*,#3282,.F.);
#3282 = EDGE_CURVE('',#3275,#3275,#3283,.T.);
#3283 = CIRCLE('',#3284,0.3);
#3284 = AXIS2_PLACEMENT_3D('',#3285,#3286,#3287);
#3285 = CARTESIAN_POINT('',(5.08,0.,-3.));
#3286 = DIRECTION('',(0.,0.,-1.));
#3287 = DIRECTION('',(-1.,0.,0.));
#3288 = ORIENTED_EDGE('',*,*,#3274,.F.);
#3289 = ORIENTED_EDGE('',*,*,#3257,.F.);
#3290 = CYLINDRICAL_SURFACE('',#3291,0.3);
#3291 = AXIS2_PLACEMENT_3D('',#3292,#3293,#3294);
#3292 = CARTESIAN_POINT('',(5.08,0.,8.3));
#3293 = DIRECTION('',(0.,0.,-1.));
#3294 = DIRECTION('',(-1.,0.,0.));
#3295 = ADVANCED_FACE('',(#3296),#3299,.F.);
#3296 = FACE_BOUND('',#3297,.T.);
#3297 = EDGE_LOOP('',(#3298));
#3298 = ORIENTED_EDGE('',*,*,#3282,.T.);
#3299 = PLANE('',#3300);
#3300 = AXIS2_PLACEMENT_3D('',#3301,#3302,#3303);
#3301 = CARTESIAN_POINT('',(4.78,0.,-3.));
#3302 = DIRECTION('',(0.,0.,1.));
#3303 = DIRECTION('',(1.,0.,-0.));
#3304 = ( GEOMETRIC_REPRESENTATION_CONTEXT(3) 
GLOBAL_UNCERTAINTY_ASSIGNED_CONTEXT((#3308)) 
GLOBAL_UNIT_ASSIGNED_CONTEXT((#3305,#3306,#3307)) REPRESENTATION_CONTEXT
('Context #1','3D Context with UNIT and UNCERTAINTY') );
#3305 = ( LENGTH_UNIT() NAMED_UNIT(*) SI_UNIT(.MILLI.,.METRE.) );
#3306 = ( NAMED_UNIT(*) PLANE_ANGLE_UNIT() SI_UNIT($,.RADIAN.) );
#3307 = ( NAMED_UNIT(*) SI_UNIT($,.STERADIAN.) SOLID_ANGLE_UNIT() );
#3308 = UNCERTAINTY_MEASURE_WITH_UNIT(LENGTH_MEASURE(1.E-07),#3305,
  'distance_accuracy_value','confusion accuracy');
#3309 = CONTEXT_DEPENDENT_SHAPE_REPRESENTATION(#3310,#3312);
#3310 = ( REPRESENTATION_RELATIONSHIP('','',#2916,#2893) 
REPRESENTATION_RELATIONSHIP_WITH_TRANSFORMATION(#3311) 
SHAPE_REPRESENTATION_RELATIONSHIP() );
#3311 = ITEM_DEFINED_TRANSFORMATION('','',#11,#2894);
#3312 = PRODUCT_DEFINITION_SHAPE('Placement','Placement of an item',
  #3313);
#3313 = NEXT_ASSEMBLY_USAGE_OCCURRENCE('16','=>[0:1:1:17]','',#2888,
  #2911,$);
#3314 = PRODUCT_RELATED_PRODUCT_CATEGORY('part',$,(#2913));
#3315 = SHAPE_DEFINITION_REPRESENTATION(#3316,#3322);
#3316 = PRODUCT_DEFINITION_SHAPE('','',#3317);
#3317 = PRODUCT_DEFINITION('design','',#3318,#3321);
#3318 = PRODUCT_DEFINITION_FORMATION('','',#3319);
#3319 = PRODUCT(
  'R_Axial_DIN0516_L15.5mm_D5.0mm_P10.16mm_Vertical_BodyOnPad2',
  'R_Axial_DIN0516_L15.5mm_D5.0mm_P10.16mm_Vertical_BodyOnPad2','',(
    #3320));
#3320 = PRODUCT_CONTEXT('',#2,'mechanical');
#3321 = PRODUCT_DEFINITION_CONTEXT('part definition',#2,'design');
#3322 = SHAPE_REPRESENTATION('',(#11,#3323),#3327);
#3323 = AXIS2_PLACEMENT_3D('',#3324,#3325,#3326);
#3324 = CARTESIAN_POINT('',(0.,0.,0.));
#3325 = DIRECTION('',(0.,0.,1.));
#3326 = DIRECTION('',(1.,0.,-0.));
#3327 = ( GEOMETRIC_REPRESENTATION_CONTEXT(3) 
GLOBAL_UNCERTAINTY_ASSIGNED_CONTEXT((#3331)) 
GLOBAL_UNIT_ASSIGNED_CONTEXT((#3328,#3329,#3330)) REPRESENTATION_CONTEXT
('Context #1','3D Context with UNIT and UNCERTAINTY') );
#3328 = ( LENGTH_UNIT() NAMED_UNIT(*) SI_UNIT(.MILLI.,.METRE.) );
#3329 = ( NAMED_UNIT(*) PLANE_ANGLE_UNIT() SI_UNIT($,.RADIAN.) );
#3330 = ( NAMED_UNIT(*) SI_UNIT($,.STERADIAN.) SOLID_ANGLE_UNIT() );
#3331 = UNCERTAINTY_MEASURE_WITH_UNIT(LENGTH_MEASURE(1.E-07),#3328,
  'distance_accuracy_value','confusion accuracy');
#3332 = CONTEXT_DEPENDENT_SHAPE_REPRESENTATION(#3333,#3335);
#3333 = ( REPRESENTATION_RELATIONSHIP('','',#3322,#10) 
REPRESENTATION_RELATIONSHIP_WITH_TRANSFORMATION(#3334) 
SHAPE_REPRESENTATION_RELATIONSHIP() );
#3334 = ITEM_DEFINED_TRANSFORMATION('','',#11,#43);
#3335 = PRODUCT_DEFINITION_SHAPE('Placement','Placement of an item',
  #3336);
#3336 = NEXT_ASSEMBLY_USAGE_OCCURRENCE('21','R1','',#5,#3317,$);
#3337 = PRODUCT_RELATED_PRODUCT_CATEGORY('part',$,(#3319));
#3338 = SHAPE_DEFINITION_REPRESENTATION(#3339,#3345);
#3339 = PRODUCT_DEFINITION_SHAPE('','',#3340);
#3340 = PRODUCT_DEFINITION('design','',#3341,#3344);
#3341 = PRODUCT_DEFINITION_FORMATION('','',#3342);
#3342 = PRODUCT(
  'R_Axial_DIN0516_L15.5mm_D5.0mm_P10.16mm_Vertical_BodyOnPad2',
  'R_Axial_DIN0516_L15.5mm_D5.0mm_P10.16mm_Vertical_BodyOnPad2','',(
    #3343));
#3343 = PRODUCT_CONTEXT('',#2,'mechanical');
#3344 = PRODUCT_DEFINITION_CONTEXT('part definition',#2,'design');
#3345 = SHAPE_REPRESENTATION('',(#11,#3346,#3350),#3354);
#3346 = AXIS2_PLACEMENT_3D('',#3347,#3348,#3349);
#3347 = CARTESIAN_POINT('',(0.,0.,0.));
#3348 = DIRECTION('',(0.,0.,1.));
#3349 = DIRECTION('',(1.,0.,0.));
#3350 = AXIS2_PLACEMENT_3D('',#3351,#3352,#3353);
#3351 = CARTESIAN_POINT('',(0.,0.,0.));
#3352 = DIRECTION('',(0.,0.,1.));
#3353 = DIRECTION('',(1.,0.,0.));
#3354 = ( GEOMETRIC_REPRESENTATION_CONTEXT(3) 
GLOBAL_UNCERTAINTY_ASSIGNED_CONTEXT((#3358)) 
GLOBAL_UNIT_ASSIGNED_CONTEXT((#3355,#3356,#3357)) REPRESENTATION_CONTEXT
('Context #1','3D Context with UNIT and UNCERTAINTY') );
#3355 = ( LENGTH_UNIT() NAMED_UNIT(*) SI_UNIT(.MILLI.,.METRE.) );
#3356 = ( NAMED_UNIT(*) PLANE_ANGLE_UNIT() SI_UNIT($,.RADIAN.) );
#3357 = ( NAMED_UNIT(*) SI_UNIT($,.STERADIAN.) SOLID_ANGLE_UNIT() );
#3358 = UNCERTAINTY_MEASURE_WITH_UNIT(LENGTH_MEASURE(1.E-07),#3355,
  'distance_accuracy_value','confusion accuracy');
#3359 = CONTEXT_DEPENDENT_SHAPE_REPRESENTATION(#3360,#3362);
#3360 = ( REPRESENTATION_RELATIONSHIP('','',#3345,#3322) 
REPRESENTATION_RELATIONSHIP_WITH_TRANSFORMATION(#3361) 
SHAPE_REPRESENTATION_RELATIONSHIP() );
#3361 = ITEM_DEFINED_TRANSFORMATION('','',#11,#3323);
#3362 = PRODUCT_DEFINITION_SHAPE('Placement','Placement of an item',
  #3363);
#3363 = NEXT_ASSEMBLY_USAGE_OCCURRENCE('20','=>[0:1:1:19]','',#3317,
  #3340,$);
#3364 = PRODUCT_RELATED_PRODUCT_CATEGORY('part',$,(#3342));
#3365 = SHAPE_DEFINITION_REPRESENTATION(#3366,#3372);
#3366 = PRODUCT_DEFINITION_SHAPE('','',#3367);
#3367 = PRODUCT_DEFINITION('design','',#3368,#3371);
#3368 = PRODUCT_DEFINITION_FORMATION('','',#3369);
#3369 = PRODUCT('p0','p0','',(#3370));
#3370 = PRODUCT_CONTEXT('',#2,'mechanical');
#3371 = PRODUCT_DEFINITION_CONTEXT('part definition',#2,'design');
#3372 = ADVANCED_BREP_SHAPE_REPRESENTATION('',(#11,#3373),#3426);
#3373 = MANIFOLD_SOLID_BREP('',#3374);
#3374 = CLOSED_SHELL('',(#3375,#3408,#3417));
#3375 = ADVANCED_FACE('',(#3376),#3403,.T.);
#3376 = FACE_BOUND('',#3377,.T.);
#3377 = EDGE_LOOP('',(#3378,#3387,#3395,#3402));
#3378 = ORIENTED_EDGE('',*,*,#3379,.T.);
#3379 = EDGE_CURVE('',#3380,#3380,#3382,.T.);
#3380 = VERTEX_POINT('',#3381);
#3381 = CARTESIAN_POINT('',(12.66,0.,1.));
#3382 = CIRCLE('',#3383,2.5);
#3383 = AXIS2_PLACEMENT_3D('',#3384,#3385,#3386);
#3384 = CARTESIAN_POINT('',(10.16,0.,1.));
#3385 = DIRECTION('',(0.,0.,1.));
#3386 = DIRECTION('',(1.,0.,-0.));
#3387 = ORIENTED_EDGE('',*,*,#3388,.T.);
#3388 = EDGE_CURVE('',#3380,#3389,#3391,.T.);
#3389 = VERTEX_POINT('',#3390);
#3390 = CARTESIAN_POINT('',(12.66,0.,16.5));
#3391 = LINE('',#3392,#3393);
#3392 = CARTESIAN_POINT('',(12.66,0.,1.));
#3393 = VECTOR('',#3394,1.);
#3394 = DIRECTION('',(0.,0.,1.));
#3395 = ORIENTED_EDGE('',*,*,#3396,.F.);
#3396 = EDGE_CURVE('',#3389,#3389,#3397,.T.);
#3397 = CIRCLE('',#3398,2.5);
#3398 = AXIS2_PLACEMENT_3D('',#3399,#3400,#3401);
#3399 = CARTESIAN_POINT('',(10.16,0.,16.5));
#3400 = DIRECTION('',(0.,0.,1.));
#3401 = DIRECTION('',(1.,0.,-0.));
#3402 = ORIENTED_EDGE('',*,*,#3388,.F.);
#3403 = CYLINDRICAL_SURFACE('',#3404,2.5);
#3404 = AXIS2_PLACEMENT_3D('',#3405,#3406,#3407);
#3405 = CARTESIAN_POINT('',(10.16,0.,1.));
#3406 = DIRECTION('',(-0.,-0.,-1.));
#3407 = DIRECTION('',(1.,0.,0.));
#3408 = ADVANCED_FACE('',(#3409),#3412,.F.);
#3409 = FACE_BOUND('',#3410,.F.);
#3410 = EDGE_LOOP('',(#3411));
#3411 = ORIENTED_EDGE('',*,*,#3379,.T.);
#3412 = PLANE('',#3413);
#3413 = AXIS2_PLACEMENT_3D('',#3414,#3415,#3416);
#3414 = CARTESIAN_POINT('',(10.16,-1.020538999289E-16,1.));
#3415 = DIRECTION('',(0.,0.,1.));
#3416 = DIRECTION('',(1.,0.,-0.));
#3417 = ADVANCED_FACE('',(#3418),#3421,.T.);
#3418 = FACE_BOUND('',#3419,.T.);
#3419 = EDGE_LOOP('',(#3420));
#3420 = ORIENTED_EDGE('',*,*,#3396,.T.);
#3421 = PLANE('',#3422);
#3422 = AXIS2_PLACEMENT_3D('',#3423,#3424,#3425);
#3423 = CARTESIAN_POINT('',(10.16,-1.020538999289E-16,16.5));
#3424 = DIRECTION('',(0.,0.,1.));
#3425 = DIRECTION('',(1.,0.,-0.));
#3426 = ( GEOMETRIC_REPRESENTATION_CONTEXT(3) 
GLOBAL_UNCERTAINTY_ASSIGNED_CONTEXT((#3430)) 
GLOBAL_UNIT_ASSIGNED_CONTEXT((#3427,#3428,#3429)) REPRESENTATION_CONTEXT
('Context #1','3D Context with UNIT and UNCERTAINTY') );
#3427 = ( LENGTH_UNIT() NAMED_UNIT(*) SI_UNIT(.MILLI.,.METRE.) );
#3428 = ( NAMED_UNIT(*) PLANE_ANGLE_UNIT() SI_UNIT($,.RADIAN.) );
#3429 = ( NAMED_UNIT(*) SI_UNIT($,.STERADIAN.) SOLID_ANGLE_UNIT() );
#3430 = UNCERTAINTY_MEASURE_WITH_UNIT(LENGTH_MEASURE(1.E-07),#3427,
  'distance_accuracy_value','confusion accuracy');
#3431 = CONTEXT_DEPENDENT_SHAPE_REPRESENTATION(#3432,#3434);
#3432 = ( REPRESENTATION_RELATIONSHIP('','',#3372,#3345) 
REPRESENTATION_RELATIONSHIP_WITH_TRANSFORMATION(#3433) 
SHAPE_REPRESENTATION_RELATIONSHIP() );
#3433 = ITEM_DEFINED_TRANSFORMATION('','',#11,#3346);
#3434 = PRODUCT_DEFINITION_SHAPE('Placement','Placement of an item',
  #3435);
#3435 = NEXT_ASSEMBLY_USAGE_OCCURRENCE('18','p0','',#3340,#3367,$);
#3436 = PRODUCT_RELATED_PRODUCT_CATEGORY('part',$,(#3369));
#3437 = SHAPE_DEFINITION_REPRESENTATION(#3438,#3444);
#3438 = PRODUCT_DEFINITION_SHAPE('','',#3439);
#3439 = PRODUCT_DEFINITION('design','',#3440,#3443);
#3440 = PRODUCT_DEFINITION_FORMATION('','',#3441);
#3441 = PRODUCT('p1','p1','',(#3442));
#3442 = PRODUCT_CONTEXT('',#2,'mechanical');
#3443 = PRODUCT_DEFINITION_CONTEXT('part definition',#2,'design');
#3444 = ADVANCED_BREP_SHAPE_REPRESENTATION('',(#11,#3445),#3660);
#3445 = MANIFOLD_SOLID_BREP('',#3446);
#3446 = CLOSED_SHELL('',(#3447,#3507,#3516,#3532,#3583,#3593,#3608,#3641
    ,#3651));
#3447 = ADVANCED_FACE('',(#3448),#3502,.T.);
#3448 = FACE_BOUND('',#3449,.T.);
#3449 = EDGE_LOOP('',(#3450,#3460,#3469,#3478,#3487,#3494,#3495));
#3450 = ORIENTED_EDGE('',*,*,#3451,.T.);
#3451 = EDGE_CURVE('',#3452,#3454,#3456,.T.);
#3452 = VERTEX_POINT('',#3453);
#3453 = CARTESIAN_POINT('',(10.56,0.,-3.));
#3454 = VERTEX_POINT('',#3455);
#3455 = CARTESIAN_POINT('',(10.56,0.,18.));
#3456 = LINE('',#3457,#3458);
#3457 = CARTESIAN_POINT('',(10.56,0.,-3.));
#3458 = VECTOR('',#3459,1.);
#3459 = DIRECTION('',(0.,0.,1.));
#3460 = ORIENTED_EDGE('',*,*,#3461,.F.);
#3461 = EDGE_CURVE('',#3462,#3454,#3464,.T.);
#3462 = VERTEX_POINT('',#3463);
#3463 = CARTESIAN_POINT('',(10.16,-0.4,18.));
#3464 = CIRCLE('',#3465,0.4);
#3465 = AXIS2_PLACEMENT_3D('',#3466,#3467,#3468);
#3466 = CARTESIAN_POINT('',(10.16,0.,18.));
#3467 = DIRECTION('',(0.,0.,1.));
#3468 = DIRECTION('',(1.,0.,-0.));
#3469 = ORIENTED_EDGE('',*,*,#3470,.T.);
#3470 = EDGE_CURVE('',#3462,#3471,#3473,.T.);
#3471 = VERTEX_POINT('',#3472);
#3472 = CARTESIAN_POINT('',(9.76,-9.797174393179E-17,17.6));
#3473 = ELLIPSE('',#3474,0.565685424949,0.4);
#3474 = AXIS2_PLACEMENT_3D('',#3475,#3476,#3477);
#3475 = CARTESIAN_POINT('',(10.16,0.,18.));
#3476 = DIRECTION('',(0.707106781187,0.,-0.707106781187));
#3477 = DIRECTION('',(-0.707106781187,-0.,-0.707106781187));
#3478 = ORIENTED_EDGE('',*,*,#3479,.T.);
#3479 = EDGE_CURVE('',#3471,#3480,#3482,.T.);
#3480 = VERTEX_POINT('',#3481);
#3481 = CARTESIAN_POINT('',(10.16,0.4,18.));
#3482 = ELLIPSE('',#3483,0.565685424949,0.4);
#3483 = AXIS2_PLACEMENT_3D('',#3484,#3485,#3486);
#3484 = CARTESIAN_POINT('',(10.16,0.,18.));
#3485 = DIRECTION('',(0.707106781187,0.,-0.707106781187));
#3486 = DIRECTION('',(-0.707106781187,-0.,-0.707106781187));
#3487 = ORIENTED_EDGE('',*,*,#3488,.F.);
#3488 = EDGE_CURVE('',#3454,#3480,#3489,.T.);
#3489 = CIRCLE('',#3490,0.4);
#3490 = AXIS2_PLACEMENT_3D('',#3491,#3492,#3493);
#3491 = CARTESIAN_POINT('',(10.16,0.,18.));
#3492 = DIRECTION('',(0.,0.,1.));
#3493 = DIRECTION('',(1.,0.,-0.));
#3494 = ORIENTED_EDGE('',*,*,#3451,.F.);
#3495 = ORIENTED_EDGE('',*,*,#3496,.T.);
#3496 = EDGE_CURVE('',#3452,#3452,#3497,.T.);
#3497 = CIRCLE('',#3498,0.4);
#3498 = AXIS2_PLACEMENT_3D('',#3499,#3500,#3501);
#3499 = CARTESIAN_POINT('',(10.16,0.,-3.));
#3500 = DIRECTION('',(0.,0.,1.));
#3501 = DIRECTION('',(1.,0.,-0.));
#3502 = CYLINDRICAL_SURFACE('',#3503,0.4);
#3503 = AXIS2_PLACEMENT_3D('',#3504,#3505,#3506);
#3504 = CARTESIAN_POINT('',(10.16,0.,-3.));
#3505 = DIRECTION('',(-0.,-0.,-1.));
#3506 = DIRECTION('',(1.,0.,0.));
#3507 = ADVANCED_FACE('',(#3508),#3511,.F.);
#3508 = FACE_BOUND('',#3509,.F.);
#3509 = EDGE_LOOP('',(#3510));
#3510 = ORIENTED_EDGE('',*,*,#3496,.T.);
#3511 = PLANE('',#3512);
#3512 = AXIS2_PLACEMENT_3D('',#3513,#3514,#3515);
#3513 = CARTESIAN_POINT('',(10.16,3.708700618869E-17,-3.));
#3514 = DIRECTION('',(0.,0.,1.));
#3515 = DIRECTION('',(1.,0.,-0.));
#3516 = ADVANCED_FACE('',(#3517),#3527,.T.);
#3517 = FACE_BOUND('',#3518,.T.);
#3518 = EDGE_LOOP('',(#3519,#3520,#3521));
#3519 = ORIENTED_EDGE('',*,*,#3461,.T.);
#3520 = ORIENTED_EDGE('',*,*,#3488,.T.);
#3521 = ORIENTED_EDGE('',*,*,#3522,.F.);
#3522 = EDGE_CURVE('',#3462,#3480,#3523,.T.);
#3523 = LINE('',#3524,#3525);
#3524 = CARTESIAN_POINT('',(10.16,-1.14995572349E-16,18.));
#3525 = VECTOR('',#3526,1.);
#3526 = DIRECTION('',(0.,1.,0.));
#3527 = PLANE('',#3528);
#3528 = AXIS2_PLACEMENT_3D('',#3529,#3530,#3531);
#3529 = CARTESIAN_POINT('',(10.16,3.708700618869E-17,18.));
#3530 = DIRECTION('',(0.,0.,1.));
#3531 = DIRECTION('',(1.,0.,-0.));
#3532 = ADVANCED_FACE('',(#3533),#3578,.T.);
#3533 = FACE_BOUND('',#3534,.T.);
#3534 = EDGE_LOOP('',(#3535,#3546,#3555,#3561,#3562,#3563,#3570,#3571));
#3535 = ORIENTED_EDGE('',*,*,#3536,.F.);
#3536 = EDGE_CURVE('',#3537,#3539,#3541,.T.);
#3537 = VERTEX_POINT('',#3538);
#3538 = CARTESIAN_POINT('',(0.4,0.,17.6));
#3539 = VERTEX_POINT('',#3540);
#3540 = CARTESIAN_POINT('',(1.408962799656E-16,-0.4,18.));
#3541 = ELLIPSE('',#3542,0.565685424949,0.4);
#3542 = AXIS2_PLACEMENT_3D('',#3543,#3544,#3545);
#3543 = CARTESIAN_POINT('',(0.,0.,18.));
#3544 = DIRECTION('',(-0.707106781187,0.,-0.707106781187));
#3545 = DIRECTION('',(-0.707106781187,0.,0.707106781187));
#3546 = ORIENTED_EDGE('',*,*,#3547,.F.);
#3547 = EDGE_CURVE('',#3548,#3537,#3550,.T.);
#3548 = VERTEX_POINT('',#3549);
#3549 = CARTESIAN_POINT('',(0.,0.4,18.));
#3550 = ELLIPSE('',#3551,0.565685424949,0.4);
#3551 = AXIS2_PLACEMENT_3D('',#3552,#3553,#3554);
#3552 = CARTESIAN_POINT('',(0.,0.,18.));
#3553 = DIRECTION('',(-0.707106781187,0.,-0.707106781187));
#3554 = DIRECTION('',(-0.707106781187,0.,0.707106781187));
#3555 = ORIENTED_EDGE('',*,*,#3556,.T.);
#3556 = EDGE_CURVE('',#3548,#3480,#3557,.T.);
#3557 = LINE('',#3558,#3559);
#3558 = CARTESIAN_POINT('',(0.,0.4,18.));
#3559 = VECTOR('',#3560,1.);
#3560 = DIRECTION('',(1.,0.,0.));
#3561 = ORIENTED_EDGE('',*,*,#3479,.F.);
#3562 = ORIENTED_EDGE('',*,*,#3470,.F.);
#3563 = ORIENTED_EDGE('',*,*,#3564,.F.);
#3564 = EDGE_CURVE('',#3480,#3462,#3565,.T.);
#3565 = CIRCLE('',#3566,0.4);
#3566 = AXIS2_PLACEMENT_3D('',#3567,#3568,#3569);
#3567 = CARTESIAN_POINT('',(10.16,0.,18.));
#3568 = DIRECTION('',(1.,0.,0.));
#3569 = DIRECTION('',(-0.,1.,0.));
#3570 = ORIENTED_EDGE('',*,*,#3556,.F.);
#3571 = ORIENTED_EDGE('',*,*,#3572,.T.);
#3572 = EDGE_CURVE('',#3548,#3539,#3573,.T.);
#3573 = CIRCLE('',#3574,0.4);
#3574 = AXIS2_PLACEMENT_3D('',#3575,#3576,#3577);
#3575 = CARTESIAN_POINT('',(0.,0.,18.));
#3576 = DIRECTION('',(1.,0.,0.));
#3577 = DIRECTION('',(-0.,1.,0.));
#3578 = CYLINDRICAL_SURFACE('',#3579,0.4);
#3579 = AXIS2_PLACEMENT_3D('',#3580,#3581,#3582);
#3580 = CARTESIAN_POINT('',(0.,0.,18.));
#3581 = DIRECTION('',(-1.,-0.,-0.));
#3582 = DIRECTION('',(0.,1.,0.));
#3583 = ADVANCED_FACE('',(#3584),#3588,.T.);
#3584 = FACE_BOUND('',#3585,.T.);
#3585 = EDGE_LOOP('',(#3586,#3587));
#3586 = ORIENTED_EDGE('',*,*,#3522,.T.);
#3587 = ORIENTED_EDGE('',*,*,#3564,.T.);
#3588 = PLANE('',#3589);
#3589 = AXIS2_PLACEMENT_3D('',#3590,#3591,#3592);
#3590 = CARTESIAN_POINT('',(10.16,-2.670781508866E-16,18.));
#3591 = DIRECTION('',(1.,0.,0.));
#3592 = DIRECTION('',(-0.,0.,1.));
#3593 = ADVANCED_FACE('',(#3594),#3603,.F.);
#3594 = FACE_BOUND('',#3595,.F.);
#3595 = EDGE_LOOP('',(#3596,#3602));
#3596 = ORIENTED_EDGE('',*,*,#3597,.F.);
#3597 = EDGE_CURVE('',#3548,#3539,#3598,.T.);
#3598 = LINE('',#3599,#3600);
#3599 = CARTESIAN_POINT('',(0.,-1.216725261211E-16,18.));
#3600 = VECTOR('',#3601,1.);
#3601 = DIRECTION('',(0.,-1.,0.));
#3602 = ORIENTED_EDGE('',*,*,#3572,.T.);
#3603 = PLANE('',#3604);
#3604 = AXIS2_PLACEMENT_3D('',#3605,#3606,#3607);
#3605 = CARTESIAN_POINT('',(0.,-2.670781508866E-16,18.));
#3606 = DIRECTION('',(1.,0.,0.));
#3607 = DIRECTION('',(-0.,0.,1.));
#3608 = ADVANCED_FACE('',(#3609),#3636,.T.);
#3609 = FACE_BOUND('',#3610,.T.);
#3610 = EDGE_LOOP('',(#3611,#3619,#3620,#3627,#3628,#3629));
#3611 = ORIENTED_EDGE('',*,*,#3612,.T.);
#3612 = EDGE_CURVE('',#3613,#3537,#3615,.T.);
#3613 = VERTEX_POINT('',#3614);
#3614 = CARTESIAN_POINT('',(0.4,0.,-3.));
#3615 = LINE('',#3616,#3617);
#3616 = CARTESIAN_POINT('',(0.4,0.,-3.));
#3617 = VECTOR('',#3618,1.);
#3618 = DIRECTION('',(0.,0.,1.));
#3619 = ORIENTED_EDGE('',*,*,#3536,.T.);
#3620 = ORIENTED_EDGE('',*,*,#3621,.F.);
#3621 = EDGE_CURVE('',#3548,#3539,#3622,.T.);
#3622 = CIRCLE('',#3623,0.4);
#3623 = AXIS2_PLACEMENT_3D('',#3624,#3625,#3626);
#3624 = CARTESIAN_POINT('',(0.,0.,18.));
#3625 = DIRECTION('',(0.,0.,1.));
#3626 = DIRECTION('',(1.,0.,-0.));
#3627 = ORIENTED_EDGE('',*,*,#3547,.T.);
#3628 = ORIENTED_EDGE('',*,*,#3612,.F.);
#3629 = ORIENTED_EDGE('',*,*,#3630,.T.);
#3630 = EDGE_CURVE('',#3613,#3613,#3631,.T.);
#3631 = CIRCLE('',#3632,0.4);
#3632 = AXIS2_PLACEMENT_3D('',#3633,#3634,#3635);
#3633 = CARTESIAN_POINT('',(0.,0.,-3.));
#3634 = DIRECTION('',(0.,0.,1.));
#3635 = DIRECTION('',(1.,0.,-0.));
#3636 = CYLINDRICAL_SURFACE('',#3637,0.4);
#3637 = AXIS2_PLACEMENT_3D('',#3638,#3639,#3640);
#3638 = CARTESIAN_POINT('',(0.,0.,-3.));
#3639 = DIRECTION('',(-0.,-0.,-1.));
#3640 = DIRECTION('',(1.,0.,0.));
#3641 = ADVANCED_FACE('',(#3642),#3646,.T.);
#3642 = FACE_BOUND('',#3643,.T.);
#3643 = EDGE_LOOP('',(#3644,#3645));
#3644 = ORIENTED_EDGE('',*,*,#3597,.F.);
#3645 = ORIENTED_EDGE('',*,*,#3621,.T.);
#3646 = PLANE('',#3647);
#3647 = AXIS2_PLACEMENT_3D('',#3648,#3649,#3650);
#3648 = CARTESIAN_POINT('',(-1.335390754433E-17,2.373309864436E-17,18.)
  );
#3649 = DIRECTION('',(0.,0.,1.));
#3650 = DIRECTION('',(1.,0.,-0.));
#3651 = ADVANCED_FACE('',(#3652),#3655,.F.);
#3652 = FACE_BOUND('',#3653,.F.);
#3653 = EDGE_LOOP('',(#3654));
#3654 = ORIENTED_EDGE('',*,*,#3630,.T.);
#3655 = PLANE('',#3656);
#3656 = AXIS2_PLACEMENT_3D('',#3657,#3658,#3659);
#3657 = CARTESIAN_POINT('',(-1.335390754433E-17,2.373309864436E-17,-3.)
  );
#3658 = DIRECTION('',(0.,0.,1.));
#3659 = DIRECTION('',(1.,0.,-0.));
#3660 = ( GEOMETRIC_REPRESENTATION_CONTEXT(3) 
GLOBAL_UNCERTAINTY_ASSIGNED_CONTEXT((#3664)) 
GLOBAL_UNIT_ASSIGNED_CONTEXT((#3661,#3662,#3663)) REPRESENTATION_CONTEXT
('Context #1','3D Context with UNIT and UNCERTAINTY') );
#3661 = ( LENGTH_UNIT() NAMED_UNIT(*) SI_UNIT(.MILLI.,.METRE.) );
#3662 = ( NAMED_UNIT(*) PLANE_ANGLE_UNIT() SI_UNIT($,.RADIAN.) );
#3663 = ( NAMED_UNIT(*) SI_UNIT($,.STERADIAN.) SOLID_ANGLE_UNIT() );
#3664 = UNCERTAINTY_MEASURE_WITH_UNIT(LENGTH_MEASURE(1.E-07),#3661,
  'distance_accuracy_value','confusion accuracy');
#3665 = CONTEXT_DEPENDENT_SHAPE_REPRESENTATION(#3666,#3668);
#3666 = ( REPRESENTATION_RELATIONSHIP('','',#3444,#3345) 
REPRESENTATION_RELATIONSHIP_WITH_TRANSFORMATION(#3667) 
SHAPE_REPRESENTATION_RELATIONSHIP() );
#3667 = ITEM_DEFINED_TRANSFORMATION('','',#11,#3350);
#3668 = PRODUCT_DEFINITION_SHAPE('Placement','Placement of an item',
  #3669);
#3669 = NEXT_ASSEMBLY_USAGE_OCCURRENCE('19','p1','',#3340,#3439,$);
#3670 = PRODUCT_RELATED_PRODUCT_CATEGORY('part',$,(#3441));
#3671 = CONTEXT_DEPENDENT_SHAPE_REPRESENTATION(#3672,#3674);
#3672 = ( REPRESENTATION_RELATIONSHIP('','',#1084,#10) 
REPRESENTATION_RELATIONSHIP_WITH_TRANSFORMATION(#3673) 
SHAPE_REPRESENTATION_RELATIONSHIP() );
#3673 = ITEM_DEFINED_TRANSFORMATION('','',#11,#47);
#3674 = PRODUCT_DEFINITION_SHAPE('Placement','Placement of an item',
  #3675);
#3675 = NEXT_ASSEMBLY_USAGE_OCCURRENCE('22','D4','',#5,#1079,$);
#3676 = CONTEXT_DEPENDENT_SHAPE_REPRESENTATION(#3677,#3679);
#3677 = ( REPRESENTATION_RELATIONSHIP('','',#1466,#10) 
REPRESENTATION_RELATIONSHIP_WITH_TRANSFORMATION(#3678) 
SHAPE_REPRESENTATION_RELATIONSHIP() );
#3678 = ITEM_DEFINED_TRANSFORMATION('','',#11,#51);
#3679 = PRODUCT_DEFINITION_SHAPE('Placement','Placement of an item',
  #3680);
#3680 = NEXT_ASSEMBLY_USAGE_OCCURRENCE('23','R_slow4','',#5,#1461,$);
#3681 = SHAPE_DEFINITION_REPRESENTATION(#3682,#3688);
#3682 = PRODUCT_DEFINITION_SHAPE('','',#3683);
#3683 = PRODUCT_DEFINITION('design','',#3684,#3687);
#3684 = PRODUCT_DEFINITION_FORMATION('','',#3685);
#3685 = PRODUCT('Fuseholder_Clip-10.3x38mm_Schurter_CSO_0751.0506',
  'Fuseholder_Clip-10.3x38mm_Schurter_CSO_0751.0506','',(#3686));
#3686 = PRODUCT_CONTEXT('',#2,'mechanical');
#3687 = PRODUCT_DEFINITION_CONTEXT('part definition',#2,'design');
#3688 = SHAPE_REPRESENTATION('',(#11,#3689),#3693);
#3689 = AXIS2_PLACEMENT_3D('',#3690,#3691,#3692);
#3690 = CARTESIAN_POINT('',(0.,0.,0.));
#3691 = DIRECTION('',(0.,0.,1.));
#3692 = DIRECTION('',(1.,0.,-0.));
#3693 = ( GEOMETRIC_REPRESENTATION_CONTEXT(3) 
GLOBAL_UNCERTAINTY_ASSIGNED_CONTEXT((#3697)) 
GLOBAL_UNIT_ASSIGNED_CONTEXT((#3694,#3695,#3696)) REPRESENTATION_CONTEXT
('Context #1','3D Context with UNIT and UNCERTAINTY') );
#3694 = ( LENGTH_UNIT() NAMED_UNIT(*) SI_UNIT(.MILLI.,.METRE.) );
#3695 = ( NAMED_UNIT(*) PLANE_ANGLE_UNIT() SI_UNIT($,.RADIAN.) );
#3696 = ( NAMED_UNIT(*) SI_UNIT($,.STERADIAN.) SOLID_ANGLE_UNIT() );
#3697 = UNCERTAINTY_MEASURE_WITH_UNIT(LENGTH_MEASURE(1.E-07),#3694,
  'distance_accuracy_value','confusion accuracy');
#3698 = CONTEXT_DEPENDENT_SHAPE_REPRESENTATION(#3699,#3701);
#3699 = ( REPRESENTATION_RELATIONSHIP('','',#3688,#10) 
REPRESENTATION_RELATIONSHIP_WITH_TRANSFORMATION(#3700) 
SHAPE_REPRESENTATION_RELATIONSHIP() );
#3700 = ITEM_DEFINED_TRANSFORMATION('','',#11,#55);
#3701 = PRODUCT_DEFINITION_SHAPE('Placement','Placement of an item',
  #3702);
#3702 = NEXT_ASSEMBLY_USAGE_OCCURRENCE('27','F1','',#5,#3683,$);
#3703 = PRODUCT_RELATED_PRODUCT_CATEGORY('part',$,(#3685));
#3704 = SHAPE_DEFINITION_REPRESENTATION(#3705,#3711);
#3705 = PRODUCT_DEFINITION_SHAPE('','',#3706);
#3706 = PRODUCT_DEFINITION('design','',#3707,#3710);
#3707 = PRODUCT_DEFINITION_FORMATION('','',#3708);
#3708 = PRODUCT('Fuseholder_Clip-10.3x38mm_Schurter_CSO_0751.0506',
  'Fuseholder_Clip-10.3x38mm_Schurter_CSO_0751.0506','',(#3709));
#3709 = PRODUCT_CONTEXT('',#2,'mechanical');
#3710 = PRODUCT_DEFINITION_CONTEXT('part definition',#2,'design');
#3711 = SHAPE_REPRESENTATION('',(#11,#3712,#3716),#3720);
#3712 = AXIS2_PLACEMENT_3D('',#3713,#3714,#3715);
#3713 = CARTESIAN_POINT('',(0.,0.,0.));
#3714 = DIRECTION('',(0.,0.,1.));
#3715 = DIRECTION('',(1.,0.,0.));
#3716 = AXIS2_PLACEMENT_3D('',#3717,#3718,#3719);
#3717 = CARTESIAN_POINT('',(0.,0.,0.));
#3718 = DIRECTION('',(0.,0.,1.));
#3719 = DIRECTION('',(1.,0.,0.));
#3720 = ( GEOMETRIC_REPRESENTATION_CONTEXT(3) 
GLOBAL_UNCERTAINTY_ASSIGNED_CONTEXT((#3724)) 
GLOBAL_UNIT_ASSIGNED_CONTEXT((#3721,#3722,#3723)) REPRESENTATION_CONTEXT
('Context #1','3D Context with UNIT and UNCERTAINTY') );
#3721 = ( LENGTH_UNIT() NAMED_UNIT(*) SI_UNIT(.MILLI.,.METRE.) );
#3722 = ( NAMED_UNIT(*) PLANE_ANGLE_UNIT() SI_UNIT($,.RADIAN.) );
#3723 = ( NAMED_UNIT(*) SI_UNIT($,.STERADIAN.) SOLID_ANGLE_UNIT() );
#3724 = UNCERTAINTY_MEASURE_WITH_UNIT(LENGTH_MEASURE(1.E-07),#3721,
  'distance_accuracy_value','confusion accuracy');
#3725 = CONTEXT_DEPENDENT_SHAPE_REPRESENTATION(#3726,#3728);
#3726 = ( REPRESENTATION_RELATIONSHIP('','',#3711,#3688) 
REPRESENTATION_RELATIONSHIP_WITH_TRANSFORMATION(#3727) 
SHAPE_REPRESENTATION_RELATIONSHIP() );
#3727 = ITEM_DEFINED_TRANSFORMATION('','',#11,#3689);
#3728 = PRODUCT_DEFINITION_SHAPE('Placement','Placement of an item',
  #3729);
#3729 = NEXT_ASSEMBLY_USAGE_OCCURRENCE('26','=>[0:1:1:23]','',#3683,
  #3706,$);
#3730 = PRODUCT_RELATED_PRODUCT_CATEGORY('part',$,(#3708));
#3731 = SHAPE_DEFINITION_REPRESENTATION(#3732,#3738);
#3732 = PRODUCT_DEFINITION_SHAPE('','',#3733);
#3733 = PRODUCT_DEFINITION('design','',#3734,#3737);
#3734 = PRODUCT_DEFINITION_FORMATION('','',#3735);
#3735 = PRODUCT('p0','p0','',(#3736));
#3736 = PRODUCT_CONTEXT('',#2,'mechanical');
#3737 = PRODUCT_DEFINITION_CONTEXT('part definition',#2,'design');
#3738 = SHAPE_REPRESENTATION('',(#11,#3739,#4021,#4171,#4321,#4603,#4753
    ,#4903,#4956),#5009);
#3739 = MANIFOLD_SOLID_BREP('',#3740);
#3740 = CLOSED_SHELL('',(#3741,#3813,#3844,#3907,#3924,#3941,#3958,#3975
    ,#3992,#4009));
#3741 = ADVANCED_FACE('',(#3742),#3808,.F.);
#3742 = FACE_BOUND('',#3743,.F.);
#3743 = EDGE_LOOP('',(#3744,#3754,#3762,#3770,#3778,#3786,#3794,#3802));
#3744 = ORIENTED_EDGE('',*,*,#3745,.F.);
#3745 = EDGE_CURVE('',#3746,#3748,#3750,.T.);
#3746 = VERTEX_POINT('',#3747);
#3747 = CARTESIAN_POINT('',(-21.,-6.9,0.));
#3748 = VERTEX_POINT('',#3749);
#3749 = CARTESIAN_POINT('',(-21.,-6.9,20.7));
#3750 = LINE('',#3751,#3752);
#3751 = CARTESIAN_POINT('',(-21.,-6.9,0.));
#3752 = VECTOR('',#3753,1.);
#3753 = DIRECTION('',(0.,0.,1.));
#3754 = ORIENTED_EDGE('',*,*,#3755,.F.);
#3755 = EDGE_CURVE('',#3756,#3746,#3758,.T.);
#3756 = VERTEX_POINT('',#3757);
#3757 = CARTESIAN_POINT('',(-21.,6.9,0.));
#3758 = LINE('',#3759,#3760);
#3759 = CARTESIAN_POINT('',(-21.,6.9,0.));
#3760 = VECTOR('',#3761,1.);
#3761 = DIRECTION('',(0.,-1.,0.));
#3762 = ORIENTED_EDGE('',*,*,#3763,.F.);
#3763 = EDGE_CURVE('',#3764,#3756,#3766,.T.);
#3764 = VERTEX_POINT('',#3765);
#3765 = CARTESIAN_POINT('',(-21.,6.9,20.7));
#3766 = LINE('',#3767,#3768);
#3767 = CARTESIAN_POINT('',(-21.,6.9,20.7));
#3768 = VECTOR('',#3769,1.);
#3769 = DIRECTION('',(0.,4.290717003382E-17,-1.));
#3770 = ORIENTED_EDGE('',*,*,#3771,.F.);
#3771 = EDGE_CURVE('',#3772,#3764,#3774,.T.);
#3772 = VERTEX_POINT('',#3773);
#3773 = CARTESIAN_POINT('',(-21.,6.3,20.7));
#3774 = LINE('',#3775,#3776);
#3775 = CARTESIAN_POINT('',(-21.,6.3,20.7));
#3776 = VECTOR('',#3777,1.);
#3777 = DIRECTION('',(0.,1.,0.));
#3778 = ORIENTED_EDGE('',*,*,#3779,.F.);
#3779 = EDGE_CURVE('',#3780,#3772,#3782,.T.);
#3780 = VERTEX_POINT('',#3781);
#3781 = CARTESIAN_POINT('',(-21.,6.3,1.));
#3782 = LINE('',#3783,#3784);
#3783 = CARTESIAN_POINT('',(-21.,6.3,0.));
#3784 = VECTOR('',#3785,1.);
#3785 = DIRECTION('',(0.,0.,1.));
#3786 = ORIENTED_EDGE('',*,*,#3787,.F.);
#3787 = EDGE_CURVE('',#3788,#3780,#3790,.T.);
#3788 = VERTEX_POINT('',#3789);
#3789 = CARTESIAN_POINT('',(-21.,-6.3,1.));
#3790 = LINE('',#3791,#3792);
#3791 = CARTESIAN_POINT('',(-21.,-6.9,1.));
#3792 = VECTOR('',#3793,1.);
#3793 = DIRECTION('',(0.,1.,0.));
#3794 = ORIENTED_EDGE('',*,*,#3795,.T.);
#3795 = EDGE_CURVE('',#3788,#3796,#3798,.T.);
#3796 = VERTEX_POINT('',#3797);
#3797 = CARTESIAN_POINT('',(-21.,-6.3,20.7));
#3798 = LINE('',#3799,#3800);
#3799 = CARTESIAN_POINT('',(-21.,-6.3,0.));
#3800 = VECTOR('',#3801,1.);
#3801 = DIRECTION('',(0.,0.,1.));
#3802 = ORIENTED_EDGE('',*,*,#3803,.F.);
#3803 = EDGE_CURVE('',#3748,#3796,#3804,.T.);
#3804 = LINE('',#3805,#3806);
#3805 = CARTESIAN_POINT('',(-21.,-6.9,20.7));
#3806 = VECTOR('',#3807,1.);
#3807 = DIRECTION('',(0.,1.,0.));
#3808 = PLANE('',#3809);
#3809 = AXIS2_PLACEMENT_3D('',#3810,#3811,#3812);
#3810 = CARTESIAN_POINT('',(-21.,-6.9,0.));
#3811 = DIRECTION('',(1.,0.,0.));
#3812 = DIRECTION('',(0.,0.,1.));
#3813 = ADVANCED_FACE('',(#3814),#3839,.T.);
#3814 = FACE_BOUND('',#3815,.T.);
#3815 = EDGE_LOOP('',(#3816,#3817,#3825,#3833));
#3816 = ORIENTED_EDGE('',*,*,#3803,.F.);
#3817 = ORIENTED_EDGE('',*,*,#3818,.T.);
#3818 = EDGE_CURVE('',#3748,#3819,#3821,.T.);
#3819 = VERTEX_POINT('',#3820);
#3820 = CARTESIAN_POINT('',(-9.,-6.9,20.7));
#3821 = LINE('',#3822,#3823);
#3822 = CARTESIAN_POINT('',(-21.,-6.9,20.7));
#3823 = VECTOR('',#3824,1.);
#3824 = DIRECTION('',(1.,0.,0.));
#3825 = ORIENTED_EDGE('',*,*,#3826,.T.);
#3826 = EDGE_CURVE('',#3819,#3827,#3829,.T.);
#3827 = VERTEX_POINT('',#3828);
#3828 = CARTESIAN_POINT('',(-9.,-6.3,20.7));
#3829 = LINE('',#3830,#3831);
#3830 = CARTESIAN_POINT('',(-9.,-6.9,20.7));
#3831 = VECTOR('',#3832,1.);
#3832 = DIRECTION('',(0.,1.,0.));
#3833 = ORIENTED_EDGE('',*,*,#3834,.F.);
#3834 = EDGE_CURVE('',#3796,#3827,#3835,.T.);
#3835 = LINE('',#3836,#3837);
#3836 = CARTESIAN_POINT('',(-21.,-6.3,20.7));
#3837 = VECTOR('',#3838,1.);
#3838 = DIRECTION('',(1.,0.,0.));
#3839 = PLANE('',#3840);
#3840 = AXIS2_PLACEMENT_3D('',#3841,#3842,#3843);
#3841 = CARTESIAN_POINT('',(-21.,-6.9,20.7));
#3842 = DIRECTION('',(0.,0.,1.));
#3843 = DIRECTION('',(1.,0.,-0.));
#3844 = ADVANCED_FACE('',(#3845),#3902,.T.);
#3845 = FACE_BOUND('',#3846,.T.);
#3846 = EDGE_LOOP('',(#3847,#3855,#3863,#3871,#3879,#3887,#3895,#3901));
#3847 = ORIENTED_EDGE('',*,*,#3848,.F.);
#3848 = EDGE_CURVE('',#3849,#3819,#3851,.T.);
#3849 = VERTEX_POINT('',#3850);
#3850 = CARTESIAN_POINT('',(-9.,-6.9,0.));
#3851 = LINE('',#3852,#3853);
#3852 = CARTESIAN_POINT('',(-9.,-6.9,0.));
#3853 = VECTOR('',#3854,1.);
#3854 = DIRECTION('',(0.,0.,1.));
#3855 = ORIENTED_EDGE('',*,*,#3856,.F.);
#3856 = EDGE_CURVE('',#3857,#3849,#3859,.T.);
#3857 = VERTEX_POINT('',#3858);
#3858 = CARTESIAN_POINT('',(-9.,6.9,0.));
#3859 = LINE('',#3860,#3861);
#3860 = CARTESIAN_POINT('',(-9.,6.9,0.));
#3861 = VECTOR('',#3862,1.);
#3862 = DIRECTION('',(0.,-1.,0.));
#3863 = ORIENTED_EDGE('',*,*,#3864,.T.);
#3864 = EDGE_CURVE('',#3857,#3865,#3867,.T.);
#3865 = VERTEX_POINT('',#3866);
#3866 = CARTESIAN_POINT('',(-9.,6.9,20.7));
#3867 = LINE('',#3868,#3869);
#3868 = CARTESIAN_POINT('',(-9.,6.9,0.));
#3869 = VECTOR('',#3870,1.);
#3870 = DIRECTION('',(0.,-4.290717003382E-17,1.));
#3871 = ORIENTED_EDGE('',*,*,#3872,.F.);
#3872 = EDGE_CURVE('',#3873,#3865,#3875,.T.);
#3873 = VERTEX_POINT('',#3874);
#3874 = CARTESIAN_POINT('',(-9.,6.3,20.7));
#3875 = LINE('',#3876,#3877);
#3876 = CARTESIAN_POINT('',(-9.,6.3,20.7));
#3877 = VECTOR('',#3878,1.);
#3878 = DIRECTION('',(0.,1.,0.));
#3879 = ORIENTED_EDGE('',*,*,#3880,.F.);
#3880 = EDGE_CURVE('',#3881,#3873,#3883,.T.);
#3881 = VERTEX_POINT('',#3882);
#3882 = CARTESIAN_POINT('',(-9.,6.3,1.));
#3883 = LINE('',#3884,#3885);
#3884 = CARTESIAN_POINT('',(-9.,6.3,0.));
#3885 = VECTOR('',#3886,1.);
#3886 = DIRECTION('',(0.,0.,1.));
#3887 = ORIENTED_EDGE('',*,*,#3888,.F.);
#3888 = EDGE_CURVE('',#3889,#3881,#3891,.T.);
#3889 = VERTEX_POINT('',#3890);
#3890 = CARTESIAN_POINT('',(-9.,-6.3,1.));
#3891 = LINE('',#3892,#3893);
#3892 = CARTESIAN_POINT('',(-9.,-6.9,1.));
#3893 = VECTOR('',#3894,1.);
#3894 = DIRECTION('',(0.,1.,0.));
#3895 = ORIENTED_EDGE('',*,*,#3896,.T.);
#3896 = EDGE_CURVE('',#3889,#3827,#3897,.T.);
#3897 = LINE('',#3898,#3899);
#3898 = CARTESIAN_POINT('',(-9.,-6.3,0.));
#3899 = VECTOR('',#3900,1.);
#3900 = DIRECTION('',(0.,0.,1.));
#3901 = ORIENTED_EDGE('',*,*,#3826,.F.);
#3902 = PLANE('',#3903);
#3903 = AXIS2_PLACEMENT_3D('',#3904,#3905,#3906);
#3904 = CARTESIAN_POINT('',(-9.,-6.9,0.));
#3905 = DIRECTION('',(1.,0.,0.));
#3906 = DIRECTION('',(0.,0.,1.));
#3907 = ADVANCED_FACE('',(#3908),#3919,.T.);
#3908 = FACE_BOUND('',#3909,.T.);
#3909 = EDGE_LOOP('',(#3910,#3911,#3917,#3918));
#3910 = ORIENTED_EDGE('',*,*,#3896,.F.);
#3911 = ORIENTED_EDGE('',*,*,#3912,.F.);
#3912 = EDGE_CURVE('',#3788,#3889,#3913,.T.);
#3913 = LINE('',#3914,#3915);
#3914 = CARTESIAN_POINT('',(-21.,-6.3,1.));
#3915 = VECTOR('',#3916,1.);
#3916 = DIRECTION('',(1.,0.,0.));
#3917 = ORIENTED_EDGE('',*,*,#3795,.T.);
#3918 = ORIENTED_EDGE('',*,*,#3834,.T.);
#3919 = PLANE('',#3920);
#3920 = AXIS2_PLACEMENT_3D('',#3921,#3922,#3923);
#3921 = CARTESIAN_POINT('',(-21.,-6.3,0.));
#3922 = DIRECTION('',(0.,1.,0.));
#3923 = DIRECTION('',(0.,-0.,1.));
#3924 = ADVANCED_FACE('',(#3925),#3936,.T.);
#3925 = FACE_BOUND('',#3926,.T.);
#3926 = EDGE_LOOP('',(#3927,#3928,#3929,#3930));
#3927 = ORIENTED_EDGE('',*,*,#3787,.F.);
#3928 = ORIENTED_EDGE('',*,*,#3912,.T.);
#3929 = ORIENTED_EDGE('',*,*,#3888,.T.);
#3930 = ORIENTED_EDGE('',*,*,#3931,.F.);
#3931 = EDGE_CURVE('',#3780,#3881,#3932,.T.);
#3932 = LINE('',#3933,#3934);
#3933 = CARTESIAN_POINT('',(-21.,6.3,1.));
#3934 = VECTOR('',#3935,1.);
#3935 = DIRECTION('',(1.,0.,0.));
#3936 = PLANE('',#3937);
#3937 = AXIS2_PLACEMENT_3D('',#3938,#3939,#3940);
#3938 = CARTESIAN_POINT('',(-21.,-6.9,1.));
#3939 = DIRECTION('',(0.,0.,1.));
#3940 = DIRECTION('',(1.,0.,-0.));
#3941 = ADVANCED_FACE('',(#3942),#3953,.F.);
#3942 = FACE_BOUND('',#3943,.F.);
#3943 = EDGE_LOOP('',(#3944,#3945,#3946,#3947));
#3944 = ORIENTED_EDGE('',*,*,#3880,.F.);
#3945 = ORIENTED_EDGE('',*,*,#3931,.F.);
#3946 = ORIENTED_EDGE('',*,*,#3779,.T.);
#3947 = ORIENTED_EDGE('',*,*,#3948,.T.);
#3948 = EDGE_CURVE('',#3772,#3873,#3949,.T.);
#3949 = LINE('',#3950,#3951);
#3950 = CARTESIAN_POINT('',(-21.,6.3,20.7));
#3951 = VECTOR('',#3952,1.);
#3952 = DIRECTION('',(1.,0.,0.));
#3953 = PLANE('',#3954);
#3954 = AXIS2_PLACEMENT_3D('',#3955,#3956,#3957);
#3955 = CARTESIAN_POINT('',(-21.,6.3,0.));
#3956 = DIRECTION('',(0.,1.,0.));
#3957 = DIRECTION('',(0.,-0.,1.));
#3958 = ADVANCED_FACE('',(#3959),#3970,.T.);
#3959 = FACE_BOUND('',#3960,.T.);
#3960 = EDGE_LOOP('',(#3961,#3962,#3963,#3964));
#3961 = ORIENTED_EDGE('',*,*,#3771,.F.);
#3962 = ORIENTED_EDGE('',*,*,#3948,.T.);
#3963 = ORIENTED_EDGE('',*,*,#3872,.T.);
#3964 = ORIENTED_EDGE('',*,*,#3965,.F.);
#3965 = EDGE_CURVE('',#3764,#3865,#3966,.T.);
#3966 = LINE('',#3967,#3968);
#3967 = CARTESIAN_POINT('',(-21.,6.9,20.7));
#3968 = VECTOR('',#3969,1.);
#3969 = DIRECTION('',(1.,0.,0.));
#3970 = PLANE('',#3971);
#3971 = AXIS2_PLACEMENT_3D('',#3972,#3973,#3974);
#3972 = CARTESIAN_POINT('',(-21.,6.3,20.7));
#3973 = DIRECTION('',(0.,0.,1.));
#3974 = DIRECTION('',(1.,0.,-0.));
#3975 = ADVANCED_FACE('',(#3976),#3987,.T.);
#3976 = FACE_BOUND('',#3977,.T.);
#3977 = EDGE_LOOP('',(#3978,#3984,#3985,#3986));
#3978 = ORIENTED_EDGE('',*,*,#3979,.F.);
#3979 = EDGE_CURVE('',#3756,#3857,#3980,.T.);
#3980 = LINE('',#3981,#3982);
#3981 = CARTESIAN_POINT('',(-21.,6.9,0.));
#3982 = VECTOR('',#3983,1.);
#3983 = DIRECTION('',(1.,0.,0.));
#3984 = ORIENTED_EDGE('',*,*,#3763,.F.);
#3985 = ORIENTED_EDGE('',*,*,#3965,.T.);
#3986 = ORIENTED_EDGE('',*,*,#3864,.F.);
#3987 = PLANE('',#3988);
#3988 = AXIS2_PLACEMENT_3D('',#3989,#3990,#3991);
#3989 = CARTESIAN_POINT('',(-21.,6.9,0.));
#3990 = DIRECTION('',(0.,1.,0.));
#3991 = DIRECTION('',(0.,-0.,1.));
#3992 = ADVANCED_FACE('',(#3993),#4004,.F.);
#3993 = FACE_BOUND('',#3994,.F.);
#3994 = EDGE_LOOP('',(#3995,#4001,#4002,#4003));
#3995 = ORIENTED_EDGE('',*,*,#3996,.T.);
#3996 = EDGE_CURVE('',#3746,#3849,#3997,.T.);
#3997 = LINE('',#3998,#3999);
#3998 = CARTESIAN_POINT('',(-21.,-6.9,0.));
#3999 = VECTOR('',#4000,1.);
#4000 = DIRECTION('',(1.,0.,0.));
#4001 = ORIENTED_EDGE('',*,*,#3856,.F.);
#4002 = ORIENTED_EDGE('',*,*,#3979,.F.);
#4003 = ORIENTED_EDGE('',*,*,#3755,.T.);
#4004 = PLANE('',#4005);
#4005 = AXIS2_PLACEMENT_3D('',#4006,#4007,#4008);
#4006 = CARTESIAN_POINT('',(-21.,-6.9,0.));
#4007 = DIRECTION('',(0.,0.,1.));
#4008 = DIRECTION('',(1.,0.,-0.));
#4009 = ADVANCED_FACE('',(#4010),#4016,.F.);
#4010 = FACE_BOUND('',#4011,.F.);
#4011 = EDGE_LOOP('',(#4012,#4013,#4014,#4015));
#4012 = ORIENTED_EDGE('',*,*,#3996,.F.);
#4013 = ORIENTED_EDGE('',*,*,#3745,.T.);
#4014 = ORIENTED_EDGE('',*,*,#3818,.T.);
#4015 = ORIENTED_EDGE('',*,*,#3848,.F.);
#4016 = PLANE('',#4017);
#4017 = AXIS2_PLACEMENT_3D('',#4018,#4019,#4020);
#4018 = CARTESIAN_POINT('',(-21.,-6.9,0.));
#4019 = DIRECTION('',(0.,1.,0.));
#4020 = DIRECTION('',(0.,-0.,1.));
#4021 = MANIFOLD_SOLID_BREP('',#4022);
#4022 = CLOSED_SHELL('',(#4023,#4063,#4103,#4125,#4147,#4159));
#4023 = ADVANCED_FACE('',(#4024),#4058,.F.);
#4024 = FACE_BOUND('',#4025,.F.);
#4025 = EDGE_LOOP('',(#4026,#4036,#4044,#4052));
#4026 = ORIENTED_EDGE('',*,*,#4027,.F.);
#4027 = EDGE_CURVE('',#4028,#4030,#4032,.T.);
#4028 = VERTEX_POINT('',#4029);
#4029 = CARTESIAN_POINT('',(-23.5,-0.4,-4.1));
#4030 = VERTEX_POINT('',#4031);
#4031 = CARTESIAN_POINT('',(-23.5,-0.4,1.));
#4032 = LINE('',#4033,#4034);
#4033 = CARTESIAN_POINT('',(-23.5,-0.4,-4.1));
#4034 = VECTOR('',#4035,1.);
#4035 = DIRECTION('',(0.,0.,1.));
#4036 = ORIENTED_EDGE('',*,*,#4037,.T.);
#4037 = EDGE_CURVE('',#4028,#4038,#4040,.T.);
#4038 = VERTEX_POINT('',#4039);
#4039 = CARTESIAN_POINT('',(-23.5,0.4,-4.1));
#4040 = LINE('',#4041,#4042);
#4041 = CARTESIAN_POINT('',(-23.5,-0.4,-4.1));
#4042 = VECTOR('',#4043,1.);
#4043 = DIRECTION('',(0.,1.,0.));
#4044 = ORIENTED_EDGE('',*,*,#4045,.T.);
#4045 = EDGE_CURVE('',#4038,#4046,#4048,.T.);
#4046 = VERTEX_POINT('',#4047);
#4047 = CARTESIAN_POINT('',(-23.5,0.4,1.));
#4048 = LINE('',#4049,#4050);
#4049 = CARTESIAN_POINT('',(-23.5,0.4,-4.1));
#4050 = VECTOR('',#4051,1.);
#4051 = DIRECTION('',(0.,0.,1.));
#4052 = ORIENTED_EDGE('',*,*,#4053,.F.);
#4053 = EDGE_CURVE('',#4030,#4046,#4054,.T.);
#4054 = LINE('',#4055,#4056);
#4055 = CARTESIAN_POINT('',(-23.5,-0.4,1.));
#4056 = VECTOR('',#4057,1.);
#4057 = DIRECTION('',(0.,1.,0.));
#4058 = PLANE('',#4059);
#4059 = AXIS2_PLACEMENT_3D('',#4060,#4061,#4062);
#4060 = CARTESIAN_POINT('',(-23.5,-0.4,-4.1));
#4061 = DIRECTION('',(1.,0.,0.));
#4062 = DIRECTION('',(0.,0.,1.));
#4063 = ADVANCED_FACE('',(#4064),#4098,.T.);
#4064 = FACE_BOUND('',#4065,.T.);
#4065 = EDGE_LOOP('',(#4066,#4076,#4084,#4092));
#4066 = ORIENTED_EDGE('',*,*,#4067,.F.);
#4067 = EDGE_CURVE('',#4068,#4070,#4072,.T.);
#4068 = VERTEX_POINT('',#4069);
#4069 = CARTESIAN_POINT('',(-21.5,-0.4,-4.1));
#4070 = VERTEX_POINT('',#4071);
#4071 = CARTESIAN_POINT('',(-21.5,-0.4,1.));
#4072 = LINE('',#4073,#4074);
#4073 = CARTESIAN_POINT('',(-21.5,-0.4,-4.1));
#4074 = VECTOR('',#4075,1.);
#4075 = DIRECTION('',(0.,0.,1.));
#4076 = ORIENTED_EDGE('',*,*,#4077,.T.);
#4077 = EDGE_CURVE('',#4068,#4078,#4080,.T.);
#4078 = VERTEX_POINT('',#4079);
#4079 = CARTESIAN_POINT('',(-21.5,0.4,-4.1));
#4080 = LINE('',#4081,#4082);
#4081 = CARTESIAN_POINT('',(-21.5,-0.4,-4.1));
#4082 = VECTOR('',#4083,1.);
#4083 = DIRECTION('',(0.,1.,0.));
#4084 = ORIENTED_EDGE('',*,*,#4085,.T.);
#4085 = EDGE_CURVE('',#4078,#4086,#4088,.T.);
#4086 = VERTEX_POINT('',#4087);
#4087 = CARTESIAN_POINT('',(-21.5,0.4,1.));
#4088 = LINE('',#4089,#4090);
#4089 = CARTESIAN_POINT('',(-21.5,0.4,-4.1));
#4090 = VECTOR('',#4091,1.);
#4091 = DIRECTION('',(0.,0.,1.));
#4092 = ORIENTED_EDGE('',*,*,#4093,.F.);
#4093 = EDGE_CURVE('',#4070,#4086,#4094,.T.);
#4094 = LINE('',#4095,#4096);
#4095 = CARTESIAN_POINT('',(-21.5,-0.4,1.));
#4096 = VECTOR('',#4097,1.);
#4097 = DIRECTION('',(0.,1.,0.));
#4098 = PLANE('',#4099);
#4099 = AXIS2_PLACEMENT_3D('',#4100,#4101,#4102);
#4100 = CARTESIAN_POINT('',(-21.5,-0.4,-4.1));
#4101 = DIRECTION('',(1.,0.,0.));
#4102 = DIRECTION('',(0.,0.,1.));
#4103 = ADVANCED_FACE('',(#4104),#4120,.F.);
#4104 = FACE_BOUND('',#4105,.F.);
#4105 = EDGE_LOOP('',(#4106,#4112,#4113,#4119));
#4106 = ORIENTED_EDGE('',*,*,#4107,.F.);
#4107 = EDGE_CURVE('',#4028,#4068,#4108,.T.);
#4108 = LINE('',#4109,#4110);
#4109 = CARTESIAN_POINT('',(-23.5,-0.4,-4.1));
#4110 = VECTOR('',#4111,1.);
#4111 = DIRECTION('',(1.,0.,0.));
#4112 = ORIENTED_EDGE('',*,*,#4027,.T.);
#4113 = ORIENTED_EDGE('',*,*,#4114,.T.);
#4114 = EDGE_CURVE('',#4030,#4070,#4115,.T.);
#4115 = LINE('',#4116,#4117);
#4116 = CARTESIAN_POINT('',(-23.5,-0.4,1.));
#4117 = VECTOR('',#4118,1.);
#4118 = DIRECTION('',(1.,0.,0.));
#4119 = ORIENTED_EDGE('',*,*,#4067,.F.);
#4120 = PLANE('',#4121);
#4121 = AXIS2_PLACEMENT_3D('',#4122,#4123,#4124);
#4122 = CARTESIAN_POINT('',(-23.5,-0.4,-4.1));
#4123 = DIRECTION('',(0.,1.,0.));
#4124 = DIRECTION('',(0.,-0.,1.));
#4125 = ADVANCED_FACE('',(#4126),#4142,.T.);
#4126 = FACE_BOUND('',#4127,.T.);
#4127 = EDGE_LOOP('',(#4128,#4134,#4135,#4141));
#4128 = ORIENTED_EDGE('',*,*,#4129,.F.);
#4129 = EDGE_CURVE('',#4038,#4078,#4130,.T.);
#4130 = LINE('',#4131,#4132);
#4131 = CARTESIAN_POINT('',(-23.5,0.4,-4.1));
#4132 = VECTOR('',#4133,1.);
#4133 = DIRECTION('',(1.,0.,0.));
#4134 = ORIENTED_EDGE('',*,*,#4045,.T.);
#4135 = ORIENTED_EDGE('',*,*,#4136,.T.);
#4136 = EDGE_CURVE('',#4046,#4086,#4137,.T.);
#4137 = LINE('',#4138,#4139);
#4138 = CARTESIAN_POINT('',(-23.5,0.4,1.));
#4139 = VECTOR('',#4140,1.);
#4140 = DIRECTION('',(1.,0.,0.));
#4141 = ORIENTED_EDGE('',*,*,#4085,.F.);
#4142 = PLANE('',#4143);
#4143 = AXIS2_PLACEMENT_3D('',#4144,#4145,#4146);
#4144 = CARTESIAN_POINT('',(-23.5,0.4,-4.1));
#4145 = DIRECTION('',(0.,1.,0.));
#4146 = DIRECTION('',(0.,-0.,1.));
#4147 = ADVANCED_FACE('',(#4148),#4154,.F.);
#4148 = FACE_BOUND('',#4149,.F.);
#4149 = EDGE_LOOP('',(#4150,#4151,#4152,#4153));
#4150 = ORIENTED_EDGE('',*,*,#4037,.F.);
#4151 = ORIENTED_EDGE('',*,*,#4107,.T.);
#4152 = ORIENTED_EDGE('',*,*,#4077,.T.);
#4153 = ORIENTED_EDGE('',*,*,#4129,.F.);
#4154 = PLANE('',#4155);
#4155 = AXIS2_PLACEMENT_3D('',#4156,#4157,#4158);
#4156 = CARTESIAN_POINT('',(-23.5,-0.4,-4.1));
#4157 = DIRECTION('',(0.,0.,1.));
#4158 = DIRECTION('',(1.,0.,-0.));
#4159 = ADVANCED_FACE('',(#4160),#4166,.T.);
#4160 = FACE_BOUND('',#4161,.T.);
#4161 = EDGE_LOOP('',(#4162,#4163,#4164,#4165));
#4162 = ORIENTED_EDGE('',*,*,#4053,.F.);
#4163 = ORIENTED_EDGE('',*,*,#4114,.T.);
#4164 = ORIENTED_EDGE('',*,*,#4093,.T.);
#4165 = ORIENTED_EDGE('',*,*,#4136,.F.);
#4166 = PLANE('',#4167);
#4167 = AXIS2_PLACEMENT_3D('',#4168,#4169,#4170);
#4168 = CARTESIAN_POINT('',(-23.5,-0.4,1.));
#4169 = DIRECTION('',(0.,0.,1.));
#4170 = DIRECTION('',(1.,0.,-0.));
#4171 = MANIFOLD_SOLID_BREP('',#4172);
#4172 = CLOSED_SHELL('',(#4173,#4213,#4253,#4275,#4297,#4309));
#4173 = ADVANCED_FACE('',(#4174),#4208,.F.);
#4174 = FACE_BOUND('',#4175,.F.);
#4175 = EDGE_LOOP('',(#4176,#4186,#4194,#4202));
#4176 = ORIENTED_EDGE('',*,*,#4177,.F.);
#4177 = EDGE_CURVE('',#4178,#4180,#4182,.T.);
#4178 = VERTEX_POINT('',#4179);
#4179 = CARTESIAN_POINT('',(-8.5,-0.4,-4.1));
#4180 = VERTEX_POINT('',#4181);
#4181 = CARTESIAN_POINT('',(-8.5,-0.4,1.));
#4182 = LINE('',#4183,#4184);
#4183 = CARTESIAN_POINT('',(-8.5,-0.4,-4.1));
#4184 = VECTOR('',#4185,1.);
#4185 = DIRECTION('',(0.,0.,1.));
#4186 = ORIENTED_EDGE('',*,*,#4187,.T.);
#4187 = EDGE_CURVE('',#4178,#4188,#4190,.T.);
#4188 = VERTEX_POINT('',#4189);
#4189 = CARTESIAN_POINT('',(-8.5,0.4,-4.1));
#4190 = LINE('',#4191,#4192);
#4191 = CARTESIAN_POINT('',(-8.5,-0.4,-4.1));
#4192 = VECTOR('',#4193,1.);
#4193 = DIRECTION('',(0.,1.,0.));
#4194 = ORIENTED_EDGE('',*,*,#4195,.T.);
#4195 = EDGE_CURVE('',#4188,#4196,#4198,.T.);
#4196 = VERTEX_POINT('',#4197);
#4197 = CARTESIAN_POINT('',(-8.5,0.4,1.));
#4198 = LINE('',#4199,#4200);
#4199 = CARTESIAN_POINT('',(-8.5,0.4,-4.1));
#4200 = VECTOR('',#4201,1.);
#4201 = DIRECTION('',(0.,0.,1.));
#4202 = ORIENTED_EDGE('',*,*,#4203,.F.);
#4203 = EDGE_CURVE('',#4180,#4196,#4204,.T.);
#4204 = LINE('',#4205,#4206);
#4205 = CARTESIAN_POINT('',(-8.5,-0.4,1.));
#4206 = VECTOR('',#4207,1.);
#4207 = DIRECTION('',(0.,1.,0.));
#4208 = PLANE('',#4209);
#4209 = AXIS2_PLACEMENT_3D('',#4210,#4211,#4212);
#4210 = CARTESIAN_POINT('',(-8.5,-0.4,-4.1));
#4211 = DIRECTION('',(1.,0.,0.));
#4212 = DIRECTION('',(0.,0.,1.));
#4213 = ADVANCED_FACE('',(#4214),#4248,.T.);
#4214 = FACE_BOUND('',#4215,.T.);
#4215 = EDGE_LOOP('',(#4216,#4226,#4234,#4242));
#4216 = ORIENTED_EDGE('',*,*,#4217,.F.);
#4217 = EDGE_CURVE('',#4218,#4220,#4222,.T.);
#4218 = VERTEX_POINT('',#4219);
#4219 = CARTESIAN_POINT('',(-6.5,-0.4,-4.1));
#4220 = VERTEX_POINT('',#4221);
#4221 = CARTESIAN_POINT('',(-6.5,-0.4,1.));
#4222 = LINE('',#4223,#4224);
#4223 = CARTESIAN_POINT('',(-6.5,-0.4,-4.1));
#4224 = VECTOR('',#4225,1.);
#4225 = DIRECTION('',(0.,0.,1.));
#4226 = ORIENTED_EDGE('',*,*,#4227,.T.);
#4227 = EDGE_CURVE('',#4218,#4228,#4230,.T.);
#4228 = VERTEX_POINT('',#4229);
#4229 = CARTESIAN_POINT('',(-6.5,0.4,-4.1));
#4230 = LINE('',#4231,#4232);
#4231 = CARTESIAN_POINT('',(-6.5,-0.4,-4.1));
#4232 = VECTOR('',#4233,1.);
#4233 = DIRECTION('',(0.,1.,0.));
#4234 = ORIENTED_EDGE('',*,*,#4235,.T.);
#4235 = EDGE_CURVE('',#4228,#4236,#4238,.T.);
#4236 = VERTEX_POINT('',#4237);
#4237 = CARTESIAN_POINT('',(-6.5,0.4,1.));
#4238 = LINE('',#4239,#4240);
#4239 = CARTESIAN_POINT('',(-6.5,0.4,-4.1));
#4240 = VECTOR('',#4241,1.);
#4241 = DIRECTION('',(0.,0.,1.));
#4242 = ORIENTED_EDGE('',*,*,#4243,.F.);
#4243 = EDGE_CURVE('',#4220,#4236,#4244,.T.);
#4244 = LINE('',#4245,#4246);
#4245 = CARTESIAN_POINT('',(-6.5,-0.4,1.));
#4246 = VECTOR('',#4247,1.);
#4247 = DIRECTION('',(0.,1.,0.));
#4248 = PLANE('',#4249);
#4249 = AXIS2_PLACEMENT_3D('',#4250,#4251,#4252);
#4250 = CARTESIAN_POINT('',(-6.5,-0.4,-4.1));
#4251 = DIRECTION('',(1.,0.,0.));
#4252 = DIRECTION('',(0.,0.,1.));
#4253 = ADVANCED_FACE('',(#4254),#4270,.F.);
#4254 = FACE_BOUND('',#4255,.F.);
#4255 = EDGE_LOOP('',(#4256,#4262,#4263,#4269));
#4256 = ORIENTED_EDGE('',*,*,#4257,.F.);
#4257 = EDGE_CURVE('',#4178,#4218,#4258,.T.);
#4258 = LINE('',#4259,#4260);
#4259 = CARTESIAN_POINT('',(-8.5,-0.4,-4.1));
#4260 = VECTOR('',#4261,1.);
#4261 = DIRECTION('',(1.,0.,0.));
#4262 = ORIENTED_EDGE('',*,*,#4177,.T.);
#4263 = ORIENTED_EDGE('',*,*,#4264,.T.);
#4264 = EDGE_CURVE('',#4180,#4220,#4265,.T.);
#4265 = LINE('',#4266,#4267);
#4266 = CARTESIAN_POINT('',(-8.5,-0.4,1.));
#4267 = VECTOR('',#4268,1.);
#4268 = DIRECTION('',(1.,0.,0.));
#4269 = ORIENTED_EDGE('',*,*,#4217,.F.);
#4270 = PLANE('',#4271);
#4271 = AXIS2_PLACEMENT_3D('',#4272,#4273,#4274);
#4272 = CARTESIAN_POINT('',(-8.5,-0.4,-4.1));
#4273 = DIRECTION('',(0.,1.,0.));
#4274 = DIRECTION('',(0.,-0.,1.));
#4275 = ADVANCED_FACE('',(#4276),#4292,.T.);
#4276 = FACE_BOUND('',#4277,.T.);
#4277 = EDGE_LOOP('',(#4278,#4284,#4285,#4291));
#4278 = ORIENTED_EDGE('',*,*,#4279,.F.);
#4279 = EDGE_CURVE('',#4188,#4228,#4280,.T.);
#4280 = LINE('',#4281,#4282);
#4281 = CARTESIAN_POINT('',(-8.5,0.4,-4.1));
#4282 = VECTOR('',#4283,1.);
#4283 = DIRECTION('',(1.,0.,0.));
#4284 = ORIENTED_EDGE('',*,*,#4195,.T.);
#4285 = ORIENTED_EDGE('',*,*,#4286,.T.);
#4286 = EDGE_CURVE('',#4196,#4236,#4287,.T.);
#4287 = LINE('',#4288,#4289);
#4288 = CARTESIAN_POINT('',(-8.5,0.4,1.));
#4289 = VECTOR('',#4290,1.);
#4290 = DIRECTION('',(1.,0.,0.));
#4291 = ORIENTED_EDGE('',*,*,#4235,.F.);
#4292 = PLANE('',#4293);
#4293 = AXIS2_PLACEMENT_3D('',#4294,#4295,#4296);
#4294 = CARTESIAN_POINT('',(-8.5,0.4,-4.1));
#4295 = DIRECTION('',(0.,1.,0.));
#4296 = DIRECTION('',(0.,-0.,1.));
#4297 = ADVANCED_FACE('',(#4298),#4304,.F.);
#4298 = FACE_BOUND('',#4299,.F.);
#4299 = EDGE_LOOP('',(#4300,#4301,#4302,#4303));
#4300 = ORIENTED_EDGE('',*,*,#4187,.F.);
#4301 = ORIENTED_EDGE('',*,*,#4257,.T.);
#4302 = ORIENTED_EDGE('',*,*,#4227,.T.);
#4303 = ORIENTED_EDGE('',*,*,#4279,.F.);
#4304 = PLANE('',#4305);
#4305 = AXIS2_PLACEMENT_3D('',#4306,#4307,#4308);
#4306 = CARTESIAN_POINT('',(-8.5,-0.4,-4.1));
#4307 = DIRECTION('',(0.,0.,1.));
#4308 = DIRECTION('',(1.,0.,-0.));
#4309 = ADVANCED_FACE('',(#4310),#4316,.T.);
#4310 = FACE_BOUND('',#4311,.T.);
#4311 = EDGE_LOOP('',(#4312,#4313,#4314,#4315));
#4312 = ORIENTED_EDGE('',*,*,#4203,.F.);
#4313 = ORIENTED_EDGE('',*,*,#4264,.T.);
#4314 = ORIENTED_EDGE('',*,*,#4243,.T.);
#4315 = ORIENTED_EDGE('',*,*,#4286,.F.);
#4316 = PLANE('',#4317);
#4317 = AXIS2_PLACEMENT_3D('',#4318,#4319,#4320);
#4318 = CARTESIAN_POINT('',(-8.5,-0.4,1.));
#4319 = DIRECTION('',(0.,0.,1.));
#4320 = DIRECTION('',(1.,0.,-0.));
#4321 = MANIFOLD_SOLID_BREP('',#4322);
#4322 = CLOSED_SHELL('',(#4323,#4395,#4426,#4489,#4506,#4523,#4540,#4557
    ,#4574,#4591));
#4323 = ADVANCED_FACE('',(#4324),#4390,.F.);
#4324 = FACE_BOUND('',#4325,.F.);
#4325 = EDGE_LOOP('',(#4326,#4336,#4344,#4352,#4360,#4368,#4376,#4384));
#4326 = ORIENTED_EDGE('',*,*,#4327,.F.);
#4327 = EDGE_CURVE('',#4328,#4330,#4332,.T.);
#4328 = VERTEX_POINT('',#4329);
#4329 = CARTESIAN_POINT('',(9.,-6.9,0.));
#4330 = VERTEX_POINT('',#4331);
#4331 = CARTESIAN_POINT('',(9.,-6.9,20.7));
#4332 = LINE('',#4333,#4334);
#4333 = CARTESIAN_POINT('',(9.,-6.9,0.));
#4334 = VECTOR('',#4335,1.);
#4335 = DIRECTION('',(0.,0.,1.));
#4336 = ORIENTED_EDGE('',*,*,#4337,.F.);
#4337 = EDGE_CURVE('',#4338,#4328,#4340,.T.);
#4338 = VERTEX_POINT('',#4339);
#4339 = CARTESIAN_POINT('',(9.,6.9,0.));
#4340 = LINE('',#4341,#4342);
#4341 = CARTESIAN_POINT('',(9.,6.9,0.));
#4342 = VECTOR('',#4343,1.);
#4343 = DIRECTION('',(0.,-1.,0.));
#4344 = ORIENTED_EDGE('',*,*,#4345,.F.);
#4345 = EDGE_CURVE('',#4346,#4338,#4348,.T.);
#4346 = VERTEX_POINT('',#4347);
#4347 = CARTESIAN_POINT('',(9.,6.9,20.7));
#4348 = LINE('',#4349,#4350);
#4349 = CARTESIAN_POINT('',(9.,6.9,20.7));
#4350 = VECTOR('',#4351,1.);
#4351 = DIRECTION('',(0.,4.290717003382E-17,-1.));
#4352 = ORIENTED_EDGE('',*,*,#4353,.F.);
#4353 = EDGE_CURVE('',#4354,#4346,#4356,.T.);
#4354 = VERTEX_POINT('',#4355);
#4355 = CARTESIAN_POINT('',(9.,6.3,20.7));
#4356 = LINE('',#4357,#4358);
#4357 = CARTESIAN_POINT('',(9.,6.3,20.7));
#4358 = VECTOR('',#4359,1.);
#4359 = DIRECTION('',(0.,1.,0.));
#4360 = ORIENTED_EDGE('',*,*,#4361,.F.);
#4361 = EDGE_CURVE('',#4362,#4354,#4364,.T.);
#4362 = VERTEX_POINT('',#4363);
#4363 = CARTESIAN_POINT('',(9.,6.3,1.));
#4364 = LINE('',#4365,#4366);
#4365 = CARTESIAN_POINT('',(9.,6.3,0.));
#4366 = VECTOR('',#4367,1.);
#4367 = DIRECTION('',(0.,0.,1.));
#4368 = ORIENTED_EDGE('',*,*,#4369,.F.);
#4369 = EDGE_CURVE('',#4370,#4362,#4372,.T.);
#4370 = VERTEX_POINT('',#4371);
#4371 = CARTESIAN_POINT('',(9.,-6.3,1.));
#4372 = LINE('',#4373,#4374);
#4373 = CARTESIAN_POINT('',(9.,-6.9,1.));
#4374 = VECTOR('',#4375,1.);
#4375 = DIRECTION('',(0.,1.,0.));
#4376 = ORIENTED_EDGE('',*,*,#4377,.T.);
#4377 = EDGE_CURVE('',#4370,#4378,#4380,.T.);
#4378 = VERTEX_POINT('',#4379);
#4379 = CARTESIAN_POINT('',(9.,-6.3,20.7));
#4380 = LINE('',#4381,#4382);
#4381 = CARTESIAN_POINT('',(9.,-6.3,0.));
#4382 = VECTOR('',#4383,1.);
#4383 = DIRECTION('',(0.,0.,1.));
#4384 = ORIENTED_EDGE('',*,*,#4385,.F.);
#4385 = EDGE_CURVE('',#4330,#4378,#4386,.T.);
#4386 = LINE('',#4387,#4388);
#4387 = CARTESIAN_POINT('',(9.,-6.9,20.7));
#4388 = VECTOR('',#4389,1.);
#4389 = DIRECTION('',(0.,1.,0.));
#4390 = PLANE('',#4391);
#4391 = AXIS2_PLACEMENT_3D('',#4392,#4393,#4394);
#4392 = CARTESIAN_POINT('',(9.,-6.9,0.));
#4393 = DIRECTION('',(1.,0.,0.));
#4394 = DIRECTION('',(0.,0.,1.));
#4395 = ADVANCED_FACE('',(#4396),#4421,.T.);
#4396 = FACE_BOUND('',#4397,.T.);
#4397 = EDGE_LOOP('',(#4398,#4399,#4407,#4415));
#4398 = ORIENTED_EDGE('',*,*,#4385,.F.);
#4399 = ORIENTED_EDGE('',*,*,#4400,.T.);
#4400 = EDGE_CURVE('',#4330,#4401,#4403,.T.);
#4401 = VERTEX_POINT('',#4402);
#4402 = CARTESIAN_POINT('',(21.,-6.9,20.7));
#4403 = LINE('',#4404,#4405);
#4404 = CARTESIAN_POINT('',(9.,-6.9,20.7));
#4405 = VECTOR('',#4406,1.);
#4406 = DIRECTION('',(1.,0.,0.));
#4407 = ORIENTED_EDGE('',*,*,#4408,.T.);
#4408 = EDGE_CURVE('',#4401,#4409,#4411,.T.);
#4409 = VERTEX_POINT('',#4410);
#4410 = CARTESIAN_POINT('',(21.,-6.3,20.7));
#4411 = LINE('',#4412,#4413);
#4412 = CARTESIAN_POINT('',(21.,-6.9,20.7));
#4413 = VECTOR('',#4414,1.);
#4414 = DIRECTION('',(0.,1.,0.));
#4415 = ORIENTED_EDGE('',*,*,#4416,.F.);
#4416 = EDGE_CURVE('',#4378,#4409,#4417,.T.);
#4417 = LINE('',#4418,#4419);
#4418 = CARTESIAN_POINT('',(9.,-6.3,20.7));
#4419 = VECTOR('',#4420,1.);
#4420 = DIRECTION('',(1.,0.,0.));
#4421 = PLANE('',#4422);
#4422 = AXIS2_PLACEMENT_3D('',#4423,#4424,#4425);
#4423 = CARTESIAN_POINT('',(9.,-6.9,20.7));
#4424 = DIRECTION('',(0.,0.,1.));
#4425 = DIRECTION('',(1.,0.,-0.));
#4426 = ADVANCED_FACE('',(#4427),#4484,.T.);
#4427 = FACE_BOUND('',#4428,.T.);
#4428 = EDGE_LOOP('',(#4429,#4437,#4445,#4453,#4461,#4469,#4477,#4483));
#4429 = ORIENTED_EDGE('',*,*,#4430,.F.);
#4430 = EDGE_CURVE('',#4431,#4401,#4433,.T.);
#4431 = VERTEX_POINT('',#4432);
#4432 = CARTESIAN_POINT('',(21.,-6.9,0.));
#4433 = LINE('',#4434,#4435);
#4434 = CARTESIAN_POINT('',(21.,-6.9,0.));
#4435 = VECTOR('',#4436,1.);
#4436 = DIRECTION('',(0.,0.,1.));
#4437 = ORIENTED_EDGE('',*,*,#4438,.F.);
#4438 = EDGE_CURVE('',#4439,#4431,#4441,.T.);
#4439 = VERTEX_POINT('',#4440);
#4440 = CARTESIAN_POINT('',(21.,6.9,0.));
#4441 = LINE('',#4442,#4443);
#4442 = CARTESIAN_POINT('',(21.,6.9,0.));
#4443 = VECTOR('',#4444,1.);
#4444 = DIRECTION('',(0.,-1.,0.));
#4445 = ORIENTED_EDGE('',*,*,#4446,.T.);
#4446 = EDGE_CURVE('',#4439,#4447,#4449,.T.);
#4447 = VERTEX_POINT('',#4448);
#4448 = CARTESIAN_POINT('',(21.,6.9,20.7));
#4449 = LINE('',#4450,#4451);
#4450 = CARTESIAN_POINT('',(21.,6.9,0.));
#4451 = VECTOR('',#4452,1.);
#4452 = DIRECTION('',(0.,-4.290717003382E-17,1.));
#4453 = ORIENTED_EDGE('',*,*,#4454,.F.);
#4454 = EDGE_CURVE('',#4455,#4447,#4457,.T.);
#4455 = VERTEX_POINT('',#4456);
#4456 = CARTESIAN_POINT('',(21.,6.3,20.7));
#4457 = LINE('',#4458,#4459);
#4458 = CARTESIAN_POINT('',(21.,6.3,20.7));
#4459 = VECTOR('',#4460,1.);
#4460 = DIRECTION('',(0.,1.,0.));
#4461 = ORIENTED_EDGE('',*,*,#4462,.F.);
#4462 = EDGE_CURVE('',#4463,#4455,#4465,.T.);
#4463 = VERTEX_POINT('',#4464);
#4464 = CARTESIAN_POINT('',(21.,6.3,1.));
#4465 = LINE('',#4466,#4467);
#4466 = CARTESIAN_POINT('',(21.,6.3,0.));
#4467 = VECTOR('',#4468,1.);
#4468 = DIRECTION('',(0.,0.,1.));
#4469 = ORIENTED_EDGE('',*,*,#4470,.F.);
#4470 = EDGE_CURVE('',#4471,#4463,#4473,.T.);
#4471 = VERTEX_POINT('',#4472);
#4472 = CARTESIAN_POINT('',(21.,-6.3,1.));
#4473 = LINE('',#4474,#4475);
#4474 = CARTESIAN_POINT('',(21.,-6.9,1.));
#4475 = VECTOR('',#4476,1.);
#4476 = DIRECTION('',(0.,1.,0.));
#4477 = ORIENTED_EDGE('',*,*,#4478,.T.);
#4478 = EDGE_CURVE('',#4471,#4409,#4479,.T.);
#4479 = LINE('',#4480,#4481);
#4480 = CARTESIAN_POINT('',(21.,-6.3,0.));
#4481 = VECTOR('',#4482,1.);
#4482 = DIRECTION('',(0.,0.,1.));
#4483 = ORIENTED_EDGE('',*,*,#4408,.F.);
#4484 = PLANE('',#4485);
#4485 = AXIS2_PLACEMENT_3D('',#4486,#4487,#4488);
#4486 = CARTESIAN_POINT('',(21.,-6.9,0.));
#4487 = DIRECTION('',(1.,0.,0.));
#4488 = DIRECTION('',(0.,0.,1.));
#4489 = ADVANCED_FACE('',(#4490),#4501,.T.);
#4490 = FACE_BOUND('',#4491,.T.);
#4491 = EDGE_LOOP('',(#4492,#4493,#4499,#4500));
#4492 = ORIENTED_EDGE('',*,*,#4478,.F.);
#4493 = ORIENTED_EDGE('',*,*,#4494,.F.);
#4494 = EDGE_CURVE('',#4370,#4471,#4495,.T.);
#4495 = LINE('',#4496,#4497);
#4496 = CARTESIAN_POINT('',(9.,-6.3,1.));
#4497 = VECTOR('',#4498,1.);
#4498 = DIRECTION('',(1.,0.,0.));
#4499 = ORIENTED_EDGE('',*,*,#4377,.T.);
#4500 = ORIENTED_EDGE('',*,*,#4416,.T.);
#4501 = PLANE('',#4502);
#4502 = AXIS2_PLACEMENT_3D('',#4503,#4504,#4505);
#4503 = CARTESIAN_POINT('',(9.,-6.3,0.));
#4504 = DIRECTION('',(0.,1.,0.));
#4505 = DIRECTION('',(0.,-0.,1.));
#4506 = ADVANCED_FACE('',(#4507),#4518,.T.);
#4507 = FACE_BOUND('',#4508,.T.);
#4508 = EDGE_LOOP('',(#4509,#4510,#4511,#4512));
#4509 = ORIENTED_EDGE('',*,*,#4369,.F.);
#4510 = ORIENTED_EDGE('',*,*,#4494,.T.);
#4511 = ORIENTED_EDGE('',*,*,#4470,.T.);
#4512 = ORIENTED_EDGE('',*,*,#4513,.F.);
#4513 = EDGE_CURVE('',#4362,#4463,#4514,.T.);
#4514 = LINE('',#4515,#4516);
#4515 = CARTESIAN_POINT('',(9.,6.3,1.));
#4516 = VECTOR('',#4517,1.);
#4517 = DIRECTION('',(1.,0.,0.));
#4518 = PLANE('',#4519);
#4519 = AXIS2_PLACEMENT_3D('',#4520,#4521,#4522);
#4520 = CARTESIAN_POINT('',(9.,-6.9,1.));
#4521 = DIRECTION('',(0.,0.,1.));
#4522 = DIRECTION('',(1.,0.,-0.));
#4523 = ADVANCED_FACE('',(#4524),#4535,.F.);
#4524 = FACE_BOUND('',#4525,.F.);
#4525 = EDGE_LOOP('',(#4526,#4527,#4528,#4529));
#4526 = ORIENTED_EDGE('',*,*,#4462,.F.);
#4527 = ORIENTED_EDGE('',*,*,#4513,.F.);
#4528 = ORIENTED_EDGE('',*,*,#4361,.T.);
#4529 = ORIENTED_EDGE('',*,*,#4530,.T.);
#4530 = EDGE_CURVE('',#4354,#4455,#4531,.T.);
#4531 = LINE('',#4532,#4533);
#4532 = CARTESIAN_POINT('',(9.,6.3,20.7));
#4533 = VECTOR('',#4534,1.);
#4534 = DIRECTION('',(1.,0.,0.));
#4535 = PLANE('',#4536);
#4536 = AXIS2_PLACEMENT_3D('',#4537,#4538,#4539);
#4537 = CARTESIAN_POINT('',(9.,6.3,0.));
#4538 = DIRECTION('',(0.,1.,0.));
#4539 = DIRECTION('',(0.,-0.,1.));
#4540 = ADVANCED_FACE('',(#4541),#4552,.T.);
#4541 = FACE_BOUND('',#4542,.T.);
#4542 = EDGE_LOOP('',(#4543,#4544,#4545,#4546));
#4543 = ORIENTED_EDGE('',*,*,#4353,.F.);
#4544 = ORIENTED_EDGE('',*,*,#4530,.T.);
#4545 = ORIENTED_EDGE('',*,*,#4454,.T.);
#4546 = ORIENTED_EDGE('',*,*,#4547,.F.);
#4547 = EDGE_CURVE('',#4346,#4447,#4548,.T.);
#4548 = LINE('',#4549,#4550);
#4549 = CARTESIAN_POINT('',(9.,6.9,20.7));
#4550 = VECTOR('',#4551,1.);
#4551 = DIRECTION('',(1.,0.,0.));
#4552 = PLANE('',#4553);
#4553 = AXIS2_PLACEMENT_3D('',#4554,#4555,#4556);
#4554 = CARTESIAN_POINT('',(9.,6.3,20.7));
#4555 = DIRECTION('',(0.,0.,1.));
#4556 = DIRECTION('',(1.,0.,-0.));
#4557 = ADVANCED_FACE('',(#4558),#4569,.T.);
#4558 = FACE_BOUND('',#4559,.T.);
#4559 = EDGE_LOOP('',(#4560,#4566,#4567,#4568));
#4560 = ORIENTED_EDGE('',*,*,#4561,.F.);
#4561 = EDGE_CURVE('',#4338,#4439,#4562,.T.);
#4562 = LINE('',#4563,#4564);
#4563 = CARTESIAN_POINT('',(9.,6.9,0.));
#4564 = VECTOR('',#4565,1.);
#4565 = DIRECTION('',(1.,0.,0.));
#4566 = ORIENTED_EDGE('',*,*,#4345,.F.);
#4567 = ORIENTED_EDGE('',*,*,#4547,.T.);
#4568 = ORIENTED_EDGE('',*,*,#4446,.F.);
#4569 = PLANE('',#4570);
#4570 = AXIS2_PLACEMENT_3D('',#4571,#4572,#4573);
#4571 = CARTESIAN_POINT('',(9.,6.9,0.));
#4572 = DIRECTION('',(0.,1.,0.));
#4573 = DIRECTION('',(0.,-0.,1.));
#4574 = ADVANCED_FACE('',(#4575),#4586,.F.);
#4575 = FACE_BOUND('',#4576,.F.);
#4576 = EDGE_LOOP('',(#4577,#4583,#4584,#4585));
#4577 = ORIENTED_EDGE('',*,*,#4578,.T.);
#4578 = EDGE_CURVE('',#4328,#4431,#4579,.T.);
#4579 = LINE('',#4580,#4581);
#4580 = CARTESIAN_POINT('',(9.,-6.9,0.));
#4581 = VECTOR('',#4582,1.);
#4582 = DIRECTION('',(1.,0.,0.));
#4583 = ORIENTED_EDGE('',*,*,#4438,.F.);
#4584 = ORIENTED_EDGE('',*,*,#4561,.F.);
#4585 = ORIENTED_EDGE('',*,*,#4337,.T.);
#4586 = PLANE('',#4587);
#4587 = AXIS2_PLACEMENT_3D('',#4588,#4589,#4590);
#4588 = CARTESIAN_POINT('',(9.,-6.9,0.));
#4589 = DIRECTION('',(0.,0.,1.));
#4590 = DIRECTION('',(1.,0.,-0.));
#4591 = ADVANCED_FACE('',(#4592),#4598,.F.);
#4592 = FACE_BOUND('',#4593,.F.);
#4593 = EDGE_LOOP('',(#4594,#4595,#4596,#4597));
#4594 = ORIENTED_EDGE('',*,*,#4578,.F.);
#4595 = ORIENTED_EDGE('',*,*,#4327,.T.);
#4596 = ORIENTED_EDGE('',*,*,#4400,.T.);
#4597 = ORIENTED_EDGE('',*,*,#4430,.F.);
#4598 = PLANE('',#4599);
#4599 = AXIS2_PLACEMENT_3D('',#4600,#4601,#4602);
#4600 = CARTESIAN_POINT('',(9.,-6.9,0.));
#4601 = DIRECTION('',(0.,1.,0.));
#4602 = DIRECTION('',(0.,-0.,1.));
#4603 = MANIFOLD_SOLID_BREP('',#4604);
#4604 = CLOSED_SHELL('',(#4605,#4645,#4685,#4707,#4729,#4741));
#4605 = ADVANCED_FACE('',(#4606),#4640,.F.);
#4606 = FACE_BOUND('',#4607,.F.);
#4607 = EDGE_LOOP('',(#4608,#4618,#4626,#4634));
#4608 = ORIENTED_EDGE('',*,*,#4609,.F.);
#4609 = EDGE_CURVE('',#4610,#4612,#4614,.T.);
#4610 = VERTEX_POINT('',#4611);
#4611 = CARTESIAN_POINT('',(6.5,-0.4,-4.1));
#4612 = VERTEX_POINT('',#4613);
#4613 = CARTESIAN_POINT('',(6.5,-0.4,1.));
#4614 = LINE('',#4615,#4616);
#4615 = CARTESIAN_POINT('',(6.5,-0.4,-4.1));
#4616 = VECTOR('',#4617,1.);
#4617 = DIRECTION('',(0.,0.,1.));
#4618 = ORIENTED_EDGE('',*,*,#4619,.T.);
#4619 = EDGE_CURVE('',#4610,#4620,#4622,.T.);
#4620 = VERTEX_POINT('',#4621);
#4621 = CARTESIAN_POINT('',(6.5,0.4,-4.1));
#4622 = LINE('',#4623,#4624);
#4623 = CARTESIAN_POINT('',(6.5,-0.4,-4.1));
#4624 = VECTOR('',#4625,1.);
#4625 = DIRECTION('',(0.,1.,0.));
#4626 = ORIENTED_EDGE('',*,*,#4627,.T.);
#4627 = EDGE_CURVE('',#4620,#4628,#4630,.T.);
#4628 = VERTEX_POINT('',#4629);
#4629 = CARTESIAN_POINT('',(6.5,0.4,1.));
#4630 = LINE('',#4631,#4632);
#4631 = CARTESIAN_POINT('',(6.5,0.4,-4.1));
#4632 = VECTOR('',#4633,1.);
#4633 = DIRECTION('',(0.,0.,1.));
#4634 = ORIENTED_EDGE('',*,*,#4635,.F.);
#4635 = EDGE_CURVE('',#4612,#4628,#4636,.T.);
#4636 = LINE('',#4637,#4638);
#4637 = CARTESIAN_POINT('',(6.5,-0.4,1.));
#4638 = VECTOR('',#4639,1.);
#4639 = DIRECTION('',(0.,1.,0.));
#4640 = PLANE('',#4641);
#4641 = AXIS2_PLACEMENT_3D('',#4642,#4643,#4644);
#4642 = CARTESIAN_POINT('',(6.5,-0.4,-4.1));
#4643 = DIRECTION('',(1.,0.,0.));
#4644 = DIRECTION('',(0.,0.,1.));
#4645 = ADVANCED_FACE('',(#4646),#4680,.T.);
#4646 = FACE_BOUND('',#4647,.T.);
#4647 = EDGE_LOOP('',(#4648,#4658,#4666,#4674));
#4648 = ORIENTED_EDGE('',*,*,#4649,.F.);
#4649 = EDGE_CURVE('',#4650,#4652,#4654,.T.);
#4650 = VERTEX_POINT('',#4651);
#4651 = CARTESIAN_POINT('',(8.5,-0.4,-4.1));
#4652 = VERTEX_POINT('',#4653);
#4653 = CARTESIAN_POINT('',(8.5,-0.4,1.));
#4654 = LINE('',#4655,#4656);
#4655 = CARTESIAN_POINT('',(8.5,-0.4,-4.1));
#4656 = VECTOR('',#4657,1.);
#4657 = DIRECTION('',(0.,0.,1.));
#4658 = ORIENTED_EDGE('',*,*,#4659,.T.);
#4659 = EDGE_CURVE('',#4650,#4660,#4662,.T.);
#4660 = VERTEX_POINT('',#4661);
#4661 = CARTESIAN_POINT('',(8.5,0.4,-4.1));
#4662 = LINE('',#4663,#4664);
#4663 = CARTESIAN_POINT('',(8.5,-0.4,-4.1));
#4664 = VECTOR('',#4665,1.);
#4665 = DIRECTION('',(0.,1.,0.));
#4666 = ORIENTED_EDGE('',*,*,#4667,.T.);
#4667 = EDGE_CURVE('',#4660,#4668,#4670,.T.);
#4668 = VERTEX_POINT('',#4669);
#4669 = CARTESIAN_POINT('',(8.5,0.4,1.));
#4670 = LINE('',#4671,#4672);
#4671 = CARTESIAN_POINT('',(8.5,0.4,-4.1));
#4672 = VECTOR('',#4673,1.);
#4673 = DIRECTION('',(0.,0.,1.));
#4674 = ORIENTED_EDGE('',*,*,#4675,.F.);
#4675 = EDGE_CURVE('',#4652,#4668,#4676,.T.);
#4676 = LINE('',#4677,#4678);
#4677 = CARTESIAN_POINT('',(8.5,-0.4,1.));
#4678 = VECTOR('',#4679,1.);
#4679 = DIRECTION('',(0.,1.,0.));
#4680 = PLANE('',#4681);
#4681 = AXIS2_PLACEMENT_3D('',#4682,#4683,#4684);
#4682 = CARTESIAN_POINT('',(8.5,-0.4,-4.1));
#4683 = DIRECTION('',(1.,0.,0.));
#4684 = DIRECTION('',(0.,0.,1.));
#4685 = ADVANCED_FACE('',(#4686),#4702,.F.);
#4686 = FACE_BOUND('',#4687,.F.);
#4687 = EDGE_LOOP('',(#4688,#4694,#4695,#4701));
#4688 = ORIENTED_EDGE('',*,*,#4689,.F.);
#4689 = EDGE_CURVE('',#4610,#4650,#4690,.T.);
#4690 = LINE('',#4691,#4692);
#4691 = CARTESIAN_POINT('',(6.5,-0.4,-4.1));
#4692 = VECTOR('',#4693,1.);
#4693 = DIRECTION('',(1.,0.,0.));
#4694 = ORIENTED_EDGE('',*,*,#4609,.T.);
#4695 = ORIENTED_EDGE('',*,*,#4696,.T.);
#4696 = EDGE_CURVE('',#4612,#4652,#4697,.T.);
#4697 = LINE('',#4698,#4699);
#4698 = CARTESIAN_POINT('',(6.5,-0.4,1.));
#4699 = VECTOR('',#4700,1.);
#4700 = DIRECTION('',(1.,0.,0.));
#4701 = ORIENTED_EDGE('',*,*,#4649,.F.);
#4702 = PLANE('',#4703);
#4703 = AXIS2_PLACEMENT_3D('',#4704,#4705,#4706);
#4704 = CARTESIAN_POINT('',(6.5,-0.4,-4.1));
#4705 = DIRECTION('',(0.,1.,0.));
#4706 = DIRECTION('',(0.,-0.,1.));
#4707 = ADVANCED_FACE('',(#4708),#4724,.T.);
#4708 = FACE_BOUND('',#4709,.T.);
#4709 = EDGE_LOOP('',(#4710,#4716,#4717,#4723));
#4710 = ORIENTED_EDGE('',*,*,#4711,.F.);
#4711 = EDGE_CURVE('',#4620,#4660,#4712,.T.);
#4712 = LINE('',#4713,#4714);
#4713 = CARTESIAN_POINT('',(6.5,0.4,-4.1));
#4714 = VECTOR('',#4715,1.);
#4715 = DIRECTION('',(1.,0.,0.));
#4716 = ORIENTED_EDGE('',*,*,#4627,.T.);
#4717 = ORIENTED_EDGE('',*,*,#4718,.T.);
#4718 = EDGE_CURVE('',#4628,#4668,#4719,.T.);
#4719 = LINE('',#4720,#4721);
#4720 = CARTESIAN_POINT('',(6.5,0.4,1.));
#4721 = VECTOR('',#4722,1.);
#4722 = DIRECTION('',(1.,0.,0.));
#4723 = ORIENTED_EDGE('',*,*,#4667,.F.);
#4724 = PLANE('',#4725);
#4725 = AXIS2_PLACEMENT_3D('',#4726,#4727,#4728);
#4726 = CARTESIAN_POINT('',(6.5,0.4,-4.1));
#4727 = DIRECTION('',(0.,1.,0.));
#4728 = DIRECTION('',(0.,-0.,1.));
#4729 = ADVANCED_FACE('',(#4730),#4736,.F.);
#4730 = FACE_BOUND('',#4731,.F.);
#4731 = EDGE_LOOP('',(#4732,#4733,#4734,#4735));
#4732 = ORIENTED_EDGE('',*,*,#4619,.F.);
#4733 = ORIENTED_EDGE('',*,*,#4689,.T.);
#4734 = ORIENTED_EDGE('',*,*,#4659,.T.);
#4735 = ORIENTED_EDGE('',*,*,#4711,.F.);
#4736 = PLANE('',#4737);
#4737 = AXIS2_PLACEMENT_3D('',#4738,#4739,#4740);
#4738 = CARTESIAN_POINT('',(6.5,-0.4,-4.1));
#4739 = DIRECTION('',(0.,0.,1.));
#4740 = DIRECTION('',(1.,0.,-0.));
#4741 = ADVANCED_FACE('',(#4742),#4748,.T.);
#4742 = FACE_BOUND('',#4743,.T.);
#4743 = EDGE_LOOP('',(#4744,#4745,#4746,#4747));
#4744 = ORIENTED_EDGE('',*,*,#4635,.F.);
#4745 = ORIENTED_EDGE('',*,*,#4696,.T.);
#4746 = ORIENTED_EDGE('',*,*,#4675,.T.);
#4747 = ORIENTED_EDGE('',*,*,#4718,.F.);
#4748 = PLANE('',#4749);
#4749 = AXIS2_PLACEMENT_3D('',#4750,#4751,#4752);
#4750 = CARTESIAN_POINT('',(6.5,-0.4,1.));
#4751 = DIRECTION('',(0.,0.,1.));
#4752 = DIRECTION('',(1.,0.,-0.));
#4753 = MANIFOLD_SOLID_BREP('',#4754);
#4754 = CLOSED_SHELL('',(#4755,#4795,#4835,#4857,#4879,#4891));
#4755 = ADVANCED_FACE('',(#4756),#4790,.F.);
#4756 = FACE_BOUND('',#4757,.F.);
#4757 = EDGE_LOOP('',(#4758,#4768,#4776,#4784));
#4758 = ORIENTED_EDGE('',*,*,#4759,.F.);
#4759 = EDGE_CURVE('',#4760,#4762,#4764,.T.);
#4760 = VERTEX_POINT('',#4761);
#4761 = CARTESIAN_POINT('',(21.5,-0.4,-4.1));
#4762 = VERTEX_POINT('',#4763);
#4763 = CARTESIAN_POINT('',(21.5,-0.4,1.));
#4764 = LINE('',#4765,#4766);
#4765 = CARTESIAN_POINT('',(21.5,-0.4,-4.1));
#4766 = VECTOR('',#4767,1.);
#4767 = DIRECTION('',(0.,0.,1.));
#4768 = ORIENTED_EDGE('',*,*,#4769,.T.);
#4769 = EDGE_CURVE('',#4760,#4770,#4772,.T.);
#4770 = VERTEX_POINT('',#4771);
#4771 = CARTESIAN_POINT('',(21.5,0.4,-4.1));
#4772 = LINE('',#4773,#4774);
#4773 = CARTESIAN_POINT('',(21.5,-0.4,-4.1));
#4774 = VECTOR('',#4775,1.);
#4775 = DIRECTION('',(0.,1.,0.));
#4776 = ORIENTED_EDGE('',*,*,#4777,.T.);
#4777 = EDGE_CURVE('',#4770,#4778,#4780,.T.);
#4778 = VERTEX_POINT('',#4779);
#4779 = CARTESIAN_POINT('',(21.5,0.4,1.));
#4780 = LINE('',#4781,#4782);
#4781 = CARTESIAN_POINT('',(21.5,0.4,-4.1));
#4782 = VECTOR('',#4783,1.);
#4783 = DIRECTION('',(0.,0.,1.));
#4784 = ORIENTED_EDGE('',*,*,#4785,.F.);
#4785 = EDGE_CURVE('',#4762,#4778,#4786,.T.);
#4786 = LINE('',#4787,#4788);
#4787 = CARTESIAN_POINT('',(21.5,-0.4,1.));
#4788 = VECTOR('',#4789,1.);
#4789 = DIRECTION('',(0.,1.,0.));
#4790 = PLANE('',#4791);
#4791 = AXIS2_PLACEMENT_3D('',#4792,#4793,#4794);
#4792 = CARTESIAN_POINT('',(21.5,-0.4,-4.1));
#4793 = DIRECTION('',(1.,0.,0.));
#4794 = DIRECTION('',(0.,0.,1.));
#4795 = ADVANCED_FACE('',(#4796),#4830,.T.);
#4796 = FACE_BOUND('',#4797,.T.);
#4797 = EDGE_LOOP('',(#4798,#4808,#4816,#4824));
#4798 = ORIENTED_EDGE('',*,*,#4799,.F.);
#4799 = EDGE_CURVE('',#4800,#4802,#4804,.T.);
#4800 = VERTEX_POINT('',#4801);
#4801 = CARTESIAN_POINT('',(23.5,-0.4,-4.1));
#4802 = VERTEX_POINT('',#4803);
#4803 = CARTESIAN_POINT('',(23.5,-0.4,1.));
#4804 = LINE('',#4805,#4806);
#4805 = CARTESIAN_POINT('',(23.5,-0.4,-4.1));
#4806 = VECTOR('',#4807,1.);
#4807 = DIRECTION('',(0.,0.,1.));
#4808 = ORIENTED_EDGE('',*,*,#4809,.T.);
#4809 = EDGE_CURVE('',#4800,#4810,#4812,.T.);
#4810 = VERTEX_POINT('',#4811);
#4811 = CARTESIAN_POINT('',(23.5,0.4,-4.1));
#4812 = LINE('',#4813,#4814);
#4813 = CARTESIAN_POINT('',(23.5,-0.4,-4.1));
#4814 = VECTOR('',#4815,1.);
#4815 = DIRECTION('',(0.,1.,0.));
#4816 = ORIENTED_EDGE('',*,*,#4817,.T.);
#4817 = EDGE_CURVE('',#4810,#4818,#4820,.T.);
#4818 = VERTEX_POINT('',#4819);
#4819 = CARTESIAN_POINT('',(23.5,0.4,1.));
#4820 = LINE('',#4821,#4822);
#4821 = CARTESIAN_POINT('',(23.5,0.4,-4.1));
#4822 = VECTOR('',#4823,1.);
#4823 = DIRECTION('',(0.,0.,1.));
#4824 = ORIENTED_EDGE('',*,*,#4825,.F.);
#4825 = EDGE_CURVE('',#4802,#4818,#4826,.T.);
#4826 = LINE('',#4827,#4828);
#4827 = CARTESIAN_POINT('',(23.5,-0.4,1.));
#4828 = VECTOR('',#4829,1.);
#4829 = DIRECTION('',(0.,1.,0.));
#4830 = PLANE('',#4831);
#4831 = AXIS2_PLACEMENT_3D('',#4832,#4833,#4834);
#4832 = CARTESIAN_POINT('',(23.5,-0.4,-4.1));
#4833 = DIRECTION('',(1.,0.,0.));
#4834 = DIRECTION('',(0.,0.,1.));
#4835 = ADVANCED_FACE('',(#4836),#4852,.F.);
#4836 = FACE_BOUND('',#4837,.F.);
#4837 = EDGE_LOOP('',(#4838,#4844,#4845,#4851));
#4838 = ORIENTED_EDGE('',*,*,#4839,.F.);
#4839 = EDGE_CURVE('',#4760,#4800,#4840,.T.);
#4840 = LINE('',#4841,#4842);
#4841 = CARTESIAN_POINT('',(21.5,-0.4,-4.1));
#4842 = VECTOR('',#4843,1.);
#4843 = DIRECTION('',(1.,0.,0.));
#4844 = ORIENTED_EDGE('',*,*,#4759,.T.);
#4845 = ORIENTED_EDGE('',*,*,#4846,.T.);
#4846 = EDGE_CURVE('',#4762,#4802,#4847,.T.);
#4847 = LINE('',#4848,#4849);
#4848 = CARTESIAN_POINT('',(21.5,-0.4,1.));
#4849 = VECTOR('',#4850,1.);
#4850 = DIRECTION('',(1.,0.,0.));
#4851 = ORIENTED_EDGE('',*,*,#4799,.F.);
#4852 = PLANE('',#4853);
#4853 = AXIS2_PLACEMENT_3D('',#4854,#4855,#4856);
#4854 = CARTESIAN_POINT('',(21.5,-0.4,-4.1));
#4855 = DIRECTION('',(0.,1.,0.));
#4856 = DIRECTION('',(0.,-0.,1.));
#4857 = ADVANCED_FACE('',(#4858),#4874,.T.);
#4858 = FACE_BOUND('',#4859,.T.);
#4859 = EDGE_LOOP('',(#4860,#4866,#4867,#4873));
#4860 = ORIENTED_EDGE('',*,*,#4861,.F.);
#4861 = EDGE_CURVE('',#4770,#4810,#4862,.T.);
#4862 = LINE('',#4863,#4864);
#4863 = CARTESIAN_POINT('',(21.5,0.4,-4.1));
#4864 = VECTOR('',#4865,1.);
#4865 = DIRECTION('',(1.,0.,0.));
#4866 = ORIENTED_EDGE('',*,*,#4777,.T.);
#4867 = ORIENTED_EDGE('',*,*,#4868,.T.);
#4868 = EDGE_CURVE('',#4778,#4818,#4869,.T.);
#4869 = LINE('',#4870,#4871);
#4870 = CARTESIAN_POINT('',(21.5,0.4,1.));
#4871 = VECTOR('',#4872,1.);
#4872 = DIRECTION('',(1.,0.,0.));
#4873 = ORIENTED_EDGE('',*,*,#4817,.F.);
#4874 = PLANE('',#4875);
#4875 = AXIS2_PLACEMENT_3D('',#4876,#4877,#4878);
#4876 = CARTESIAN_POINT('',(21.5,0.4,-4.1));
#4877 = DIRECTION('',(0.,1.,0.));
#4878 = DIRECTION('',(0.,-0.,1.));
#4879 = ADVANCED_FACE('',(#4880),#4886,.F.);
#4880 = FACE_BOUND('',#4881,.F.);
#4881 = EDGE_LOOP('',(#4882,#4883,#4884,#4885));
#4882 = ORIENTED_EDGE('',*,*,#4769,.F.);
#4883 = ORIENTED_EDGE('',*,*,#4839,.T.);
#4884 = ORIENTED_EDGE('',*,*,#4809,.T.);
#4885 = ORIENTED_EDGE('',*,*,#4861,.F.);
#4886 = PLANE('',#4887);
#4887 = AXIS2_PLACEMENT_3D('',#4888,#4889,#4890);
#4888 = CARTESIAN_POINT('',(21.5,-0.4,-4.1));
#4889 = DIRECTION('',(0.,0.,1.));
#4890 = DIRECTION('',(1.,0.,-0.));
#4891 = ADVANCED_FACE('',(#4892),#4898,.T.);
#4892 = FACE_BOUND('',#4893,.T.);
#4893 = EDGE_LOOP('',(#4894,#4895,#4896,#4897));
#4894 = ORIENTED_EDGE('',*,*,#4785,.F.);
#4895 = ORIENTED_EDGE('',*,*,#4846,.T.);
#4896 = ORIENTED_EDGE('',*,*,#4825,.T.);
#4897 = ORIENTED_EDGE('',*,*,#4868,.F.);
#4898 = PLANE('',#4899);
#4899 = AXIS2_PLACEMENT_3D('',#4900,#4901,#4902);
#4900 = CARTESIAN_POINT('',(21.5,-0.4,1.));
#4901 = DIRECTION('',(0.,0.,1.));
#4902 = DIRECTION('',(1.,0.,-0.));
#4903 = MANIFOLD_SOLID_BREP('',#4904);
#4904 = CLOSED_SHELL('',(#4905,#4938,#4947));
#4905 = ADVANCED_FACE('',(#4906),#4933,.T.);
#4906 = FACE_BOUND('',#4907,.T.);
#4907 = EDGE_LOOP('',(#4908,#4917,#4925,#4932));
#4908 = ORIENTED_EDGE('',*,*,#4909,.T.);
#4909 = EDGE_CURVE('',#4910,#4910,#4912,.T.);
#4910 = VERTEX_POINT('',#4911);
#4911 = CARTESIAN_POINT('',(-19.,5.15,13.));
#4912 = CIRCLE('',#4913,5.15);
#4913 = AXIS2_PLACEMENT_3D('',#4914,#4915,#4916);
#4914 = CARTESIAN_POINT('',(-19.,0.,13.));
#4915 = DIRECTION('',(1.,0.,0.));
#4916 = DIRECTION('',(-0.,1.,0.));
#4917 = ORIENTED_EDGE('',*,*,#4918,.T.);
#4918 = EDGE_CURVE('',#4910,#4919,#4921,.T.);
#4919 = VERTEX_POINT('',#4920);
#4920 = CARTESIAN_POINT('',(-9.,5.15,13.));
#4921 = LINE('',#4922,#4923);
#4922 = CARTESIAN_POINT('',(-19.,5.15,13.));
#4923 = VECTOR('',#4924,1.);
#4924 = DIRECTION('',(1.,0.,0.));
#4925 = ORIENTED_EDGE('',*,*,#4926,.F.);
#4926 = EDGE_CURVE('',#4919,#4919,#4927,.T.);
#4927 = CIRCLE('',#4928,5.15);
#4928 = AXIS2_PLACEMENT_3D('',#4929,#4930,#4931);
#4929 = CARTESIAN_POINT('',(-9.,0.,13.));
#4930 = DIRECTION('',(1.,0.,0.));
#4931 = DIRECTION('',(-0.,1.,0.));
#4932 = ORIENTED_EDGE('',*,*,#4918,.F.);
#4933 = CYLINDRICAL_SURFACE('',#4934,5.15);
#4934 = AXIS2_PLACEMENT_3D('',#4935,#4936,#4937);
#4935 = CARTESIAN_POINT('',(-19.,0.,13.));
#4936 = DIRECTION('',(-1.,-0.,-0.));
#4937 = DIRECTION('',(0.,1.,0.));
#4938 = ADVANCED_FACE('',(#4939),#4942,.F.);
#4939 = FACE_BOUND('',#4940,.F.);
#4940 = EDGE_LOOP('',(#4941));
#4941 = ORIENTED_EDGE('',*,*,#4909,.T.);
#4942 = PLANE('',#4943);
#4943 = AXIS2_PLACEMENT_3D('',#4944,#4945,#4946);
#4944 = CARTESIAN_POINT('',(-19.,-2.655223558329E-16,13.));
#4945 = DIRECTION('',(1.,0.,0.));
#4946 = DIRECTION('',(-0.,0.,1.));
#4947 = ADVANCED_FACE('',(#4948),#4951,.T.);
#4948 = FACE_BOUND('',#4949,.T.);
#4949 = EDGE_LOOP('',(#4950));
#4950 = ORIENTED_EDGE('',*,*,#4926,.T.);
#4951 = PLANE('',#4952);
#4952 = AXIS2_PLACEMENT_3D('',#4953,#4954,#4955);
#4953 = CARTESIAN_POINT('',(-9.,-2.655223558329E-16,13.));
#4954 = DIRECTION('',(1.,0.,0.));
#4955 = DIRECTION('',(-0.,0.,1.));
#4956 = MANIFOLD_SOLID_BREP('',#4957);
#4957 = CLOSED_SHELL('',(#4958,#4991,#5000));
#4958 = ADVANCED_FACE('',(#4959),#4986,.T.);
#4959 = FACE_BOUND('',#4960,.T.);
#4960 = EDGE_LOOP('',(#4961,#4970,#4978,#4985));
#4961 = ORIENTED_EDGE('',*,*,#4962,.T.);
#4962 = EDGE_CURVE('',#4963,#4963,#4965,.T.);
#4963 = VERTEX_POINT('',#4964);
#4964 = CARTESIAN_POINT('',(9.,5.15,13.));
#4965 = CIRCLE('',#4966,5.15);
#4966 = AXIS2_PLACEMENT_3D('',#4967,#4968,#4969);
#4967 = CARTESIAN_POINT('',(9.,0.,13.));
#4968 = DIRECTION('',(1.,0.,0.));
#4969 = DIRECTION('',(-0.,1.,0.));
#4970 = ORIENTED_EDGE('',*,*,#4971,.T.);
#4971 = EDGE_CURVE('',#4963,#4972,#4974,.T.);
#4972 = VERTEX_POINT('',#4973);
#4973 = CARTESIAN_POINT('',(19.,5.15,13.));
#4974 = LINE('',#4975,#4976);
#4975 = CARTESIAN_POINT('',(9.,5.15,13.));
#4976 = VECTOR('',#4977,1.);
#4977 = DIRECTION('',(1.,0.,0.));
#4978 = ORIENTED_EDGE('',*,*,#4979,.F.);
#4979 = EDGE_CURVE('',#4972,#4972,#4980,.T.);
#4980 = CIRCLE('',#4981,5.15);
#4981 = AXIS2_PLACEMENT_3D('',#4982,#4983,#4984);
#4982 = CARTESIAN_POINT('',(19.,0.,13.));
#4983 = DIRECTION('',(1.,0.,0.));
#4984 = DIRECTION('',(-0.,1.,0.));
#4985 = ORIENTED_EDGE('',*,*,#4971,.F.);
#4986 = CYLINDRICAL_SURFACE('',#4987,5.15);
#4987 = AXIS2_PLACEMENT_3D('',#4988,#4989,#4990);
#4988 = CARTESIAN_POINT('',(9.,0.,13.));
#4989 = DIRECTION('',(-1.,-0.,-0.));
#4990 = DIRECTION('',(0.,1.,0.));
#4991 = ADVANCED_FACE('',(#4992),#4995,.F.);
#4992 = FACE_BOUND('',#4993,.F.);
#4993 = EDGE_LOOP('',(#4994));
#4994 = ORIENTED_EDGE('',*,*,#4962,.T.);
#4995 = PLANE('',#4996);
#4996 = AXIS2_PLACEMENT_3D('',#4997,#4998,#4999);
#4997 = CARTESIAN_POINT('',(9.,-2.655223558329E-16,13.));
#4998 = DIRECTION('',(1.,0.,0.));
#4999 = DIRECTION('',(-0.,0.,1.));
#5000 = ADVANCED_FACE('',(#5001),#5004,.T.);
#5001 = FACE_BOUND('',#5002,.T.);
#5002 = EDGE_LOOP('',(#5003));
#5003 = ORIENTED_EDGE('',*,*,#4979,.T.);
#5004 = PLANE('',#5005);
#5005 = AXIS2_PLACEMENT_3D('',#5006,#5007,#5008);
#5006 = CARTESIAN_POINT('',(19.,-2.655223558329E-16,13.));
#5007 = DIRECTION('',(1.,0.,0.));
#5008 = DIRECTION('',(-0.,0.,1.));
#5009 = ( GEOMETRIC_REPRESENTATION_CONTEXT(3) 
GLOBAL_UNCERTAINTY_ASSIGNED_CONTEXT((#5013)) 
GLOBAL_UNIT_ASSIGNED_CONTEXT((#5010,#5011,#5012)) REPRESENTATION_CONTEXT
('Context #1','3D Context with UNIT and UNCERTAINTY') );
#5010 = ( LENGTH_UNIT() NAMED_UNIT(*) SI_UNIT(.MILLI.,.METRE.) );
#5011 = ( NAMED_UNIT(*) PLANE_ANGLE_UNIT() SI_UNIT($,.RADIAN.) );
#5012 = ( NAMED_UNIT(*) SI_UNIT($,.STERADIAN.) SOLID_ANGLE_UNIT() );
#5013 = UNCERTAINTY_MEASURE_WITH_UNIT(LENGTH_MEASURE(1.E-07),#5010,
  'distance_accuracy_value','confusion accuracy');
#5014 = CONTEXT_DEPENDENT_SHAPE_REPRESENTATION(#5015,#5017);
#5015 = ( REPRESENTATION_RELATIONSHIP('','',#3738,#3711) 
REPRESENTATION_RELATIONSHIP_WITH_TRANSFORMATION(#5016) 
SHAPE_REPRESENTATION_RELATIONSHIP() );
#5016 = ITEM_DEFINED_TRANSFORMATION('','',#11,#3712);
#5017 = PRODUCT_DEFINITION_SHAPE('Placement','Placement of an item',
  #5018);
#5018 = NEXT_ASSEMBLY_USAGE_OCCURRENCE('24','p0','',#3706,#3733,$);
#5019 = PRODUCT_RELATED_PRODUCT_CATEGORY('part',$,(#3735));
#5020 = SHAPE_DEFINITION_REPRESENTATION(#5021,#5027);
#5021 = PRODUCT_DEFINITION_SHAPE('','',#5022);
#5022 = PRODUCT_DEFINITION('design','',#5023,#5026);
#5023 = PRODUCT_DEFINITION_FORMATION('','',#5024);
#5024 = PRODUCT('p1','p1','',(#5025));
#5025 = PRODUCT_CONTEXT('',#2,'mechanical');
#5026 = PRODUCT_DEFINITION_CONTEXT('part definition',#2,'design');
#5027 = ADVANCED_BREP_SHAPE_REPRESENTATION('',(#11,#5028),#5081);
#5028 = MANIFOLD_SOLID_BREP('',#5029);
#5029 = CLOSED_SHELL('',(#5030,#5063,#5072));
#5030 = ADVANCED_FACE('',(#5031),#5058,.T.);
#5031 = FACE_BOUND('',#5032,.T.);
#5032 = EDGE_LOOP('',(#5033,#5042,#5050,#5057));
#5033 = ORIENTED_EDGE('',*,*,#5034,.T.);
#5034 = EDGE_CURVE('',#5035,#5035,#5037,.T.);
#5035 = VERTEX_POINT('',#5036);
#5036 = CARTESIAN_POINT('',(-9.,5.15,13.));
#5037 = CIRCLE('',#5038,5.15);
#5038 = AXIS2_PLACEMENT_3D('',#5039,#5040,#5041);
#5039 = CARTESIAN_POINT('',(-9.,0.,13.));
#5040 = DIRECTION('',(1.,0.,0.));
#5041 = DIRECTION('',(-0.,1.,0.));
#5042 = ORIENTED_EDGE('',*,*,#5043,.T.);
#5043 = EDGE_CURVE('',#5035,#5044,#5046,.T.);
#5044 = VERTEX_POINT('',#5045);
#5045 = CARTESIAN_POINT('',(9.,5.15,13.));
#5046 = LINE('',#5047,#5048);
#5047 = CARTESIAN_POINT('',(-9.,5.15,13.));
#5048 = VECTOR('',#5049,1.);
#5049 = DIRECTION('',(1.,0.,0.));
#5050 = ORIENTED_EDGE('',*,*,#5051,.F.);
#5051 = EDGE_CURVE('',#5044,#5044,#5052,.T.);
#5052 = CIRCLE('',#5053,5.15);
#5053 = AXIS2_PLACEMENT_3D('',#5054,#5055,#5056);
#5054 = CARTESIAN_POINT('',(9.,0.,13.));
#5055 = DIRECTION('',(1.,0.,0.));
#5056 = DIRECTION('',(-0.,1.,0.));
#5057 = ORIENTED_EDGE('',*,*,#5043,.F.);
#5058 = CYLINDRICAL_SURFACE('',#5059,5.15);
#5059 = AXIS2_PLACEMENT_3D('',#5060,#5061,#5062);
#5060 = CARTESIAN_POINT('',(-9.,0.,13.));
#5061 = DIRECTION('',(-1.,-0.,-0.));
#5062 = DIRECTION('',(0.,1.,0.));
#5063 = ADVANCED_FACE('',(#5064),#5067,.F.);
#5064 = FACE_BOUND('',#5065,.F.);
#5065 = EDGE_LOOP('',(#5066));
#5066 = ORIENTED_EDGE('',*,*,#5034,.T.);
#5067 = PLANE('',#5068);
#5068 = AXIS2_PLACEMENT_3D('',#5069,#5070,#5071);
#5069 = CARTESIAN_POINT('',(-9.,-2.655223558329E-16,13.));
#5070 = DIRECTION('',(1.,0.,0.));
#5071 = DIRECTION('',(-0.,0.,1.));
#5072 = ADVANCED_FACE('',(#5073),#5076,.T.);
#5073 = FACE_BOUND('',#5074,.T.);
#5074 = EDGE_LOOP('',(#5075));
#5075 = ORIENTED_EDGE('',*,*,#5051,.T.);
#5076 = PLANE('',#5077);
#5077 = AXIS2_PLACEMENT_3D('',#5078,#5079,#5080);
#5078 = CARTESIAN_POINT('',(9.,-2.655223558329E-16,13.));
#5079 = DIRECTION('',(1.,0.,0.));
#5080 = DIRECTION('',(-0.,0.,1.));
#5081 = ( GEOMETRIC_REPRESENTATION_CONTEXT(3) 
GLOBAL_UNCERTAINTY_ASSIGNED_CONTEXT((#5085)) 
GLOBAL_UNIT_ASSIGNED_CONTEXT((#5082,#5083,#5084)) REPRESENTATION_CONTEXT
('Context #1','3D Context with UNIT and UNCERTAINTY') );
#5082 = ( LENGTH_UNIT() NAMED_UNIT(*) SI_UNIT(.MILLI.,.METRE.) );
#5083 = ( NAMED_UNIT(*) PLANE_ANGLE_UNIT() SI_UNIT($,.RADIAN.) );
#5084 = ( NAMED_UNIT(*) SI_UNIT($,.STERADIAN.) SOLID_ANGLE_UNIT() );
#5085 = UNCERTAINTY_MEASURE_WITH_UNIT(LENGTH_MEASURE(1.E-07),#5082,
  'distance_accuracy_value','confusion accuracy');
#5086 = CONTEXT_DEPENDENT_SHAPE_REPRESENTATION(#5087,#5089);
#5087 = ( REPRESENTATION_RELATIONSHIP('','',#5027,#3711) 
REPRESENTATION_RELATIONSHIP_WITH_TRANSFORMATION(#5088) 
SHAPE_REPRESENTATION_RELATIONSHIP() );
#5088 = ITEM_DEFINED_TRANSFORMATION('','',#11,#3716);
#5089 = PRODUCT_DEFINITION_SHAPE('Placement','Placement of an item',
  #5090);
#5090 = NEXT_ASSEMBLY_USAGE_OCCURRENCE('25','p1','',#3706,#5022,$);
#5091 = PRODUCT_RELATED_PRODUCT_CATEGORY('part',$,(#5024));
#5092 = SHAPE_DEFINITION_REPRESENTATION(#5093,#5099);
#5093 = PRODUCT_DEFINITION_SHAPE('','',#5094);
#5094 = PRODUCT_DEFINITION('design','',#5095,#5098);
#5095 = PRODUCT_DEFINITION_FORMATION('','',#5096);
#5096 = PRODUCT('R_Axial_Ohmite_27J_7W','R_Axial_Ohmite_27J_7W','',(
    #5097));
#5097 = PRODUCT_CONTEXT('',#2,'mechanical');
#5098 = PRODUCT_DEFINITION_CONTEXT('part definition',#2,'design');
#5099 = SHAPE_REPRESENTATION('',(#11,#5100),#5104);
#5100 = AXIS2_PLACEMENT_3D('',#5101,#5102,#5103);
#5101 = CARTESIAN_POINT('',(0.,0.,0.));
#5102 = DIRECTION('',(0.,0.,1.));
#5103 = DIRECTION('',(1.,0.,-0.));
#5104 = ( GEOMETRIC_REPRESENTATION_CONTEXT(3) 
GLOBAL_UNCERTAINTY_ASSIGNED_CONTEXT((#5108)) 
GLOBAL_UNIT_ASSIGNED_CONTEXT((#5105,#5106,#5107)) REPRESENTATION_CONTEXT
('Context #1','3D Context with UNIT and UNCERTAINTY') );
#5105 = ( LENGTH_UNIT() NAMED_UNIT(*) SI_UNIT(.MILLI.,.METRE.) );
#5106 = ( NAMED_UNIT(*) PLANE_ANGLE_UNIT() SI_UNIT($,.RADIAN.) );
#5107 = ( NAMED_UNIT(*) SI_UNIT($,.STERADIAN.) SOLID_ANGLE_UNIT() );
#5108 = UNCERTAINTY_MEASURE_WITH_UNIT(LENGTH_MEASURE(1.E-07),#5105,
  'distance_accuracy_value','confusion accuracy');
#5109 = CONTEXT_DEPENDENT_SHAPE_REPRESENTATION(#5110,#5112);
#5110 = ( REPRESENTATION_RELATIONSHIP('','',#5099,#10) 
REPRESENTATION_RELATIONSHIP_WITH_TRANSFORMATION(#5111) 
SHAPE_REPRESENTATION_RELATIONSHIP() );
#5111 = ITEM_DEFINED_TRANSFORMATION('','',#11,#59);
#5112 = PRODUCT_DEFINITION_SHAPE('Placement','Placement of an item',
  #5113);
#5113 = NEXT_ASSEMBLY_USAGE_OCCURRENCE('31','R_fast1','',#5,#5094,$);
#5114 = PRODUCT_RELATED_PRODUCT_CATEGORY('part',$,(#5096));
#5115 = SHAPE_DEFINITION_REPRESENTATION(#5116,#5122);
#5116 = PRODUCT_DEFINITION_SHAPE('','',#5117);
#5117 = PRODUCT_DEFINITION('design','',#5118,#5121);
#5118 = PRODUCT_DEFINITION_FORMATION('','',#5119);
#5119 = PRODUCT('R_Axial_Ohmite_27J_7W','R_Axial_Ohmite_27J_7W','',(
    #5120));
#5120 = PRODUCT_CONTEXT('',#2,'mechanical');
#5121 = PRODUCT_DEFINITION_CONTEXT('part definition',#2,'design');
#5122 = SHAPE_REPRESENTATION('',(#11,#5123,#5127),#5131);
#5123 = AXIS2_PLACEMENT_3D('',#5124,#5125,#5126);
#5124 = CARTESIAN_POINT('',(0.,0.,0.));
#5125 = DIRECTION('',(0.,0.,1.));
#5126 = DIRECTION('',(1.,0.,0.));
#5127 = AXIS2_PLACEMENT_3D('',#5128,#5129,#5130);
#5128 = CARTESIAN_POINT('',(0.,0.,0.));
#5129 = DIRECTION('',(0.,0.,1.));
#5130 = DIRECTION('',(1.,0.,0.));
#5131 = ( GEOMETRIC_REPRESENTATION_CONTEXT(3) 
GLOBAL_UNCERTAINTY_ASSIGNED_CONTEXT((#5135)) 
GLOBAL_UNIT_ASSIGNED_CONTEXT((#5132,#5133,#5134)) REPRESENTATION_CONTEXT
('Context #1','3D Context with UNIT and UNCERTAINTY') );
#5132 = ( LENGTH_UNIT() NAMED_UNIT(*) SI_UNIT(.MILLI.,.METRE.) );
#5133 = ( NAMED_UNIT(*) PLANE_ANGLE_UNIT() SI_UNIT($,.RADIAN.) );
#5134 = ( NAMED_UNIT(*) SI_UNIT($,.STERADIAN.) SOLID_ANGLE_UNIT() );
#5135 = UNCERTAINTY_MEASURE_WITH_UNIT(LENGTH_MEASURE(1.E-07),#5132,
  'distance_accuracy_value','confusion accuracy');
#5136 = CONTEXT_DEPENDENT_SHAPE_REPRESENTATION(#5137,#5139);
#5137 = ( REPRESENTATION_RELATIONSHIP('','',#5122,#5099) 
REPRESENTATION_RELATIONSHIP_WITH_TRANSFORMATION(#5138) 
SHAPE_REPRESENTATION_RELATIONSHIP() );
#5138 = ITEM_DEFINED_TRANSFORMATION('','',#11,#5100);
#5139 = PRODUCT_DEFINITION_SHAPE('Placement','Placement of an item',
  #5140);
#5140 = NEXT_ASSEMBLY_USAGE_OCCURRENCE('30','=>[0:1:1:27]','',#5094,
  #5117,$);
#5141 = PRODUCT_RELATED_PRODUCT_CATEGORY('part',$,(#5119));
#5142 = SHAPE_DEFINITION_REPRESENTATION(#5143,#5149);
#5143 = PRODUCT_DEFINITION_SHAPE('','',#5144);
#5144 = PRODUCT_DEFINITION('design','',#5145,#5148);
#5145 = PRODUCT_DEFINITION_FORMATION('','',#5146);
#5146 = PRODUCT('p0','p0','',(#5147));
#5147 = PRODUCT_CONTEXT('',#2,'mechanical');
#5148 = PRODUCT_DEFINITION_CONTEXT('part definition',#2,'design');
#5149 = ADVANCED_BREP_SHAPE_REPRESENTATION('',(#11,#5150),#5203);
#5150 = MANIFOLD_SOLID_BREP('',#5151);
#5151 = CLOSED_SHELL('',(#5152,#5185,#5194));
#5152 = ADVANCED_FACE('',(#5153),#5180,.T.);
#5153 = FACE_BOUND('',#5154,.T.);
#5154 = EDGE_LOOP('',(#5155,#5164,#5172,#5179));
#5155 = ORIENTED_EDGE('',*,*,#5156,.T.);
#5156 = EDGE_CURVE('',#5157,#5157,#5159,.T.);
#5157 = VERTEX_POINT('',#5158);
#5158 = CARTESIAN_POINT('',(4.27,5.,8.));
#5159 = CIRCLE('',#5160,5.);
#5160 = AXIS2_PLACEMENT_3D('',#5161,#5162,#5163);
#5161 = CARTESIAN_POINT('',(4.27,0.,8.));
#5162 = DIRECTION('',(1.,0.,0.));
#5163 = DIRECTION('',(-0.,1.,0.));
#5164 = ORIENTED_EDGE('',*,*,#5165,.T.);
#5165 = EDGE_CURVE('',#5157,#5166,#5168,.T.);
#5166 = VERTEX_POINT('',#5167);
#5167 = CARTESIAN_POINT('',(36.37,5.,8.));
#5168 = LINE('',#5169,#5170);
#5169 = CARTESIAN_POINT('',(4.27,5.,8.));
#5170 = VECTOR('',#5171,1.);
#5171 = DIRECTION('',(1.,0.,0.));
#5172 = ORIENTED_EDGE('',*,*,#5173,.F.);
#5173 = EDGE_CURVE('',#5166,#5166,#5174,.T.);
#5174 = CIRCLE('',#5175,5.);
#5175 = AXIS2_PLACEMENT_3D('',#5176,#5177,#5178);
#5176 = CARTESIAN_POINT('',(36.37,0.,8.));
#5177 = DIRECTION('',(1.,0.,0.));
#5178 = DIRECTION('',(-0.,1.,0.));
#5179 = ORIENTED_EDGE('',*,*,#5165,.F.);
#5180 = CYLINDRICAL_SURFACE('',#5181,5.);
#5181 = AXIS2_PLACEMENT_3D('',#5182,#5183,#5184);
#5182 = CARTESIAN_POINT('',(4.27,0.,8.));
#5183 = DIRECTION('',(-1.,-0.,-0.));
#5184 = DIRECTION('',(0.,1.,0.));
#5185 = ADVANCED_FACE('',(#5186),#5189,.F.);
#5186 = FACE_BOUND('',#5187,.F.);
#5187 = EDGE_LOOP('',(#5188));
#5188 = ORIENTED_EDGE('',*,*,#5156,.T.);
#5189 = PLANE('',#5190);
#5190 = AXIS2_PLACEMENT_3D('',#5191,#5192,#5193);
#5191 = CARTESIAN_POINT('',(4.27,-4.102320397618E-16,8.));
#5192 = DIRECTION('',(1.,0.,0.));
#5193 = DIRECTION('',(-0.,0.,1.));
#5194 = ADVANCED_FACE('',(#5195),#5198,.T.);
#5195 = FACE_BOUND('',#5196,.T.);
#5196 = EDGE_LOOP('',(#5197));
#5197 = ORIENTED_EDGE('',*,*,#5173,.T.);
#5198 = PLANE('',#5199);
#5199 = AXIS2_PLACEMENT_3D('',#5200,#5201,#5202);
#5200 = CARTESIAN_POINT('',(36.37,-4.102320397618E-16,8.));
#5201 = DIRECTION('',(1.,0.,0.));
#5202 = DIRECTION('',(-0.,0.,1.));
#5203 = ( GEOMETRIC_REPRESENTATION_CONTEXT(3) 
GLOBAL_UNCERTAINTY_ASSIGNED_CONTEXT((#5207)) 
GLOBAL_UNIT_ASSIGNED_CONTEXT((#5204,#5205,#5206)) REPRESENTATION_CONTEXT
('Context #1','3D Context with UNIT and UNCERTAINTY') );
#5204 = ( LENGTH_UNIT() NAMED_UNIT(*) SI_UNIT(.MILLI.,.METRE.) );
#5205 = ( NAMED_UNIT(*) PLANE_ANGLE_UNIT() SI_UNIT($,.RADIAN.) );
#5206 = ( NAMED_UNIT(*) SI_UNIT($,.STERADIAN.) SOLID_ANGLE_UNIT() );
#5207 = UNCERTAINTY_MEASURE_WITH_UNIT(LENGTH_MEASURE(1.E-07),#5204,
  'distance_accuracy_value','confusion accuracy');
#5208 = CONTEXT_DEPENDENT_SHAPE_REPRESENTATION(#5209,#5211);
#5209 = ( REPRESENTATION_RELATIONSHIP('','',#5149,#5122) 
REPRESENTATION_RELATIONSHIP_WITH_TRANSFORMATION(#5210) 
SHAPE_REPRESENTATION_RELATIONSHIP() );
#5210 = ITEM_DEFINED_TRANSFORMATION('','',#11,#5123);
#5211 = PRODUCT_DEFINITION_SHAPE('Placement','Placement of an item',
  #5212);
#5212 = NEXT_ASSEMBLY_USAGE_OCCURRENCE('28','p0','',#5117,#5144,$);
#5213 = PRODUCT_RELATED_PRODUCT_CATEGORY('part',$,(#5146));
#5214 = SHAPE_DEFINITION_REPRESENTATION(#5215,#5221);
#5215 = PRODUCT_DEFINITION_SHAPE('','',#5216);
#5216 = PRODUCT_DEFINITION('design','',#5217,#5220);
#5217 = PRODUCT_DEFINITION_FORMATION('','',#5218);
#5218 = PRODUCT('p1','p1','',(#5219));
#5219 = PRODUCT_CONTEXT('',#2,'mechanical');
#5220 = PRODUCT_DEFINITION_CONTEXT('part definition',#2,'design');
#5221 = SHAPE_REPRESENTATION('',(#11,#5222,#5361),#5490);
#5222 = MANIFOLD_SOLID_BREP('',#5223);
#5223 = CLOSED_SHELL('',(#5224,#5275,#5284,#5326,#5341,#5350));
#5224 = ADVANCED_FACE('',(#5225),#5270,.T.);
#5225 = FACE_BOUND('',#5226,.T.);
#5226 = EDGE_LOOP('',(#5227,#5237,#5246,#5255,#5262,#5263));
#5227 = ORIENTED_EDGE('',*,*,#5228,.T.);
#5228 = EDGE_CURVE('',#5229,#5231,#5233,.T.);
#5229 = VERTEX_POINT('',#5230);
#5230 = CARTESIAN_POINT('',(36.37,0.405,8.));
#5231 = VERTEX_POINT('',#5232);
#5232 = CARTESIAN_POINT('',(40.64,0.405,8.));
#5233 = LINE('',#5234,#5235);
#5234 = CARTESIAN_POINT('',(36.37,0.405,8.));
#5235 = VECTOR('',#5236,1.);
#5236 = DIRECTION('',(1.,0.,0.));
#5237 = ORIENTED_EDGE('',*,*,#5238,.T.);
#5238 = EDGE_CURVE('',#5231,#5239,#5241,.T.);
#5239 = VERTEX_POINT('',#5240);
#5240 = CARTESIAN_POINT('',(40.235,9.919639073094E-17,7.595));
#5241 = ELLIPSE('',#5242,0.572756492761,0.405);
#5242 = AXIS2_PLACEMENT_3D('',#5243,#5244,#5245);
#5243 = CARTESIAN_POINT('',(40.64,0.,8.));
#5244 = DIRECTION('',(-0.707106781187,0.,0.707106781187));
#5245 = DIRECTION('',(-0.707106781187,0.,-0.707106781187));
#5246 = ORIENTED_EDGE('',*,*,#5247,.T.);
#5247 = EDGE_CURVE('',#5239,#5248,#5250,.T.);
#5248 = VERTEX_POINT('',#5249);
#5249 = CARTESIAN_POINT('',(40.64,-0.405,8.));
#5250 = ELLIPSE('',#5251,0.572756492761,0.405);
#5251 = AXIS2_PLACEMENT_3D('',#5252,#5253,#5254);
#5252 = CARTESIAN_POINT('',(40.64,0.,8.));
#5253 = DIRECTION('',(-0.707106781187,0.,0.707106781187));
#5254 = DIRECTION('',(-0.707106781187,0.,-0.707106781187));
#5255 = ORIENTED_EDGE('',*,*,#5256,.F.);
#5256 = EDGE_CURVE('',#5231,#5248,#5257,.T.);
#5257 = CIRCLE('',#5258,0.405);
#5258 = AXIS2_PLACEMENT_3D('',#5259,#5260,#5261);
#5259 = CARTESIAN_POINT('',(40.64,0.,8.));
#5260 = DIRECTION('',(1.,0.,0.));
#5261 = DIRECTION('',(-0.,1.,0.));
#5262 = ORIENTED_EDGE('',*,*,#5228,.F.);
#5263 = ORIENTED_EDGE('',*,*,#5264,.T.);
#5264 = EDGE_CURVE('',#5229,#5229,#5265,.T.);
#5265 = CIRCLE('',#5266,0.405);
#5266 = AXIS2_PLACEMENT_3D('',#5267,#5268,#5269);
#5267 = CARTESIAN_POINT('',(36.37,0.,8.));
#5268 = DIRECTION('',(1.,0.,0.));
#5269 = DIRECTION('',(-0.,1.,0.));
#5270 = CYLINDRICAL_SURFACE('',#5271,0.405);
#5271 = AXIS2_PLACEMENT_3D('',#5272,#5273,#5274);
#5272 = CARTESIAN_POINT('',(36.37,0.,8.));
#5273 = DIRECTION('',(-1.,-0.,-0.));
#5274 = DIRECTION('',(0.,1.,0.));
#5275 = ADVANCED_FACE('',(#5276),#5279,.F.);
#5276 = FACE_BOUND('',#5277,.F.);
#5277 = EDGE_LOOP('',(#5278));
#5278 = ORIENTED_EDGE('',*,*,#5264,.T.);
#5279 = PLANE('',#5280);
#5280 = AXIS2_PLACEMENT_3D('',#5281,#5282,#5283);
#5281 = CARTESIAN_POINT('',(36.37,-3.956713346468E-17,8.));
#5282 = DIRECTION('',(1.,0.,0.));
#5283 = DIRECTION('',(-0.,0.,1.));
#5284 = ADVANCED_FACE('',(#5285),#5321,.T.);
#5285 = FACE_BOUND('',#5286,.T.);
#5286 = EDGE_LOOP('',(#5287,#5297,#5304,#5305,#5306,#5313,#5314));
#5287 = ORIENTED_EDGE('',*,*,#5288,.T.);
#5288 = EDGE_CURVE('',#5289,#5291,#5293,.T.);
#5289 = VERTEX_POINT('',#5290);
#5290 = CARTESIAN_POINT('',(41.045,0.,-3.));
#5291 = VERTEX_POINT('',#5292);
#5292 = CARTESIAN_POINT('',(41.045,0.,8.));
#5293 = LINE('',#5294,#5295);
#5294 = CARTESIAN_POINT('',(41.045,0.,-3.));
#5295 = VECTOR('',#5296,1.);
#5296 = DIRECTION('',(0.,0.,1.));
#5297 = ORIENTED_EDGE('',*,*,#5298,.F.);
#5298 = EDGE_CURVE('',#5248,#5291,#5299,.T.);
#5299 = CIRCLE('',#5300,0.405);
#5300 = AXIS2_PLACEMENT_3D('',#5301,#5302,#5303);
#5301 = CARTESIAN_POINT('',(40.64,0.,8.));
#5302 = DIRECTION('',(0.,0.,1.));
#5303 = DIRECTION('',(1.,0.,-0.));
#5304 = ORIENTED_EDGE('',*,*,#5247,.F.);
#5305 = ORIENTED_EDGE('',*,*,#5238,.F.);
#5306 = ORIENTED_EDGE('',*,*,#5307,.F.);
#5307 = EDGE_CURVE('',#5291,#5231,#5308,.T.);
#5308 = CIRCLE('',#5309,0.405);
#5309 = AXIS2_PLACEMENT_3D('',#5310,#5311,#5312);
#5310 = CARTESIAN_POINT('',(40.64,0.,8.));
#5311 = DIRECTION('',(0.,0.,1.));
#5312 = DIRECTION('',(1.,0.,-0.));
#5313 = ORIENTED_EDGE('',*,*,#5288,.F.);
#5314 = ORIENTED_EDGE('',*,*,#5315,.T.);
#5315 = EDGE_CURVE('',#5289,#5289,#5316,.T.);
#5316 = CIRCLE('',#5317,0.405);
#5317 = AXIS2_PLACEMENT_3D('',#5318,#5319,#5320);
#5318 = CARTESIAN_POINT('',(40.64,0.,-3.));
#5319 = DIRECTION('',(0.,0.,1.));
#5320 = DIRECTION('',(1.,0.,-0.));
#5321 = CYLINDRICAL_SURFACE('',#5322,0.405);
#5322 = AXIS2_PLACEMENT_3D('',#5323,#5324,#5325);
#5323 = CARTESIAN_POINT('',(40.64,0.,-3.));
#5324 = DIRECTION('',(-0.,-0.,-1.));
#5325 = DIRECTION('',(1.,0.,0.));
#5326 = ADVANCED_FACE('',(#5327),#5336,.T.);
#5327 = FACE_BOUND('',#5328,.T.);
#5328 = EDGE_LOOP('',(#5329,#5335));
#5329 = ORIENTED_EDGE('',*,*,#5330,.F.);
#5330 = EDGE_CURVE('',#5231,#5248,#5331,.T.);
#5331 = LINE('',#5332,#5333);
#5332 = CARTESIAN_POINT('',(40.64,-1.486088813836E-17,8.));
#5333 = VECTOR('',#5334,1.);
#5334 = DIRECTION('',(0.,-1.,0.));
#5335 = ORIENTED_EDGE('',*,*,#5256,.T.);
#5336 = PLANE('',#5337);
#5337 = AXIS2_PLACEMENT_3D('',#5338,#5339,#5340);
#5338 = CARTESIAN_POINT('',(40.64,-3.956713346468E-17,8.));
#5339 = DIRECTION('',(1.,0.,0.));
#5340 = DIRECTION('',(-0.,0.,1.));
#5341 = ADVANCED_FACE('',(#5342),#5345,.F.);
#5342 = FACE_BOUND('',#5343,.F.);
#5343 = EDGE_LOOP('',(#5344));
#5344 = ORIENTED_EDGE('',*,*,#5315,.T.);
#5345 = PLANE('',#5346);
#5346 = AXIS2_PLACEMENT_3D('',#5347,#5348,#5349);
#5347 = CARTESIAN_POINT('',(40.64,9.845357187966E-18,-3.));
#5348 = DIRECTION('',(0.,0.,1.));
#5349 = DIRECTION('',(1.,0.,-0.));
#5350 = ADVANCED_FACE('',(#5351),#5356,.T.);
#5351 = FACE_BOUND('',#5352,.T.);
#5352 = EDGE_LOOP('',(#5353,#5354,#5355));
#5353 = ORIENTED_EDGE('',*,*,#5298,.T.);
#5354 = ORIENTED_EDGE('',*,*,#5307,.T.);
#5355 = ORIENTED_EDGE('',*,*,#5330,.T.);
#5356 = PLANE('',#5357);
#5357 = AXIS2_PLACEMENT_3D('',#5358,#5359,#5360);
#5358 = CARTESIAN_POINT('',(40.64,9.845357187966E-18,8.));
#5359 = DIRECTION('',(0.,0.,1.));
#5360 = DIRECTION('',(1.,0.,-0.));
#5361 = MANIFOLD_SOLID_BREP('',#5362);
#5362 = CLOSED_SHELL('',(#5363,#5414,#5429,#5462,#5471,#5481));
#5363 = ADVANCED_FACE('',(#5364),#5409,.T.);
#5364 = FACE_BOUND('',#5365,.T.);
#5365 = EDGE_LOOP('',(#5366,#5377,#5386,#5394,#5401,#5402));
#5366 = ORIENTED_EDGE('',*,*,#5367,.F.);
#5367 = EDGE_CURVE('',#5368,#5370,#5372,.T.);
#5368 = VERTEX_POINT('',#5369);
#5369 = CARTESIAN_POINT('',(0.405,0.,7.595));
#5370 = VERTEX_POINT('',#5371);
#5371 = CARTESIAN_POINT('',(-3.71986465241E-17,-0.405,8.));
#5372 = ELLIPSE('',#5373,0.572756492761,0.405);
#5373 = AXIS2_PLACEMENT_3D('',#5374,#5375,#5376);
#5374 = CARTESIAN_POINT('',(0.,0.,8.));
#5375 = DIRECTION('',(-0.707106781187,0.,-0.707106781187));
#5376 = DIRECTION('',(-0.707106781187,0.,0.707106781187));
#5377 = ORIENTED_EDGE('',*,*,#5378,.F.);
#5378 = EDGE_CURVE('',#5379,#5368,#5381,.T.);
#5379 = VERTEX_POINT('',#5380);
#5380 = CARTESIAN_POINT('',(0.,0.405,8.));
#5381 = ELLIPSE('',#5382,0.572756492761,0.405);
#5382 = AXIS2_PLACEMENT_3D('',#5383,#5384,#5385);
#5383 = CARTESIAN_POINT('',(0.,0.,8.));
#5384 = DIRECTION('',(-0.707106781187,0.,-0.707106781187));
#5385 = DIRECTION('',(-0.707106781187,0.,0.707106781187));
#5386 = ORIENTED_EDGE('',*,*,#5387,.T.);
#5387 = EDGE_CURVE('',#5379,#5388,#5390,.T.);
#5388 = VERTEX_POINT('',#5389);
#5389 = CARTESIAN_POINT('',(4.27,0.405,8.));
#5390 = LINE('',#5391,#5392);
#5391 = CARTESIAN_POINT('',(0.,0.405,8.));
#5392 = VECTOR('',#5393,1.);
#5393 = DIRECTION('',(1.,0.,0.));
#5394 = ORIENTED_EDGE('',*,*,#5395,.F.);
#5395 = EDGE_CURVE('',#5388,#5388,#5396,.T.);
#5396 = CIRCLE('',#5397,0.405);
#5397 = AXIS2_PLACEMENT_3D('',#5398,#5399,#5400);
#5398 = CARTESIAN_POINT('',(4.27,0.,8.));
#5399 = DIRECTION('',(1.,0.,0.));
#5400 = DIRECTION('',(-0.,1.,0.));
#5401 = ORIENTED_EDGE('',*,*,#5387,.F.);
#5402 = ORIENTED_EDGE('',*,*,#5403,.T.);
#5403 = EDGE_CURVE('',#5379,#5370,#5404,.T.);
#5404 = CIRCLE('',#5405,0.405);
#5405 = AXIS2_PLACEMENT_3D('',#5406,#5407,#5408);
#5406 = CARTESIAN_POINT('',(0.,0.,8.));
#5407 = DIRECTION('',(1.,0.,0.));
#5408 = DIRECTION('',(-0.,1.,0.));
#5409 = CYLINDRICAL_SURFACE('',#5410,0.405);
#5410 = AXIS2_PLACEMENT_3D('',#5411,#5412,#5413);
#5411 = CARTESIAN_POINT('',(0.,0.,8.));
#5412 = DIRECTION('',(-1.,-0.,-0.));
#5413 = DIRECTION('',(0.,1.,0.));
#5414 = ADVANCED_FACE('',(#5415),#5424,.F.);
#5415 = FACE_BOUND('',#5416,.F.);
#5416 = EDGE_LOOP('',(#5417,#5423));
#5417 = ORIENTED_EDGE('',*,*,#5418,.F.);
#5418 = EDGE_CURVE('',#5379,#5370,#5419,.T.);
#5419 = LINE('',#5420,#5421);
#5420 = CARTESIAN_POINT('',(0.,-2.145541038247E-17,8.));
#5421 = VECTOR('',#5422,1.);
#5422 = DIRECTION('',(0.,-1.,0.));
#5423 = ORIENTED_EDGE('',*,*,#5403,.T.);
#5424 = PLANE('',#5425);
#5425 = AXIS2_PLACEMENT_3D('',#5426,#5427,#5428);
#5426 = CARTESIAN_POINT('',(0.,-3.956713346468E-17,8.));
#5427 = DIRECTION('',(1.,0.,0.));
#5428 = DIRECTION('',(-0.,0.,1.));
#5429 = ADVANCED_FACE('',(#5430),#5457,.T.);
#5430 = FACE_BOUND('',#5431,.T.);
#5431 = EDGE_LOOP('',(#5432,#5440,#5441,#5448,#5449,#5450));
#5432 = ORIENTED_EDGE('',*,*,#5433,.T.);
#5433 = EDGE_CURVE('',#5434,#5368,#5436,.T.);
#5434 = VERTEX_POINT('',#5435);
#5435 = CARTESIAN_POINT('',(0.405,0.,-3.));
#5436 = LINE('',#5437,#5438);
#5437 = CARTESIAN_POINT('',(0.405,0.,-3.));
#5438 = VECTOR('',#5439,1.);
#5439 = DIRECTION('',(0.,0.,1.));
#5440 = ORIENTED_EDGE('',*,*,#5367,.T.);
#5441 = ORIENTED_EDGE('',*,*,#5442,.F.);
#5442 = EDGE_CURVE('',#5379,#5370,#5443,.T.);
#5443 = CIRCLE('',#5444,0.405);
#5444 = AXIS2_PLACEMENT_3D('',#5445,#5446,#5447);
#5445 = CARTESIAN_POINT('',(0.,0.,8.));
#5446 = DIRECTION('',(0.,0.,1.));
#5447 = DIRECTION('',(1.,0.,-0.));
#5448 = ORIENTED_EDGE('',*,*,#5378,.T.);
#5449 = ORIENTED_EDGE('',*,*,#5433,.F.);
#5450 = ORIENTED_EDGE('',*,*,#5451,.T.);
#5451 = EDGE_CURVE('',#5434,#5434,#5452,.T.);
#5452 = CIRCLE('',#5453,0.405);
#5453 = AXIS2_PLACEMENT_3D('',#5454,#5455,#5456);
#5454 = CARTESIAN_POINT('',(0.,0.,-3.));
#5455 = DIRECTION('',(0.,0.,1.));
#5456 = DIRECTION('',(1.,0.,-0.));
#5457 = CYLINDRICAL_SURFACE('',#5458,0.405);
#5458 = AXIS2_PLACEMENT_3D('',#5459,#5460,#5461);
#5459 = CARTESIAN_POINT('',(0.,0.,-3.));
#5460 = DIRECTION('',(-0.,-0.,-1.));
#5461 = DIRECTION('',(1.,0.,0.));
#5462 = ADVANCED_FACE('',(#5463),#5466,.T.);
#5463 = FACE_BOUND('',#5464,.T.);
#5464 = EDGE_LOOP('',(#5465));
#5465 = ORIENTED_EDGE('',*,*,#5395,.T.);
#5466 = PLANE('',#5467);
#5467 = AXIS2_PLACEMENT_3D('',#5468,#5469,#5470);
#5468 = CARTESIAN_POINT('',(4.27,-3.956713346468E-17,8.));
#5469 = DIRECTION('',(1.,0.,0.));
#5470 = DIRECTION('',(-0.,0.,1.));
#5471 = ADVANCED_FACE('',(#5472),#5476,.T.);
#5472 = FACE_BOUND('',#5473,.T.);
#5473 = EDGE_LOOP('',(#5474,#5475));
#5474 = ORIENTED_EDGE('',*,*,#5418,.F.);
#5475 = ORIENTED_EDGE('',*,*,#5442,.T.);
#5476 = PLANE('',#5477);
#5477 = AXIS2_PLACEMENT_3D('',#5478,#5479,#5480);
#5478 = CARTESIAN_POINT('',(-3.956713346468E-17,-3.343687300262E-18,8.)
  );
#5479 = DIRECTION('',(0.,0.,1.));
#5480 = DIRECTION('',(1.,0.,-0.));
#5481 = ADVANCED_FACE('',(#5482),#5485,.F.);
#5482 = FACE_BOUND('',#5483,.F.);
#5483 = EDGE_LOOP('',(#5484));
#5484 = ORIENTED_EDGE('',*,*,#5451,.T.);
#5485 = PLANE('',#5486);
#5486 = AXIS2_PLACEMENT_3D('',#5487,#5488,#5489);
#5487 = CARTESIAN_POINT('',(-3.956713346468E-17,-3.343687300262E-18,-3.)
  );
#5488 = DIRECTION('',(0.,0.,1.));
#5489 = DIRECTION('',(1.,0.,-0.));
#5490 = ( GEOMETRIC_REPRESENTATION_CONTEXT(3) 
GLOBAL_UNCERTAINTY_ASSIGNED_CONTEXT((#5494)) 
GLOBAL_UNIT_ASSIGNED_CONTEXT((#5491,#5492,#5493)) REPRESENTATION_CONTEXT
('Context #1','3D Context with UNIT and UNCERTAINTY') );
#5491 = ( LENGTH_UNIT() NAMED_UNIT(*) SI_UNIT(.MILLI.,.METRE.) );
#5492 = ( NAMED_UNIT(*) PLANE_ANGLE_UNIT() SI_UNIT($,.RADIAN.) );
#5493 = ( NAMED_UNIT(*) SI_UNIT($,.STERADIAN.) SOLID_ANGLE_UNIT() );
#5494 = UNCERTAINTY_MEASURE_WITH_UNIT(LENGTH_MEASURE(1.E-07),#5491,
  'distance_accuracy_value','confusion accuracy');
#5495 = CONTEXT_DEPENDENT_SHAPE_REPRESENTATION(#5496,#5498);
#5496 = ( REPRESENTATION_RELATIONSHIP('','',#5221,#5122) 
REPRESENTATION_RELATIONSHIP_WITH_TRANSFORMATION(#5497) 
SHAPE_REPRESENTATION_RELATIONSHIP() );
#5497 = ITEM_DEFINED_TRANSFORMATION('','',#11,#5127);
#5498 = PRODUCT_DEFINITION_SHAPE('Placement','Placement of an item',
  #5499);
#5499 = NEXT_ASSEMBLY_USAGE_OCCURRENCE('29','p1','',#5117,#5216,$);
#5500 = PRODUCT_RELATED_PRODUCT_CATEGORY('part',$,(#5218));
#5501 = CONTEXT_DEPENDENT_SHAPE_REPRESENTATION(#5502,#5504);
#5502 = ( REPRESENTATION_RELATIONSHIP('','',#2893,#10) 
REPRESENTATION_RELATIONSHIP_WITH_TRANSFORMATION(#5503) 
SHAPE_REPRESENTATION_RELATIONSHIP() );
#5503 = ITEM_DEFINED_TRANSFORMATION('','',#11,#63);
#5504 = PRODUCT_DEFINITION_SHAPE('Placement','Placement of an item',
  #5505);
#5505 = NEXT_ASSEMBLY_USAGE_OCCURRENCE('32','R_sig2','',#5,#2888,$);
#5506 = CONTEXT_DEPENDENT_SHAPE_REPRESENTATION(#5507,#5509);
#5507 = ( REPRESENTATION_RELATIONSHIP('','',#2893,#10) 
REPRESENTATION_RELATIONSHIP_WITH_TRANSFORMATION(#5508) 
SHAPE_REPRESENTATION_RELATIONSHIP() );
#5508 = ITEM_DEFINED_TRANSFORMATION('','',#11,#67);
#5509 = PRODUCT_DEFINITION_SHAPE('Placement','Placement of an item',
  #5510);
#5510 = NEXT_ASSEMBLY_USAGE_OCCURRENCE('33','R_LED2','',#5,#2888,$);
#5511 = SHAPE_DEFINITION_REPRESENTATION(#5512,#5518);
#5512 = PRODUCT_DEFINITION_SHAPE('','',#5513);
#5513 = PRODUCT_DEFINITION('design','',#5514,#5517);
#5514 = PRODUCT_DEFINITION_FORMATION('','',#5515);
#5515 = PRODUCT('D_DO-41_SOD81_P5.08mm_Vertical_AnodeUp',
  'D_DO-41_SOD81_P5.08mm_Vertical_AnodeUp','',(#5516));
#5516 = PRODUCT_CONTEXT('',#2,'mechanical');
#5517 = PRODUCT_DEFINITION_CONTEXT('part definition',#2,'design');
#5518 = SHAPE_REPRESENTATION('',(#11,#5519),#5523);
#5519 = AXIS2_PLACEMENT_3D('',#5520,#5521,#5522);
#5520 = CARTESIAN_POINT('',(0.,0.,0.));
#5521 = DIRECTION('',(0.,0.,1.));
#5522 = DIRECTION('',(1.,0.,-0.));
#5523 = ( GEOMETRIC_REPRESENTATION_CONTEXT(3) 
GLOBAL_UNCERTAINTY_ASSIGNED_CONTEXT((#5527)) 
GLOBAL_UNIT_ASSIGNED_CONTEXT((#5524,#5525,#5526)) REPRESENTATION_CONTEXT
('Context #1','3D Context with UNIT and UNCERTAINTY') );
#5524 = ( LENGTH_UNIT() NAMED_UNIT(*) SI_UNIT(.MILLI.,.METRE.) );
#5525 = ( NAMED_UNIT(*) PLANE_ANGLE_UNIT() SI_UNIT($,.RADIAN.) );
#5526 = ( NAMED_UNIT(*) SI_UNIT($,.STERADIAN.) SOLID_ANGLE_UNIT() );
#5527 = UNCERTAINTY_MEASURE_WITH_UNIT(LENGTH_MEASURE(1.E-07),#5524,
  'distance_accuracy_value','confusion accuracy');
#5528 = CONTEXT_DEPENDENT_SHAPE_REPRESENTATION(#5529,#5531);
#5529 = ( REPRESENTATION_RELATIONSHIP('','',#5518,#10) 
REPRESENTATION_RELATIONSHIP_WITH_TRANSFORMATION(#5530) 
SHAPE_REPRESENTATION_RELATIONSHIP() );
#5530 = ITEM_DEFINED_TRANSFORMATION('','',#11,#71);
#5531 = PRODUCT_DEFINITION_SHAPE('Placement','Placement of an item',
  #5532);
#5532 = NEXT_ASSEMBLY_USAGE_OCCURRENCE('35','D9','',#5,#5513,$);
#5533 = PRODUCT_RELATED_PRODUCT_CATEGORY('part',$,(#5515));
#5534 = SHAPE_DEFINITION_REPRESENTATION(#5535,#5541);
#5535 = PRODUCT_DEFINITION_SHAPE('','',#5536);
#5536 = PRODUCT_DEFINITION('design','',#5537,#5540);
#5537 = PRODUCT_DEFINITION_FORMATION('','',#5538);
#5538 = PRODUCT('D_DO-41_SOD81_P5.08mm_Vertical_AnodeUp',
  'D_DO-41_SOD81_P5.08mm_Vertical_AnodeUp','',(#5539));
#5539 = PRODUCT_CONTEXT('',#2,'mechanical');
#5540 = PRODUCT_DEFINITION_CONTEXT('part definition',#2,'design');
#5541 = ADVANCED_BREP_SHAPE_REPRESENTATION('',(#11,#5542),#5877);
#5542 = MANIFOLD_SOLID_BREP('',#5543);
#5543 = CLOSED_SHELL('',(#5544,#5561,#5586,#5606,#5631,#5651,#5676,#5696
    ,#5721,#5741,#5766,#5792,#5817,#5843,#5868));
#5544 = ADVANCED_FACE('',(#5545),#5556,.T.);
#5545 = FACE_BOUND('',#5546,.F.);
#5546 = EDGE_LOOP('',(#5547));
#5547 = ORIENTED_EDGE('',*,*,#5548,.T.);
#5548 = EDGE_CURVE('',#5549,#5549,#5551,.T.);
#5549 = VERTEX_POINT('',#5550);
#5550 = CARTESIAN_POINT('',(0.4,-7.641055587069E-16,-3.));
#5551 = CIRCLE('',#5552,0.4);
#5552 = AXIS2_PLACEMENT_3D('',#5553,#5554,#5555);
#5553 = CARTESIAN_POINT('',(0.,-6.661338147751E-16,-3.));
#5554 = DIRECTION('',(-0.,2.22044604925E-16,1.));
#5555 = DIRECTION('',(1.,0.,0.));
#5556 = PLANE('',#5557);
#5557 = AXIS2_PLACEMENT_3D('',#5558,#5559,#5560);
#5558 = CARTESIAN_POINT('',(0.4,-6.661338147751E-16,-3.));
#5559 = DIRECTION('',(0.,0.,-1.));
#5560 = DIRECTION('',(-1.,0.,0.));
#5561 = ADVANCED_FACE('',(#5562),#5581,.T.);
#5562 = FACE_BOUND('',#5563,.T.);
#5563 = EDGE_LOOP('',(#5564,#5565,#5573,#5580));
#5564 = ORIENTED_EDGE('',*,*,#5548,.T.);
#5565 = ORIENTED_EDGE('',*,*,#5566,.T.);
#5566 = EDGE_CURVE('',#5549,#5567,#5569,.T.);
#5567 = VERTEX_POINT('',#5568);
#5568 = CARTESIAN_POINT('',(0.4,1.110223024625E-16,0.5));
#5569 = LINE('',#5570,#5571);
#5570 = CARTESIAN_POINT('',(0.4,-6.661338147751E-16,-3.));
#5571 = VECTOR('',#5572,1.);
#5572 = DIRECTION('',(0.,2.22044604925E-16,1.));
#5573 = ORIENTED_EDGE('',*,*,#5574,.F.);
#5574 = EDGE_CURVE('',#5567,#5567,#5575,.T.);
#5575 = CIRCLE('',#5576,0.4);
#5576 = AXIS2_PLACEMENT_3D('',#5577,#5578,#5579);
#5577 = CARTESIAN_POINT('',(0.,1.110223024625E-16,0.5));
#5578 = DIRECTION('',(-0.,2.22044604925E-16,1.));
#5579 = DIRECTION('',(1.,0.,0.));
#5580 = ORIENTED_EDGE('',*,*,#5566,.F.);
#5581 = CYLINDRICAL_SURFACE('',#5582,0.4);
#5582 = AXIS2_PLACEMENT_3D('',#5583,#5584,#5585);
#5583 = CARTESIAN_POINT('',(0.,-6.661338147751E-16,-3.));
#5584 = DIRECTION('',(0.,2.22044604925E-16,1.));
#5585 = DIRECTION('',(1.,0.,-0.));
#5586 = ADVANCED_FACE('',(#5587,#5598),#5601,.T.);
#5587 = FACE_BOUND('',#5588,.T.);
#5588 = EDGE_LOOP('',(#5589));
#5589 = ORIENTED_EDGE('',*,*,#5590,.T.);
#5590 = EDGE_CURVE('',#5591,#5591,#5593,.T.);
#5591 = VERTEX_POINT('',#5592);
#5592 = CARTESIAN_POINT('',(1.35,3.330669073875E-16,0.5));
#5593 = CIRCLE('',#5594,1.35);
#5594 = AXIS2_PLACEMENT_3D('',#5595,#5596,#5597);
#5595 = CARTESIAN_POINT('',(0.,2.22044604925E-16,0.5));
#5596 = DIRECTION('',(0.,-4.440892098501E-16,-1.));
#5597 = DIRECTION('',(1.,8.223874256483E-17,-3.652133820468E-32));
#5598 = FACE_BOUND('',#5599,.T.);
#5599 = EDGE_LOOP('',(#5600));
#5600 = ORIENTED_EDGE('',*,*,#5574,.T.);
#5601 = PLANE('',#5602);
#5602 = AXIS2_PLACEMENT_3D('',#5603,#5604,#5605);
#5603 = CARTESIAN_POINT('',(0.,2.22044604925E-16,0.5));
#5604 = DIRECTION('',(0.,-4.440892098501E-16,-1.));
#5605 = DIRECTION('',(1.,8.223874256483E-17,-3.652133820468E-32));
#5606 = ADVANCED_FACE('',(#5607),#5626,.T.);
#5607 = FACE_BOUND('',#5608,.T.);
#5608 = EDGE_LOOP('',(#5609,#5618,#5624,#5625));
#5609 = ORIENTED_EDGE('',*,*,#5610,.T.);
#5610 = EDGE_CURVE('',#5611,#5611,#5613,.T.);
#5611 = VERTEX_POINT('',#5612);
#5612 = CARTESIAN_POINT('',(1.35,8.526512829121E-16,1.28));
#5613 = CIRCLE('',#5614,1.35);
#5614 = AXIS2_PLACEMENT_3D('',#5615,#5616,#5617);
#5615 = CARTESIAN_POINT('',(0.,5.684341886081E-16,1.28));
#5616 = DIRECTION('',(0.,-4.440892098501E-16,-1.));
#5617 = DIRECTION('',(1.,9.37521665239E-16,-4.163432555333E-31));
#5618 = ORIENTED_EDGE('',*,*,#5619,.T.);
#5619 = EDGE_CURVE('',#5611,#5591,#5620,.T.);
#5620 = LINE('',#5621,#5622);
#5621 = CARTESIAN_POINT('',(1.35,3.796962744218E-15,5.7));
#5622 = VECTOR('',#5623,1.);
#5623 = DIRECTION('',(0.,-6.661338147751E-16,-1.));
#5624 = ORIENTED_EDGE('',*,*,#5590,.F.);
#5625 = ORIENTED_EDGE('',*,*,#5619,.F.);
#5626 = CYLINDRICAL_SURFACE('',#5627,1.35);
#5627 = AXIS2_PLACEMENT_3D('',#5628,#5629,#5630);
#5628 = CARTESIAN_POINT('',(0.,2.531308496145E-15,5.7));
#5629 = DIRECTION('',(0.,-4.440892098501E-16,-1.));
#5630 = DIRECTION('',(1.,9.37521665239E-16,-4.163432555333E-31));
#5631 = ADVANCED_FACE('',(#5632,#5643),#5646,.T.);
#5632 = FACE_BOUND('',#5633,.T.);
#5633 = EDGE_LOOP('',(#5634));
#5634 = ORIENTED_EDGE('',*,*,#5635,.T.);
#5635 = EDGE_CURVE('',#5636,#5636,#5638,.T.);
#5636 = VERTEX_POINT('',#5637);
#5637 = CARTESIAN_POINT('',(1.36,8.526512829121E-16,1.28));
#5638 = CIRCLE('',#5639,1.36);
#5639 = AXIS2_PLACEMENT_3D('',#5640,#5641,#5642);
#5640 = CARTESIAN_POINT('',(0.,5.684341886081E-16,1.28));
#5641 = DIRECTION('',(0.,-4.440892098501E-16,-1.));
#5642 = DIRECTION('',(1.,2.089831575765E-16,-9.280716532013E-32));
#5643 = FACE_BOUND('',#5644,.T.);
#5644 = EDGE_LOOP('',(#5645));
#5645 = ORIENTED_EDGE('',*,*,#5610,.F.);
#5646 = PLANE('',#5647);
#5647 = AXIS2_PLACEMENT_3D('',#5648,#5649,#5650);
#5648 = CARTESIAN_POINT('',(0.,5.684341886081E-16,1.28));
#5649 = DIRECTION('',(0.,-4.440892098501E-16,-1.));
#5650 = DIRECTION('',(1.,2.089831575765E-16,-9.280716532013E-32));
#5651 = ADVANCED_FACE('',(#5652),#5671,.T.);
#5652 = FACE_BOUND('',#5653,.T.);
#5653 = EDGE_LOOP('',(#5654,#5663,#5669,#5670));
#5654 = ORIENTED_EDGE('',*,*,#5655,.T.);
#5655 = EDGE_CURVE('',#5656,#5656,#5658,.T.);
#5656 = VERTEX_POINT('',#5657);
#5657 = CARTESIAN_POINT('',(1.36,1.71862524212E-15,2.58));
#5658 = CIRCLE('',#5659,1.36);
#5659 = AXIS2_PLACEMENT_3D('',#5660,#5661,#5662);
#5660 = CARTESIAN_POINT('',(0.,1.145750161413E-15,2.58));
#5661 = DIRECTION('',(0.,-4.440892098501E-16,-1.));
#5662 = DIRECTION('',(1.,4.212316769901E-16,-1.870644425984E-31));
#5663 = ORIENTED_EDGE('',*,*,#5664,.T.);
#5664 = EDGE_CURVE('',#5656,#5636,#5665,.T.);
#5665 = LINE('',#5666,#5667);
#5666 = CARTESIAN_POINT('',(1.36,1.71862524212E-15,2.58));
#5667 = VECTOR('',#5668,1.);
#5668 = DIRECTION('',(0.,-6.661338147751E-16,-1.));
#5669 = ORIENTED_EDGE('',*,*,#5635,.F.);
#5670 = ORIENTED_EDGE('',*,*,#5664,.F.);
#5671 = CYLINDRICAL_SURFACE('',#5672,1.36);
#5672 = AXIS2_PLACEMENT_3D('',#5673,#5674,#5675);
#5673 = CARTESIAN_POINT('',(0.,1.145750161413E-15,2.58));
#5674 = DIRECTION('',(0.,-4.440892098501E-16,-1.));
#5675 = DIRECTION('',(1.,4.212316769901E-16,-1.870644425984E-31));
#5676 = ADVANCED_FACE('',(#5677,#5680),#5691,.F.);
#5677 = FACE_BOUND('',#5678,.T.);
#5678 = EDGE_LOOP('',(#5679));
#5679 = ORIENTED_EDGE('',*,*,#5655,.F.);
#5680 = FACE_BOUND('',#5681,.T.);
#5681 = EDGE_LOOP('',(#5682));
#5682 = ORIENTED_EDGE('',*,*,#5683,.T.);
#5683 = EDGE_CURVE('',#5684,#5684,#5686,.T.);
#5684 = VERTEX_POINT('',#5685);
#5685 = CARTESIAN_POINT('',(1.35,1.71862524212E-15,2.58));
#5686 = CIRCLE('',#5687,1.35);
#5687 = AXIS2_PLACEMENT_3D('',#5688,#5689,#5690);
#5688 = CARTESIAN_POINT('',(0.,1.145750161413E-15,2.58));
#5689 = DIRECTION('',(0.,-4.440892098501E-16,-1.));
#5690 = DIRECTION('',(1.,9.37521665239E-16,-4.163432555333E-31));
#5691 = PLANE('',#5692);
#5692 = AXIS2_PLACEMENT_3D('',#5693,#5694,#5695);
#5693 = CARTESIAN_POINT('',(0.,1.145750161413E-15,2.58));
#5694 = DIRECTION('',(0.,-4.440892098501E-16,-1.));
#5695 = DIRECTION('',(1.,4.212316769901E-16,-1.870644425984E-31));
#5696 = ADVANCED_FACE('',(#5697),#5716,.T.);
#5697 = FACE_BOUND('',#5698,.T.);
#5698 = EDGE_LOOP('',(#5699,#5707,#5714,#5715));
#5699 = ORIENTED_EDGE('',*,*,#5700,.F.);
#5700 = EDGE_CURVE('',#5701,#5684,#5703,.T.);
#5701 = VERTEX_POINT('',#5702);
#5702 = CARTESIAN_POINT('',(1.35,3.796962744218E-15,5.7));
#5703 = LINE('',#5704,#5705);
#5704 = CARTESIAN_POINT('',(1.35,3.796962744218E-15,5.7));
#5705 = VECTOR('',#5706,1.);
#5706 = DIRECTION('',(0.,-6.661338147751E-16,-1.));
#5707 = ORIENTED_EDGE('',*,*,#5708,.T.);
#5708 = EDGE_CURVE('',#5701,#5701,#5709,.T.);
#5709 = CIRCLE('',#5710,1.35);
#5710 = AXIS2_PLACEMENT_3D('',#5711,#5712,#5713);
#5711 = CARTESIAN_POINT('',(0.,2.531308496145E-15,5.7));
#5712 = DIRECTION('',(0.,-4.440892098501E-16,-1.));
#5713 = DIRECTION('',(1.,9.37521665239E-16,-4.163432555333E-31));
#5714 = ORIENTED_EDGE('',*,*,#5700,.T.);
#5715 = ORIENTED_EDGE('',*,*,#5683,.F.);
#5716 = CYLINDRICAL_SURFACE('',#5717,1.35);
#5717 = AXIS2_PLACEMENT_3D('',#5718,#5719,#5720);
#5718 = CARTESIAN_POINT('',(0.,2.531308496145E-15,5.7));
#5719 = DIRECTION('',(0.,-4.440892098501E-16,-1.));
#5720 = DIRECTION('',(1.,9.37521665239E-16,-4.163432555333E-31));
#5721 = ADVANCED_FACE('',(#5722,#5725),#5736,.F.);
#5722 = FACE_BOUND('',#5723,.T.);
#5723 = EDGE_LOOP('',(#5724));
#5724 = ORIENTED_EDGE('',*,*,#5708,.F.);
#5725 = FACE_BOUND('',#5726,.T.);
#5726 = EDGE_LOOP('',(#5727));
#5727 = ORIENTED_EDGE('',*,*,#5728,.F.);
#5728 = EDGE_CURVE('',#5729,#5729,#5731,.T.);
#5729 = VERTEX_POINT('',#5730);
#5730 = CARTESIAN_POINT('',(0.4,1.265654248073E-15,5.7));
#5731 = CIRCLE('',#5732,0.4);
#5732 = AXIS2_PLACEMENT_3D('',#5733,#5734,#5735);
#5733 = CARTESIAN_POINT('',(0.,1.265654248073E-15,5.7));
#5734 = DIRECTION('',(-0.,2.22044604925E-16,1.));
#5735 = DIRECTION('',(1.,0.,0.));
#5736 = PLANE('',#5737);
#5737 = AXIS2_PLACEMENT_3D('',#5738,#5739,#5740);
#5738 = CARTESIAN_POINT('',(0.,2.531308496145E-15,5.7));
#5739 = DIRECTION('',(0.,-4.440892098501E-16,-1.));
#5740 = DIRECTION('',(1.,9.37521665239E-16,-4.163432555333E-31));
#5741 = ADVANCED_FACE('',(#5742),#5761,.T.);
#5742 = FACE_BOUND('',#5743,.T.);
#5743 = EDGE_LOOP('',(#5744,#5745,#5753,#5760));
#5744 = ORIENTED_EDGE('',*,*,#5728,.T.);
#5745 = ORIENTED_EDGE('',*,*,#5746,.T.);
#5746 = EDGE_CURVE('',#5729,#5747,#5749,.T.);
#5747 = VERTEX_POINT('',#5748);
#5748 = CARTESIAN_POINT('',(0.4,1.376676550535E-15,6.2));
#5749 = LINE('',#5750,#5751);
#5750 = CARTESIAN_POINT('',(0.4,-6.661338147751E-16,-3.));
#5751 = VECTOR('',#5752,1.);
#5752 = DIRECTION('',(0.,2.22044604925E-16,1.));
#5753 = ORIENTED_EDGE('',*,*,#5754,.F.);
#5754 = EDGE_CURVE('',#5747,#5747,#5755,.T.);
#5755 = CIRCLE('',#5756,0.4);
#5756 = AXIS2_PLACEMENT_3D('',#5757,#5758,#5759);
#5757 = CARTESIAN_POINT('',(0.,1.376676550535E-15,6.2));
#5758 = DIRECTION('',(-0.,2.22044604925E-16,1.));
#5759 = DIRECTION('',(1.,0.,0.));
#5760 = ORIENTED_EDGE('',*,*,#5746,.F.);
#5761 = CYLINDRICAL_SURFACE('',#5762,0.4);
#5762 = AXIS2_PLACEMENT_3D('',#5763,#5764,#5765);
#5763 = CARTESIAN_POINT('',(0.,-6.661338147751E-16,-3.));
#5764 = DIRECTION('',(0.,2.22044604925E-16,1.));
#5765 = DIRECTION('',(1.,0.,-0.));
#5766 = ADVANCED_FACE('',(#5767),#5787,.T.);
#5767 = FACE_BOUND('',#5768,.T.);
#5768 = EDGE_LOOP('',(#5769,#5778,#5785,#5786));
#5769 = ORIENTED_EDGE('',*,*,#5770,.T.);
#5770 = EDGE_CURVE('',#5747,#5771,#5773,.T.);
#5771 = VERTEX_POINT('',#5772);
#5772 = CARTESIAN_POINT('',(0.8,1.465494392505E-15,6.6));
#5773 = CIRCLE('',#5774,0.4);
#5774 = AXIS2_PLACEMENT_3D('',#5775,#5776,#5777);
#5775 = CARTESIAN_POINT('',(0.8,1.523634166433E-15,6.2));
#5776 = DIRECTION('',(0.,1.,-2.22044604925E-16));
#5777 = DIRECTION('',(1.,0.,0.));
#5778 = ORIENTED_EDGE('',*,*,#5779,.T.);
#5779 = EDGE_CURVE('',#5771,#5771,#5780,.T.);
#5780 = CIRCLE('',#5781,0.4);
#5781 = AXIS2_PLACEMENT_3D('',#5782,#5783,#5784);
#5782 = CARTESIAN_POINT('',(0.8,1.554312234475E-15,7.));
#5783 = DIRECTION('',(-1.,-4.078893220341E-32,-1.836970198721E-16));
#5784 = DIRECTION('',(-1.836970198721E-16,2.22044604925E-16,1.));
#5785 = ORIENTED_EDGE('',*,*,#5770,.F.);
#5786 = ORIENTED_EDGE('',*,*,#5754,.T.);
#5787 = TOROIDAL_SURFACE('',#5788,0.8,0.4);
#5788 = AXIS2_PLACEMENT_3D('',#5789,#5790,#5791);
#5789 = CARTESIAN_POINT('',(0.8,1.376676550535E-15,6.2));
#5790 = DIRECTION('',(0.,1.,-2.22044604925E-16));
#5791 = DIRECTION('',(1.,0.,0.));
#5792 = ADVANCED_FACE('',(#5793),#5812,.T.);
#5793 = FACE_BOUND('',#5794,.T.);
#5794 = EDGE_LOOP('',(#5795,#5803,#5810,#5811));
#5795 = ORIENTED_EDGE('',*,*,#5796,.T.);
#5796 = EDGE_CURVE('',#5771,#5797,#5799,.T.);
#5797 = VERTEX_POINT('',#5798);
#5798 = CARTESIAN_POINT('',(4.28,1.465494392505E-15,6.6));
#5799 = LINE('',#5800,#5801);
#5800 = CARTESIAN_POINT('',(0.8,1.465494392505E-15,6.6));
#5801 = VECTOR('',#5802,1.);
#5802 = DIRECTION('',(1.,0.,0.));
#5803 = ORIENTED_EDGE('',*,*,#5804,.F.);
#5804 = EDGE_CURVE('',#5797,#5797,#5805,.T.);
#5805 = CIRCLE('',#5806,0.4);
#5806 = AXIS2_PLACEMENT_3D('',#5807,#5808,#5809);
#5807 = CARTESIAN_POINT('',(4.28,1.554312234475E-15,7.));
#5808 = DIRECTION('',(1.,0.,0.));
#5809 = DIRECTION('',(0.,-2.22044604925E-16,-1.));
#5810 = ORIENTED_EDGE('',*,*,#5796,.F.);
#5811 = ORIENTED_EDGE('',*,*,#5779,.F.);
#5812 = CYLINDRICAL_SURFACE('',#5813,0.4);
#5813 = AXIS2_PLACEMENT_3D('',#5814,#5815,#5816);
#5814 = CARTESIAN_POINT('',(0.8,1.554312234475E-15,7.));
#5815 = DIRECTION('',(1.,0.,0.));
#5816 = DIRECTION('',(0.,-2.22044604925E-16,-1.));
#5817 = ADVANCED_FACE('',(#5818),#5838,.T.);
#5818 = FACE_BOUND('',#5819,.T.);
#5819 = EDGE_LOOP('',(#5820,#5829,#5836,#5837));
#5820 = ORIENTED_EDGE('',*,*,#5821,.T.);
#5821 = EDGE_CURVE('',#5797,#5822,#5824,.T.);
#5822 = VERTEX_POINT('',#5823);
#5823 = CARTESIAN_POINT('',(4.68,1.376676550535E-15,6.2));
#5824 = CIRCLE('',#5825,0.4);
#5825 = AXIS2_PLACEMENT_3D('',#5826,#5827,#5828);
#5826 = CARTESIAN_POINT('',(4.28,1.523634166433E-15,6.2));
#5827 = DIRECTION('',(0.,1.,-2.22044604925E-16));
#5828 = DIRECTION('',(1.,0.,0.));
#5829 = ORIENTED_EDGE('',*,*,#5830,.T.);
#5830 = EDGE_CURVE('',#5822,#5822,#5831,.T.);
#5831 = CIRCLE('',#5832,0.4);
#5832 = AXIS2_PLACEMENT_3D('',#5833,#5834,#5835);
#5833 = CARTESIAN_POINT('',(5.08,1.376676550535E-15,6.2));
#5834 = DIRECTION('',(-2.449293598295E-16,2.22044604925E-16,1.));
#5835 = DIRECTION('',(1.,5.438524293788E-32,2.449293598295E-16));
#5836 = ORIENTED_EDGE('',*,*,#5821,.F.);
#5837 = ORIENTED_EDGE('',*,*,#5804,.T.);
#5838 = TOROIDAL_SURFACE('',#5839,0.8,0.4);
#5839 = AXIS2_PLACEMENT_3D('',#5840,#5841,#5842);
#5840 = CARTESIAN_POINT('',(4.28,1.376676550535E-15,6.2));
#5841 = DIRECTION('',(0.,1.,-2.22044604925E-16));
#5842 = DIRECTION('',(1.,0.,0.));
#5843 = ADVANCED_FACE('',(#5844),#5863,.T.);
#5844 = FACE_BOUND('',#5845,.T.);
#5845 = EDGE_LOOP('',(#5846,#5854,#5861,#5862));
#5846 = ORIENTED_EDGE('',*,*,#5847,.T.);
#5847 = EDGE_CURVE('',#5822,#5848,#5850,.T.);
#5848 = VERTEX_POINT('',#5849);
#5849 = CARTESIAN_POINT('',(4.68,-7.641055587069E-16,-3.));
#5850 = LINE('',#5851,#5852);
#5851 = CARTESIAN_POINT('',(4.68,-6.661338147751E-16,-3.));
#5852 = VECTOR('',#5853,1.);
#5853 = DIRECTION('',(0.,-2.22044604925E-16,-1.));
#5854 = ORIENTED_EDGE('',*,*,#5855,.F.);
#5855 = EDGE_CURVE('',#5848,#5848,#5856,.T.);
#5856 = CIRCLE('',#5857,0.4);
#5857 = AXIS2_PLACEMENT_3D('',#5858,#5859,#5860);
#5858 = CARTESIAN_POINT('',(5.08,-6.661338147751E-16,-3.));
#5859 = DIRECTION('',(0.,-2.22044604925E-16,-1.));
#5860 = DIRECTION('',(-1.,5.473822126269E-48,-1.215432671457E-63));
#5861 = ORIENTED_EDGE('',*,*,#5847,.F.);
#5862 = ORIENTED_EDGE('',*,*,#5830,.F.);
#5863 = CYLINDRICAL_SURFACE('',#5864,0.4);
#5864 = AXIS2_PLACEMENT_3D('',#5865,#5866,#5867);
#5865 = CARTESIAN_POINT('',(5.08,-6.661338147751E-16,-3.));
#5866 = DIRECTION('',(0.,-2.22044604925E-16,-1.));
#5867 = DIRECTION('',(-1.,5.473822126269E-48,-1.215432671457E-63));
#5868 = ADVANCED_FACE('',(#5869),#5872,.F.);
#5869 = FACE_BOUND('',#5870,.T.);
#5870 = EDGE_LOOP('',(#5871));
#5871 = ORIENTED_EDGE('',*,*,#5855,.T.);
#5872 = PLANE('',#5873);
#5873 = AXIS2_PLACEMENT_3D('',#5874,#5875,#5876);
#5874 = CARTESIAN_POINT('',(4.68,-6.661338147751E-16,-3.));
#5875 = DIRECTION('',(0.,0.,1.));
#5876 = DIRECTION('',(1.,0.,-0.));
#5877 = ( GEOMETRIC_REPRESENTATION_CONTEXT(3) 
GLOBAL_UNCERTAINTY_ASSIGNED_CONTEXT((#5881)) 
GLOBAL_UNIT_ASSIGNED_CONTEXT((#5878,#5879,#5880)) REPRESENTATION_CONTEXT
('Context #1','3D Context with UNIT and UNCERTAINTY') );
#5878 = ( LENGTH_UNIT() NAMED_UNIT(*) SI_UNIT(.MILLI.,.METRE.) );
#5879 = ( NAMED_UNIT(*) PLANE_ANGLE_UNIT() SI_UNIT($,.RADIAN.) );
#5880 = ( NAMED_UNIT(*) SI_UNIT($,.STERADIAN.) SOLID_ANGLE_UNIT() );
#5881 = UNCERTAINTY_MEASURE_WITH_UNIT(LENGTH_MEASURE(1.E-07),#5878,
  'distance_accuracy_value','confusion accuracy');
#5882 = CONTEXT_DEPENDENT_SHAPE_REPRESENTATION(#5883,#5885);
#5883 = ( REPRESENTATION_RELATIONSHIP('','',#5541,#5518) 
REPRESENTATION_RELATIONSHIP_WITH_TRANSFORMATION(#5884) 
SHAPE_REPRESENTATION_RELATIONSHIP() );
#5884 = ITEM_DEFINED_TRANSFORMATION('','',#11,#5519);
#5885 = PRODUCT_DEFINITION_SHAPE('Placement','Placement of an item',
  #5886);
#5886 = NEXT_ASSEMBLY_USAGE_OCCURRENCE('34','=>[0:1:1:31]','',#5513,
  #5536,$);
#5887 = PRODUCT_RELATED_PRODUCT_CATEGORY('part',$,(#5538));
#5888 = CONTEXT_DEPENDENT_SHAPE_REPRESENTATION(#5889,#5891);
#5889 = ( REPRESENTATION_RELATIONSHIP('','',#1875,#10) 
REPRESENTATION_RELATIONSHIP_WITH_TRANSFORMATION(#5890) 
SHAPE_REPRESENTATION_RELATIONSHIP() );
#5890 = ITEM_DEFINED_TRANSFORMATION('','',#11,#75);
#5891 = PRODUCT_DEFINITION_SHAPE('Placement','Placement of an item',
  #5892);
#5892 = NEXT_ASSEMBLY_USAGE_OCCURRENCE('36','J4','',#5,#1870,$);
#5893 = SHAPE_DEFINITION_REPRESENTATION(#5894,#5900);
#5894 = PRODUCT_DEFINITION_SHAPE('','',#5895);
#5895 = PRODUCT_DEFINITION('design','',#5896,#5899);
#5896 = PRODUCT_DEFINITION_FORMATION('','',#5897);
#5897 = PRODUCT('TO-220-3_Vertical','TO-220-3_Vertical','',(#5898));
#5898 = PRODUCT_CONTEXT('',#2,'mechanical');
#5899 = PRODUCT_DEFINITION_CONTEXT('part definition',#2,'design');
#5900 = SHAPE_REPRESENTATION('',(#11,#5901),#5905);
#5901 = AXIS2_PLACEMENT_3D('',#5902,#5903,#5904);
#5902 = CARTESIAN_POINT('',(0.,0.,0.));
#5903 = DIRECTION('',(0.,0.,1.));
#5904 = DIRECTION('',(1.,0.,-0.));
#5905 = ( GEOMETRIC_REPRESENTATION_CONTEXT(3) 
GLOBAL_UNCERTAINTY_ASSIGNED_CONTEXT((#5909)) 
GLOBAL_UNIT_ASSIGNED_CONTEXT((#5906,#5907,#5908)) REPRESENTATION_CONTEXT
('Context #1','3D Context with UNIT and UNCERTAINTY') );
#5906 = ( LENGTH_UNIT() NAMED_UNIT(*) SI_UNIT(.MILLI.,.METRE.) );
#5907 = ( NAMED_UNIT(*) PLANE_ANGLE_UNIT() SI_UNIT($,.RADIAN.) );
#5908 = ( NAMED_UNIT(*) SI_UNIT($,.STERADIAN.) SOLID_ANGLE_UNIT() );
#5909 = UNCERTAINTY_MEASURE_WITH_UNIT(LENGTH_MEASURE(1.E-07),#5906,
  'distance_accuracy_value','confusion accuracy');
#5910 = CONTEXT_DEPENDENT_SHAPE_REPRESENTATION(#5911,#5913);
#5911 = ( REPRESENTATION_RELATIONSHIP('','',#5900,#10) 
REPRESENTATION_RELATIONSHIP_WITH_TRANSFORMATION(#5912) 
SHAPE_REPRESENTATION_RELATIONSHIP() );
#5912 = ITEM_DEFINED_TRANSFORMATION('','',#11,#79);
#5913 = PRODUCT_DEFINITION_SHAPE('Placement','Placement of an item',
  #5914);
#5914 = NEXT_ASSEMBLY_USAGE_OCCURRENCE('38','Q2','',#5,#5895,$);
#5915 = PRODUCT_RELATED_PRODUCT_CATEGORY('part',$,(#5897));
#5916 = SHAPE_DEFINITION_REPRESENTATION(#5917,#5923);
#5917 = PRODUCT_DEFINITION_SHAPE('','',#5918);
#5918 = PRODUCT_DEFINITION('design','',#5919,#5922);
#5919 = PRODUCT_DEFINITION_FORMATION('','',#5920);
#5920 = PRODUCT('TO-220-3_Vertical','TO-220-3_Vertical','',(#5921));
#5921 = PRODUCT_CONTEXT('',#2,'mechanical');
#5922 = PRODUCT_DEFINITION_CONTEXT('part definition',#2,'design');
#5923 = ADVANCED_BREP_SHAPE_REPRESENTATION('',(#11,#5924),#7466);
#5924 = MANIFOLD_SOLID_BREP('',#5925);
#5925 = CLOSED_SHELL('',(#5926,#5982,#6109,#6133,#6157,#6213,#6260,#6346
    ,#6360,#6400,#6424,#6457,#6497,#6521,#6554,#6594,#6618,#6651,#6691,
    #6726,#6759,#6776,#6833,#6890,#6947,#7004,#7021,#7038,#7095,#7112,
    #7129,#7186,#7203,#7220,#7248,#7260,#7277,#7294,#7311,#7328,#7340,
    #7357,#7374,#7391,#7403,#7420,#7437,#7454));
#5926 = ADVANCED_FACE('',(#5927),#5977,.F.);
#5927 = FACE_BOUND('',#5928,.T.);
#5928 = EDGE_LOOP('',(#5929,#5939,#5947,#5955,#5963,#5971));
#5929 = ORIENTED_EDGE('',*,*,#5930,.T.);
#5930 = EDGE_CURVE('',#5931,#5933,#5935,.T.);
#5931 = VERTEX_POINT('',#5932);
#5932 = CARTESIAN_POINT('',(-2.585,2.045585922872E-16,3.685));
#5933 = VERTEX_POINT('',#5934);
#5934 = CARTESIAN_POINT('',(-2.585,-1.295,4.185));
#5935 = LINE('',#5936,#5937);
#5936 = CARTESIAN_POINT('',(-2.585,2.045585922872E-16,3.685));
#5937 = VECTOR('',#5938,1.);
#5938 = DIRECTION('',(-5.178527991556E-17,-0.932880669324,0.360185586611
    ));
#5939 = ORIENTED_EDGE('',*,*,#5940,.T.);
#5940 = EDGE_CURVE('',#5933,#5941,#5943,.T.);
#5941 = VERTEX_POINT('',#5942);
#5942 = CARTESIAN_POINT('',(-2.585,-1.295,11.875000000001));
#5943 = LINE('',#5944,#5945);
#5944 = CARTESIAN_POINT('',(-2.585,-1.295,4.185));
#5945 = VECTOR('',#5946,1.);
#5946 = DIRECTION('',(0.,5.551115123126E-17,1.));
#5947 = ORIENTED_EDGE('',*,*,#5948,.T.);
#5948 = EDGE_CURVE('',#5941,#5949,#5951,.T.);
#5949 = VERTEX_POINT('',#5950);
#5950 = CARTESIAN_POINT('',(-2.585,-0.295,12.875));
#5951 = LINE('',#5952,#5953);
#5952 = CARTESIAN_POINT('',(-2.585,-1.295,11.875000000001));
#5953 = VECTOR('',#5954,1.);
#5954 = DIRECTION('',(3.925231146711E-17,0.707106781187,0.707106781186)
  );
#5955 = ORIENTED_EDGE('',*,*,#5956,.T.);
#5956 = EDGE_CURVE('',#5949,#5957,#5959,.T.);
#5957 = VERTEX_POINT('',#5958);
#5958 = CARTESIAN_POINT('',(-2.585,3.15,12.875));
#5959 = LINE('',#5960,#5961);
#5960 = CARTESIAN_POINT('',(-2.585,-0.295,12.875));
#5961 = VECTOR('',#5962,1.);
#5962 = DIRECTION('',(5.551115123126E-17,1.,0.));
#5963 = ORIENTED_EDGE('',*,*,#5964,.T.);
#5964 = EDGE_CURVE('',#5957,#5965,#5967,.T.);
#5965 = VERTEX_POINT('',#5966);
#5966 = CARTESIAN_POINT('',(-2.585,3.15,4.185));
#5967 = LINE('',#5968,#5969);
#5968 = CARTESIAN_POINT('',(-2.585,3.15,12.875));
#5969 = VECTOR('',#5970,1.);
#5970 = DIRECTION('',(0.,-5.551115123126E-17,-1.));
#5971 = ORIENTED_EDGE('',*,*,#5972,.T.);
#5972 = EDGE_CURVE('',#5965,#5931,#5973,.T.);
#5973 = LINE('',#5974,#5975);
#5974 = CARTESIAN_POINT('',(-2.585,3.15,4.185));
#5975 = VECTOR('',#5976,1.);
#5976 = DIRECTION('',(-5.482478518197E-17,-0.987635528464,
    -0.156767544201));
#5977 = PLANE('',#5978);
#5978 = AXIS2_PLACEMENT_3D('',#5979,#5980,#5981);
#5979 = CARTESIAN_POINT('',(-2.585,2.045585922872E-16,3.685));
#5980 = DIRECTION('',(1.,0.,5.551115123126E-17));
#5981 = DIRECTION('',(-5.551115123126E-17,5.551115123126E-17,1.));
#5982 = ADVANCED_FACE('',(#5983),#6104,.T.);
#5983 = FACE_BOUND('',#5984,.T.);
#5984 = EDGE_LOOP('',(#5985,#5986,#5994,#6002,#6010,#6018,#6026,#6034,
    #6042,#6050,#6058,#6066,#6074,#6082,#6090,#6098));
#5985 = ORIENTED_EDGE('',*,*,#5930,.F.);
#5986 = ORIENTED_EDGE('',*,*,#5987,.T.);
#5987 = EDGE_CURVE('',#5931,#5988,#5990,.T.);
#5988 = VERTEX_POINT('',#5989);
#5989 = CARTESIAN_POINT('',(-0.73,2.045585922872E-16,3.685));
#5990 = LINE('',#5991,#5992);
#5991 = CARTESIAN_POINT('',(-2.585,2.045585922872E-16,3.685));
#5992 = VECTOR('',#5993,1.);
#5993 = DIRECTION('',(1.,0.,5.551115123126E-17));
#5994 = ORIENTED_EDGE('',*,*,#5995,.T.);
#5995 = EDGE_CURVE('',#5988,#5996,#5998,.T.);
#5996 = VERTEX_POINT('',#5997);
#5997 = CARTESIAN_POINT('',(-0.73,-0.11655,3.73));
#5998 = LINE('',#5999,#6000);
#5999 = CARTESIAN_POINT('',(-0.73,0.106662228694,3.643817672319));
#6000 = VECTOR('',#6001,1.);
#6001 = DIRECTION('',(0.,-0.932880669324,0.360185586611));
#6002 = ORIENTED_EDGE('',*,*,#6003,.T.);
#6003 = EDGE_CURVE('',#5996,#6004,#6006,.T.);
#6004 = VERTEX_POINT('',#6005);
#6005 = CARTESIAN_POINT('',(0.73,-0.11655,3.73));
#6006 = LINE('',#6007,#6008);
#6007 = CARTESIAN_POINT('',(-0.9275,-0.11655,3.73));
#6008 = VECTOR('',#6009,1.);
#6009 = DIRECTION('',(1.,1.43773881689E-16,-4.788632213724E-32));
#6010 = ORIENTED_EDGE('',*,*,#6011,.T.);
#6011 = EDGE_CURVE('',#6004,#6012,#6014,.T.);
#6012 = VERTEX_POINT('',#6013);
#6013 = CARTESIAN_POINT('',(0.73,2.045585922872E-16,3.685));
#6014 = LINE('',#6015,#6016);
#6015 = CARTESIAN_POINT('',(0.73,0.682499659449,3.421486617973));
#6016 = VECTOR('',#6017,1.);
#6017 = DIRECTION('',(0.,0.932880669324,-0.360185586611));
#6018 = ORIENTED_EDGE('',*,*,#6019,.T.);
#6019 = EDGE_CURVE('',#6012,#6020,#6022,.T.);
#6020 = VERTEX_POINT('',#6021);
#6021 = CARTESIAN_POINT('',(1.81,2.045585922872E-16,3.685));
#6022 = LINE('',#6023,#6024);
#6023 = CARTESIAN_POINT('',(-2.585,2.045585922872E-16,3.685));
#6024 = VECTOR('',#6025,1.);
#6025 = DIRECTION('',(1.,0.,5.551115123126E-17));
#6026 = ORIENTED_EDGE('',*,*,#6027,.T.);
#6027 = EDGE_CURVE('',#6020,#6028,#6030,.T.);
#6028 = VERTEX_POINT('',#6029);
#6029 = CARTESIAN_POINT('',(1.81,-0.11655,3.73));
#6030 = LINE('',#6031,#6032);
#6031 = CARTESIAN_POINT('',(1.81,0.106662228694,3.643817672319));
#6032 = VECTOR('',#6033,1.);
#6033 = DIRECTION('',(0.,-0.932880669324,0.360185586611));
#6034 = ORIENTED_EDGE('',*,*,#6035,.T.);
#6035 = EDGE_CURVE('',#6028,#6036,#6038,.T.);
#6036 = VERTEX_POINT('',#6037);
#6037 = CARTESIAN_POINT('',(3.27,-0.11655,3.73));
#6038 = LINE('',#6039,#6040);
#6039 = CARTESIAN_POINT('',(0.3425,-0.11655,3.73));
#6040 = VECTOR('',#6041,1.);
#6041 = DIRECTION('',(1.,1.43773881689E-16,-4.788632213724E-32));
#6042 = ORIENTED_EDGE('',*,*,#6043,.T.);
#6043 = EDGE_CURVE('',#6036,#6044,#6046,.T.);
#6044 = VERTEX_POINT('',#6045);
#6045 = CARTESIAN_POINT('',(3.27,2.045585922872E-16,3.685));
#6046 = LINE('',#6047,#6048);
#6047 = CARTESIAN_POINT('',(3.27,0.682499659449,3.421486617973));
#6048 = VECTOR('',#6049,1.);
#6049 = DIRECTION('',(0.,0.932880669324,-0.360185586611));
#6050 = ORIENTED_EDGE('',*,*,#6051,.T.);
#6051 = EDGE_CURVE('',#6044,#6052,#6054,.T.);
#6052 = VERTEX_POINT('',#6053);
#6053 = CARTESIAN_POINT('',(4.35,2.045585922872E-16,3.685));
#6054 = LINE('',#6055,#6056);
#6055 = CARTESIAN_POINT('',(-2.585,2.045585922872E-16,3.685));
#6056 = VECTOR('',#6057,1.);
#6057 = DIRECTION('',(1.,0.,5.551115123126E-17));
#6058 = ORIENTED_EDGE('',*,*,#6059,.T.);
#6059 = EDGE_CURVE('',#6052,#6060,#6062,.T.);
#6060 = VERTEX_POINT('',#6061);
#6061 = CARTESIAN_POINT('',(4.35,-0.11655,3.73));
#6062 = LINE('',#6063,#6064);
#6063 = CARTESIAN_POINT('',(4.35,0.106662228694,3.643817672319));
#6064 = VECTOR('',#6065,1.);
#6065 = DIRECTION('',(0.,-0.932880669324,0.360185586611));
#6066 = ORIENTED_EDGE('',*,*,#6067,.T.);
#6067 = EDGE_CURVE('',#6060,#6068,#6070,.T.);
#6068 = VERTEX_POINT('',#6069);
#6069 = CARTESIAN_POINT('',(5.81,-0.11655,3.73));
#6070 = LINE('',#6071,#6072);
#6071 = CARTESIAN_POINT('',(1.6125,-0.11655,3.73));
#6072 = VECTOR('',#6073,1.);
#6073 = DIRECTION('',(1.,1.43773881689E-16,-4.788632213724E-32));
#6074 = ORIENTED_EDGE('',*,*,#6075,.T.);
#6075 = EDGE_CURVE('',#6068,#6076,#6078,.T.);
#6076 = VERTEX_POINT('',#6077);
#6077 = CARTESIAN_POINT('',(5.81,2.045585922872E-16,3.685));
#6078 = LINE('',#6079,#6080);
#6079 = CARTESIAN_POINT('',(5.81,0.682499659449,3.421486617973));
#6080 = VECTOR('',#6081,1.);
#6081 = DIRECTION('',(0.,0.932880669324,-0.360185586611));
#6082 = ORIENTED_EDGE('',*,*,#6083,.T.);
#6083 = EDGE_CURVE('',#6076,#6084,#6086,.T.);
#6084 = VERTEX_POINT('',#6085);
#6085 = CARTESIAN_POINT('',(7.665,2.045585922872E-16,3.685));
#6086 = LINE('',#6087,#6088);
#6087 = CARTESIAN_POINT('',(-2.585,2.045585922872E-16,3.685));
#6088 = VECTOR('',#6089,1.);
#6089 = DIRECTION('',(1.,0.,5.551115123126E-17));
#6090 = ORIENTED_EDGE('',*,*,#6091,.T.);
#6091 = EDGE_CURVE('',#6084,#6092,#6094,.T.);
#6092 = VERTEX_POINT('',#6093);
#6093 = CARTESIAN_POINT('',(7.665,-1.295,4.185));
#6094 = LINE('',#6095,#6096);
#6095 = CARTESIAN_POINT('',(7.665,2.045585922872E-16,3.685));
#6096 = VECTOR('',#6097,1.);
#6097 = DIRECTION('',(-5.178527991556E-17,-0.932880669324,0.360185586611
    ));
#6098 = ORIENTED_EDGE('',*,*,#6099,.F.);
#6099 = EDGE_CURVE('',#5933,#6092,#6100,.T.);
#6100 = LINE('',#6101,#6102);
#6101 = CARTESIAN_POINT('',(-2.585,-1.295,4.185));
#6102 = VECTOR('',#6103,1.);
#6103 = DIRECTION('',(1.,0.,5.551115123126E-17));
#6104 = PLANE('',#6105);
#6105 = AXIS2_PLACEMENT_3D('',#6106,#6107,#6108);
#6106 = CARTESIAN_POINT('',(-2.585,2.045585922872E-16,3.685));
#6107 = DIRECTION('',(5.178527991556E-17,-0.360185586611,-0.932880669324
    ));
#6108 = DIRECTION('',(-5.178527991556E-17,-0.932880669324,0.360185586611
    ));
#6109 = ADVANCED_FACE('',(#6110),#6128,.T.);
#6110 = FACE_BOUND('',#6111,.T.);
#6111 = EDGE_LOOP('',(#6112,#6113,#6121,#6127));
#6112 = ORIENTED_EDGE('',*,*,#6099,.T.);
#6113 = ORIENTED_EDGE('',*,*,#6114,.T.);
#6114 = EDGE_CURVE('',#6092,#6115,#6117,.T.);
#6115 = VERTEX_POINT('',#6116);
#6116 = CARTESIAN_POINT('',(7.665,-1.295,11.875000000001));
#6117 = LINE('',#6118,#6119);
#6118 = CARTESIAN_POINT('',(7.665,-1.295,4.185));
#6119 = VECTOR('',#6120,1.);
#6120 = DIRECTION('',(0.,5.551115123126E-17,1.));
#6121 = ORIENTED_EDGE('',*,*,#6122,.F.);
#6122 = EDGE_CURVE('',#5941,#6115,#6123,.T.);
#6123 = LINE('',#6124,#6125);
#6124 = CARTESIAN_POINT('',(-2.585,-1.295,11.875000000001));
#6125 = VECTOR('',#6126,1.);
#6126 = DIRECTION('',(1.,0.,5.551115123126E-17));
#6127 = ORIENTED_EDGE('',*,*,#5940,.F.);
#6128 = PLANE('',#6129);
#6129 = AXIS2_PLACEMENT_3D('',#6130,#6131,#6132);
#6130 = CARTESIAN_POINT('',(-2.585,-1.295,4.185));
#6131 = DIRECTION('',(-3.08148791102E-33,-1.,5.551115123126E-17));
#6132 = DIRECTION('',(0.,5.551115123126E-17,1.));
#6133 = ADVANCED_FACE('',(#6134),#6152,.T.);
#6134 = FACE_BOUND('',#6135,.T.);
#6135 = EDGE_LOOP('',(#6136,#6137,#6145,#6151));
#6136 = ORIENTED_EDGE('',*,*,#6122,.T.);
#6137 = ORIENTED_EDGE('',*,*,#6138,.T.);
#6138 = EDGE_CURVE('',#6115,#6139,#6141,.T.);
#6139 = VERTEX_POINT('',#6140);
#6140 = CARTESIAN_POINT('',(7.665,-0.295,12.875));
#6141 = LINE('',#6142,#6143);
#6142 = CARTESIAN_POINT('',(7.665,-1.295,11.875000000001));
#6143 = VECTOR('',#6144,1.);
#6144 = DIRECTION('',(3.925231146711E-17,0.707106781187,0.707106781186)
  );
#6145 = ORIENTED_EDGE('',*,*,#6146,.F.);
#6146 = EDGE_CURVE('',#5949,#6139,#6147,.T.);
#6147 = LINE('',#6148,#6149);
#6148 = CARTESIAN_POINT('',(-2.585,-0.295,12.875));
#6149 = VECTOR('',#6150,1.);
#6150 = DIRECTION('',(1.,0.,5.551115123126E-17));
#6151 = ORIENTED_EDGE('',*,*,#5948,.F.);
#6152 = PLANE('',#6153);
#6153 = AXIS2_PLACEMENT_3D('',#6154,#6155,#6156);
#6154 = CARTESIAN_POINT('',(-2.585,-1.295,11.875000000001));
#6155 = DIRECTION('',(-3.925231146711E-17,-0.707106781186,0.707106781187
    ));
#6156 = DIRECTION('',(3.925231146711E-17,0.707106781187,0.707106781186)
  );
#6157 = ADVANCED_FACE('',(#6158),#6208,.T.);
#6158 = FACE_BOUND('',#6159,.T.);
#6159 = EDGE_LOOP('',(#6160,#6161,#6162,#6170,#6178,#6186,#6194,#6202));
#6160 = ORIENTED_EDGE('',*,*,#5956,.F.);
#6161 = ORIENTED_EDGE('',*,*,#6146,.T.);
#6162 = ORIENTED_EDGE('',*,*,#6163,.T.);
#6163 = EDGE_CURVE('',#6139,#6164,#6166,.T.);
#6164 = VERTEX_POINT('',#6165);
#6165 = CARTESIAN_POINT('',(7.665,3.15,12.875));
#6166 = LINE('',#6167,#6168);
#6167 = CARTESIAN_POINT('',(7.665,-0.295,12.875));
#6168 = VECTOR('',#6169,1.);
#6169 = DIRECTION('',(5.551115123126E-17,1.,0.));
#6170 = ORIENTED_EDGE('',*,*,#6171,.F.);
#6171 = EDGE_CURVE('',#6172,#6164,#6174,.T.);
#6172 = VERTEX_POINT('',#6173);
#6173 = CARTESIAN_POINT('',(7.655,3.15,12.875));
#6174 = LINE('',#6175,#6176);
#6175 = CARTESIAN_POINT('',(-2.585,3.15,12.875));
#6176 = VECTOR('',#6177,1.);
#6177 = DIRECTION('',(1.,0.,5.551115123126E-17));
#6178 = ORIENTED_EDGE('',*,*,#6179,.F.);
#6179 = EDGE_CURVE('',#6180,#6172,#6182,.T.);
#6180 = VERTEX_POINT('',#6181);
#6181 = CARTESIAN_POINT('',(7.655,1.89,12.875));
#6182 = LINE('',#6183,#6184);
#6183 = CARTESIAN_POINT('',(7.655,1.4325,12.875));
#6184 = VECTOR('',#6185,1.);
#6185 = DIRECTION('',(0.,1.,-3.08148791102E-33));
#6186 = ORIENTED_EDGE('',*,*,#6187,.F.);
#6187 = EDGE_CURVE('',#6188,#6180,#6190,.T.);
#6188 = VERTEX_POINT('',#6189);
#6189 = CARTESIAN_POINT('',(-2.575,1.89,12.875));
#6190 = LINE('',#6191,#6192);
#6191 = CARTESIAN_POINT('',(2.535,1.89,12.875));
#6192 = VECTOR('',#6193,1.);
#6193 = DIRECTION('',(1.,0.,5.551115123126E-17));
#6194 = ORIENTED_EDGE('',*,*,#6195,.F.);
#6195 = EDGE_CURVE('',#6196,#6188,#6198,.T.);
#6196 = VERTEX_POINT('',#6197);
#6197 = CARTESIAN_POINT('',(-2.575,3.15,12.875));
#6198 = LINE('',#6199,#6200);
#6199 = CARTESIAN_POINT('',(-2.575,0.7975,12.875));
#6200 = VECTOR('',#6201,1.);
#6201 = DIRECTION('',(0.,-1.,3.08148791102E-33));
#6202 = ORIENTED_EDGE('',*,*,#6203,.F.);
#6203 = EDGE_CURVE('',#5957,#6196,#6204,.T.);
#6204 = LINE('',#6205,#6206);
#6205 = CARTESIAN_POINT('',(-2.585,3.15,12.875));
#6206 = VECTOR('',#6207,1.);
#6207 = DIRECTION('',(1.,0.,5.551115123126E-17));
#6208 = PLANE('',#6209);
#6209 = AXIS2_PLACEMENT_3D('',#6210,#6211,#6212);
#6210 = CARTESIAN_POINT('',(-2.585,-0.295,12.875));
#6211 = DIRECTION('',(-5.551115123126E-17,3.08148791102E-33,1.));
#6212 = DIRECTION('',(5.551115123126E-17,1.,-1.820045856984E-46));
#6213 = ADVANCED_FACE('',(#6214),#6255,.T.);
#6214 = FACE_BOUND('',#6215,.T.);
#6215 = EDGE_LOOP('',(#6216,#6217,#6218,#6226,#6234,#6240,#6241,#6249));
#6216 = ORIENTED_EDGE('',*,*,#5964,.F.);
#6217 = ORIENTED_EDGE('',*,*,#6203,.T.);
#6218 = ORIENTED_EDGE('',*,*,#6219,.F.);
#6219 = EDGE_CURVE('',#6220,#6196,#6222,.T.);
#6220 = VERTEX_POINT('',#6221);
#6221 = CARTESIAN_POINT('',(-2.575,3.15,5.));
#6222 = LINE('',#6223,#6224);
#6223 = CARTESIAN_POINT('',(-2.575,3.15,8.9375));
#6224 = VECTOR('',#6225,1.);
#6225 = DIRECTION('',(0.,5.551115123126E-17,1.));
#6226 = ORIENTED_EDGE('',*,*,#6227,.T.);
#6227 = EDGE_CURVE('',#6220,#6228,#6230,.T.);
#6228 = VERTEX_POINT('',#6229);
#6229 = CARTESIAN_POINT('',(7.655,3.15,5.));
#6230 = LINE('',#6231,#6232);
#6231 = CARTESIAN_POINT('',(-2.58,3.15,5.));
#6232 = VECTOR('',#6233,1.);
#6233 = DIRECTION('',(1.,-3.08148791102E-33,0.));
#6234 = ORIENTED_EDGE('',*,*,#6235,.F.);
#6235 = EDGE_CURVE('',#6172,#6228,#6236,.T.);
#6236 = LINE('',#6237,#6238);
#6237 = CARTESIAN_POINT('',(7.655,3.15,8.9375));
#6238 = VECTOR('',#6239,1.);
#6239 = DIRECTION('',(0.,-5.551115123126E-17,-1.));
#6240 = ORIENTED_EDGE('',*,*,#6171,.T.);
#6241 = ORIENTED_EDGE('',*,*,#6242,.T.);
#6242 = EDGE_CURVE('',#6164,#6243,#6245,.T.);
#6243 = VERTEX_POINT('',#6244);
#6244 = CARTESIAN_POINT('',(7.665,3.15,4.185));
#6245 = LINE('',#6246,#6247);
#6246 = CARTESIAN_POINT('',(7.665,3.15,12.875));
#6247 = VECTOR('',#6248,1.);
#6248 = DIRECTION('',(0.,-5.551115123126E-17,-1.));
#6249 = ORIENTED_EDGE('',*,*,#6250,.F.);
#6250 = EDGE_CURVE('',#5965,#6243,#6251,.T.);
#6251 = LINE('',#6252,#6253);
#6252 = CARTESIAN_POINT('',(-2.585,3.15,4.185));
#6253 = VECTOR('',#6254,1.);
#6254 = DIRECTION('',(1.,0.,5.551115123126E-17));
#6255 = PLANE('',#6256);
#6256 = AXIS2_PLACEMENT_3D('',#6257,#6258,#6259);
#6257 = CARTESIAN_POINT('',(-2.585,3.15,12.875));
#6258 = DIRECTION('',(3.08148791102E-33,1.,-5.551115123126E-17));
#6259 = DIRECTION('',(0.,-5.551115123126E-17,-1.));
#6260 = ADVANCED_FACE('',(#6261),#6341,.T.);
#6261 = FACE_BOUND('',#6262,.T.);
#6262 = EDGE_LOOP('',(#6263,#6264,#6265,#6271,#6272,#6280,#6288,#6294,
    #6295,#6303,#6311,#6317,#6318,#6326,#6334,#6340));
#6263 = ORIENTED_EDGE('',*,*,#5972,.F.);
#6264 = ORIENTED_EDGE('',*,*,#6250,.T.);
#6265 = ORIENTED_EDGE('',*,*,#6266,.T.);
#6266 = EDGE_CURVE('',#6243,#6084,#6267,.T.);
#6267 = LINE('',#6268,#6269);
#6268 = CARTESIAN_POINT('',(7.665,3.15,4.185));
#6269 = VECTOR('',#6270,1.);
#6270 = DIRECTION('',(-5.482478518197E-17,-0.987635528464,
    -0.156767544201));
#6271 = ORIENTED_EDGE('',*,*,#6083,.F.);
#6272 = ORIENTED_EDGE('',*,*,#6273,.T.);
#6273 = EDGE_CURVE('',#6076,#6274,#6276,.T.);
#6274 = VERTEX_POINT('',#6275);
#6275 = CARTESIAN_POINT('',(5.81,0.2625,3.726666666667));
#6276 = LINE('',#6277,#6278);
#6277 = CARTESIAN_POINT('',(5.81,1.441169513394,3.913757065618));
#6278 = VECTOR('',#6279,1.);
#6279 = DIRECTION('',(0.,0.987635528464,0.156767544201));
#6280 = ORIENTED_EDGE('',*,*,#6281,.T.);
#6281 = EDGE_CURVE('',#6274,#6282,#6284,.T.);
#6282 = VERTEX_POINT('',#6283);
#6283 = CARTESIAN_POINT('',(4.35,0.2625,3.726666666667));
#6284 = LINE('',#6285,#6286);
#6285 = CARTESIAN_POINT('',(0.8825,0.2625,3.726666666667));
#6286 = VECTOR('',#6287,1.);
#6287 = DIRECTION('',(-1.,-1.848892746612E-32,-5.551115123126E-17));
#6288 = ORIENTED_EDGE('',*,*,#6289,.T.);
#6289 = EDGE_CURVE('',#6282,#6052,#6290,.T.);
#6290 = LINE('',#6291,#6292);
#6291 = CARTESIAN_POINT('',(4.35,1.706508048661,3.955874293438));
#6292 = VECTOR('',#6293,1.);
#6293 = DIRECTION('',(0.,-0.987635528464,-0.156767544201));
#6294 = ORIENTED_EDGE('',*,*,#6051,.F.);
#6295 = ORIENTED_EDGE('',*,*,#6296,.T.);
#6296 = EDGE_CURVE('',#6044,#6297,#6299,.T.);
#6297 = VERTEX_POINT('',#6298);
#6298 = CARTESIAN_POINT('',(3.27,0.2625,3.726666666667));
#6299 = LINE('',#6300,#6301);
#6300 = CARTESIAN_POINT('',(3.27,1.441169513394,3.913757065618));
#6301 = VECTOR('',#6302,1.);
#6302 = DIRECTION('',(0.,0.987635528464,0.156767544201));
#6303 = ORIENTED_EDGE('',*,*,#6304,.T.);
#6304 = EDGE_CURVE('',#6297,#6305,#6307,.T.);
#6305 = VERTEX_POINT('',#6306);
#6306 = CARTESIAN_POINT('',(1.81,0.2625,3.726666666667));
#6307 = LINE('',#6308,#6309);
#6308 = CARTESIAN_POINT('',(-0.3875,0.2625,3.726666666667));
#6309 = VECTOR('',#6310,1.);
#6310 = DIRECTION('',(-1.,-1.848892746612E-32,-5.551115123126E-17));
#6311 = ORIENTED_EDGE('',*,*,#6312,.T.);
#6312 = EDGE_CURVE('',#6305,#6020,#6313,.T.);
#6313 = LINE('',#6314,#6315);
#6314 = CARTESIAN_POINT('',(1.81,1.706508048661,3.955874293438));
#6315 = VECTOR('',#6316,1.);
#6316 = DIRECTION('',(0.,-0.987635528464,-0.156767544201));
#6317 = ORIENTED_EDGE('',*,*,#6019,.F.);
#6318 = ORIENTED_EDGE('',*,*,#6319,.T.);
#6319 = EDGE_CURVE('',#6012,#6320,#6322,.T.);
#6320 = VERTEX_POINT('',#6321);
#6321 = CARTESIAN_POINT('',(0.73,0.2625,3.726666666667));
#6322 = LINE('',#6323,#6324);
#6323 = CARTESIAN_POINT('',(0.73,1.441169513394,3.913757065618));
#6324 = VECTOR('',#6325,1.);
#6325 = DIRECTION('',(0.,0.987635528464,0.156767544201));
#6326 = ORIENTED_EDGE('',*,*,#6327,.T.);
#6327 = EDGE_CURVE('',#6320,#6328,#6330,.T.);
#6328 = VERTEX_POINT('',#6329);
#6329 = CARTESIAN_POINT('',(-0.73,0.2625,3.726666666667));
#6330 = LINE('',#6331,#6332);
#6331 = CARTESIAN_POINT('',(-1.6575,0.2625,3.726666666667));
#6332 = VECTOR('',#6333,1.);
#6333 = DIRECTION('',(-1.,-1.848892746612E-32,-5.551115123126E-17));
#6334 = ORIENTED_EDGE('',*,*,#6335,.T.);
#6335 = EDGE_CURVE('',#6328,#5988,#6336,.T.);
#6336 = LINE('',#6337,#6338);
#6337 = CARTESIAN_POINT('',(-0.73,1.706508048661,3.955874293438));
#6338 = VECTOR('',#6339,1.);
#6339 = DIRECTION('',(0.,-0.987635528464,-0.156767544201));
#6340 = ORIENTED_EDGE('',*,*,#5987,.F.);
#6341 = PLANE('',#6342);
#6342 = AXIS2_PLACEMENT_3D('',#6343,#6344,#6345);
#6343 = CARTESIAN_POINT('',(-2.585,3.15,4.185));
#6344 = DIRECTION('',(5.482478518197E-17,0.156767544201,-0.987635528464)
  );
#6345 = DIRECTION('',(-5.482478518197E-17,-0.987635528464,
    -0.156767544201));
#6346 = ADVANCED_FACE('',(#6347),#6355,.T.);
#6347 = FACE_BOUND('',#6348,.F.);
#6348 = EDGE_LOOP('',(#6349,#6350,#6351,#6352,#6353,#6354));
#6349 = ORIENTED_EDGE('',*,*,#6091,.T.);
#6350 = ORIENTED_EDGE('',*,*,#6114,.T.);
#6351 = ORIENTED_EDGE('',*,*,#6138,.T.);
#6352 = ORIENTED_EDGE('',*,*,#6163,.T.);
#6353 = ORIENTED_EDGE('',*,*,#6242,.T.);
#6354 = ORIENTED_EDGE('',*,*,#6266,.T.);
#6355 = PLANE('',#6356);
#6356 = AXIS2_PLACEMENT_3D('',#6357,#6358,#6359);
#6357 = CARTESIAN_POINT('',(7.665,2.045585922872E-16,3.685));
#6358 = DIRECTION('',(1.,0.,5.551115123126E-17));
#6359 = DIRECTION('',(-5.551115123126E-17,5.551115123126E-17,1.));
#6360 = ADVANCED_FACE('',(#6361),#6395,.F.);
#6361 = FACE_BOUND('',#6362,.F.);
#6362 = EDGE_LOOP('',(#6363,#6371,#6379,#6387,#6393,#6394));
#6363 = ORIENTED_EDGE('',*,*,#6364,.F.);
#6364 = EDGE_CURVE('',#6365,#6274,#6367,.T.);
#6365 = VERTEX_POINT('',#6366);
#6366 = CARTESIAN_POINT('',(5.81,0.2625,0.3025));
#6367 = LINE('',#6368,#6369);
#6368 = CARTESIAN_POINT('',(5.81,0.2625,0.3025));
#6369 = VECTOR('',#6370,1.);
#6370 = DIRECTION('',(0.,3.330669073875E-16,1.));
#6371 = ORIENTED_EDGE('',*,*,#6372,.T.);
#6372 = EDGE_CURVE('',#6365,#6373,#6375,.T.);
#6373 = VERTEX_POINT('',#6374);
#6374 = CARTESIAN_POINT('',(5.81,-0.2625,0.3025));
#6375 = LINE('',#6376,#6377);
#6376 = CARTESIAN_POINT('',(5.81,0.2625,0.3025));
#6377 = VECTOR('',#6378,1.);
#6378 = DIRECTION('',(0.,-1.,3.330669073875E-16));
#6379 = ORIENTED_EDGE('',*,*,#6380,.T.);
#6380 = EDGE_CURVE('',#6373,#6381,#6383,.T.);
#6381 = VERTEX_POINT('',#6382);
#6382 = CARTESIAN_POINT('',(5.81,-0.2625,3.73));
#6383 = LINE('',#6384,#6385);
#6384 = CARTESIAN_POINT('',(5.81,-0.2625,0.3025));
#6385 = VECTOR('',#6386,1.);
#6386 = DIRECTION('',(0.,3.330669073875E-16,1.));
#6387 = ORIENTED_EDGE('',*,*,#6388,.F.);
#6388 = EDGE_CURVE('',#6068,#6381,#6389,.T.);
#6389 = LINE('',#6390,#6391);
#6390 = CARTESIAN_POINT('',(5.81,0.2625,3.73));
#6391 = VECTOR('',#6392,1.);
#6392 = DIRECTION('',(0.,-1.,3.330669073875E-16));
#6393 = ORIENTED_EDGE('',*,*,#6075,.T.);
#6394 = ORIENTED_EDGE('',*,*,#6273,.T.);
#6395 = PLANE('',#6396);
#6396 = AXIS2_PLACEMENT_3D('',#6397,#6398,#6399);
#6397 = CARTESIAN_POINT('',(5.81,0.2625,0.3025));
#6398 = DIRECTION('',(-1.,0.,0.));
#6399 = DIRECTION('',(0.,3.330669073875E-16,1.));
#6400 = ADVANCED_FACE('',(#6401),#6419,.F.);
#6401 = FACE_BOUND('',#6402,.F.);
#6402 = EDGE_LOOP('',(#6403,#6404,#6405,#6413));
#6403 = ORIENTED_EDGE('',*,*,#6067,.T.);
#6404 = ORIENTED_EDGE('',*,*,#6388,.T.);
#6405 = ORIENTED_EDGE('',*,*,#6406,.T.);
#6406 = EDGE_CURVE('',#6381,#6407,#6409,.T.);
#6407 = VERTEX_POINT('',#6408);
#6408 = CARTESIAN_POINT('',(4.35,-0.2625,3.73));
#6409 = LINE('',#6410,#6411);
#6410 = CARTESIAN_POINT('',(5.81,-0.2625,3.73));
#6411 = VECTOR('',#6412,1.);
#6412 = DIRECTION('',(-1.,0.,0.));
#6413 = ORIENTED_EDGE('',*,*,#6414,.F.);
#6414 = EDGE_CURVE('',#6060,#6407,#6415,.T.);
#6415 = LINE('',#6416,#6417);
#6416 = CARTESIAN_POINT('',(4.35,0.2625,3.73));
#6417 = VECTOR('',#6418,1.);
#6418 = DIRECTION('',(0.,-1.,3.330669073875E-16));
#6419 = PLANE('',#6420);
#6420 = AXIS2_PLACEMENT_3D('',#6421,#6422,#6423);
#6421 = CARTESIAN_POINT('',(5.81,0.2625,3.73));
#6422 = DIRECTION('',(0.,-3.330669073875E-16,-1.));
#6423 = DIRECTION('',(-1.,-0.,0.));
#6424 = ADVANCED_FACE('',(#6425),#6452,.F.);
#6425 = FACE_BOUND('',#6426,.F.);
#6426 = EDGE_LOOP('',(#6427,#6428,#6429,#6437,#6445,#6451));
#6427 = ORIENTED_EDGE('',*,*,#6059,.T.);
#6428 = ORIENTED_EDGE('',*,*,#6414,.T.);
#6429 = ORIENTED_EDGE('',*,*,#6430,.T.);
#6430 = EDGE_CURVE('',#6407,#6431,#6433,.T.);
#6431 = VERTEX_POINT('',#6432);
#6432 = CARTESIAN_POINT('',(4.35,-0.2625,0.3025));
#6433 = LINE('',#6434,#6435);
#6434 = CARTESIAN_POINT('',(4.35,-0.2625,3.73));
#6435 = VECTOR('',#6436,1.);
#6436 = DIRECTION('',(0.,-3.330669073875E-16,-1.));
#6437 = ORIENTED_EDGE('',*,*,#6438,.F.);
#6438 = EDGE_CURVE('',#6439,#6431,#6441,.T.);
#6439 = VERTEX_POINT('',#6440);
#6440 = CARTESIAN_POINT('',(4.35,0.2625,0.3025));
#6441 = LINE('',#6442,#6443);
#6442 = CARTESIAN_POINT('',(4.35,0.2625,0.3025));
#6443 = VECTOR('',#6444,1.);
#6444 = DIRECTION('',(0.,-1.,3.330669073875E-16));
#6445 = ORIENTED_EDGE('',*,*,#6446,.F.);
#6446 = EDGE_CURVE('',#6282,#6439,#6447,.T.);
#6447 = LINE('',#6448,#6449);
#6448 = CARTESIAN_POINT('',(4.35,0.2625,3.73));
#6449 = VECTOR('',#6450,1.);
#6450 = DIRECTION('',(0.,-3.330669073875E-16,-1.));
#6451 = ORIENTED_EDGE('',*,*,#6289,.T.);
#6452 = PLANE('',#6453);
#6453 = AXIS2_PLACEMENT_3D('',#6454,#6455,#6456);
#6454 = CARTESIAN_POINT('',(4.35,0.2625,3.73));
#6455 = DIRECTION('',(1.,0.,0.));
#6456 = DIRECTION('',(0.,-3.330669073875E-16,-1.));
#6457 = ADVANCED_FACE('',(#6458),#6492,.F.);
#6458 = FACE_BOUND('',#6459,.F.);
#6459 = EDGE_LOOP('',(#6460,#6468,#6476,#6484,#6490,#6491));
#6460 = ORIENTED_EDGE('',*,*,#6461,.F.);
#6461 = EDGE_CURVE('',#6462,#6297,#6464,.T.);
#6462 = VERTEX_POINT('',#6463);
#6463 = CARTESIAN_POINT('',(3.27,0.2625,0.3025));
#6464 = LINE('',#6465,#6466);
#6465 = CARTESIAN_POINT('',(3.27,0.2625,0.3025));
#6466 = VECTOR('',#6467,1.);
#6467 = DIRECTION('',(0.,3.330669073875E-16,1.));
#6468 = ORIENTED_EDGE('',*,*,#6469,.T.);
#6469 = EDGE_CURVE('',#6462,#6470,#6472,.T.);
#6470 = VERTEX_POINT('',#6471);
#6471 = CARTESIAN_POINT('',(3.27,-0.2625,0.3025));
#6472 = LINE('',#6473,#6474);
#6473 = CARTESIAN_POINT('',(3.27,0.2625,0.3025));
#6474 = VECTOR('',#6475,1.);
#6475 = DIRECTION('',(0.,-1.,3.330669073875E-16));
#6476 = ORIENTED_EDGE('',*,*,#6477,.T.);
#6477 = EDGE_CURVE('',#6470,#6478,#6480,.T.);
#6478 = VERTEX_POINT('',#6479);
#6479 = CARTESIAN_POINT('',(3.27,-0.2625,3.73));
#6480 = LINE('',#6481,#6482);
#6481 = CARTESIAN_POINT('',(3.27,-0.2625,0.3025));
#6482 = VECTOR('',#6483,1.);
#6483 = DIRECTION('',(0.,3.330669073875E-16,1.));
#6484 = ORIENTED_EDGE('',*,*,#6485,.F.);
#6485 = EDGE_CURVE('',#6036,#6478,#6486,.T.);
#6486 = LINE('',#6487,#6488);
#6487 = CARTESIAN_POINT('',(3.27,0.2625,3.73));
#6488 = VECTOR('',#6489,1.);
#6489 = DIRECTION('',(0.,-1.,3.330669073875E-16));
#6490 = ORIENTED_EDGE('',*,*,#6043,.T.);
#6491 = ORIENTED_EDGE('',*,*,#6296,.T.);
#6492 = PLANE('',#6493);
#6493 = AXIS2_PLACEMENT_3D('',#6494,#6495,#6496);
#6494 = CARTESIAN_POINT('',(3.27,0.2625,0.3025));
#6495 = DIRECTION('',(-1.,0.,0.));
#6496 = DIRECTION('',(0.,3.330669073875E-16,1.));
#6497 = ADVANCED_FACE('',(#6498),#6516,.F.);
#6498 = FACE_BOUND('',#6499,.F.);
#6499 = EDGE_LOOP('',(#6500,#6501,#6502,#6510));
#6500 = ORIENTED_EDGE('',*,*,#6035,.T.);
#6501 = ORIENTED_EDGE('',*,*,#6485,.T.);
#6502 = ORIENTED_EDGE('',*,*,#6503,.T.);
#6503 = EDGE_CURVE('',#6478,#6504,#6506,.T.);
#6504 = VERTEX_POINT('',#6505);
#6505 = CARTESIAN_POINT('',(1.81,-0.2625,3.73));
#6506 = LINE('',#6507,#6508);
#6507 = CARTESIAN_POINT('',(3.27,-0.2625,3.73));
#6508 = VECTOR('',#6509,1.);
#6509 = DIRECTION('',(-1.,0.,0.));
#6510 = ORIENTED_EDGE('',*,*,#6511,.F.);
#6511 = EDGE_CURVE('',#6028,#6504,#6512,.T.);
#6512 = LINE('',#6513,#6514);
#6513 = CARTESIAN_POINT('',(1.81,0.2625,3.73));
#6514 = VECTOR('',#6515,1.);
#6515 = DIRECTION('',(0.,-1.,3.330669073875E-16));
#6516 = PLANE('',#6517);
#6517 = AXIS2_PLACEMENT_3D('',#6518,#6519,#6520);
#6518 = CARTESIAN_POINT('',(3.27,0.2625,3.73));
#6519 = DIRECTION('',(0.,-3.330669073875E-16,-1.));
#6520 = DIRECTION('',(-1.,-0.,0.));
#6521 = ADVANCED_FACE('',(#6522),#6549,.F.);
#6522 = FACE_BOUND('',#6523,.F.);
#6523 = EDGE_LOOP('',(#6524,#6525,#6526,#6534,#6542,#6548));
#6524 = ORIENTED_EDGE('',*,*,#6027,.T.);
#6525 = ORIENTED_EDGE('',*,*,#6511,.T.);
#6526 = ORIENTED_EDGE('',*,*,#6527,.T.);
#6527 = EDGE_CURVE('',#6504,#6528,#6530,.T.);
#6528 = VERTEX_POINT('',#6529);
#6529 = CARTESIAN_POINT('',(1.81,-0.2625,0.3025));
#6530 = LINE('',#6531,#6532);
#6531 = CARTESIAN_POINT('',(1.81,-0.2625,3.73));
#6532 = VECTOR('',#6533,1.);
#6533 = DIRECTION('',(0.,-3.330669073875E-16,-1.));
#6534 = ORIENTED_EDGE('',*,*,#6535,.F.);
#6535 = EDGE_CURVE('',#6536,#6528,#6538,.T.);
#6536 = VERTEX_POINT('',#6537);
#6537 = CARTESIAN_POINT('',(1.81,0.2625,0.3025));
#6538 = LINE('',#6539,#6540);
#6539 = CARTESIAN_POINT('',(1.81,0.2625,0.3025));
#6540 = VECTOR('',#6541,1.);
#6541 = DIRECTION('',(0.,-1.,3.330669073875E-16));
#6542 = ORIENTED_EDGE('',*,*,#6543,.F.);
#6543 = EDGE_CURVE('',#6305,#6536,#6544,.T.);
#6544 = LINE('',#6545,#6546);
#6545 = CARTESIAN_POINT('',(1.81,0.2625,3.73));
#6546 = VECTOR('',#6547,1.);
#6547 = DIRECTION('',(0.,-3.330669073875E-16,-1.));
#6548 = ORIENTED_EDGE('',*,*,#6312,.T.);
#6549 = PLANE('',#6550);
#6550 = AXIS2_PLACEMENT_3D('',#6551,#6552,#6553);
#6551 = CARTESIAN_POINT('',(1.81,0.2625,3.73));
#6552 = DIRECTION('',(1.,0.,0.));
#6553 = DIRECTION('',(0.,-3.330669073875E-16,-1.));
#6554 = ADVANCED_FACE('',(#6555),#6589,.F.);
#6555 = FACE_BOUND('',#6556,.F.);
#6556 = EDGE_LOOP('',(#6557,#6565,#6573,#6581,#6587,#6588));
#6557 = ORIENTED_EDGE('',*,*,#6558,.F.);
#6558 = EDGE_CURVE('',#6559,#6320,#6561,.T.);
#6559 = VERTEX_POINT('',#6560);
#6560 = CARTESIAN_POINT('',(0.73,0.2625,0.302499999998));
#6561 = LINE('',#6562,#6563);
#6562 = CARTESIAN_POINT('',(0.73,0.2625,0.302499999998));
#6563 = VECTOR('',#6564,1.);
#6564 = DIRECTION('',(0.,3.330669073875E-16,1.));
#6565 = ORIENTED_EDGE('',*,*,#6566,.T.);
#6566 = EDGE_CURVE('',#6559,#6567,#6569,.T.);
#6567 = VERTEX_POINT('',#6568);
#6568 = CARTESIAN_POINT('',(0.73,-0.2625,0.302499999998));
#6569 = LINE('',#6570,#6571);
#6570 = CARTESIAN_POINT('',(0.73,0.2625,0.302499999998));
#6571 = VECTOR('',#6572,1.);
#6572 = DIRECTION('',(0.,-1.,3.330669073875E-16));
#6573 = ORIENTED_EDGE('',*,*,#6574,.T.);
#6574 = EDGE_CURVE('',#6567,#6575,#6577,.T.);
#6575 = VERTEX_POINT('',#6576);
#6576 = CARTESIAN_POINT('',(0.73,-0.2625,3.73));
#6577 = LINE('',#6578,#6579);
#6578 = CARTESIAN_POINT('',(0.73,-0.2625,0.302499999998));
#6579 = VECTOR('',#6580,1.);
#6580 = DIRECTION('',(0.,3.330669073875E-16,1.));
#6581 = ORIENTED_EDGE('',*,*,#6582,.F.);
#6582 = EDGE_CURVE('',#6004,#6575,#6583,.T.);
#6583 = LINE('',#6584,#6585);
#6584 = CARTESIAN_POINT('',(0.73,0.2625,3.73));
#6585 = VECTOR('',#6586,1.);
#6586 = DIRECTION('',(0.,-1.,3.330669073875E-16));
#6587 = ORIENTED_EDGE('',*,*,#6011,.T.);
#6588 = ORIENTED_EDGE('',*,*,#6319,.T.);
#6589 = PLANE('',#6590);
#6590 = AXIS2_PLACEMENT_3D('',#6591,#6592,#6593);
#6591 = CARTESIAN_POINT('',(0.73,0.2625,0.302499999998));
#6592 = DIRECTION('',(-1.,0.,0.));
#6593 = DIRECTION('',(0.,3.330669073875E-16,1.));
#6594 = ADVANCED_FACE('',(#6595),#6613,.F.);
#6595 = FACE_BOUND('',#6596,.F.);
#6596 = EDGE_LOOP('',(#6597,#6598,#6599,#6607));
#6597 = ORIENTED_EDGE('',*,*,#6003,.T.);
#6598 = ORIENTED_EDGE('',*,*,#6582,.T.);
#6599 = ORIENTED_EDGE('',*,*,#6600,.T.);
#6600 = EDGE_CURVE('',#6575,#6601,#6603,.T.);
#6601 = VERTEX_POINT('',#6602);
#6602 = CARTESIAN_POINT('',(-0.73,-0.2625,3.73));
#6603 = LINE('',#6604,#6605);
#6604 = CARTESIAN_POINT('',(0.73,-0.2625,3.73));
#6605 = VECTOR('',#6606,1.);
#6606 = DIRECTION('',(-1.,0.,0.));
#6607 = ORIENTED_EDGE('',*,*,#6608,.F.);
#6608 = EDGE_CURVE('',#5996,#6601,#6609,.T.);
#6609 = LINE('',#6610,#6611);
#6610 = CARTESIAN_POINT('',(-0.73,0.2625,3.73));
#6611 = VECTOR('',#6612,1.);
#6612 = DIRECTION('',(0.,-1.,3.330669073875E-16));
#6613 = PLANE('',#6614);
#6614 = AXIS2_PLACEMENT_3D('',#6615,#6616,#6617);
#6615 = CARTESIAN_POINT('',(0.73,0.2625,3.73));
#6616 = DIRECTION('',(0.,-3.330669073875E-16,-1.));
#6617 = DIRECTION('',(-1.,-0.,0.));
#6618 = ADVANCED_FACE('',(#6619),#6646,.F.);
#6619 = FACE_BOUND('',#6620,.F.);
#6620 = EDGE_LOOP('',(#6621,#6622,#6623,#6631,#6639,#6645));
#6621 = ORIENTED_EDGE('',*,*,#5995,.T.);
#6622 = ORIENTED_EDGE('',*,*,#6608,.T.);
#6623 = ORIENTED_EDGE('',*,*,#6624,.T.);
#6624 = EDGE_CURVE('',#6601,#6625,#6627,.T.);
#6625 = VERTEX_POINT('',#6626);
#6626 = CARTESIAN_POINT('',(-0.73,-0.2625,0.302499999998));
#6627 = LINE('',#6628,#6629);
#6628 = CARTESIAN_POINT('',(-0.73,-0.2625,3.73));
#6629 = VECTOR('',#6630,1.);
#6630 = DIRECTION('',(0.,-3.330669073875E-16,-1.));
#6631 = ORIENTED_EDGE('',*,*,#6632,.F.);
#6632 = EDGE_CURVE('',#6633,#6625,#6635,.T.);
#6633 = VERTEX_POINT('',#6634);
#6634 = CARTESIAN_POINT('',(-0.73,0.2625,0.302499999998));
#6635 = LINE('',#6636,#6637);
#6636 = CARTESIAN_POINT('',(-0.73,0.2625,0.302499999998));
#6637 = VECTOR('',#6638,1.);
#6638 = DIRECTION('',(0.,-1.,3.330669073875E-16));
#6639 = ORIENTED_EDGE('',*,*,#6640,.F.);
#6640 = EDGE_CURVE('',#6328,#6633,#6641,.T.);
#6641 = LINE('',#6642,#6643);
#6642 = CARTESIAN_POINT('',(-0.73,0.2625,3.73));
#6643 = VECTOR('',#6644,1.);
#6644 = DIRECTION('',(0.,-3.330669073875E-16,-1.));
#6645 = ORIENTED_EDGE('',*,*,#6335,.T.);
#6646 = PLANE('',#6647);
#6647 = AXIS2_PLACEMENT_3D('',#6648,#6649,#6650);
#6648 = CARTESIAN_POINT('',(-0.73,0.2625,3.73));
#6649 = DIRECTION('',(1.,0.,0.));
#6650 = DIRECTION('',(0.,-3.330669073875E-16,-1.));
#6651 = ADVANCED_FACE('',(#6652),#6686,.T.);
#6652 = FACE_BOUND('',#6653,.T.);
#6653 = EDGE_LOOP('',(#6654,#6655,#6663,#6671,#6679,#6685));
#6654 = ORIENTED_EDGE('',*,*,#6195,.T.);
#6655 = ORIENTED_EDGE('',*,*,#6656,.T.);
#6656 = EDGE_CURVE('',#6188,#6657,#6659,.T.);
#6657 = VERTEX_POINT('',#6658);
#6658 = CARTESIAN_POINT('',(-2.575,1.89,18.775));
#6659 = LINE('',#6660,#6661);
#6660 = CARTESIAN_POINT('',(-2.575,1.89,5.));
#6661 = VECTOR('',#6662,1.);
#6662 = DIRECTION('',(0.,0.,1.));
#6663 = ORIENTED_EDGE('',*,*,#6664,.T.);
#6664 = EDGE_CURVE('',#6657,#6665,#6667,.T.);
#6665 = VERTEX_POINT('',#6666);
#6666 = CARTESIAN_POINT('',(-2.575,3.16,18.775));
#6667 = LINE('',#6668,#6669);
#6668 = CARTESIAN_POINT('',(-2.575,1.89,18.775));
#6669 = VECTOR('',#6670,1.);
#6670 = DIRECTION('',(0.,1.,0.));
#6671 = ORIENTED_EDGE('',*,*,#6672,.F.);
#6672 = EDGE_CURVE('',#6673,#6665,#6675,.T.);
#6673 = VERTEX_POINT('',#6674);
#6674 = CARTESIAN_POINT('',(-2.575,3.16,5.));
#6675 = LINE('',#6676,#6677);
#6676 = CARTESIAN_POINT('',(-2.575,3.16,5.));
#6677 = VECTOR('',#6678,1.);
#6678 = DIRECTION('',(0.,0.,1.));
#6679 = ORIENTED_EDGE('',*,*,#6680,.F.);
#6680 = EDGE_CURVE('',#6220,#6673,#6681,.T.);
#6681 = LINE('',#6682,#6683);
#6682 = CARTESIAN_POINT('',(-2.575,1.89,5.));
#6683 = VECTOR('',#6684,1.);
#6684 = DIRECTION('',(0.,1.,0.));
#6685 = ORIENTED_EDGE('',*,*,#6219,.T.);
#6686 = PLANE('',#6687);
#6687 = AXIS2_PLACEMENT_3D('',#6688,#6689,#6690);
#6688 = CARTESIAN_POINT('',(-2.575,1.89,5.));
#6689 = DIRECTION('',(-1.,0.,0.));
#6690 = DIRECTION('',(0.,1.,0.));
#6691 = ADVANCED_FACE('',(#6692,#6710),#6721,.T.);
#6692 = FACE_BOUND('',#6693,.T.);
#6693 = EDGE_LOOP('',(#6694,#6695,#6703,#6709));
#6694 = ORIENTED_EDGE('',*,*,#6187,.T.);
#6695 = ORIENTED_EDGE('',*,*,#6696,.T.);
#6696 = EDGE_CURVE('',#6180,#6697,#6699,.T.);
#6697 = VERTEX_POINT('',#6698);
#6698 = CARTESIAN_POINT('',(7.655,1.89,18.775));
#6699 = LINE('',#6700,#6701);
#6700 = CARTESIAN_POINT('',(7.655,1.89,5.));
#6701 = VECTOR('',#6702,1.);
#6702 = DIRECTION('',(0.,0.,1.));
#6703 = ORIENTED_EDGE('',*,*,#6704,.T.);
#6704 = EDGE_CURVE('',#6697,#6657,#6705,.T.);
#6705 = LINE('',#6706,#6707);
#6706 = CARTESIAN_POINT('',(7.655,1.89,18.775));
#6707 = VECTOR('',#6708,1.);
#6708 = DIRECTION('',(-1.,0.,0.));
#6709 = ORIENTED_EDGE('',*,*,#6656,.F.);
#6710 = FACE_BOUND('',#6711,.T.);
#6711 = EDGE_LOOP('',(#6712));
#6712 = ORIENTED_EDGE('',*,*,#6713,.F.);
#6713 = EDGE_CURVE('',#6714,#6714,#6716,.T.);
#6714 = VERTEX_POINT('',#6715);
#6715 = CARTESIAN_POINT('',(4.4075,1.89,16.005));
#6716 = CIRCLE('',#6717,1.8675);
#6717 = AXIS2_PLACEMENT_3D('',#6718,#6719,#6720);
#6718 = CARTESIAN_POINT('',(2.54,1.89,16.005));
#6719 = DIRECTION('',(0.,-1.,2.22044604925E-16));
#6720 = DIRECTION('',(1.,0.,0.));
#6721 = PLANE('',#6722);
#6722 = AXIS2_PLACEMENT_3D('',#6723,#6724,#6725);
#6723 = CARTESIAN_POINT('',(7.655,1.89,5.));
#6724 = DIRECTION('',(0.,-1.,0.));
#6725 = DIRECTION('',(-1.,0.,0.));
#6726 = ADVANCED_FACE('',(#6727),#6754,.T.);
#6727 = FACE_BOUND('',#6728,.T.);
#6728 = EDGE_LOOP('',(#6729,#6737,#6745,#6751,#6752,#6753));
#6729 = ORIENTED_EDGE('',*,*,#6730,.F.);
#6730 = EDGE_CURVE('',#6731,#6228,#6733,.T.);
#6731 = VERTEX_POINT('',#6732);
#6732 = CARTESIAN_POINT('',(7.655,3.16,5.));
#6733 = LINE('',#6734,#6735);
#6734 = CARTESIAN_POINT('',(7.655,3.16,5.));
#6735 = VECTOR('',#6736,1.);
#6736 = DIRECTION('',(0.,-1.,0.));
#6737 = ORIENTED_EDGE('',*,*,#6738,.T.);
#6738 = EDGE_CURVE('',#6731,#6739,#6741,.T.);
#6739 = VERTEX_POINT('',#6740);
#6740 = CARTESIAN_POINT('',(7.655,3.16,18.775));
#6741 = LINE('',#6742,#6743);
#6742 = CARTESIAN_POINT('',(7.655,3.16,5.));
#6743 = VECTOR('',#6744,1.);
#6744 = DIRECTION('',(0.,0.,1.));
#6745 = ORIENTED_EDGE('',*,*,#6746,.T.);
#6746 = EDGE_CURVE('',#6739,#6697,#6747,.T.);
#6747 = LINE('',#6748,#6749);
#6748 = CARTESIAN_POINT('',(7.655,3.16,18.775));
#6749 = VECTOR('',#6750,1.);
#6750 = DIRECTION('',(0.,-1.,0.));
#6751 = ORIENTED_EDGE('',*,*,#6696,.F.);
#6752 = ORIENTED_EDGE('',*,*,#6179,.T.);
#6753 = ORIENTED_EDGE('',*,*,#6235,.T.);
#6754 = PLANE('',#6755);
#6755 = AXIS2_PLACEMENT_3D('',#6756,#6757,#6758);
#6756 = CARTESIAN_POINT('',(7.655,3.16,5.));
#6757 = DIRECTION('',(1.,0.,0.));
#6758 = DIRECTION('',(0.,-1.,0.));
#6759 = ADVANCED_FACE('',(#6760),#6771,.F.);
#6760 = FACE_BOUND('',#6761,.F.);
#6761 = EDGE_LOOP('',(#6762,#6768,#6769,#6770));
#6762 = ORIENTED_EDGE('',*,*,#6763,.F.);
#6763 = EDGE_CURVE('',#6673,#6731,#6764,.T.);
#6764 = LINE('',#6765,#6766);
#6765 = CARTESIAN_POINT('',(-2.575,3.16,5.));
#6766 = VECTOR('',#6767,1.);
#6767 = DIRECTION('',(1.,0.,0.));
#6768 = ORIENTED_EDGE('',*,*,#6680,.F.);
#6769 = ORIENTED_EDGE('',*,*,#6227,.T.);
#6770 = ORIENTED_EDGE('',*,*,#6730,.F.);
#6771 = PLANE('',#6772);
#6772 = AXIS2_PLACEMENT_3D('',#6773,#6774,#6775);
#6773 = CARTESIAN_POINT('',(-2.575,3.16,5.));
#6774 = DIRECTION('',(0.,0.,1.));
#6775 = DIRECTION('',(1.,0.,-0.));
#6776 = ADVANCED_FACE('',(#6777),#6828,.F.);
#6777 = FACE_BOUND('',#6778,.F.);
#6778 = EDGE_LOOP('',(#6779,#6780,#6788,#6796,#6804,#6812,#6820,#6826,
    #6827));
#6779 = ORIENTED_EDGE('',*,*,#6640,.T.);
#6780 = ORIENTED_EDGE('',*,*,#6781,.T.);
#6781 = EDGE_CURVE('',#6633,#6782,#6784,.T.);
#6782 = VERTEX_POINT('',#6783);
#6783 = CARTESIAN_POINT('',(-0.4275,0.2625,-8.743006318923E-17));
#6784 = LINE('',#6785,#6786);
#6785 = CARTESIAN_POINT('',(-0.73,0.2625,0.302499999998));
#6786 = VECTOR('',#6787,1.);
#6787 = DIRECTION('',(0.707106781188,-2.355138688019E-16,-0.707106781185
    ));
#6788 = ORIENTED_EDGE('',*,*,#6789,.T.);
#6789 = EDGE_CURVE('',#6782,#6790,#6792,.T.);
#6790 = VERTEX_POINT('',#6791);
#6791 = CARTESIAN_POINT('',(-0.4275,0.2625,-9.009548279765));
#6792 = LINE('',#6793,#6794);
#6793 = CARTESIAN_POINT('',(-0.4275,0.2625,-8.743006318923E-17));
#6794 = VECTOR('',#6795,1.);
#6795 = DIRECTION('',(-6.161368972952E-18,-3.330669073875E-16,-1.));
#6796 = ORIENTED_EDGE('',*,*,#6797,.T.);
#6797 = EDGE_CURVE('',#6790,#6798,#6800,.T.);
#6798 = VERTEX_POINT('',#6799);
#6799 = CARTESIAN_POINT('',(0.,0.2625,-9.75));
#6800 = LINE('',#6801,#6802);
#6801 = CARTESIAN_POINT('',(-0.4275,0.2625,-9.009548279765));
#6802 = VECTOR('',#6803,1.);
#6803 = DIRECTION('',(0.5,-2.884444029576E-16,-0.866025403784));
#6804 = ORIENTED_EDGE('',*,*,#6805,.T.);
#6805 = EDGE_CURVE('',#6798,#6806,#6808,.T.);
#6806 = VERTEX_POINT('',#6807);
#6807 = CARTESIAN_POINT('',(0.4275,0.2625,-9.009548279765));
#6808 = LINE('',#6809,#6810);
#6809 = CARTESIAN_POINT('',(0.,0.2625,-9.75));
#6810 = VECTOR('',#6811,1.);
#6811 = DIRECTION('',(0.5,2.884444029576E-16,0.866025403784));
#6812 = ORIENTED_EDGE('',*,*,#6813,.T.);
#6813 = EDGE_CURVE('',#6806,#6814,#6816,.T.);
#6814 = VERTEX_POINT('',#6815);
#6815 = CARTESIAN_POINT('',(0.4275,0.2625,-8.743006318923E-17));
#6816 = LINE('',#6817,#6818);
#6817 = CARTESIAN_POINT('',(0.4275,0.2625,-9.009548279765));
#6818 = VECTOR('',#6819,1.);
#6819 = DIRECTION('',(0.,3.330669073875E-16,1.));
#6820 = ORIENTED_EDGE('',*,*,#6821,.T.);
#6821 = EDGE_CURVE('',#6814,#6559,#6822,.T.);
#6822 = LINE('',#6823,#6824);
#6823 = CARTESIAN_POINT('',(0.4275,0.2625,-8.743006318923E-17));
#6824 = VECTOR('',#6825,1.);
#6825 = DIRECTION('',(0.707106781188,2.355138688019E-16,0.707106781185)
  );
#6826 = ORIENTED_EDGE('',*,*,#6558,.T.);
#6827 = ORIENTED_EDGE('',*,*,#6327,.T.);
#6828 = PLANE('',#6829);
#6829 = AXIS2_PLACEMENT_3D('',#6830,#6831,#6832);
#6830 = CARTESIAN_POINT('',(-0.73,0.2625,0.302499999998));
#6831 = DIRECTION('',(0.,-1.,3.330669073875E-16));
#6832 = DIRECTION('',(0.,-3.330669073875E-16,-1.));
#6833 = ADVANCED_FACE('',(#6834),#6885,.F.);
#6834 = FACE_BOUND('',#6835,.F.);
#6835 = EDGE_LOOP('',(#6836,#6837,#6845,#6853,#6861,#6869,#6877,#6883,
    #6884));
#6836 = ORIENTED_EDGE('',*,*,#6543,.T.);
#6837 = ORIENTED_EDGE('',*,*,#6838,.T.);
#6838 = EDGE_CURVE('',#6536,#6839,#6841,.T.);
#6839 = VERTEX_POINT('',#6840);
#6840 = CARTESIAN_POINT('',(2.1125,0.2625,-8.743006318923E-17));
#6841 = LINE('',#6842,#6843);
#6842 = CARTESIAN_POINT('',(1.81,0.2625,0.3025));
#6843 = VECTOR('',#6844,1.);
#6844 = DIRECTION('',(0.707106781187,-2.355138688025E-16,-0.707106781186
    ));
#6845 = ORIENTED_EDGE('',*,*,#6846,.T.);
#6846 = EDGE_CURVE('',#6839,#6847,#6849,.T.);
#6847 = VERTEX_POINT('',#6848);
#6848 = CARTESIAN_POINT('',(2.1125,0.2625,-9.009548279765));
#6849 = LINE('',#6850,#6851);
#6850 = CARTESIAN_POINT('',(2.1125,0.2625,-8.743006318923E-17));
#6851 = VECTOR('',#6852,1.);
#6852 = DIRECTION('',(0.,-3.330669073875E-16,-1.));
#6853 = ORIENTED_EDGE('',*,*,#6854,.T.);
#6854 = EDGE_CURVE('',#6847,#6855,#6857,.T.);
#6855 = VERTEX_POINT('',#6856);
#6856 = CARTESIAN_POINT('',(2.54,0.2625,-9.75));
#6857 = LINE('',#6858,#6859);
#6858 = CARTESIAN_POINT('',(2.1125,0.2625,-9.009548279765));
#6859 = VECTOR('',#6860,1.);
#6860 = DIRECTION('',(0.5,-2.884444029576E-16,-0.866025403784));
#6861 = ORIENTED_EDGE('',*,*,#6862,.T.);
#6862 = EDGE_CURVE('',#6855,#6863,#6865,.T.);
#6863 = VERTEX_POINT('',#6864);
#6864 = CARTESIAN_POINT('',(2.9675,0.2625,-9.009548279765));
#6865 = LINE('',#6866,#6867);
#6866 = CARTESIAN_POINT('',(2.54,0.2625,-9.75));
#6867 = VECTOR('',#6868,1.);
#6868 = DIRECTION('',(0.5,2.884444029576E-16,0.866025403784));
#6869 = ORIENTED_EDGE('',*,*,#6870,.T.);
#6870 = EDGE_CURVE('',#6863,#6871,#6873,.T.);
#6871 = VERTEX_POINT('',#6872);
#6872 = CARTESIAN_POINT('',(2.9675,0.2625,-8.743006318923E-17));
#6873 = LINE('',#6874,#6875);
#6874 = CARTESIAN_POINT('',(2.9675,0.2625,-9.009548279765));
#6875 = VECTOR('',#6876,1.);
#6876 = DIRECTION('',(0.,3.330669073875E-16,1.));
#6877 = ORIENTED_EDGE('',*,*,#6878,.T.);
#6878 = EDGE_CURVE('',#6871,#6462,#6879,.T.);
#6879 = LINE('',#6880,#6881);
#6880 = CARTESIAN_POINT('',(2.9675,0.2625,-8.743006318923E-17));
#6881 = VECTOR('',#6882,1.);
#6882 = DIRECTION('',(0.707106781187,2.355138688025E-16,0.707106781186)
  );
#6883 = ORIENTED_EDGE('',*,*,#6461,.T.);
#6884 = ORIENTED_EDGE('',*,*,#6304,.T.);
#6885 = PLANE('',#6886);
#6886 = AXIS2_PLACEMENT_3D('',#6887,#6888,#6889);
#6887 = CARTESIAN_POINT('',(1.81,0.2625,0.3025));
#6888 = DIRECTION('',(0.,-1.,3.330669073875E-16));
#6889 = DIRECTION('',(0.,-3.330669073875E-16,-1.));
#6890 = ADVANCED_FACE('',(#6891),#6942,.F.);
#6891 = FACE_BOUND('',#6892,.F.);
#6892 = EDGE_LOOP('',(#6893,#6894,#6902,#6910,#6918,#6926,#6934,#6940,
    #6941));
#6893 = ORIENTED_EDGE('',*,*,#6446,.T.);
#6894 = ORIENTED_EDGE('',*,*,#6895,.T.);
#6895 = EDGE_CURVE('',#6439,#6896,#6898,.T.);
#6896 = VERTEX_POINT('',#6897);
#6897 = CARTESIAN_POINT('',(4.6525,0.2625,-8.743006318923E-17));
#6898 = LINE('',#6899,#6900);
#6899 = CARTESIAN_POINT('',(4.35,0.2625,0.3025));
#6900 = VECTOR('',#6901,1.);
#6901 = DIRECTION('',(0.707106781187,-2.355138688025E-16,-0.707106781186
    ));
#6902 = ORIENTED_EDGE('',*,*,#6903,.T.);
#6903 = EDGE_CURVE('',#6896,#6904,#6906,.T.);
#6904 = VERTEX_POINT('',#6905);
#6905 = CARTESIAN_POINT('',(4.6525,0.2625,-9.009548279765));
#6906 = LINE('',#6907,#6908);
#6907 = CARTESIAN_POINT('',(4.6525,0.2625,-8.743006318923E-17));
#6908 = VECTOR('',#6909,1.);
#6909 = DIRECTION('',(0.,-3.330669073875E-16,-1.));
#6910 = ORIENTED_EDGE('',*,*,#6911,.T.);
#6911 = EDGE_CURVE('',#6904,#6912,#6914,.T.);
#6912 = VERTEX_POINT('',#6913);
#6913 = CARTESIAN_POINT('',(5.08,0.2625,-9.75));
#6914 = LINE('',#6915,#6916);
#6915 = CARTESIAN_POINT('',(4.6525,0.2625,-9.009548279765));
#6916 = VECTOR('',#6917,1.);
#6917 = DIRECTION('',(0.5,-2.884444029576E-16,-0.866025403784));
#6918 = ORIENTED_EDGE('',*,*,#6919,.T.);
#6919 = EDGE_CURVE('',#6912,#6920,#6922,.T.);
#6920 = VERTEX_POINT('',#6921);
#6921 = CARTESIAN_POINT('',(5.5075,0.2625,-9.009548279765));
#6922 = LINE('',#6923,#6924);
#6923 = CARTESIAN_POINT('',(5.08,0.2625,-9.75));
#6924 = VECTOR('',#6925,1.);
#6925 = DIRECTION('',(0.5,2.884444029576E-16,0.866025403784));
#6926 = ORIENTED_EDGE('',*,*,#6927,.T.);
#6927 = EDGE_CURVE('',#6920,#6928,#6930,.T.);
#6928 = VERTEX_POINT('',#6929);
#6929 = CARTESIAN_POINT('',(5.5075,0.2625,-8.743006318923E-17));
#6930 = LINE('',#6931,#6932);
#6931 = CARTESIAN_POINT('',(5.5075,0.2625,-9.009548279765));
#6932 = VECTOR('',#6933,1.);
#6933 = DIRECTION('',(0.,3.330669073875E-16,1.));
#6934 = ORIENTED_EDGE('',*,*,#6935,.T.);
#6935 = EDGE_CURVE('',#6928,#6365,#6936,.T.);
#6936 = LINE('',#6937,#6938);
#6937 = CARTESIAN_POINT('',(5.5075,0.2625,-8.743006318923E-17));
#6938 = VECTOR('',#6939,1.);
#6939 = DIRECTION('',(0.707106781187,2.355138688025E-16,0.707106781186)
  );
#6940 = ORIENTED_EDGE('',*,*,#6364,.T.);
#6941 = ORIENTED_EDGE('',*,*,#6281,.T.);
#6942 = PLANE('',#6943);
#6943 = AXIS2_PLACEMENT_3D('',#6944,#6945,#6946);
#6944 = CARTESIAN_POINT('',(4.35,0.2625,0.3025));
#6945 = DIRECTION('',(0.,-1.,3.330669073875E-16));
#6946 = DIRECTION('',(0.,-3.330669073875E-16,-1.));
#6947 = ADVANCED_FACE('',(#6948),#6999,.T.);
#6948 = FACE_BOUND('',#6949,.T.);
#6949 = EDGE_LOOP('',(#6950,#6958,#6966,#6974,#6982,#6990,#6996,#6997,
    #6998));
#6950 = ORIENTED_EDGE('',*,*,#6951,.T.);
#6951 = EDGE_CURVE('',#6431,#6952,#6954,.T.);
#6952 = VERTEX_POINT('',#6953);
#6953 = CARTESIAN_POINT('',(4.6525,-0.2625,8.743006318923E-17));
#6954 = LINE('',#6955,#6956);
#6955 = CARTESIAN_POINT('',(4.35,-0.2625,0.3025));
#6956 = VECTOR('',#6957,1.);
#6957 = DIRECTION('',(0.707106781187,-2.355138688025E-16,-0.707106781186
    ));
#6958 = ORIENTED_EDGE('',*,*,#6959,.T.);
#6959 = EDGE_CURVE('',#6952,#6960,#6962,.T.);
#6960 = VERTEX_POINT('',#6961);
#6961 = CARTESIAN_POINT('',(4.6525,-0.2625,-9.009548279765));
#6962 = LINE('',#6963,#6964);
#6963 = CARTESIAN_POINT('',(4.6525,-0.2625,8.743006318923E-17));
#6964 = VECTOR('',#6965,1.);
#6965 = DIRECTION('',(0.,-3.330669073875E-16,-1.));
#6966 = ORIENTED_EDGE('',*,*,#6967,.T.);
#6967 = EDGE_CURVE('',#6960,#6968,#6970,.T.);
#6968 = VERTEX_POINT('',#6969);
#6969 = CARTESIAN_POINT('',(5.08,-0.2625,-9.75));
#6970 = LINE('',#6971,#6972);
#6971 = CARTESIAN_POINT('',(4.6525,-0.2625,-9.009548279765));
#6972 = VECTOR('',#6973,1.);
#6973 = DIRECTION('',(0.5,-2.884444029576E-16,-0.866025403784));
#6974 = ORIENTED_EDGE('',*,*,#6975,.T.);
#6975 = EDGE_CURVE('',#6968,#6976,#6978,.T.);
#6976 = VERTEX_POINT('',#6977);
#6977 = CARTESIAN_POINT('',(5.5075,-0.2625,-9.009548279765));
#6978 = LINE('',#6979,#6980);
#6979 = CARTESIAN_POINT('',(5.08,-0.2625,-9.75));
#6980 = VECTOR('',#6981,1.);
#6981 = DIRECTION('',(0.5,2.884444029576E-16,0.866025403784));
#6982 = ORIENTED_EDGE('',*,*,#6983,.T.);
#6983 = EDGE_CURVE('',#6976,#6984,#6986,.T.);
#6984 = VERTEX_POINT('',#6985);
#6985 = CARTESIAN_POINT('',(5.5075,-0.2625,8.743006318923E-17));
#6986 = LINE('',#6987,#6988);
#6987 = CARTESIAN_POINT('',(5.5075,-0.2625,-9.009548279765));
#6988 = VECTOR('',#6989,1.);
#6989 = DIRECTION('',(0.,3.330669073875E-16,1.));
#6990 = ORIENTED_EDGE('',*,*,#6991,.T.);
#6991 = EDGE_CURVE('',#6984,#6373,#6992,.T.);
#6992 = LINE('',#6993,#6994);
#6993 = CARTESIAN_POINT('',(5.5075,-0.2625,8.743006318923E-17));
#6994 = VECTOR('',#6995,1.);
#6995 = DIRECTION('',(0.707106781187,2.355138688025E-16,0.707106781186)
  );
#6996 = ORIENTED_EDGE('',*,*,#6380,.T.);
#6997 = ORIENTED_EDGE('',*,*,#6406,.T.);
#6998 = ORIENTED_EDGE('',*,*,#6430,.T.);
#6999 = PLANE('',#7000);
#7000 = AXIS2_PLACEMENT_3D('',#7001,#7002,#7003);
#7001 = CARTESIAN_POINT('',(4.35,-0.2625,0.3025));
#7002 = DIRECTION('',(0.,-1.,3.330669073875E-16));
#7003 = DIRECTION('',(0.,-3.330669073875E-16,-1.));
#7004 = ADVANCED_FACE('',(#7005),#7016,.F.);
#7005 = FACE_BOUND('',#7006,.F.);
#7006 = EDGE_LOOP('',(#7007,#7013,#7014,#7015));
#7007 = ORIENTED_EDGE('',*,*,#7008,.T.);
#7008 = EDGE_CURVE('',#6928,#6984,#7009,.T.);
#7009 = LINE('',#7010,#7011);
#7010 = CARTESIAN_POINT('',(5.5075,0.2625,-8.743006318923E-17));
#7011 = VECTOR('',#7012,1.);
#7012 = DIRECTION('',(0.,-1.,3.330669073875E-16));
#7013 = ORIENTED_EDGE('',*,*,#6991,.T.);
#7014 = ORIENTED_EDGE('',*,*,#6372,.F.);
#7015 = ORIENTED_EDGE('',*,*,#6935,.F.);
#7016 = PLANE('',#7017);
#7017 = AXIS2_PLACEMENT_3D('',#7018,#7019,#7020);
#7018 = CARTESIAN_POINT('',(5.5075,0.2625,-8.743006318923E-17));
#7019 = DIRECTION('',(-0.707106781186,2.355138688026E-16,0.707106781187)
  );
#7020 = DIRECTION('',(0.707106781187,2.355138688025E-16,0.707106781186)
  );
#7021 = ADVANCED_FACE('',(#7022),#7033,.F.);
#7022 = FACE_BOUND('',#7023,.F.);
#7023 = EDGE_LOOP('',(#7024,#7025,#7026,#7032));
#7024 = ORIENTED_EDGE('',*,*,#6438,.T.);
#7025 = ORIENTED_EDGE('',*,*,#6951,.T.);
#7026 = ORIENTED_EDGE('',*,*,#7027,.F.);
#7027 = EDGE_CURVE('',#6896,#6952,#7028,.T.);
#7028 = LINE('',#7029,#7030);
#7029 = CARTESIAN_POINT('',(4.6525,0.2625,-8.743006318923E-17));
#7030 = VECTOR('',#7031,1.);
#7031 = DIRECTION('',(0.,-1.,3.330669073875E-16));
#7032 = ORIENTED_EDGE('',*,*,#6895,.F.);
#7033 = PLANE('',#7034);
#7034 = AXIS2_PLACEMENT_3D('',#7035,#7036,#7037);
#7035 = CARTESIAN_POINT('',(4.35,0.2625,0.3025));
#7036 = DIRECTION('',(0.707106781186,2.355138688026E-16,0.707106781187)
  );
#7037 = DIRECTION('',(0.707106781187,-2.355138688025E-16,-0.707106781186
    ));
#7038 = ADVANCED_FACE('',(#7039),#7090,.T.);
#7039 = FACE_BOUND('',#7040,.T.);
#7040 = EDGE_LOOP('',(#7041,#7049,#7057,#7065,#7073,#7081,#7087,#7088,
    #7089));
#7041 = ORIENTED_EDGE('',*,*,#7042,.T.);
#7042 = EDGE_CURVE('',#6528,#7043,#7045,.T.);
#7043 = VERTEX_POINT('',#7044);
#7044 = CARTESIAN_POINT('',(2.1125,-0.2625,8.743006318923E-17));
#7045 = LINE('',#7046,#7047);
#7046 = CARTESIAN_POINT('',(1.81,-0.2625,0.3025));
#7047 = VECTOR('',#7048,1.);
#7048 = DIRECTION('',(0.707106781187,-2.355138688025E-16,-0.707106781186
    ));
#7049 = ORIENTED_EDGE('',*,*,#7050,.T.);
#7050 = EDGE_CURVE('',#7043,#7051,#7053,.T.);
#7051 = VERTEX_POINT('',#7052);
#7052 = CARTESIAN_POINT('',(2.1125,-0.2625,-9.009548279765));
#7053 = LINE('',#7054,#7055);
#7054 = CARTESIAN_POINT('',(2.1125,-0.2625,8.743006318923E-17));
#7055 = VECTOR('',#7056,1.);
#7056 = DIRECTION('',(0.,-3.330669073875E-16,-1.));
#7057 = ORIENTED_EDGE('',*,*,#7058,.T.);
#7058 = EDGE_CURVE('',#7051,#7059,#7061,.T.);
#7059 = VERTEX_POINT('',#7060);
#7060 = CARTESIAN_POINT('',(2.54,-0.2625,-9.75));
#7061 = LINE('',#7062,#7063);
#7062 = CARTESIAN_POINT('',(2.1125,-0.2625,-9.009548279765));
#7063 = VECTOR('',#7064,1.);
#7064 = DIRECTION('',(0.5,-2.884444029576E-16,-0.866025403784));
#7065 = ORIENTED_EDGE('',*,*,#7066,.T.);
#7066 = EDGE_CURVE('',#7059,#7067,#7069,.T.);
#7067 = VERTEX_POINT('',#7068);
#7068 = CARTESIAN_POINT('',(2.9675,-0.2625,-9.009548279765));
#7069 = LINE('',#7070,#7071);
#7070 = CARTESIAN_POINT('',(2.54,-0.2625,-9.75));
#7071 = VECTOR('',#7072,1.);
#7072 = DIRECTION('',(0.5,2.884444029576E-16,0.866025403784));
#7073 = ORIENTED_EDGE('',*,*,#7074,.T.);
#7074 = EDGE_CURVE('',#7067,#7075,#7077,.T.);
#7075 = VERTEX_POINT('',#7076);
#7076 = CARTESIAN_POINT('',(2.9675,-0.2625,8.743006318923E-17));
#7077 = LINE('',#7078,#7079);
#7078 = CARTESIAN_POINT('',(2.9675,-0.2625,-9.009548279765));
#7079 = VECTOR('',#7080,1.);
#7080 = DIRECTION('',(0.,3.330669073875E-16,1.));
#7081 = ORIENTED_EDGE('',*,*,#7082,.T.);
#7082 = EDGE_CURVE('',#7075,#6470,#7083,.T.);
#7083 = LINE('',#7084,#7085);
#7084 = CARTESIAN_POINT('',(2.9675,-0.2625,8.743006318923E-17));
#7085 = VECTOR('',#7086,1.);
#7086 = DIRECTION('',(0.707106781187,2.355138688025E-16,0.707106781186)
  );
#7087 = ORIENTED_EDGE('',*,*,#6477,.T.);
#7088 = ORIENTED_EDGE('',*,*,#6503,.T.);
#7089 = ORIENTED_EDGE('',*,*,#6527,.T.);
#7090 = PLANE('',#7091);
#7091 = AXIS2_PLACEMENT_3D('',#7092,#7093,#7094);
#7092 = CARTESIAN_POINT('',(1.81,-0.2625,0.3025));
#7093 = DIRECTION('',(0.,-1.,3.330669073875E-16));
#7094 = DIRECTION('',(0.,-3.330669073875E-16,-1.));
#7095 = ADVANCED_FACE('',(#7096),#7107,.F.);
#7096 = FACE_BOUND('',#7097,.F.);
#7097 = EDGE_LOOP('',(#7098,#7104,#7105,#7106));
#7098 = ORIENTED_EDGE('',*,*,#7099,.T.);
#7099 = EDGE_CURVE('',#6871,#7075,#7100,.T.);
#7100 = LINE('',#7101,#7102);
#7101 = CARTESIAN_POINT('',(2.9675,0.2625,-8.743006318923E-17));
#7102 = VECTOR('',#7103,1.);
#7103 = DIRECTION('',(0.,-1.,3.330669073875E-16));
#7104 = ORIENTED_EDGE('',*,*,#7082,.T.);
#7105 = ORIENTED_EDGE('',*,*,#6469,.F.);
#7106 = ORIENTED_EDGE('',*,*,#6878,.F.);
#7107 = PLANE('',#7108);
#7108 = AXIS2_PLACEMENT_3D('',#7109,#7110,#7111);
#7109 = CARTESIAN_POINT('',(2.9675,0.2625,-8.743006318923E-17));
#7110 = DIRECTION('',(-0.707106781186,2.355138688026E-16,0.707106781187)
  );
#7111 = DIRECTION('',(0.707106781187,2.355138688025E-16,0.707106781186)
  );
#7112 = ADVANCED_FACE('',(#7113),#7124,.F.);
#7113 = FACE_BOUND('',#7114,.F.);
#7114 = EDGE_LOOP('',(#7115,#7116,#7117,#7123));
#7115 = ORIENTED_EDGE('',*,*,#6535,.T.);
#7116 = ORIENTED_EDGE('',*,*,#7042,.T.);
#7117 = ORIENTED_EDGE('',*,*,#7118,.F.);
#7118 = EDGE_CURVE('',#6839,#7043,#7119,.T.);
#7119 = LINE('',#7120,#7121);
#7120 = CARTESIAN_POINT('',(2.1125,0.2625,-8.743006318923E-17));
#7121 = VECTOR('',#7122,1.);
#7122 = DIRECTION('',(0.,-1.,3.330669073875E-16));
#7123 = ORIENTED_EDGE('',*,*,#6838,.F.);
#7124 = PLANE('',#7125);
#7125 = AXIS2_PLACEMENT_3D('',#7126,#7127,#7128);
#7126 = CARTESIAN_POINT('',(1.81,0.2625,0.3025));
#7127 = DIRECTION('',(0.707106781186,2.355138688026E-16,0.707106781187)
  );
#7128 = DIRECTION('',(0.707106781187,-2.355138688025E-16,-0.707106781186
    ));
#7129 = ADVANCED_FACE('',(#7130),#7181,.T.);
#7130 = FACE_BOUND('',#7131,.T.);
#7131 = EDGE_LOOP('',(#7132,#7140,#7148,#7156,#7164,#7172,#7178,#7179,
    #7180));
#7132 = ORIENTED_EDGE('',*,*,#7133,.T.);
#7133 = EDGE_CURVE('',#6625,#7134,#7136,.T.);
#7134 = VERTEX_POINT('',#7135);
#7135 = CARTESIAN_POINT('',(-0.4275,-0.2625,8.743006318923E-17));
#7136 = LINE('',#7137,#7138);
#7137 = CARTESIAN_POINT('',(-0.73,-0.2625,0.302499999998));
#7138 = VECTOR('',#7139,1.);
#7139 = DIRECTION('',(0.707106781188,-2.355138688019E-16,-0.707106781185
    ));
#7140 = ORIENTED_EDGE('',*,*,#7141,.T.);
#7141 = EDGE_CURVE('',#7134,#7142,#7144,.T.);
#7142 = VERTEX_POINT('',#7143);
#7143 = CARTESIAN_POINT('',(-0.4275,-0.2625,-9.009548279765));
#7144 = LINE('',#7145,#7146);
#7145 = CARTESIAN_POINT('',(-0.4275,-0.2625,8.743006318923E-17));
#7146 = VECTOR('',#7147,1.);
#7147 = DIRECTION('',(-6.161368972952E-18,-3.330669073875E-16,-1.));
#7148 = ORIENTED_EDGE('',*,*,#7149,.T.);
#7149 = EDGE_CURVE('',#7142,#7150,#7152,.T.);
#7150 = VERTEX_POINT('',#7151);
#7151 = CARTESIAN_POINT('',(0.,-0.2625,-9.75));
#7152 = LINE('',#7153,#7154);
#7153 = CARTESIAN_POINT('',(-0.4275,-0.2625,-9.009548279765));
#7154 = VECTOR('',#7155,1.);
#7155 = DIRECTION('',(0.5,-2.884444029576E-16,-0.866025403784));
#7156 = ORIENTED_EDGE('',*,*,#7157,.T.);
#7157 = EDGE_CURVE('',#7150,#7158,#7160,.T.);
#7158 = VERTEX_POINT('',#7159);
#7159 = CARTESIAN_POINT('',(0.4275,-0.2625,-9.009548279765));
#7160 = LINE('',#7161,#7162);
#7161 = CARTESIAN_POINT('',(0.,-0.2625,-9.75));
#7162 = VECTOR('',#7163,1.);
#7163 = DIRECTION('',(0.5,2.884444029576E-16,0.866025403784));
#7164 = ORIENTED_EDGE('',*,*,#7165,.T.);
#7165 = EDGE_CURVE('',#7158,#7166,#7168,.T.);
#7166 = VERTEX_POINT('',#7167);
#7167 = CARTESIAN_POINT('',(0.4275,-0.2625,8.743006318923E-17));
#7168 = LINE('',#7169,#7170);
#7169 = CARTESIAN_POINT('',(0.4275,-0.2625,-9.009548279765));
#7170 = VECTOR('',#7171,1.);
#7171 = DIRECTION('',(0.,3.330669073875E-16,1.));
#7172 = ORIENTED_EDGE('',*,*,#7173,.T.);
#7173 = EDGE_CURVE('',#7166,#6567,#7174,.T.);
#7174 = LINE('',#7175,#7176);
#7175 = CARTESIAN_POINT('',(0.4275,-0.2625,8.743006318923E-17));
#7176 = VECTOR('',#7177,1.);
#7177 = DIRECTION('',(0.707106781188,2.355138688019E-16,0.707106781185)
  );
#7178 = ORIENTED_EDGE('',*,*,#6574,.T.);
#7179 = ORIENTED_EDGE('',*,*,#6600,.T.);
#7180 = ORIENTED_EDGE('',*,*,#6624,.T.);
#7181 = PLANE('',#7182);
#7182 = AXIS2_PLACEMENT_3D('',#7183,#7184,#7185);
#7183 = CARTESIAN_POINT('',(-0.73,-0.2625,0.302499999998));
#7184 = DIRECTION('',(0.,-1.,3.330669073875E-16));
#7185 = DIRECTION('',(0.,-3.330669073875E-16,-1.));
#7186 = ADVANCED_FACE('',(#7187),#7198,.F.);
#7187 = FACE_BOUND('',#7188,.F.);
#7188 = EDGE_LOOP('',(#7189,#7195,#7196,#7197));
#7189 = ORIENTED_EDGE('',*,*,#7190,.T.);
#7190 = EDGE_CURVE('',#6814,#7166,#7191,.T.);
#7191 = LINE('',#7192,#7193);
#7192 = CARTESIAN_POINT('',(0.4275,0.2625,-8.743006318923E-17));
#7193 = VECTOR('',#7194,1.);
#7194 = DIRECTION('',(0.,-1.,3.330669073875E-16));
#7195 = ORIENTED_EDGE('',*,*,#7173,.T.);
#7196 = ORIENTED_EDGE('',*,*,#6566,.F.);
#7197 = ORIENTED_EDGE('',*,*,#6821,.F.);
#7198 = PLANE('',#7199);
#7199 = AXIS2_PLACEMENT_3D('',#7200,#7201,#7202);
#7200 = CARTESIAN_POINT('',(0.4275,0.2625,-8.743006318923E-17));
#7201 = DIRECTION('',(-0.707106781185,2.355138688032E-16,0.707106781188)
  );
#7202 = DIRECTION('',(0.707106781188,2.355138688019E-16,0.707106781185)
  );
#7203 = ADVANCED_FACE('',(#7204),#7215,.F.);
#7204 = FACE_BOUND('',#7205,.F.);
#7205 = EDGE_LOOP('',(#7206,#7207,#7208,#7214));
#7206 = ORIENTED_EDGE('',*,*,#6632,.T.);
#7207 = ORIENTED_EDGE('',*,*,#7133,.T.);
#7208 = ORIENTED_EDGE('',*,*,#7209,.F.);
#7209 = EDGE_CURVE('',#6782,#7134,#7210,.T.);
#7210 = LINE('',#7211,#7212);
#7211 = CARTESIAN_POINT('',(-0.4275,0.2625,-8.743006318923E-17));
#7212 = VECTOR('',#7213,1.);
#7213 = DIRECTION('',(0.,-1.,3.330669073875E-16));
#7214 = ORIENTED_EDGE('',*,*,#6781,.F.);
#7215 = PLANE('',#7216);
#7216 = AXIS2_PLACEMENT_3D('',#7217,#7218,#7219);
#7217 = CARTESIAN_POINT('',(-0.73,0.2625,0.302499999998));
#7218 = DIRECTION('',(0.707106781185,2.355138688032E-16,0.707106781188)
  );
#7219 = DIRECTION('',(0.707106781188,-2.355138688019E-16,-0.707106781185
    ));
#7220 = ADVANCED_FACE('',(#7221,#7232),#7243,.T.);
#7221 = FACE_BOUND('',#7222,.T.);
#7222 = EDGE_LOOP('',(#7223,#7224,#7230,#7231));
#7223 = ORIENTED_EDGE('',*,*,#6672,.T.);
#7224 = ORIENTED_EDGE('',*,*,#7225,.T.);
#7225 = EDGE_CURVE('',#6665,#6739,#7226,.T.);
#7226 = LINE('',#7227,#7228);
#7227 = CARTESIAN_POINT('',(-2.575,3.16,18.775));
#7228 = VECTOR('',#7229,1.);
#7229 = DIRECTION('',(1.,0.,0.));
#7230 = ORIENTED_EDGE('',*,*,#6738,.F.);
#7231 = ORIENTED_EDGE('',*,*,#6763,.F.);
#7232 = FACE_BOUND('',#7233,.T.);
#7233 = EDGE_LOOP('',(#7234));
#7234 = ORIENTED_EDGE('',*,*,#7235,.T.);
#7235 = EDGE_CURVE('',#7236,#7236,#7238,.T.);
#7236 = VERTEX_POINT('',#7237);
#7237 = CARTESIAN_POINT('',(4.4075,3.16,16.005));
#7238 = CIRCLE('',#7239,1.8675);
#7239 = AXIS2_PLACEMENT_3D('',#7240,#7241,#7242);
#7240 = CARTESIAN_POINT('',(2.54,3.16,16.005));
#7241 = DIRECTION('',(0.,-1.,2.22044604925E-16));
#7242 = DIRECTION('',(1.,0.,0.));
#7243 = PLANE('',#7244);
#7244 = AXIS2_PLACEMENT_3D('',#7245,#7246,#7247);
#7245 = CARTESIAN_POINT('',(-2.575,3.16,5.));
#7246 = DIRECTION('',(0.,1.,0.));
#7247 = DIRECTION('',(1.,0.,0.));
#7248 = ADVANCED_FACE('',(#7249),#7255,.T.);
#7249 = FACE_BOUND('',#7250,.F.);
#7250 = EDGE_LOOP('',(#7251,#7252,#7253,#7254));
#7251 = ORIENTED_EDGE('',*,*,#7225,.T.);
#7252 = ORIENTED_EDGE('',*,*,#6746,.T.);
#7253 = ORIENTED_EDGE('',*,*,#6704,.T.);
#7254 = ORIENTED_EDGE('',*,*,#6664,.T.);
#7255 = PLANE('',#7256);
#7256 = AXIS2_PLACEMENT_3D('',#7257,#7258,#7259);
#7257 = CARTESIAN_POINT('',(-2.575,3.16,18.775));
#7258 = DIRECTION('',(0.,0.,1.));
#7259 = DIRECTION('',(1.,0.,-0.));
#7260 = ADVANCED_FACE('',(#7261),#7272,.F.);
#7261 = FACE_BOUND('',#7262,.F.);
#7262 = EDGE_LOOP('',(#7263,#7264,#7270,#7271));
#7263 = ORIENTED_EDGE('',*,*,#6713,.F.);
#7264 = ORIENTED_EDGE('',*,*,#7265,.T.);
#7265 = EDGE_CURVE('',#6714,#7236,#7266,.T.);
#7266 = LINE('',#7267,#7268);
#7267 = CARTESIAN_POINT('',(4.4075,1.89,16.005));
#7268 = VECTOR('',#7269,1.);
#7269 = DIRECTION('',(0.,1.,-2.22044604925E-16));
#7270 = ORIENTED_EDGE('',*,*,#7235,.T.);
#7271 = ORIENTED_EDGE('',*,*,#7265,.F.);
#7272 = CYLINDRICAL_SURFACE('',#7273,1.8675);
#7273 = AXIS2_PLACEMENT_3D('',#7274,#7275,#7276);
#7274 = CARTESIAN_POINT('',(2.54,1.89,16.005));
#7275 = DIRECTION('',(0.,-1.,2.22044604925E-16));
#7276 = DIRECTION('',(1.,0.,0.));
#7277 = ADVANCED_FACE('',(#7278),#7289,.F.);
#7278 = FACE_BOUND('',#7279,.F.);
#7279 = EDGE_LOOP('',(#7280,#7286,#7287,#7288));
#7280 = ORIENTED_EDGE('',*,*,#7281,.T.);
#7281 = EDGE_CURVE('',#6806,#7158,#7282,.T.);
#7282 = LINE('',#7283,#7284);
#7283 = CARTESIAN_POINT('',(0.4275,0.2625,-9.009548279765));
#7284 = VECTOR('',#7285,1.);
#7285 = DIRECTION('',(0.,-1.,3.330669073875E-16));
#7286 = ORIENTED_EDGE('',*,*,#7165,.T.);
#7287 = ORIENTED_EDGE('',*,*,#7190,.F.);
#7288 = ORIENTED_EDGE('',*,*,#6813,.F.);
#7289 = PLANE('',#7290);
#7290 = AXIS2_PLACEMENT_3D('',#7291,#7292,#7293);
#7291 = CARTESIAN_POINT('',(0.4275,0.2625,-9.009548279765));
#7292 = DIRECTION('',(-1.,0.,0.));
#7293 = DIRECTION('',(0.,3.330669073875E-16,1.));
#7294 = ADVANCED_FACE('',(#7295),#7306,.F.);
#7295 = FACE_BOUND('',#7296,.F.);
#7296 = EDGE_LOOP('',(#7297,#7303,#7304,#7305));
#7297 = ORIENTED_EDGE('',*,*,#7298,.T.);
#7298 = EDGE_CURVE('',#6798,#7150,#7299,.T.);
#7299 = LINE('',#7300,#7301);
#7300 = CARTESIAN_POINT('',(0.,0.2625,-9.75));
#7301 = VECTOR('',#7302,1.);
#7302 = DIRECTION('',(0.,-1.,3.330669073875E-16));
#7303 = ORIENTED_EDGE('',*,*,#7157,.T.);
#7304 = ORIENTED_EDGE('',*,*,#7281,.F.);
#7305 = ORIENTED_EDGE('',*,*,#6805,.F.);
#7306 = PLANE('',#7307);
#7307 = AXIS2_PLACEMENT_3D('',#7308,#7309,#7310);
#7308 = CARTESIAN_POINT('',(0.,0.2625,-9.75));
#7309 = DIRECTION('',(-0.866025403784,1.66533453694E-16,0.5));
#7310 = DIRECTION('',(0.5,2.884444029576E-16,0.866025403784));
#7311 = ADVANCED_FACE('',(#7312),#7323,.F.);
#7312 = FACE_BOUND('',#7313,.F.);
#7313 = EDGE_LOOP('',(#7314,#7320,#7321,#7322));
#7314 = ORIENTED_EDGE('',*,*,#7315,.T.);
#7315 = EDGE_CURVE('',#6790,#7142,#7316,.T.);
#7316 = LINE('',#7317,#7318);
#7317 = CARTESIAN_POINT('',(-0.4275,0.2625,-9.009548279765));
#7318 = VECTOR('',#7319,1.);
#7319 = DIRECTION('',(0.,-1.,3.330669073875E-16));
#7320 = ORIENTED_EDGE('',*,*,#7149,.T.);
#7321 = ORIENTED_EDGE('',*,*,#7298,.F.);
#7322 = ORIENTED_EDGE('',*,*,#6797,.F.);
#7323 = PLANE('',#7324);
#7324 = AXIS2_PLACEMENT_3D('',#7325,#7326,#7327);
#7325 = CARTESIAN_POINT('',(-0.4275,0.2625,-9.009548279765));
#7326 = DIRECTION('',(0.866025403784,1.66533453694E-16,0.5));
#7327 = DIRECTION('',(0.5,-2.884444029576E-16,-0.866025403784));
#7328 = ADVANCED_FACE('',(#7329),#7335,.F.);
#7329 = FACE_BOUND('',#7330,.F.);
#7330 = EDGE_LOOP('',(#7331,#7332,#7333,#7334));
#7331 = ORIENTED_EDGE('',*,*,#7209,.T.);
#7332 = ORIENTED_EDGE('',*,*,#7141,.T.);
#7333 = ORIENTED_EDGE('',*,*,#7315,.F.);
#7334 = ORIENTED_EDGE('',*,*,#6789,.F.);
#7335 = PLANE('',#7336);
#7336 = AXIS2_PLACEMENT_3D('',#7337,#7338,#7339);
#7337 = CARTESIAN_POINT('',(-0.4275,0.2625,-8.743006318923E-17));
#7338 = DIRECTION('',(1.,-2.052148109095E-33,-6.161368972952E-18));
#7339 = DIRECTION('',(-6.161368972952E-18,-3.330669073875E-16,-1.));
#7340 = ADVANCED_FACE('',(#7341),#7352,.F.);
#7341 = FACE_BOUND('',#7342,.F.);
#7342 = EDGE_LOOP('',(#7343,#7349,#7350,#7351));
#7343 = ORIENTED_EDGE('',*,*,#7344,.T.);
#7344 = EDGE_CURVE('',#6863,#7067,#7345,.T.);
#7345 = LINE('',#7346,#7347);
#7346 = CARTESIAN_POINT('',(2.9675,0.2625,-9.009548279765));
#7347 = VECTOR('',#7348,1.);
#7348 = DIRECTION('',(0.,-1.,3.330669073875E-16));
#7349 = ORIENTED_EDGE('',*,*,#7074,.T.);
#7350 = ORIENTED_EDGE('',*,*,#7099,.F.);
#7351 = ORIENTED_EDGE('',*,*,#6870,.F.);
#7352 = PLANE('',#7353);
#7353 = AXIS2_PLACEMENT_3D('',#7354,#7355,#7356);
#7354 = CARTESIAN_POINT('',(2.9675,0.2625,-9.009548279765));
#7355 = DIRECTION('',(-1.,0.,0.));
#7356 = DIRECTION('',(0.,3.330669073875E-16,1.));
#7357 = ADVANCED_FACE('',(#7358),#7369,.F.);
#7358 = FACE_BOUND('',#7359,.F.);
#7359 = EDGE_LOOP('',(#7360,#7366,#7367,#7368));
#7360 = ORIENTED_EDGE('',*,*,#7361,.T.);
#7361 = EDGE_CURVE('',#6855,#7059,#7362,.T.);
#7362 = LINE('',#7363,#7364);
#7363 = CARTESIAN_POINT('',(2.54,0.2625,-9.75));
#7364 = VECTOR('',#7365,1.);
#7365 = DIRECTION('',(0.,-1.,3.330669073875E-16));
#7366 = ORIENTED_EDGE('',*,*,#7066,.T.);
#7367 = ORIENTED_EDGE('',*,*,#7344,.F.);
#7368 = ORIENTED_EDGE('',*,*,#6862,.F.);
#7369 = PLANE('',#7370);
#7370 = AXIS2_PLACEMENT_3D('',#7371,#7372,#7373);
#7371 = CARTESIAN_POINT('',(2.54,0.2625,-9.75));
#7372 = DIRECTION('',(-0.866025403784,1.66533453694E-16,0.5));
#7373 = DIRECTION('',(0.5,2.884444029576E-16,0.866025403784));
#7374 = ADVANCED_FACE('',(#7375),#7386,.F.);
#7375 = FACE_BOUND('',#7376,.F.);
#7376 = EDGE_LOOP('',(#7377,#7383,#7384,#7385));
#7377 = ORIENTED_EDGE('',*,*,#7378,.T.);
#7378 = EDGE_CURVE('',#6847,#7051,#7379,.T.);
#7379 = LINE('',#7380,#7381);
#7380 = CARTESIAN_POINT('',(2.1125,0.2625,-9.009548279765));
#7381 = VECTOR('',#7382,1.);
#7382 = DIRECTION('',(0.,-1.,3.330669073875E-16));
#7383 = ORIENTED_EDGE('',*,*,#7058,.T.);
#7384 = ORIENTED_EDGE('',*,*,#7361,.F.);
#7385 = ORIENTED_EDGE('',*,*,#6854,.F.);
#7386 = PLANE('',#7387);
#7387 = AXIS2_PLACEMENT_3D('',#7388,#7389,#7390);
#7388 = CARTESIAN_POINT('',(2.1125,0.2625,-9.009548279765));
#7389 = DIRECTION('',(0.866025403784,1.66533453694E-16,0.5));
#7390 = DIRECTION('',(0.5,-2.884444029576E-16,-0.866025403784));
#7391 = ADVANCED_FACE('',(#7392),#7398,.F.);
#7392 = FACE_BOUND('',#7393,.F.);
#7393 = EDGE_LOOP('',(#7394,#7395,#7396,#7397));
#7394 = ORIENTED_EDGE('',*,*,#7118,.T.);
#7395 = ORIENTED_EDGE('',*,*,#7050,.T.);
#7396 = ORIENTED_EDGE('',*,*,#7378,.F.);
#7397 = ORIENTED_EDGE('',*,*,#6846,.F.);
#7398 = PLANE('',#7399);
#7399 = AXIS2_PLACEMENT_3D('',#7400,#7401,#7402);
#7400 = CARTESIAN_POINT('',(2.1125,0.2625,-8.743006318923E-17));
#7401 = DIRECTION('',(1.,0.,0.));
#7402 = DIRECTION('',(0.,-3.330669073875E-16,-1.));
#7403 = ADVANCED_FACE('',(#7404),#7415,.F.);
#7404 = FACE_BOUND('',#7405,.F.);
#7405 = EDGE_LOOP('',(#7406,#7412,#7413,#7414));
#7406 = ORIENTED_EDGE('',*,*,#7407,.T.);
#7407 = EDGE_CURVE('',#6920,#6976,#7408,.T.);
#7408 = LINE('',#7409,#7410);
#7409 = CARTESIAN_POINT('',(5.5075,0.2625,-9.009548279765));
#7410 = VECTOR('',#7411,1.);
#7411 = DIRECTION('',(0.,-1.,3.330669073875E-16));
#7412 = ORIENTED_EDGE('',*,*,#6983,.T.);
#7413 = ORIENTED_EDGE('',*,*,#7008,.F.);
#7414 = ORIENTED_EDGE('',*,*,#6927,.F.);
#7415 = PLANE('',#7416);
#7416 = AXIS2_PLACEMENT_3D('',#7417,#7418,#7419);
#7417 = CARTESIAN_POINT('',(5.5075,0.2625,-9.009548279765));
#7418 = DIRECTION('',(-1.,0.,0.));
#7419 = DIRECTION('',(0.,3.330669073875E-16,1.));
#7420 = ADVANCED_FACE('',(#7421),#7432,.F.);
#7421 = FACE_BOUND('',#7422,.F.);
#7422 = EDGE_LOOP('',(#7423,#7429,#7430,#7431));
#7423 = ORIENTED_EDGE('',*,*,#7424,.T.);
#7424 = EDGE_CURVE('',#6912,#6968,#7425,.T.);
#7425 = LINE('',#7426,#7427);
#7426 = CARTESIAN_POINT('',(5.08,0.2625,-9.75));
#7427 = VECTOR('',#7428,1.);
#7428 = DIRECTION('',(0.,-1.,3.330669073875E-16));
#7429 = ORIENTED_EDGE('',*,*,#6975,.T.);
#7430 = ORIENTED_EDGE('',*,*,#7407,.F.);
#7431 = ORIENTED_EDGE('',*,*,#6919,.F.);
#7432 = PLANE('',#7433);
#7433 = AXIS2_PLACEMENT_3D('',#7434,#7435,#7436);
#7434 = CARTESIAN_POINT('',(5.08,0.2625,-9.75));
#7435 = DIRECTION('',(-0.866025403784,1.66533453694E-16,0.5));
#7436 = DIRECTION('',(0.5,2.884444029576E-16,0.866025403784));
#7437 = ADVANCED_FACE('',(#7438),#7449,.F.);
#7438 = FACE_BOUND('',#7439,.F.);
#7439 = EDGE_LOOP('',(#7440,#7446,#7447,#7448));
#7440 = ORIENTED_EDGE('',*,*,#7441,.T.);
#7441 = EDGE_CURVE('',#6904,#6960,#7442,.T.);
#7442 = LINE('',#7443,#7444);
#7443 = CARTESIAN_POINT('',(4.6525,0.2625,-9.009548279765));
#7444 = VECTOR('',#7445,1.);
#7445 = DIRECTION('',(0.,-1.,3.330669073875E-16));
#7446 = ORIENTED_EDGE('',*,*,#6967,.T.);
#7447 = ORIENTED_EDGE('',*,*,#7424,.F.);
#7448 = ORIENTED_EDGE('',*,*,#6911,.F.);
#7449 = PLANE('',#7450);
#7450 = AXIS2_PLACEMENT_3D('',#7451,#7452,#7453);
#7451 = CARTESIAN_POINT('',(4.6525,0.2625,-9.009548279765));
#7452 = DIRECTION('',(0.866025403784,1.66533453694E-16,0.5));
#7453 = DIRECTION('',(0.5,-2.884444029576E-16,-0.866025403784));
#7454 = ADVANCED_FACE('',(#7455),#7461,.F.);
#7455 = FACE_BOUND('',#7456,.F.);
#7456 = EDGE_LOOP('',(#7457,#7458,#7459,#7460));
#7457 = ORIENTED_EDGE('',*,*,#7027,.T.);
#7458 = ORIENTED_EDGE('',*,*,#6959,.T.);
#7459 = ORIENTED_EDGE('',*,*,#7441,.F.);
#7460 = ORIENTED_EDGE('',*,*,#6903,.F.);
#7461 = PLANE('',#7462);
#7462 = AXIS2_PLACEMENT_3D('',#7463,#7464,#7465);
#7463 = CARTESIAN_POINT('',(4.6525,0.2625,-8.743006318923E-17));
#7464 = DIRECTION('',(1.,0.,0.));
#7465 = DIRECTION('',(0.,-3.330669073875E-16,-1.));
#7466 = ( GEOMETRIC_REPRESENTATION_CONTEXT(3) 
GLOBAL_UNCERTAINTY_ASSIGNED_CONTEXT((#7470)) 
GLOBAL_UNIT_ASSIGNED_CONTEXT((#7467,#7468,#7469)) REPRESENTATION_CONTEXT
('Context #1','3D Context with UNIT and UNCERTAINTY') );
#7467 = ( LENGTH_UNIT() NAMED_UNIT(*) SI_UNIT(.MILLI.,.METRE.) );
#7468 = ( NAMED_UNIT(*) PLANE_ANGLE_UNIT() SI_UNIT($,.RADIAN.) );
#7469 = ( NAMED_UNIT(*) SI_UNIT($,.STERADIAN.) SOLID_ANGLE_UNIT() );
#7470 = UNCERTAINTY_MEASURE_WITH_UNIT(LENGTH_MEASURE(1.E-07),#7467,
  'distance_accuracy_value','confusion accuracy');
#7471 = CONTEXT_DEPENDENT_SHAPE_REPRESENTATION(#7472,#7474);
#7472 = ( REPRESENTATION_RELATIONSHIP('','',#5923,#5900) 
REPRESENTATION_RELATIONSHIP_WITH_TRANSFORMATION(#7473) 
SHAPE_REPRESENTATION_RELATIONSHIP() );
#7473 = ITEM_DEFINED_TRANSFORMATION('','',#11,#5901);
#7474 = PRODUCT_DEFINITION_SHAPE('Placement','Placement of an item',
  #7475);
#7475 = NEXT_ASSEMBLY_USAGE_OCCURRENCE('37','=>[0:1:1:33]','',#5895,
  #5918,$);
#7476 = PRODUCT_RELATED_PRODUCT_CATEGORY('part',$,(#5920));
#7477 = SHAPE_DEFINITION_REPRESENTATION(#7478,#7484);
#7478 = PRODUCT_DEFINITION_SHAPE('','',#7479);
#7479 = PRODUCT_DEFINITION('design','',#7480,#7483);
#7480 = PRODUCT_DEFINITION_FORMATION('','',#7481);
#7481 = PRODUCT('Heatsink_Stonecold_HS-S01_on_TO-220',
  'Heatsink_Stonecold_HS-S01_on_TO-220','',(#7482));
#7482 = PRODUCT_CONTEXT('',#2,'mechanical');
#7483 = PRODUCT_DEFINITION_CONTEXT('part definition',#2,'design');
#7484 = SHAPE_REPRESENTATION('',(#11,#7485),#7489);
#7485 = AXIS2_PLACEMENT_3D('',#7486,#7487,#7488);
#7486 = CARTESIAN_POINT('',(0.,0.,0.));
#7487 = DIRECTION('',(0.,0.,1.));
#7488 = DIRECTION('',(1.,0.,-0.));
#7489 = ( GEOMETRIC_REPRESENTATION_CONTEXT(3) 
GLOBAL_UNCERTAINTY_ASSIGNED_CONTEXT((#7493)) 
GLOBAL_UNIT_ASSIGNED_CONTEXT((#7490,#7491,#7492)) REPRESENTATION_CONTEXT
('Context #1','3D Context with UNIT and UNCERTAINTY') );
#7490 = ( LENGTH_UNIT() NAMED_UNIT(*) SI_UNIT(.MILLI.,.METRE.) );
#7491 = ( NAMED_UNIT(*) PLANE_ANGLE_UNIT() SI_UNIT($,.RADIAN.) );
#7492 = ( NAMED_UNIT(*) SI_UNIT($,.STERADIAN.) SOLID_ANGLE_UNIT() );
#7493 = UNCERTAINTY_MEASURE_WITH_UNIT(LENGTH_MEASURE(1.E-07),#7490,
  'distance_accuracy_value','confusion accuracy');
#7494 = CONTEXT_DEPENDENT_SHAPE_REPRESENTATION(#7495,#7497);
#7495 = ( REPRESENTATION_RELATIONSHIP('','',#7484,#10) 
REPRESENTATION_RELATIONSHIP_WITH_TRANSFORMATION(#7496) 
SHAPE_REPRESENTATION_RELATIONSHIP() );
#7496 = ITEM_DEFINED_TRANSFORMATION('','',#11,#83);
#7497 = PRODUCT_DEFINITION_SHAPE('Placement','Placement of an item',
  #7498);
#7498 = NEXT_ASSEMBLY_USAGE_OCCURRENCE('41','Q2','',#5,#7479,$);
#7499 = PRODUCT_RELATED_PRODUCT_CATEGORY('part',$,(#7481));
#7500 = SHAPE_DEFINITION_REPRESENTATION(#7501,#7507);
#7501 = PRODUCT_DEFINITION_SHAPE('','',#7502);
#7502 = PRODUCT_DEFINITION('design','',#7503,#7506);
#7503 = PRODUCT_DEFINITION_FORMATION('','',#7504);
#7504 = PRODUCT('Heatsink_Stonecold_HS-S01_on_TO-220',
  'Heatsink_Stonecold_HS-S01_on_TO-220','',(#7505));
#7505 = PRODUCT_CONTEXT('',#2,'mechanical');
#7506 = PRODUCT_DEFINITION_CONTEXT('part definition',#2,'design');
#7507 = SHAPE_REPRESENTATION('',(#11,#7508),#7512);
#7508 = AXIS2_PLACEMENT_3D('',#7509,#7510,#7511);
#7509 = CARTESIAN_POINT('',(0.,0.,0.));
#7510 = DIRECTION('',(0.,0.,1.));
#7511 = DIRECTION('',(1.,0.,0.));
#7512 = ( GEOMETRIC_REPRESENTATION_CONTEXT(3) 
GLOBAL_UNCERTAINTY_ASSIGNED_CONTEXT((#7516)) 
GLOBAL_UNIT_ASSIGNED_CONTEXT((#7513,#7514,#7515)) REPRESENTATION_CONTEXT
('Context #1','3D Context with UNIT and UNCERTAINTY') );
#7513 = ( LENGTH_UNIT() NAMED_UNIT(*) SI_UNIT(.MILLI.,.METRE.) );
#7514 = ( NAMED_UNIT(*) PLANE_ANGLE_UNIT() SI_UNIT($,.RADIAN.) );
#7515 = ( NAMED_UNIT(*) SI_UNIT($,.STERADIAN.) SOLID_ANGLE_UNIT() );
#7516 = UNCERTAINTY_MEASURE_WITH_UNIT(LENGTH_MEASURE(1.E-07),#7513,
  'distance_accuracy_value','confusion accuracy');
#7517 = CONTEXT_DEPENDENT_SHAPE_REPRESENTATION(#7518,#7520);
#7518 = ( REPRESENTATION_RELATIONSHIP('','',#7507,#7484) 
REPRESENTATION_RELATIONSHIP_WITH_TRANSFORMATION(#7519) 
SHAPE_REPRESENTATION_RELATIONSHIP() );
#7519 = ITEM_DEFINED_TRANSFORMATION('','',#11,#7485);
#7520 = PRODUCT_DEFINITION_SHAPE('Placement','Placement of an item',
  #7521);
#7521 = NEXT_ASSEMBLY_USAGE_OCCURRENCE('40','=>[0:1:1:35]','',#7479,
  #7502,$);
#7522 = PRODUCT_RELATED_PRODUCT_CATEGORY('part',$,(#7504));
#7523 = SHAPE_DEFINITION_REPRESENTATION(#7524,#7530);
#7524 = PRODUCT_DEFINITION_SHAPE('','',#7525);
#7525 = PRODUCT_DEFINITION('design','',#7526,#7529);
#7526 = PRODUCT_DEFINITION_FORMATION('','',#7527);
#7527 = PRODUCT('p0','p0','',(#7528));
#7528 = PRODUCT_CONTEXT('',#2,'mechanical');
#7529 = PRODUCT_DEFINITION_CONTEXT('part definition',#2,'design');
#7530 = ADVANCED_BREP_SHAPE_REPRESENTATION('',(#11,#7531),#7813);
#7531 = MANIFOLD_SOLID_BREP('',#7532);
#7532 = CLOSED_SHELL('',(#7533,#7573,#7636,#7667,#7691,#7715,#7739,#7763
    ,#7780,#7801));
#7533 = ADVANCED_FACE('',(#7534),#7568,.F.);
#7534 = FACE_BOUND('',#7535,.F.);
#7535 = EDGE_LOOP('',(#7536,#7546,#7554,#7562));
#7536 = ORIENTED_EDGE('',*,*,#7537,.F.);
#7537 = EDGE_CURVE('',#7538,#7540,#7542,.T.);
#7538 = VERTEX_POINT('',#7539);
#7539 = CARTESIAN_POINT('',(-6.6,3.6,3.));
#7540 = VERTEX_POINT('',#7541);
#7541 = CARTESIAN_POINT('',(-6.6,3.6,22.05));
#7542 = LINE('',#7543,#7544);
#7543 = CARTESIAN_POINT('',(-6.6,3.6,3.));
#7544 = VECTOR('',#7545,1.);
#7545 = DIRECTION('',(0.,0.,1.));
#7546 = ORIENTED_EDGE('',*,*,#7547,.F.);
#7547 = EDGE_CURVE('',#7548,#7538,#7550,.T.);
#7548 = VERTEX_POINT('',#7549);
#7549 = CARTESIAN_POINT('',(-6.6,9.95,3.));
#7550 = LINE('',#7551,#7552);
#7551 = CARTESIAN_POINT('',(-6.6,9.95,3.));
#7552 = VECTOR('',#7553,1.);
#7553 = DIRECTION('',(0.,-1.,0.));
#7554 = ORIENTED_EDGE('',*,*,#7555,.T.);
#7555 = EDGE_CURVE('',#7548,#7556,#7558,.T.);
#7556 = VERTEX_POINT('',#7557);
#7557 = CARTESIAN_POINT('',(-6.6,9.95,22.05));
#7558 = LINE('',#7559,#7560);
#7559 = CARTESIAN_POINT('',(-6.6,9.95,3.));
#7560 = VECTOR('',#7561,1.);
#7561 = DIRECTION('',(0.,0.,1.));
#7562 = ORIENTED_EDGE('',*,*,#7563,.F.);
#7563 = EDGE_CURVE('',#7540,#7556,#7564,.T.);
#7564 = LINE('',#7565,#7566);
#7565 = CARTESIAN_POINT('',(-6.6,3.6,22.05));
#7566 = VECTOR('',#7567,1.);
#7567 = DIRECTION('',(0.,1.,0.));
#7568 = PLANE('',#7569);
#7569 = AXIS2_PLACEMENT_3D('',#7570,#7571,#7572);
#7570 = CARTESIAN_POINT('',(-6.6,3.6,3.));
#7571 = DIRECTION('',(1.,0.,0.));
#7572 = DIRECTION('',(0.,0.,1.));
#7573 = ADVANCED_FACE('',(#7574),#7631,.T.);
#7574 = FACE_BOUND('',#7575,.T.);
#7575 = EDGE_LOOP('',(#7576,#7577,#7585,#7593,#7601,#7609,#7617,#7625));
#7576 = ORIENTED_EDGE('',*,*,#7563,.F.);
#7577 = ORIENTED_EDGE('',*,*,#7578,.F.);
#7578 = EDGE_CURVE('',#7579,#7540,#7581,.T.);
#7579 = VERTEX_POINT('',#7580);
#7580 = CARTESIAN_POINT('',(6.6,3.6,22.05));
#7581 = LINE('',#7582,#7583);
#7582 = CARTESIAN_POINT('',(6.6,3.6,22.05));
#7583 = VECTOR('',#7584,1.);
#7584 = DIRECTION('',(-1.,0.,0.));
#7585 = ORIENTED_EDGE('',*,*,#7586,.T.);
#7586 = EDGE_CURVE('',#7579,#7587,#7589,.T.);
#7587 = VERTEX_POINT('',#7588);
#7588 = CARTESIAN_POINT('',(6.6,9.95,22.05));
#7589 = LINE('',#7590,#7591);
#7590 = CARTESIAN_POINT('',(6.6,3.6,22.05));
#7591 = VECTOR('',#7592,1.);
#7592 = DIRECTION('',(0.,1.,0.));
#7593 = ORIENTED_EDGE('',*,*,#7594,.F.);
#7594 = EDGE_CURVE('',#7595,#7587,#7597,.T.);
#7595 = VERTEX_POINT('',#7596);
#7596 = CARTESIAN_POINT('',(5.6,9.95,22.05));
#7597 = LINE('',#7598,#7599);
#7598 = CARTESIAN_POINT('',(5.6,9.95,22.05));
#7599 = VECTOR('',#7600,1.);
#7600 = DIRECTION('',(1.,0.,0.));
#7601 = ORIENTED_EDGE('',*,*,#7602,.F.);
#7602 = EDGE_CURVE('',#7603,#7595,#7605,.T.);
#7603 = VERTEX_POINT('',#7604);
#7604 = CARTESIAN_POINT('',(5.6,4.6,22.05));
#7605 = LINE('',#7606,#7607);
#7606 = CARTESIAN_POINT('',(5.6,3.6,22.05));
#7607 = VECTOR('',#7608,1.);
#7608 = DIRECTION('',(0.,1.,0.));
#7609 = ORIENTED_EDGE('',*,*,#7610,.F.);
#7610 = EDGE_CURVE('',#7611,#7603,#7613,.T.);
#7611 = VERTEX_POINT('',#7612);
#7612 = CARTESIAN_POINT('',(-5.6,4.6,22.05));
#7613 = LINE('',#7614,#7615);
#7614 = CARTESIAN_POINT('',(-6.6,4.6,22.05));
#7615 = VECTOR('',#7616,1.);
#7616 = DIRECTION('',(1.,0.,0.));
#7617 = ORIENTED_EDGE('',*,*,#7618,.T.);
#7618 = EDGE_CURVE('',#7611,#7619,#7621,.T.);
#7619 = VERTEX_POINT('',#7620);
#7620 = CARTESIAN_POINT('',(-5.6,9.95,22.05));
#7621 = LINE('',#7622,#7623);
#7622 = CARTESIAN_POINT('',(-5.6,3.6,22.05));
#7623 = VECTOR('',#7624,1.);
#7624 = DIRECTION('',(0.,1.,0.));
#7625 = ORIENTED_EDGE('',*,*,#7626,.F.);
#7626 = EDGE_CURVE('',#7556,#7619,#7627,.T.);
#7627 = LINE('',#7628,#7629);
#7628 = CARTESIAN_POINT('',(-6.6,9.95,22.05));
#7629 = VECTOR('',#7630,1.);
#7630 = DIRECTION('',(1.,0.,0.));
#7631 = PLANE('',#7632);
#7632 = AXIS2_PLACEMENT_3D('',#7633,#7634,#7635);
#7633 = CARTESIAN_POINT('',(-6.6,3.6,22.05));
#7634 = DIRECTION('',(0.,0.,1.));
#7635 = DIRECTION('',(1.,0.,-0.));
#7636 = ADVANCED_FACE('',(#7637),#7662,.T.);
#7637 = FACE_BOUND('',#7638,.T.);
#7638 = EDGE_LOOP('',(#7639,#7640,#7648,#7656));
#7639 = ORIENTED_EDGE('',*,*,#7618,.F.);
#7640 = ORIENTED_EDGE('',*,*,#7641,.T.);
#7641 = EDGE_CURVE('',#7611,#7642,#7644,.T.);
#7642 = VERTEX_POINT('',#7643);
#7643 = CARTESIAN_POINT('',(-5.6,4.6,3.));
#7644 = LINE('',#7645,#7646);
#7645 = CARTESIAN_POINT('',(-5.6,4.6,3.));
#7646 = VECTOR('',#7647,1.);
#7647 = DIRECTION('',(0.,0.,-1.));
#7648 = ORIENTED_EDGE('',*,*,#7649,.T.);
#7649 = EDGE_CURVE('',#7642,#7650,#7652,.T.);
#7650 = VERTEX_POINT('',#7651);
#7651 = CARTESIAN_POINT('',(-5.6,9.95,3.));
#7652 = LINE('',#7653,#7654);
#7653 = CARTESIAN_POINT('',(-5.6,3.6,3.));
#7654 = VECTOR('',#7655,1.);
#7655 = DIRECTION('',(0.,1.,0.));
#7656 = ORIENTED_EDGE('',*,*,#7657,.T.);
#7657 = EDGE_CURVE('',#7650,#7619,#7658,.T.);
#7658 = LINE('',#7659,#7660);
#7659 = CARTESIAN_POINT('',(-5.6,9.95,3.));
#7660 = VECTOR('',#7661,1.);
#7661 = DIRECTION('',(0.,0.,1.));
#7662 = PLANE('',#7663);
#7663 = AXIS2_PLACEMENT_3D('',#7664,#7665,#7666);
#7664 = CARTESIAN_POINT('',(-5.6,3.6,3.));
#7665 = DIRECTION('',(1.,0.,0.));
#7666 = DIRECTION('',(0.,0.,1.));
#7667 = ADVANCED_FACE('',(#7668),#7686,.T.);
#7668 = FACE_BOUND('',#7669,.T.);
#7669 = EDGE_LOOP('',(#7670,#7678,#7679,#7680));
#7670 = ORIENTED_EDGE('',*,*,#7671,.F.);
#7671 = EDGE_CURVE('',#7642,#7672,#7674,.T.);
#7672 = VERTEX_POINT('',#7673);
#7673 = CARTESIAN_POINT('',(5.6,4.6,3.));
#7674 = LINE('',#7675,#7676);
#7675 = CARTESIAN_POINT('',(-6.6,4.6,3.));
#7676 = VECTOR('',#7677,1.);
#7677 = DIRECTION('',(1.,0.,0.));
#7678 = ORIENTED_EDGE('',*,*,#7641,.F.);
#7679 = ORIENTED_EDGE('',*,*,#7610,.T.);
#7680 = ORIENTED_EDGE('',*,*,#7681,.T.);
#7681 = EDGE_CURVE('',#7603,#7672,#7682,.T.);
#7682 = LINE('',#7683,#7684);
#7683 = CARTESIAN_POINT('',(5.6,4.6,3.));
#7684 = VECTOR('',#7685,1.);
#7685 = DIRECTION('',(0.,0.,-1.));
#7686 = PLANE('',#7687);
#7687 = AXIS2_PLACEMENT_3D('',#7688,#7689,#7690);
#7688 = CARTESIAN_POINT('',(-6.6,4.6,3.));
#7689 = DIRECTION('',(0.,1.,0.));
#7690 = DIRECTION('',(0.,-0.,1.));
#7691 = ADVANCED_FACE('',(#7692),#7710,.F.);
#7692 = FACE_BOUND('',#7693,.F.);
#7693 = EDGE_LOOP('',(#7694,#7695,#7696,#7704));
#7694 = ORIENTED_EDGE('',*,*,#7602,.F.);
#7695 = ORIENTED_EDGE('',*,*,#7681,.T.);
#7696 = ORIENTED_EDGE('',*,*,#7697,.T.);
#7697 = EDGE_CURVE('',#7672,#7698,#7700,.T.);
#7698 = VERTEX_POINT('',#7699);
#7699 = CARTESIAN_POINT('',(5.6,9.95,3.));
#7700 = LINE('',#7701,#7702);
#7701 = CARTESIAN_POINT('',(5.6,3.6,3.));
#7702 = VECTOR('',#7703,1.);
#7703 = DIRECTION('',(0.,1.,0.));
#7704 = ORIENTED_EDGE('',*,*,#7705,.T.);
#7705 = EDGE_CURVE('',#7698,#7595,#7706,.T.);
#7706 = LINE('',#7707,#7708);
#7707 = CARTESIAN_POINT('',(5.6,9.95,3.));
#7708 = VECTOR('',#7709,1.);
#7709 = DIRECTION('',(0.,0.,1.));
#7710 = PLANE('',#7711);
#7711 = AXIS2_PLACEMENT_3D('',#7712,#7713,#7714);
#7712 = CARTESIAN_POINT('',(5.6,3.6,3.));
#7713 = DIRECTION('',(1.,0.,0.));
#7714 = DIRECTION('',(0.,0.,1.));
#7715 = ADVANCED_FACE('',(#7716),#7734,.T.);
#7716 = FACE_BOUND('',#7717,.T.);
#7717 = EDGE_LOOP('',(#7718,#7726,#7727,#7728));
#7718 = ORIENTED_EDGE('',*,*,#7719,.F.);
#7719 = EDGE_CURVE('',#7698,#7720,#7722,.T.);
#7720 = VERTEX_POINT('',#7721);
#7721 = CARTESIAN_POINT('',(6.6,9.95,3.));
#7722 = LINE('',#7723,#7724);
#7723 = CARTESIAN_POINT('',(5.6,9.95,3.));
#7724 = VECTOR('',#7725,1.);
#7725 = DIRECTION('',(1.,0.,0.));
#7726 = ORIENTED_EDGE('',*,*,#7705,.T.);
#7727 = ORIENTED_EDGE('',*,*,#7594,.T.);
#7728 = ORIENTED_EDGE('',*,*,#7729,.F.);
#7729 = EDGE_CURVE('',#7720,#7587,#7730,.T.);
#7730 = LINE('',#7731,#7732);
#7731 = CARTESIAN_POINT('',(6.6,9.95,3.));
#7732 = VECTOR('',#7733,1.);
#7733 = DIRECTION('',(0.,0.,1.));
#7734 = PLANE('',#7735);
#7735 = AXIS2_PLACEMENT_3D('',#7736,#7737,#7738);
#7736 = CARTESIAN_POINT('',(5.6,9.95,3.));
#7737 = DIRECTION('',(0.,1.,0.));
#7738 = DIRECTION('',(0.,-0.,1.));
#7739 = ADVANCED_FACE('',(#7740),#7758,.T.);
#7740 = FACE_BOUND('',#7741,.T.);
#7741 = EDGE_LOOP('',(#7742,#7750,#7756,#7757));
#7742 = ORIENTED_EDGE('',*,*,#7743,.F.);
#7743 = EDGE_CURVE('',#7744,#7579,#7746,.T.);
#7744 = VERTEX_POINT('',#7745);
#7745 = CARTESIAN_POINT('',(6.6,3.6,3.));
#7746 = LINE('',#7747,#7748);
#7747 = CARTESIAN_POINT('',(6.6,3.6,3.));
#7748 = VECTOR('',#7749,1.);
#7749 = DIRECTION('',(0.,0.,1.));
#7750 = ORIENTED_EDGE('',*,*,#7751,.F.);
#7751 = EDGE_CURVE('',#7720,#7744,#7752,.T.);
#7752 = LINE('',#7753,#7754);
#7753 = CARTESIAN_POINT('',(6.6,9.95,3.));
#7754 = VECTOR('',#7755,1.);
#7755 = DIRECTION('',(0.,-1.,0.));
#7756 = ORIENTED_EDGE('',*,*,#7729,.T.);
#7757 = ORIENTED_EDGE('',*,*,#7586,.F.);
#7758 = PLANE('',#7759);
#7759 = AXIS2_PLACEMENT_3D('',#7760,#7761,#7762);
#7760 = CARTESIAN_POINT('',(6.6,3.6,3.));
#7761 = DIRECTION('',(1.,0.,0.));
#7762 = DIRECTION('',(0.,0.,1.));
#7763 = ADVANCED_FACE('',(#7764),#7775,.T.);
#7764 = FACE_BOUND('',#7765,.T.);
#7765 = EDGE_LOOP('',(#7766,#7772,#7773,#7774));
#7766 = ORIENTED_EDGE('',*,*,#7767,.F.);
#7767 = EDGE_CURVE('',#7548,#7650,#7768,.T.);
#7768 = LINE('',#7769,#7770);
#7769 = CARTESIAN_POINT('',(-6.6,9.95,3.));
#7770 = VECTOR('',#7771,1.);
#7771 = DIRECTION('',(1.,0.,0.));
#7772 = ORIENTED_EDGE('',*,*,#7555,.T.);
#7773 = ORIENTED_EDGE('',*,*,#7626,.T.);
#7774 = ORIENTED_EDGE('',*,*,#7657,.F.);
#7775 = PLANE('',#7776);
#7776 = AXIS2_PLACEMENT_3D('',#7777,#7778,#7779);
#7777 = CARTESIAN_POINT('',(-6.6,9.95,3.));
#7778 = DIRECTION('',(0.,1.,0.));
#7779 = DIRECTION('',(0.,-0.,1.));
#7780 = ADVANCED_FACE('',(#7781),#7796,.F.);
#7781 = FACE_BOUND('',#7782,.F.);
#7782 = EDGE_LOOP('',(#7783,#7789,#7790,#7791,#7792,#7793,#7794,#7795));
#7783 = ORIENTED_EDGE('',*,*,#7784,.T.);
#7784 = EDGE_CURVE('',#7538,#7744,#7785,.T.);
#7785 = LINE('',#7786,#7787);
#7786 = CARTESIAN_POINT('',(-6.6,3.6,3.));
#7787 = VECTOR('',#7788,1.);
#7788 = DIRECTION('',(1.,0.,0.));
#7789 = ORIENTED_EDGE('',*,*,#7751,.F.);
#7790 = ORIENTED_EDGE('',*,*,#7719,.F.);
#7791 = ORIENTED_EDGE('',*,*,#7697,.F.);
#7792 = ORIENTED_EDGE('',*,*,#7671,.F.);
#7793 = ORIENTED_EDGE('',*,*,#7649,.T.);
#7794 = ORIENTED_EDGE('',*,*,#7767,.F.);
#7795 = ORIENTED_EDGE('',*,*,#7547,.T.);
#7796 = PLANE('',#7797);
#7797 = AXIS2_PLACEMENT_3D('',#7798,#7799,#7800);
#7798 = CARTESIAN_POINT('',(-6.6,3.6,3.));
#7799 = DIRECTION('',(0.,0.,1.));
#7800 = DIRECTION('',(1.,0.,-0.));
#7801 = ADVANCED_FACE('',(#7802),#7808,.F.);
#7802 = FACE_BOUND('',#7803,.F.);
#7803 = EDGE_LOOP('',(#7804,#7805,#7806,#7807));
#7804 = ORIENTED_EDGE('',*,*,#7784,.F.);
#7805 = ORIENTED_EDGE('',*,*,#7537,.T.);
#7806 = ORIENTED_EDGE('',*,*,#7578,.F.);
#7807 = ORIENTED_EDGE('',*,*,#7743,.F.);
#7808 = PLANE('',#7809);
#7809 = AXIS2_PLACEMENT_3D('',#7810,#7811,#7812);
#7810 = CARTESIAN_POINT('',(-6.6,3.6,3.));
#7811 = DIRECTION('',(0.,1.,0.));
#7812 = DIRECTION('',(0.,-0.,1.));
#7813 = ( GEOMETRIC_REPRESENTATION_CONTEXT(3) 
GLOBAL_UNCERTAINTY_ASSIGNED_CONTEXT((#7817)) 
GLOBAL_UNIT_ASSIGNED_CONTEXT((#7814,#7815,#7816)) REPRESENTATION_CONTEXT
('Context #1','3D Context with UNIT and UNCERTAINTY') );
#7814 = ( LENGTH_UNIT() NAMED_UNIT(*) SI_UNIT(.MILLI.,.METRE.) );
#7815 = ( NAMED_UNIT(*) PLANE_ANGLE_UNIT() SI_UNIT($,.RADIAN.) );
#7816 = ( NAMED_UNIT(*) SI_UNIT($,.STERADIAN.) SOLID_ANGLE_UNIT() );
#7817 = UNCERTAINTY_MEASURE_WITH_UNIT(LENGTH_MEASURE(1.E-07),#7814,
  'distance_accuracy_value','confusion accuracy');
#7818 = CONTEXT_DEPENDENT_SHAPE_REPRESENTATION(#7819,#7821);
#7819 = ( REPRESENTATION_RELATIONSHIP('','',#7530,#7507) 
REPRESENTATION_RELATIONSHIP_WITH_TRANSFORMATION(#7820) 
SHAPE_REPRESENTATION_RELATIONSHIP() );
#7820 = ITEM_DEFINED_TRANSFORMATION('','',#11,#7508);
#7821 = PRODUCT_DEFINITION_SHAPE('Placement','Placement of an item',
  #7822);
#7822 = NEXT_ASSEMBLY_USAGE_OCCURRENCE('39','p0','',#7502,#7525,$);
#7823 = PRODUCT_RELATED_PRODUCT_CATEGORY('part',$,(#7527));
#7824 = CONTEXT_DEPENDENT_SHAPE_REPRESENTATION(#7825,#7827);
#7825 = ( REPRESENTATION_RELATIONSHIP('','',#3322,#10) 
REPRESENTATION_RELATIONSHIP_WITH_TRANSFORMATION(#7826) 
SHAPE_REPRESENTATION_RELATIONSHIP() );
#7826 = ITEM_DEFINED_TRANSFORMATION('','',#11,#87);
#7827 = PRODUCT_DEFINITION_SHAPE('Placement','Placement of an item',
  #7828);
#7828 = NEXT_ASSEMBLY_USAGE_OCCURRENCE('42','R5','',#5,#3317,$);
#7829 = CONTEXT_DEPENDENT_SHAPE_REPRESENTATION(#7830,#7832);
#7830 = ( REPRESENTATION_RELATIONSHIP('','',#1084,#10) 
REPRESENTATION_RELATIONSHIP_WITH_TRANSFORMATION(#7831) 
SHAPE_REPRESENTATION_RELATIONSHIP() );
#7831 = ITEM_DEFINED_TRANSFORMATION('','',#11,#91);
#7832 = PRODUCT_DEFINITION_SHAPE('Placement','Placement of an item',
  #7833);
#7833 = NEXT_ASSEMBLY_USAGE_OCCURRENCE('43','D3','',#5,#1079,$);
#7834 = CONTEXT_DEPENDENT_SHAPE_REPRESENTATION(#7835,#7837);
#7835 = ( REPRESENTATION_RELATIONSHIP('','',#2893,#10) 
REPRESENTATION_RELATIONSHIP_WITH_TRANSFORMATION(#7836) 
SHAPE_REPRESENTATION_RELATIONSHIP() );
#7836 = ITEM_DEFINED_TRANSFORMATION('','',#11,#95);
#7837 = PRODUCT_DEFINITION_SHAPE('Placement','Placement of an item',
  #7838);
#7838 = NEXT_ASSEMBLY_USAGE_OCCURRENCE('44','R_LED3','',#5,#2888,$);
#7839 = SHAPE_DEFINITION_REPRESENTATION(#7840,#7846);
#7840 = PRODUCT_DEFINITION_SHAPE('','',#7841);
#7841 = PRODUCT_DEFINITION('design','',#7842,#7845);
#7842 = PRODUCT_DEFINITION_FORMATION('','',#7843);
#7843 = PRODUCT('ThermalCutoff_SEFUSE_SF_Axial',
  'ThermalCutoff_SEFUSE_SF_Axial','',(#7844));
#7844 = PRODUCT_CONTEXT('',#2,'mechanical');
#7845 = PRODUCT_DEFINITION_CONTEXT('part definition',#2,'design');
#7846 = SHAPE_REPRESENTATION('',(#11,#7847),#7851);
#7847 = AXIS2_PLACEMENT_3D('',#7848,#7849,#7850);
#7848 = CARTESIAN_POINT('',(0.,0.,0.));
#7849 = DIRECTION('',(0.,0.,1.));
#7850 = DIRECTION('',(1.,0.,-0.));
#7851 = ( GEOMETRIC_REPRESENTATION_CONTEXT(3) 
GLOBAL_UNCERTAINTY_ASSIGNED_CONTEXT((#7855)) 
GLOBAL_UNIT_ASSIGNED_CONTEXT((#7852,#7853,#7854)) REPRESENTATION_CONTEXT
('Context #1','3D Context with UNIT and UNCERTAINTY') );
#7852 = ( LENGTH_UNIT() NAMED_UNIT(*) SI_UNIT(.MILLI.,.METRE.) );
#7853 = ( NAMED_UNIT(*) PLANE_ANGLE_UNIT() SI_UNIT($,.RADIAN.) );
#7854 = ( NAMED_UNIT(*) SI_UNIT($,.STERADIAN.) SOLID_ANGLE_UNIT() );
#7855 = UNCERTAINTY_MEASURE_WITH_UNIT(LENGTH_MEASURE(1.E-07),#7852,
  'distance_accuracy_value','confusion accuracy');
#7856 = CONTEXT_DEPENDENT_SHAPE_REPRESENTATION(#7857,#7859);
#7857 = ( REPRESENTATION_RELATIONSHIP('','',#7846,#10) 
REPRESENTATION_RELATIONSHIP_WITH_TRANSFORMATION(#7858) 
SHAPE_REPRESENTATION_RELATIONSHIP() );
#7858 = ITEM_DEFINED_TRANSFORMATION('','',#11,#99);
#7859 = PRODUCT_DEFINITION_SHAPE('Placement','Placement of an item',
  #7860);
#7860 = NEXT_ASSEMBLY_USAGE_OCCURRENCE('48','TF1','',#5,#7841,$);
#7861 = PRODUCT_RELATED_PRODUCT_CATEGORY('part',$,(#7843));
#7862 = SHAPE_DEFINITION_REPRESENTATION(#7863,#7869);
#7863 = PRODUCT_DEFINITION_SHAPE('','',#7864);
#7864 = PRODUCT_DEFINITION('design','',#7865,#7868);
#7865 = PRODUCT_DEFINITION_FORMATION('','',#7866);
#7866 = PRODUCT('ThermalCutoff_SEFUSE_SF_Axial',
  'ThermalCutoff_SEFUSE_SF_Axial','',(#7867));
#7867 = PRODUCT_CONTEXT('',#2,'mechanical');
#7868 = PRODUCT_DEFINITION_CONTEXT('part definition',#2,'design');
#7869 = SHAPE_REPRESENTATION('',(#11,#7870,#7874),#7878);
#7870 = AXIS2_PLACEMENT_3D('',#7871,#7872,#7873);
#7871 = CARTESIAN_POINT('',(0.,0.,0.));
#7872 = DIRECTION('',(0.,0.,1.));
#7873 = DIRECTION('',(1.,0.,0.));
#7874 = AXIS2_PLACEMENT_3D('',#7875,#7876,#7877);
#7875 = CARTESIAN_POINT('',(0.,0.,0.));
#7876 = DIRECTION('',(0.,0.,1.));
#7877 = DIRECTION('',(1.,0.,0.));
#7878 = ( GEOMETRIC_REPRESENTATION_CONTEXT(3) 
GLOBAL_UNCERTAINTY_ASSIGNED_CONTEXT((#7882)) 
GLOBAL_UNIT_ASSIGNED_CONTEXT((#7879,#7880,#7881)) REPRESENTATION_CONTEXT
('Context #1','3D Context with UNIT and UNCERTAINTY') );
#7879 = ( LENGTH_UNIT() NAMED_UNIT(*) SI_UNIT(.MILLI.,.METRE.) );
#7880 = ( NAMED_UNIT(*) PLANE_ANGLE_UNIT() SI_UNIT($,.RADIAN.) );
#7881 = ( NAMED_UNIT(*) SI_UNIT($,.STERADIAN.) SOLID_ANGLE_UNIT() );
#7882 = UNCERTAINTY_MEASURE_WITH_UNIT(LENGTH_MEASURE(1.E-07),#7879,
  'distance_accuracy_value','confusion accuracy');
#7883 = CONTEXT_DEPENDENT_SHAPE_REPRESENTATION(#7884,#7886);
#7884 = ( REPRESENTATION_RELATIONSHIP('','',#7869,#7846) 
REPRESENTATION_RELATIONSHIP_WITH_TRANSFORMATION(#7885) 
SHAPE_REPRESENTATION_RELATIONSHIP() );
#7885 = ITEM_DEFINED_TRANSFORMATION('','',#11,#7847);
#7886 = PRODUCT_DEFINITION_SHAPE('Placement','Placement of an item',
  #7887);
#7887 = NEXT_ASSEMBLY_USAGE_OCCURRENCE('47','=>[0:1:1:38]','',#7841,
  #7864,$);
#7888 = PRODUCT_RELATED_PRODUCT_CATEGORY('part',$,(#7866));
#7889 = SHAPE_DEFINITION_REPRESENTATION(#7890,#7896);
#7890 = PRODUCT_DEFINITION_SHAPE('','',#7891);
#7891 = PRODUCT_DEFINITION('design','',#7892,#7895);
#7892 = PRODUCT_DEFINITION_FORMATION('','',#7893);
#7893 = PRODUCT('p0','p0','',(#7894));
#7894 = PRODUCT_CONTEXT('',#2,'mechanical');
#7895 = PRODUCT_DEFINITION_CONTEXT('part definition',#2,'design');
#7896 = ADVANCED_BREP_SHAPE_REPRESENTATION('',(#11,#7897),#7950);
#7897 = MANIFOLD_SOLID_BREP('',#7898);
#7898 = CLOSED_SHELL('',(#7899,#7932,#7941));
#7899 = ADVANCED_FACE('',(#7900),#7927,.T.);
#7900 = FACE_BOUND('',#7901,.T.);
#7901 = EDGE_LOOP('',(#7902,#7911,#7919,#7926));
#7902 = ORIENTED_EDGE('',*,*,#7903,.T.);
#7903 = EDGE_CURVE('',#7904,#7904,#7906,.T.);
#7904 = VERTEX_POINT('',#7905);
#7905 = CARTESIAN_POINT('',(7.18,2.,8.));
#7906 = CIRCLE('',#7907,2.);
#7907 = AXIS2_PLACEMENT_3D('',#7908,#7909,#7910);
#7908 = CARTESIAN_POINT('',(7.18,0.,8.));
#7909 = DIRECTION('',(1.,0.,0.));
#7910 = DIRECTION('',(-0.,1.,0.));
#7911 = ORIENTED_EDGE('',*,*,#7912,.T.);
#7912 = EDGE_CURVE('',#7904,#7913,#7915,.T.);
#7913 = VERTEX_POINT('',#7914);
#7914 = CARTESIAN_POINT('',(15.68,2.,8.));
#7915 = LINE('',#7916,#7917);
#7916 = CARTESIAN_POINT('',(7.18,2.,8.));
#7917 = VECTOR('',#7918,1.);
#7918 = DIRECTION('',(1.,0.,0.));
#7919 = ORIENTED_EDGE('',*,*,#7920,.F.);
#7920 = EDGE_CURVE('',#7913,#7913,#7921,.T.);
#7921 = CIRCLE('',#7922,2.);
#7922 = AXIS2_PLACEMENT_3D('',#7923,#7924,#7925);
#7923 = CARTESIAN_POINT('',(15.68,0.,8.));
#7924 = DIRECTION('',(1.,0.,0.));
#7925 = DIRECTION('',(-0.,1.,0.));
#7926 = ORIENTED_EDGE('',*,*,#7912,.F.);
#7927 = CYLINDRICAL_SURFACE('',#7928,2.);
#7928 = AXIS2_PLACEMENT_3D('',#7929,#7930,#7931);
#7929 = CARTESIAN_POINT('',(7.18,0.,8.));
#7930 = DIRECTION('',(-1.,-0.,-0.));
#7931 = DIRECTION('',(0.,1.,0.));
#7932 = ADVANCED_FACE('',(#7933),#7936,.F.);
#7933 = FACE_BOUND('',#7934,.F.);
#7934 = EDGE_LOOP('',(#7935));
#7935 = ORIENTED_EDGE('',*,*,#7903,.T.);
#7936 = PLANE('',#7937);
#7937 = AXIS2_PLACEMENT_3D('',#7938,#7939,#7940);
#7938 = CARTESIAN_POINT('',(7.18,-8.546500828371E-17,8.));
#7939 = DIRECTION('',(1.,0.,0.));
#7940 = DIRECTION('',(-0.,0.,1.));
#7941 = ADVANCED_FACE('',(#7942),#7945,.T.);
#7942 = FACE_BOUND('',#7943,.T.);
#7943 = EDGE_LOOP('',(#7944));
#7944 = ORIENTED_EDGE('',*,*,#7920,.T.);
#7945 = PLANE('',#7946);
#7946 = AXIS2_PLACEMENT_3D('',#7947,#7948,#7949);
#7947 = CARTESIAN_POINT('',(15.68,-8.546500828371E-17,8.));
#7948 = DIRECTION('',(1.,0.,0.));
#7949 = DIRECTION('',(-0.,0.,1.));
#7950 = ( GEOMETRIC_REPRESENTATION_CONTEXT(3) 
GLOBAL_UNCERTAINTY_ASSIGNED_CONTEXT((#7954)) 
GLOBAL_UNIT_ASSIGNED_CONTEXT((#7951,#7952,#7953)) REPRESENTATION_CONTEXT
('Context #1','3D Context with UNIT and UNCERTAINTY') );
#7951 = ( LENGTH_UNIT() NAMED_UNIT(*) SI_UNIT(.MILLI.,.METRE.) );
#7952 = ( NAMED_UNIT(*) PLANE_ANGLE_UNIT() SI_UNIT($,.RADIAN.) );
#7953 = ( NAMED_UNIT(*) SI_UNIT($,.STERADIAN.) SOLID_ANGLE_UNIT() );
#7954 = UNCERTAINTY_MEASURE_WITH_UNIT(LENGTH_MEASURE(1.E-07),#7951,
  'distance_accuracy_value','confusion accuracy');
#7955 = CONTEXT_DEPENDENT_SHAPE_REPRESENTATION(#7956,#7958);
#7956 = ( REPRESENTATION_RELATIONSHIP('','',#7896,#7869) 
REPRESENTATION_RELATIONSHIP_WITH_TRANSFORMATION(#7957) 
SHAPE_REPRESENTATION_RELATIONSHIP() );
#7957 = ITEM_DEFINED_TRANSFORMATION('','',#11,#7870);
#7958 = PRODUCT_DEFINITION_SHAPE('Placement','Placement of an item',
  #7959);
#7959 = NEXT_ASSEMBLY_USAGE_OCCURRENCE('45','p0','',#7864,#7891,$);
#7960 = PRODUCT_RELATED_PRODUCT_CATEGORY('part',$,(#7893));
#7961 = SHAPE_DEFINITION_REPRESENTATION(#7962,#7968);
#7962 = PRODUCT_DEFINITION_SHAPE('','',#7963);
#7963 = PRODUCT_DEFINITION('design','',#7964,#7967);
#7964 = PRODUCT_DEFINITION_FORMATION('','',#7965);
#7965 = PRODUCT('p1','p1','',(#7966));
#7966 = PRODUCT_CONTEXT('',#2,'mechanical');
#7967 = PRODUCT_DEFINITION_CONTEXT('part definition',#2,'design');
#7968 = SHAPE_REPRESENTATION('',(#11,#7969,#8108),#8237);
#7969 = MANIFOLD_SOLID_BREP('',#7970);
#7970 = CLOSED_SHELL('',(#7971,#8022,#8031,#8073,#8088,#8097));
#7971 = ADVANCED_FACE('',(#7972),#8017,.T.);
#7972 = FACE_BOUND('',#7973,.T.);
#7973 = EDGE_LOOP('',(#7974,#7984,#7993,#8002,#8009,#8010));
#7974 = ORIENTED_EDGE('',*,*,#7975,.T.);
#7975 = EDGE_CURVE('',#7976,#7978,#7980,.T.);
#7976 = VERTEX_POINT('',#7977);
#7977 = CARTESIAN_POINT('',(15.68,0.5,8.));
#7978 = VERTEX_POINT('',#7979);
#7979 = CARTESIAN_POINT('',(22.86,0.5,8.));
#7980 = LINE('',#7981,#7982);
#7981 = CARTESIAN_POINT('',(15.68,0.5,8.));
#7982 = VECTOR('',#7983,1.);
#7983 = DIRECTION('',(1.,0.,0.));
#7984 = ORIENTED_EDGE('',*,*,#7985,.T.);
#7985 = EDGE_CURVE('',#7978,#7986,#7988,.T.);
#7986 = VERTEX_POINT('',#7987);
#7987 = CARTESIAN_POINT('',(22.36,1.224646799147E-16,7.5));
#7988 = ELLIPSE('',#7989,0.707106781187,0.5);
#7989 = AXIS2_PLACEMENT_3D('',#7990,#7991,#7992);
#7990 = CARTESIAN_POINT('',(22.86,0.,8.));
#7991 = DIRECTION('',(-0.707106781187,0.,0.707106781187));
#7992 = DIRECTION('',(-0.707106781187,0.,-0.707106781187));
#7993 = ORIENTED_EDGE('',*,*,#7994,.T.);
#7994 = EDGE_CURVE('',#7986,#7995,#7997,.T.);
#7995 = VERTEX_POINT('',#7996);
#7996 = CARTESIAN_POINT('',(22.86,-0.5,8.));
#7997 = ELLIPSE('',#7998,0.707106781187,0.5);
#7998 = AXIS2_PLACEMENT_3D('',#7999,#8000,#8001);
#7999 = CARTESIAN_POINT('',(22.86,0.,8.));
#8000 = DIRECTION('',(-0.707106781187,0.,0.707106781187));
#8001 = DIRECTION('',(-0.707106781187,0.,-0.707106781187));
#8002 = ORIENTED_EDGE('',*,*,#8003,.F.);
#8003 = EDGE_CURVE('',#7978,#7995,#8004,.T.);
#8004 = CIRCLE('',#8005,0.5);
#8005 = AXIS2_PLACEMENT_3D('',#8006,#8007,#8008);
#8006 = CARTESIAN_POINT('',(22.86,0.,8.));
#8007 = DIRECTION('',(1.,0.,0.));
#8008 = DIRECTION('',(-0.,1.,0.));
#8009 = ORIENTED_EDGE('',*,*,#7975,.F.);
#8010 = ORIENTED_EDGE('',*,*,#8011,.T.);
#8011 = EDGE_CURVE('',#7976,#7976,#8012,.T.);
#8012 = CIRCLE('',#8013,0.5);
#8013 = AXIS2_PLACEMENT_3D('',#8014,#8015,#8016);
#8014 = CARTESIAN_POINT('',(15.68,0.,8.));
#8015 = DIRECTION('',(1.,0.,0.));
#8016 = DIRECTION('',(-0.,1.,0.));
#8017 = CYLINDRICAL_SURFACE('',#8018,0.5);
#8018 = AXIS2_PLACEMENT_3D('',#8019,#8020,#8021);
#8019 = CARTESIAN_POINT('',(15.68,0.,8.));
#8020 = DIRECTION('',(-1.,-0.,-0.));
#8021 = DIRECTION('',(0.,1.,0.));
#8022 = ADVANCED_FACE('',(#8023),#8026,.F.);
#8023 = FACE_BOUND('',#8024,.F.);
#8024 = EDGE_LOOP('',(#8025));
#8025 = ORIENTED_EDGE('',*,*,#8011,.T.);
#8026 = PLANE('',#8027);
#8027 = AXIS2_PLACEMENT_3D('',#8028,#8029,#8030);
#8028 = CARTESIAN_POINT('',(15.68,-2.136625207093E-17,8.));
#8029 = DIRECTION('',(1.,0.,0.));
#8030 = DIRECTION('',(-0.,0.,1.));
#8031 = ADVANCED_FACE('',(#8032),#8068,.T.);
#8032 = FACE_BOUND('',#8033,.T.);
#8033 = EDGE_LOOP('',(#8034,#8044,#8051,#8052,#8053,#8060,#8061));
#8034 = ORIENTED_EDGE('',*,*,#8035,.T.);
#8035 = EDGE_CURVE('',#8036,#8038,#8040,.T.);
#8036 = VERTEX_POINT('',#8037);
#8037 = CARTESIAN_POINT('',(23.36,0.,-3.));
#8038 = VERTEX_POINT('',#8039);
#8039 = CARTESIAN_POINT('',(23.36,0.,8.));
#8040 = LINE('',#8041,#8042);
#8041 = CARTESIAN_POINT('',(23.36,0.,-3.));
#8042 = VECTOR('',#8043,1.);
#8043 = DIRECTION('',(0.,0.,1.));
#8044 = ORIENTED_EDGE('',*,*,#8045,.F.);
#8045 = EDGE_CURVE('',#7995,#8038,#8046,.T.);
#8046 = CIRCLE('',#8047,0.5);
#8047 = AXIS2_PLACEMENT_3D('',#8048,#8049,#8050);
#8048 = CARTESIAN_POINT('',(22.86,0.,8.));
#8049 = DIRECTION('',(0.,0.,1.));
#8050 = DIRECTION('',(1.,0.,-0.));
#8051 = ORIENTED_EDGE('',*,*,#7994,.F.);
#8052 = ORIENTED_EDGE('',*,*,#7985,.F.);
#8053 = ORIENTED_EDGE('',*,*,#8054,.F.);
#8054 = EDGE_CURVE('',#8038,#7978,#8055,.T.);
#8055 = CIRCLE('',#8056,0.5);
#8056 = AXIS2_PLACEMENT_3D('',#8057,#8058,#8059);
#8057 = CARTESIAN_POINT('',(22.86,0.,8.));
#8058 = DIRECTION('',(0.,0.,1.));
#8059 = DIRECTION('',(1.,0.,-0.));
#8060 = ORIENTED_EDGE('',*,*,#8035,.F.);
#8061 = ORIENTED_EDGE('',*,*,#8062,.T.);
#8062 = EDGE_CURVE('',#8036,#8036,#8063,.T.);
#8063 = CIRCLE('',#8064,0.5);
#8064 = AXIS2_PLACEMENT_3D('',#8065,#8066,#8067);
#8065 = CARTESIAN_POINT('',(22.86,0.,-3.));
#8066 = DIRECTION('',(0.,0.,1.));
#8067 = DIRECTION('',(1.,0.,-0.));
#8068 = CYLINDRICAL_SURFACE('',#8069,0.5);
#8069 = AXIS2_PLACEMENT_3D('',#8070,#8071,#8072);
#8070 = CARTESIAN_POINT('',(22.86,0.,-3.));
#8071 = DIRECTION('',(-0.,-0.,-1.));
#8072 = DIRECTION('',(1.,0.,0.));
#8073 = ADVANCED_FACE('',(#8074),#8083,.T.);
#8074 = FACE_BOUND('',#8075,.T.);
#8075 = EDGE_LOOP('',(#8076,#8082));
#8076 = ORIENTED_EDGE('',*,*,#8077,.F.);
#8077 = EDGE_CURVE('',#7978,#7995,#8078,.T.);
#8078 = LINE('',#8079,#8080);
#8079 = CARTESIAN_POINT('',(22.86,4.777360425696E-19,8.));
#8080 = VECTOR('',#8081,1.);
#8081 = DIRECTION('',(0.,-1.,0.));
#8082 = ORIENTED_EDGE('',*,*,#8003,.T.);
#8083 = PLANE('',#8084);
#8084 = AXIS2_PLACEMENT_3D('',#8085,#8086,#8087);
#8085 = CARTESIAN_POINT('',(22.86,-2.136625207093E-17,8.));
#8086 = DIRECTION('',(1.,0.,0.));
#8087 = DIRECTION('',(-0.,0.,1.));
#8088 = ADVANCED_FACE('',(#8089),#8092,.F.);
#8089 = FACE_BOUND('',#8090,.F.);
#8090 = EDGE_LOOP('',(#8091));
#8091 = ORIENTED_EDGE('',*,*,#8062,.T.);
#8092 = PLANE('',#8093);
#8093 = AXIS2_PLACEMENT_3D('',#8094,#8095,#8096);
#8094 = CARTESIAN_POINT('',(22.86,2.232172415607E-17,-3.));
#8095 = DIRECTION('',(0.,0.,1.));
#8096 = DIRECTION('',(1.,0.,-0.));
#8097 = ADVANCED_FACE('',(#8098),#8103,.T.);
#8098 = FACE_BOUND('',#8099,.T.);
#8099 = EDGE_LOOP('',(#8100,#8101,#8102));
#8100 = ORIENTED_EDGE('',*,*,#8045,.T.);
#8101 = ORIENTED_EDGE('',*,*,#8054,.T.);
#8102 = ORIENTED_EDGE('',*,*,#8077,.T.);
#8103 = PLANE('',#8104);
#8104 = AXIS2_PLACEMENT_3D('',#8105,#8106,#8107);
#8105 = CARTESIAN_POINT('',(22.86,2.232172415607E-17,8.));
#8106 = DIRECTION('',(0.,0.,1.));
#8107 = DIRECTION('',(1.,0.,-0.));
#8108 = MANIFOLD_SOLID_BREP('',#8109);
#8109 = CLOSED_SHELL('',(#8110,#8161,#8176,#8209,#8218,#8228));
#8110 = ADVANCED_FACE('',(#8111),#8156,.T.);
#8111 = FACE_BOUND('',#8112,.T.);
#8112 = EDGE_LOOP('',(#8113,#8124,#8133,#8141,#8148,#8149));
#8113 = ORIENTED_EDGE('',*,*,#8114,.F.);
#8114 = EDGE_CURVE('',#8115,#8117,#8119,.T.);
#8115 = VERTEX_POINT('',#8116);
#8116 = CARTESIAN_POINT('',(0.5,0.,7.5));
#8117 = VERTEX_POINT('',#8118);
#8118 = CARTESIAN_POINT('',(-2.679688598931E-16,-0.5,8.));
#8119 = ELLIPSE('',#8120,0.707106781187,0.5);
#8120 = AXIS2_PLACEMENT_3D('',#8121,#8122,#8123);
#8121 = CARTESIAN_POINT('',(0.,0.,8.));
#8122 = DIRECTION('',(-0.707106781187,0.,-0.707106781187));
#8123 = DIRECTION('',(-0.707106781187,0.,0.707106781187));
#8124 = ORIENTED_EDGE('',*,*,#8125,.F.);
#8125 = EDGE_CURVE('',#8126,#8115,#8128,.T.);
#8126 = VERTEX_POINT('',#8127);
#8127 = CARTESIAN_POINT('',(0.,0.5,8.));
#8128 = ELLIPSE('',#8129,0.707106781187,0.5);
#8129 = AXIS2_PLACEMENT_3D('',#8130,#8131,#8132);
#8130 = CARTESIAN_POINT('',(0.,0.,8.));
#8131 = DIRECTION('',(-0.707106781187,0.,-0.707106781187));
#8132 = DIRECTION('',(-0.707106781187,0.,0.707106781187));
#8133 = ORIENTED_EDGE('',*,*,#8134,.T.);
#8134 = EDGE_CURVE('',#8126,#8135,#8137,.T.);
#8135 = VERTEX_POINT('',#8136);
#8136 = CARTESIAN_POINT('',(7.18,0.5,8.));
#8137 = LINE('',#8138,#8139);
#8138 = CARTESIAN_POINT('',(0.,0.5,8.));
#8139 = VECTOR('',#8140,1.);
#8140 = DIRECTION('',(1.,0.,0.));
#8141 = ORIENTED_EDGE('',*,*,#8142,.F.);
#8142 = EDGE_CURVE('',#8135,#8135,#8143,.T.);
#8143 = CIRCLE('',#8144,0.5);
#8144 = AXIS2_PLACEMENT_3D('',#8145,#8146,#8147);
#8145 = CARTESIAN_POINT('',(7.18,0.,8.));
#8146 = DIRECTION('',(1.,0.,0.));
#8147 = DIRECTION('',(-0.,1.,0.));
#8148 = ORIENTED_EDGE('',*,*,#8134,.F.);
#8149 = ORIENTED_EDGE('',*,*,#8150,.T.);
#8150 = EDGE_CURVE('',#8126,#8117,#8151,.T.);
#8151 = CIRCLE('',#8152,0.5);
#8152 = AXIS2_PLACEMENT_3D('',#8153,#8154,#8155);
#8153 = CARTESIAN_POINT('',(0.,0.,8.));
#8154 = DIRECTION('',(1.,0.,0.));
#8155 = DIRECTION('',(-0.,1.,0.));
#8156 = CYLINDRICAL_SURFACE('',#8157,0.5);
#8157 = AXIS2_PLACEMENT_3D('',#8158,#8159,#8160);
#8158 = CARTESIAN_POINT('',(0.,0.,8.));
#8159 = DIRECTION('',(-1.,-0.,-0.));
#8160 = DIRECTION('',(0.,1.,0.));
#8161 = ADVANCED_FACE('',(#8162),#8171,.F.);
#8162 = FACE_BOUND('',#8163,.F.);
#8163 = EDGE_LOOP('',(#8164,#8170));
#8164 = ORIENTED_EDGE('',*,*,#8165,.F.);
#8165 = EDGE_CURVE('',#8126,#8117,#8166,.T.);
#8166 = LINE('',#8167,#8168);
#8167 = CARTESIAN_POINT('',(0.,-1.020538999289E-17,8.));
#8168 = VECTOR('',#8169,1.);
#8169 = DIRECTION('',(0.,-1.,0.));
#8170 = ORIENTED_EDGE('',*,*,#8150,.T.);
#8171 = PLANE('',#8172);
#8172 = AXIS2_PLACEMENT_3D('',#8173,#8174,#8175);
#8173 = CARTESIAN_POINT('',(0.,-2.136625207093E-17,8.));
#8174 = DIRECTION('',(1.,0.,0.));
#8175 = DIRECTION('',(-0.,0.,1.));
#8176 = ADVANCED_FACE('',(#8177),#8204,.T.);
#8177 = FACE_BOUND('',#8178,.T.);
#8178 = EDGE_LOOP('',(#8179,#8187,#8188,#8195,#8196,#8197));
#8179 = ORIENTED_EDGE('',*,*,#8180,.T.);
#8180 = EDGE_CURVE('',#8181,#8115,#8183,.T.);
#8181 = VERTEX_POINT('',#8182);
#8182 = CARTESIAN_POINT('',(0.5,0.,-3.));
#8183 = LINE('',#8184,#8185);
#8184 = CARTESIAN_POINT('',(0.5,0.,-3.));
#8185 = VECTOR('',#8186,1.);
#8186 = DIRECTION('',(0.,0.,1.));
#8187 = ORIENTED_EDGE('',*,*,#8114,.T.);
#8188 = ORIENTED_EDGE('',*,*,#8189,.F.);
#8189 = EDGE_CURVE('',#8126,#8117,#8190,.T.);
#8190 = CIRCLE('',#8191,0.5);
#8191 = AXIS2_PLACEMENT_3D('',#8192,#8193,#8194);
#8192 = CARTESIAN_POINT('',(0.,0.,8.));
#8193 = DIRECTION('',(0.,0.,1.));
#8194 = DIRECTION('',(1.,0.,-0.));
#8195 = ORIENTED_EDGE('',*,*,#8125,.T.);
#8196 = ORIENTED_EDGE('',*,*,#8180,.F.);
#8197 = ORIENTED_EDGE('',*,*,#8198,.T.);
#8198 = EDGE_CURVE('',#8181,#8181,#8199,.T.);
#8199 = CIRCLE('',#8200,0.5);
#8200 = AXIS2_PLACEMENT_3D('',#8201,#8202,#8203);
#8201 = CARTESIAN_POINT('',(0.,0.,-3.));
#8202 = DIRECTION('',(0.,0.,1.));
#8203 = DIRECTION('',(1.,0.,-0.));
#8204 = CYLINDRICAL_SURFACE('',#8205,0.5);
#8205 = AXIS2_PLACEMENT_3D('',#8206,#8207,#8208);
#8206 = CARTESIAN_POINT('',(0.,0.,-3.));
#8207 = DIRECTION('',(-0.,-0.,-1.));
#8208 = DIRECTION('',(1.,0.,0.));
#8209 = ADVANCED_FACE('',(#8210),#8213,.T.);
#8210 = FACE_BOUND('',#8211,.T.);
#8211 = EDGE_LOOP('',(#8212));
#8212 = ORIENTED_EDGE('',*,*,#8142,.T.);
#8213 = PLANE('',#8214);
#8214 = AXIS2_PLACEMENT_3D('',#8215,#8216,#8217);
#8215 = CARTESIAN_POINT('',(7.18,-2.136625207093E-17,8.));
#8216 = DIRECTION('',(1.,0.,0.));
#8217 = DIRECTION('',(-0.,0.,1.));
#8218 = ADVANCED_FACE('',(#8219),#8223,.T.);
#8219 = FACE_BOUND('',#8220,.T.);
#8220 = EDGE_LOOP('',(#8221,#8222));
#8221 = ORIENTED_EDGE('',*,*,#8165,.F.);
#8222 = ORIENTED_EDGE('',*,*,#8189,.T.);
#8223 = PLANE('',#8224);
#8224 = AXIS2_PLACEMENT_3D('',#8225,#8226,#8227);
#8225 = CARTESIAN_POINT('',(-3.204937810639E-17,9.554720851393E-19,8.));
#8226 = DIRECTION('',(0.,0.,1.));
#8227 = DIRECTION('',(1.,0.,-0.));
#8228 = ADVANCED_FACE('',(#8229),#8232,.F.);
#8229 = FACE_BOUND('',#8230,.F.);
#8230 = EDGE_LOOP('',(#8231));
#8231 = ORIENTED_EDGE('',*,*,#8198,.T.);
#8232 = PLANE('',#8233);
#8233 = AXIS2_PLACEMENT_3D('',#8234,#8235,#8236);
#8234 = CARTESIAN_POINT('',(-3.204937810639E-17,9.554720851393E-19,-3.)
  );
#8235 = DIRECTION('',(0.,0.,1.));
#8236 = DIRECTION('',(1.,0.,-0.));
#8237 = ( GEOMETRIC_REPRESENTATION_CONTEXT(3) 
GLOBAL_UNCERTAINTY_ASSIGNED_CONTEXT((#8241)) 
GLOBAL_UNIT_ASSIGNED_CONTEXT((#8238,#8239,#8240)) REPRESENTATION_CONTEXT
('Context #1','3D Context with UNIT and UNCERTAINTY') );
#8238 = ( LENGTH_UNIT() NAMED_UNIT(*) SI_UNIT(.MILLI.,.METRE.) );
#8239 = ( NAMED_UNIT(*) PLANE_ANGLE_UNIT() SI_UNIT($,.RADIAN.) );
#8240 = ( NAMED_UNIT(*) SI_UNIT($,.STERADIAN.) SOLID_ANGLE_UNIT() );
#8241 = UNCERTAINTY_MEASURE_WITH_UNIT(LENGTH_MEASURE(1.E-07),#8238,
  'distance_accuracy_value','confusion accuracy');
#8242 = CONTEXT_DEPENDENT_SHAPE_REPRESENTATION(#8243,#8245);
#8243 = ( REPRESENTATION_RELATIONSHIP('','',#7968,#7869) 
REPRESENTATION_RELATIONSHIP_WITH_TRANSFORMATION(#8244) 
SHAPE_REPRESENTATION_RELATIONSHIP() );
#8244 = ITEM_DEFINED_TRANSFORMATION('','',#11,#7874);
#8245 = PRODUCT_DEFINITION_SHAPE('Placement','Placement of an item',
  #8246);
#8246 = NEXT_ASSEMBLY_USAGE_OCCURRENCE('46','p1','',#7864,#7963,$);
#8247 = PRODUCT_RELATED_PRODUCT_CATEGORY('part',$,(#7965));
#8248 = SHAPE_DEFINITION_REPRESENTATION(#8249,#8255);
#8249 = PRODUCT_DEFINITION_SHAPE('','',#8250);
#8250 = PRODUCT_DEFINITION('design','',#8251,#8254);
#8251 = PRODUCT_DEFINITION_FORMATION('','',#8252);
#8252 = PRODUCT('TO-92_Inline_Wide','TO-92_Inline_Wide','',(#8253));
#8253 = PRODUCT_CONTEXT('',#2,'mechanical');
#8254 = PRODUCT_DEFINITION_CONTEXT('part definition',#2,'design');
#8255 = SHAPE_REPRESENTATION('',(#11,#8256),#8260);
#8256 = AXIS2_PLACEMENT_3D('',#8257,#8258,#8259);
#8257 = CARTESIAN_POINT('',(0.,0.,0.));
#8258 = DIRECTION('',(0.,0.,1.));
#8259 = DIRECTION('',(1.,0.,-0.));
#8260 = ( GEOMETRIC_REPRESENTATION_CONTEXT(3) 
GLOBAL_UNCERTAINTY_ASSIGNED_CONTEXT((#8264)) 
GLOBAL_UNIT_ASSIGNED_CONTEXT((#8261,#8262,#8263)) REPRESENTATION_CONTEXT
('Context #1','3D Context with UNIT and UNCERTAINTY') );
#8261 = ( LENGTH_UNIT() NAMED_UNIT(*) SI_UNIT(.MILLI.,.METRE.) );
#8262 = ( NAMED_UNIT(*) PLANE_ANGLE_UNIT() SI_UNIT($,.RADIAN.) );
#8263 = ( NAMED_UNIT(*) SI_UNIT($,.STERADIAN.) SOLID_ANGLE_UNIT() );
#8264 = UNCERTAINTY_MEASURE_WITH_UNIT(LENGTH_MEASURE(1.E-07),#8261,
  'distance_accuracy_value','confusion accuracy');
#8265 = CONTEXT_DEPENDENT_SHAPE_REPRESENTATION(#8266,#8268);
#8266 = ( REPRESENTATION_RELATIONSHIP('','',#8255,#10) 
REPRESENTATION_RELATIONSHIP_WITH_TRANSFORMATION(#8267) 
SHAPE_REPRESENTATION_RELATIONSHIP() );
#8267 = ITEM_DEFINED_TRANSFORMATION('','',#11,#103);
#8268 = PRODUCT_DEFINITION_SHAPE('Placement','Placement of an item',
  #8269);
#8269 = NEXT_ASSEMBLY_USAGE_OCCURRENCE('50','Q1','',#5,#8250,$);
#8270 = PRODUCT_RELATED_PRODUCT_CATEGORY('part',$,(#8252));
#8271 = SHAPE_DEFINITION_REPRESENTATION(#8272,#8278);
#8272 = PRODUCT_DEFINITION_SHAPE('','',#8273);
#8273 = PRODUCT_DEFINITION('design','',#8274,#8277);
#8274 = PRODUCT_DEFINITION_FORMATION('','',#8275);
#8275 = PRODUCT('TO-92_Inline_Wide','TO-92_Inline_Wide','',(#8276));
#8276 = PRODUCT_CONTEXT('',#2,'mechanical');
#8277 = PRODUCT_DEFINITION_CONTEXT('part definition',#2,'design');
#8278 = ADVANCED_BREP_SHAPE_REPRESENTATION('',(#11,#8279),#9055);
#8279 = MANIFOLD_SOLID_BREP('',#8280);
#8280 = CLOSED_SHELL('',(#8281,#8321,#8345,#8457,#8467,#8498,#8522,#8546
    ,#8563,#8594,#8650,#8674,#8723,#8754,#8810,#8834,#8883,#8895,#8912,
    #8929,#8946,#8963,#8975,#8992,#9009,#9026,#9043));
#8281 = ADVANCED_FACE('',(#8282),#8316,.F.);
#8282 = FACE_BOUND('',#8283,.F.);
#8283 = EDGE_LOOP('',(#8284,#8294,#8302,#8310));
#8284 = ORIENTED_EDGE('',*,*,#8285,.T.);
#8285 = EDGE_CURVE('',#8286,#8288,#8290,.T.);
#8286 = VERTEX_POINT('',#8287);
#8287 = CARTESIAN_POINT('',(0.524230916003,-1.33,2.5));
#8288 = VERTEX_POINT('',#8289);
#8289 = CARTESIAN_POINT('',(0.524230916003,-1.33,7.3));
#8290 = LINE('',#8291,#8292);
#8291 = CARTESIAN_POINT('',(0.524230916003,-1.33,2.5));
#8292 = VECTOR('',#8293,1.);
#8293 = DIRECTION('',(0.,0.,1.));
#8294 = ORIENTED_EDGE('',*,*,#8295,.T.);
#8295 = EDGE_CURVE('',#8288,#8296,#8298,.T.);
#8296 = VERTEX_POINT('',#8297);
#8297 = CARTESIAN_POINT('',(4.555769083998,-1.33,7.3));
#8298 = LINE('',#8299,#8300);
#8299 = CARTESIAN_POINT('',(0.524230916003,-1.33,7.3));
#8300 = VECTOR('',#8301,1.);
#8301 = DIRECTION('',(1.,0.,0.));
#8302 = ORIENTED_EDGE('',*,*,#8303,.F.);
#8303 = EDGE_CURVE('',#8304,#8296,#8306,.T.);
#8304 = VERTEX_POINT('',#8305);
#8305 = CARTESIAN_POINT('',(4.555769083998,-1.33,2.5));
#8306 = LINE('',#8307,#8308);
#8307 = CARTESIAN_POINT('',(4.555769083998,-1.33,2.5));
#8308 = VECTOR('',#8309,1.);
#8309 = DIRECTION('',(0.,0.,1.));
#8310 = ORIENTED_EDGE('',*,*,#8311,.F.);
#8311 = EDGE_CURVE('',#8286,#8304,#8312,.T.);
#8312 = LINE('',#8313,#8314);
#8313 = CARTESIAN_POINT('',(0.524230916003,-1.33,2.5));
#8314 = VECTOR('',#8315,1.);
#8315 = DIRECTION('',(1.,0.,0.));
#8316 = PLANE('',#8317);
#8317 = AXIS2_PLACEMENT_3D('',#8318,#8319,#8320);
#8318 = CARTESIAN_POINT('',(0.524230916003,-1.33,2.5));
#8319 = DIRECTION('',(0.,1.,0.));
#8320 = DIRECTION('',(1.,0.,0.));
#8321 = ADVANCED_FACE('',(#8322),#8340,.T.);
#8322 = FACE_BOUND('',#8323,.T.);
#8323 = EDGE_LOOP('',(#8324,#8331,#8332,#8339));
#8324 = ORIENTED_EDGE('',*,*,#8325,.T.);
#8325 = EDGE_CURVE('',#8304,#8286,#8326,.T.);
#8326 = CIRCLE('',#8327,2.415);
#8327 = AXIS2_PLACEMENT_3D('',#8328,#8329,#8330);
#8328 = CARTESIAN_POINT('',(2.54,0.,2.5));
#8329 = DIRECTION('',(0.,0.,1.));
#8330 = DIRECTION('',(1.,0.,-0.));
#8331 = ORIENTED_EDGE('',*,*,#8285,.T.);
#8332 = ORIENTED_EDGE('',*,*,#8333,.F.);
#8333 = EDGE_CURVE('',#8296,#8288,#8334,.T.);
#8334 = CIRCLE('',#8335,2.415);
#8335 = AXIS2_PLACEMENT_3D('',#8336,#8337,#8338);
#8336 = CARTESIAN_POINT('',(2.54,0.,7.3));
#8337 = DIRECTION('',(0.,0.,1.));
#8338 = DIRECTION('',(1.,0.,-0.));
#8339 = ORIENTED_EDGE('',*,*,#8303,.F.);
#8340 = CYLINDRICAL_SURFACE('',#8341,2.415);
#8341 = AXIS2_PLACEMENT_3D('',#8342,#8343,#8344);
#8342 = CARTESIAN_POINT('',(2.54,0.,2.5));
#8343 = DIRECTION('',(-0.,-0.,-1.));
#8344 = DIRECTION('',(1.,0.,0.));
#8345 = ADVANCED_FACE('',(#8346,#8350,#8384,#8418),#8452,.T.);
#8346 = FACE_BOUND('',#8347,.T.);
#8347 = EDGE_LOOP('',(#8348,#8349));
#8348 = ORIENTED_EDGE('',*,*,#8311,.F.);
#8349 = ORIENTED_EDGE('',*,*,#8325,.F.);
#8350 = FACE_BOUND('',#8351,.T.);
#8351 = EDGE_LOOP('',(#8352,#8362,#8370,#8378));
#8352 = ORIENTED_EDGE('',*,*,#8353,.F.);
#8353 = EDGE_CURVE('',#8354,#8356,#8358,.T.);
#8354 = VERTEX_POINT('',#8355);
#8355 = CARTESIAN_POINT('',(2.79,0.19,2.5));
#8356 = VERTEX_POINT('',#8357);
#8357 = CARTESIAN_POINT('',(2.79,-0.19,2.5));
#8358 = LINE('',#8359,#8360);
#8359 = CARTESIAN_POINT('',(2.79,-0.57,2.5));
#8360 = VECTOR('',#8361,1.);
#8361 = DIRECTION('',(0.,-1.,0.));
#8362 = ORIENTED_EDGE('',*,*,#8363,.T.);
#8363 = EDGE_CURVE('',#8354,#8364,#8366,.T.);
#8364 = VERTEX_POINT('',#8365);
#8365 = CARTESIAN_POINT('',(2.29,0.19,2.5));
#8366 = LINE('',#8367,#8368);
#8367 = CARTESIAN_POINT('',(1.407115458001,0.19,2.5));
#8368 = VECTOR('',#8369,1.);
#8369 = DIRECTION('',(-1.,-0.,-0.));
#8370 = ORIENTED_EDGE('',*,*,#8371,.F.);
#8371 = EDGE_CURVE('',#8372,#8364,#8374,.T.);
#8372 = VERTEX_POINT('',#8373);
#8373 = CARTESIAN_POINT('',(2.29,-0.19,2.5));
#8374 = LINE('',#8375,#8376);
#8375 = CARTESIAN_POINT('',(2.29,-0.57,2.5));
#8376 = VECTOR('',#8377,1.);
#8377 = DIRECTION('',(0.,1.,0.));
#8378 = ORIENTED_EDGE('',*,*,#8379,.F.);
#8379 = EDGE_CURVE('',#8356,#8372,#8380,.T.);
#8380 = LINE('',#8381,#8382);
#8381 = CARTESIAN_POINT('',(1.407115458001,-0.19,2.5));
#8382 = VECTOR('',#8383,1.);
#8383 = DIRECTION('',(-1.,-0.,-0.));
#8384 = FACE_BOUND('',#8385,.T.);
#8385 = EDGE_LOOP('',(#8386,#8396,#8404,#8412));
#8386 = ORIENTED_EDGE('',*,*,#8387,.F.);
#8387 = EDGE_CURVE('',#8388,#8390,#8392,.T.);
#8388 = VERTEX_POINT('',#8389);
#8389 = CARTESIAN_POINT('',(4.06,0.19,2.5));
#8390 = VERTEX_POINT('',#8391);
#8391 = CARTESIAN_POINT('',(4.06,-0.19,2.5));
#8392 = LINE('',#8393,#8394);
#8393 = CARTESIAN_POINT('',(4.06,-0.57,2.5));
#8394 = VECTOR('',#8395,1.);
#8395 = DIRECTION('',(0.,-1.,0.));
#8396 = ORIENTED_EDGE('',*,*,#8397,.T.);
#8397 = EDGE_CURVE('',#8388,#8398,#8400,.T.);
#8398 = VERTEX_POINT('',#8399);
#8399 = CARTESIAN_POINT('',(3.56,0.19,2.5));
#8400 = LINE('',#8401,#8402);
#8401 = CARTESIAN_POINT('',(2.927115458001,0.19,2.5));
#8402 = VECTOR('',#8403,1.);
#8403 = DIRECTION('',(-1.,-0.,-0.));
#8404 = ORIENTED_EDGE('',*,*,#8405,.F.);
#8405 = EDGE_CURVE('',#8406,#8398,#8408,.T.);
#8406 = VERTEX_POINT('',#8407);
#8407 = CARTESIAN_POINT('',(3.56,-0.19,2.5));
#8408 = LINE('',#8409,#8410);
#8409 = CARTESIAN_POINT('',(3.56,-0.57,2.5));
#8410 = VECTOR('',#8411,1.);
#8411 = DIRECTION('',(0.,1.,0.));
#8412 = ORIENTED_EDGE('',*,*,#8413,.F.);
#8413 = EDGE_CURVE('',#8390,#8406,#8414,.T.);
#8414 = LINE('',#8415,#8416);
#8415 = CARTESIAN_POINT('',(2.927115458001,-0.19,2.5));
#8416 = VECTOR('',#8417,1.);
#8417 = DIRECTION('',(-1.,-0.,-0.));
#8418 = FACE_BOUND('',#8419,.T.);
#8419 = EDGE_LOOP('',(#8420,#8430,#8438,#8446));
#8420 = ORIENTED_EDGE('',*,*,#8421,.F.);
#8421 = EDGE_CURVE('',#8422,#8424,#8426,.T.);
#8422 = VERTEX_POINT('',#8423);
#8423 = CARTESIAN_POINT('',(1.52,0.19,2.5));
#8424 = VERTEX_POINT('',#8425);
#8425 = CARTESIAN_POINT('',(1.52,-0.19,2.5));
#8426 = LINE('',#8427,#8428);
#8427 = CARTESIAN_POINT('',(1.52,-0.57,2.5));
#8428 = VECTOR('',#8429,1.);
#8429 = DIRECTION('',(0.,-1.,0.));
#8430 = ORIENTED_EDGE('',*,*,#8431,.T.);
#8431 = EDGE_CURVE('',#8422,#8432,#8434,.T.);
#8432 = VERTEX_POINT('',#8433);
#8433 = CARTESIAN_POINT('',(1.02,0.19,2.5));
#8434 = LINE('',#8435,#8436);
#8435 = CARTESIAN_POINT('',(0.387115458001,0.19,2.5));
#8436 = VECTOR('',#8437,1.);
#8437 = DIRECTION('',(-1.,-0.,-0.));
#8438 = ORIENTED_EDGE('',*,*,#8439,.F.);
#8439 = EDGE_CURVE('',#8440,#8432,#8442,.T.);
#8440 = VERTEX_POINT('',#8441);
#8441 = CARTESIAN_POINT('',(1.02,-0.19,2.5));
#8442 = LINE('',#8443,#8444);
#8443 = CARTESIAN_POINT('',(1.02,-0.57,2.5));
#8444 = VECTOR('',#8445,1.);
#8445 = DIRECTION('',(0.,1.,0.));
#8446 = ORIENTED_EDGE('',*,*,#8447,.F.);
#8447 = EDGE_CURVE('',#8424,#8440,#8448,.T.);
#8448 = LINE('',#8449,#8450);
#8449 = CARTESIAN_POINT('',(0.387115458001,-0.19,2.5));
#8450 = VECTOR('',#8451,1.);
#8451 = DIRECTION('',(-1.,-0.,-0.));
#8452 = PLANE('',#8453);
#8453 = AXIS2_PLACEMENT_3D('',#8454,#8455,#8456);
#8454 = CARTESIAN_POINT('',(0.524230916003,-1.33,2.5));
#8455 = DIRECTION('',(0.,0.,-1.));
#8456 = DIRECTION('',(-1.,0.,0.));
#8457 = ADVANCED_FACE('',(#8458),#8462,.F.);
#8458 = FACE_BOUND('',#8459,.T.);
#8459 = EDGE_LOOP('',(#8460,#8461));
#8460 = ORIENTED_EDGE('',*,*,#8295,.T.);
#8461 = ORIENTED_EDGE('',*,*,#8333,.T.);
#8462 = PLANE('',#8463);
#8463 = AXIS2_PLACEMENT_3D('',#8464,#8465,#8466);
#8464 = CARTESIAN_POINT('',(0.524230916003,-1.33,7.3));
#8465 = DIRECTION('',(0.,0.,-1.));
#8466 = DIRECTION('',(-1.,0.,0.));
#8467 = ADVANCED_FACE('',(#8468),#8493,.T.);
#8468 = FACE_BOUND('',#8469,.T.);
#8469 = EDGE_LOOP('',(#8470,#8478,#8479,#8487));
#8470 = ORIENTED_EDGE('',*,*,#8471,.F.);
#8471 = EDGE_CURVE('',#8354,#8472,#8474,.T.);
#8472 = VERTEX_POINT('',#8473);
#8473 = CARTESIAN_POINT('',(2.79,0.19,-2.7));
#8474 = LINE('',#8475,#8476);
#8475 = CARTESIAN_POINT('',(2.79,0.19,2.8));
#8476 = VECTOR('',#8477,1.);
#8477 = DIRECTION('',(0.,-6.661338147751E-16,-1.));
#8478 = ORIENTED_EDGE('',*,*,#8353,.T.);
#8479 = ORIENTED_EDGE('',*,*,#8480,.T.);
#8480 = EDGE_CURVE('',#8356,#8481,#8483,.T.);
#8481 = VERTEX_POINT('',#8482);
#8482 = CARTESIAN_POINT('',(2.79,-0.19,-2.7));
#8483 = LINE('',#8484,#8485);
#8484 = CARTESIAN_POINT('',(2.79,-0.19,2.8));
#8485 = VECTOR('',#8486,1.);
#8486 = DIRECTION('',(0.,-6.661338147751E-16,-1.));
#8487 = ORIENTED_EDGE('',*,*,#8488,.F.);
#8488 = EDGE_CURVE('',#8472,#8481,#8489,.T.);
#8489 = LINE('',#8490,#8491);
#8490 = CARTESIAN_POINT('',(2.79,0.19,-2.7));
#8491 = VECTOR('',#8492,1.);
#8492 = DIRECTION('',(0.,-1.,4.440892098501E-16));
#8493 = PLANE('',#8494);
#8494 = AXIS2_PLACEMENT_3D('',#8495,#8496,#8497);
#8495 = CARTESIAN_POINT('',(2.79,0.19,2.8));
#8496 = DIRECTION('',(1.,0.,0.));
#8497 = DIRECTION('',(0.,-6.661338147751E-16,-1.));
#8498 = ADVANCED_FACE('',(#8499),#8517,.T.);
#8499 = FACE_BOUND('',#8500,.T.);
#8500 = EDGE_LOOP('',(#8501,#8502,#8510,#8516));
#8501 = ORIENTED_EDGE('',*,*,#8379,.T.);
#8502 = ORIENTED_EDGE('',*,*,#8503,.F.);
#8503 = EDGE_CURVE('',#8504,#8372,#8506,.T.);
#8504 = VERTEX_POINT('',#8505);
#8505 = CARTESIAN_POINT('',(2.29,-0.19,-2.7));
#8506 = LINE('',#8507,#8508);
#8507 = CARTESIAN_POINT('',(2.29,-0.19,-2.7));
#8508 = VECTOR('',#8509,1.);
#8509 = DIRECTION('',(0.,6.661338147751E-16,1.));
#8510 = ORIENTED_EDGE('',*,*,#8511,.F.);
#8511 = EDGE_CURVE('',#8481,#8504,#8512,.T.);
#8512 = LINE('',#8513,#8514);
#8513 = CARTESIAN_POINT('',(2.79,-0.19,-2.7));
#8514 = VECTOR('',#8515,1.);
#8515 = DIRECTION('',(-1.,0.,0.));
#8516 = ORIENTED_EDGE('',*,*,#8480,.F.);
#8517 = PLANE('',#8518);
#8518 = AXIS2_PLACEMENT_3D('',#8519,#8520,#8521);
#8519 = CARTESIAN_POINT('',(2.29,-0.19,2.8));
#8520 = DIRECTION('',(0.,-1.,6.661338147751E-16));
#8521 = DIRECTION('',(0.,-6.661338147751E-16,-1.));
#8522 = ADVANCED_FACE('',(#8523),#8541,.T.);
#8523 = FACE_BOUND('',#8524,.T.);
#8524 = EDGE_LOOP('',(#8525,#8533,#8539,#8540));
#8525 = ORIENTED_EDGE('',*,*,#8526,.F.);
#8526 = EDGE_CURVE('',#8527,#8364,#8529,.T.);
#8527 = VERTEX_POINT('',#8528);
#8528 = CARTESIAN_POINT('',(2.29,0.19,-2.7));
#8529 = LINE('',#8530,#8531);
#8530 = CARTESIAN_POINT('',(2.29,0.19,-2.7));
#8531 = VECTOR('',#8532,1.);
#8532 = DIRECTION('',(0.,6.661338147751E-16,1.));
#8533 = ORIENTED_EDGE('',*,*,#8534,.T.);
#8534 = EDGE_CURVE('',#8527,#8504,#8535,.T.);
#8535 = LINE('',#8536,#8537);
#8536 = CARTESIAN_POINT('',(2.29,0.19,-2.7));
#8537 = VECTOR('',#8538,1.);
#8538 = DIRECTION('',(0.,-1.,4.440892098501E-16));
#8539 = ORIENTED_EDGE('',*,*,#8503,.T.);
#8540 = ORIENTED_EDGE('',*,*,#8371,.T.);
#8541 = PLANE('',#8542);
#8542 = AXIS2_PLACEMENT_3D('',#8543,#8544,#8545);
#8543 = CARTESIAN_POINT('',(2.29,0.19,-2.7));
#8544 = DIRECTION('',(-1.,0.,0.));
#8545 = DIRECTION('',(0.,6.661338147751E-16,1.));
#8546 = ADVANCED_FACE('',(#8547),#8558,.F.);
#8547 = FACE_BOUND('',#8548,.F.);
#8548 = EDGE_LOOP('',(#8549,#8550,#8551,#8557));
#8549 = ORIENTED_EDGE('',*,*,#8363,.T.);
#8550 = ORIENTED_EDGE('',*,*,#8526,.F.);
#8551 = ORIENTED_EDGE('',*,*,#8552,.F.);
#8552 = EDGE_CURVE('',#8472,#8527,#8553,.T.);
#8553 = LINE('',#8554,#8555);
#8554 = CARTESIAN_POINT('',(2.79,0.19,-2.7));
#8555 = VECTOR('',#8556,1.);
#8556 = DIRECTION('',(-1.,0.,0.));
#8557 = ORIENTED_EDGE('',*,*,#8471,.F.);
#8558 = PLANE('',#8559);
#8559 = AXIS2_PLACEMENT_3D('',#8560,#8561,#8562);
#8560 = CARTESIAN_POINT('',(2.29,0.19,2.8));
#8561 = DIRECTION('',(0.,-1.,6.661338147751E-16));
#8562 = DIRECTION('',(0.,-6.661338147751E-16,-1.));
#8563 = ADVANCED_FACE('',(#8564),#8589,.T.);
#8564 = FACE_BOUND('',#8565,.T.);
#8565 = EDGE_LOOP('',(#8566,#8574,#8575,#8583));
#8566 = ORIENTED_EDGE('',*,*,#8567,.F.);
#8567 = EDGE_CURVE('',#8388,#8568,#8570,.T.);
#8568 = VERTEX_POINT('',#8569);
#8569 = CARTESIAN_POINT('',(4.06,0.19,2.16));
#8570 = LINE('',#8571,#8572);
#8571 = CARTESIAN_POINT('',(4.06,0.19,2.8));
#8572 = VECTOR('',#8573,1.);
#8573 = DIRECTION('',(0.,-6.661338147751E-16,-1.));
#8574 = ORIENTED_EDGE('',*,*,#8387,.T.);
#8575 = ORIENTED_EDGE('',*,*,#8576,.T.);
#8576 = EDGE_CURVE('',#8390,#8577,#8579,.T.);
#8577 = VERTEX_POINT('',#8578);
#8578 = CARTESIAN_POINT('',(4.06,-0.19,2.16));
#8579 = LINE('',#8580,#8581);
#8580 = CARTESIAN_POINT('',(4.06,-0.19,2.8));
#8581 = VECTOR('',#8582,1.);
#8582 = DIRECTION('',(0.,-6.661338147751E-16,-1.));
#8583 = ORIENTED_EDGE('',*,*,#8584,.F.);
#8584 = EDGE_CURVE('',#8568,#8577,#8585,.T.);
#8585 = LINE('',#8586,#8587);
#8586 = CARTESIAN_POINT('',(4.06,0.19,2.16));
#8587 = VECTOR('',#8588,1.);
#8588 = DIRECTION('',(0.,-1.,4.440892098501E-16));
#8589 = PLANE('',#8590);
#8590 = AXIS2_PLACEMENT_3D('',#8591,#8592,#8593);
#8591 = CARTESIAN_POINT('',(4.06,0.19,2.8));
#8592 = DIRECTION('',(1.,0.,0.));
#8593 = DIRECTION('',(0.,-6.661338147751E-16,-1.));
#8594 = ADVANCED_FACE('',(#8595),#8645,.T.);
#8595 = FACE_BOUND('',#8596,.T.);
#8596 = EDGE_LOOP('',(#8597,#8607,#8613,#8614,#8615,#8623,#8631,#8639));
#8597 = ORIENTED_EDGE('',*,*,#8598,.F.);
#8598 = EDGE_CURVE('',#8599,#8601,#8603,.T.);
#8599 = VERTEX_POINT('',#8600);
#8600 = CARTESIAN_POINT('',(5.33,-0.19,0.26));
#8601 = VERTEX_POINT('',#8602);
#8602 = CARTESIAN_POINT('',(5.33,-0.19,-2.7));
#8603 = LINE('',#8604,#8605);
#8604 = CARTESIAN_POINT('',(5.33,-0.19,0.26));
#8605 = VECTOR('',#8606,1.);
#8606 = DIRECTION('',(0.,-6.661338147751E-16,-1.));
#8607 = ORIENTED_EDGE('',*,*,#8608,.T.);
#8608 = EDGE_CURVE('',#8599,#8577,#8609,.T.);
#8609 = LINE('',#8610,#8611);
#8610 = CARTESIAN_POINT('',(5.33,-0.19,0.26));
#8611 = VECTOR('',#8612,1.);
#8612 = DIRECTION('',(-0.555709556774,5.538080009649E-16,0.83137650226)
  );
#8613 = ORIENTED_EDGE('',*,*,#8576,.F.);
#8614 = ORIENTED_EDGE('',*,*,#8413,.T.);
#8615 = ORIENTED_EDGE('',*,*,#8616,.F.);
#8616 = EDGE_CURVE('',#8617,#8406,#8619,.T.);
#8617 = VERTEX_POINT('',#8618);
#8618 = CARTESIAN_POINT('',(3.56,-0.19,2.16));
#8619 = LINE('',#8620,#8621);
#8620 = CARTESIAN_POINT('',(3.56,-0.19,2.16));
#8621 = VECTOR('',#8622,1.);
#8622 = DIRECTION('',(0.,6.661338147751E-16,1.));
#8623 = ORIENTED_EDGE('',*,*,#8624,.T.);
#8624 = EDGE_CURVE('',#8617,#8625,#8627,.T.);
#8625 = VERTEX_POINT('',#8626);
#8626 = CARTESIAN_POINT('',(4.83,-0.19,0.26));
#8627 = LINE('',#8628,#8629);
#8628 = CARTESIAN_POINT('',(3.56,-0.19,2.16));
#8629 = VECTOR('',#8630,1.);
#8630 = DIRECTION('',(0.555709556774,-5.538080009649E-16,-0.83137650226)
  );
#8631 = ORIENTED_EDGE('',*,*,#8632,.F.);
#8632 = EDGE_CURVE('',#8633,#8625,#8635,.T.);
#8633 = VERTEX_POINT('',#8634);
#8634 = CARTESIAN_POINT('',(4.83,-0.19,-2.7));
#8635 = LINE('',#8636,#8637);
#8636 = CARTESIAN_POINT('',(4.83,-0.19,-2.7));
#8637 = VECTOR('',#8638,1.);
#8638 = DIRECTION('',(0.,6.661338147751E-16,1.));
#8639 = ORIENTED_EDGE('',*,*,#8640,.F.);
#8640 = EDGE_CURVE('',#8601,#8633,#8641,.T.);
#8641 = LINE('',#8642,#8643);
#8642 = CARTESIAN_POINT('',(5.33,-0.19,-2.7));
#8643 = VECTOR('',#8644,1.);
#8644 = DIRECTION('',(-1.,0.,0.));
#8645 = PLANE('',#8646);
#8646 = AXIS2_PLACEMENT_3D('',#8647,#8648,#8649);
#8647 = CARTESIAN_POINT('',(5.33,-0.19,0.26));
#8648 = DIRECTION('',(0.,-1.,6.661338147751E-16));
#8649 = DIRECTION('',(0.,-6.661338147751E-16,-1.));
#8650 = ADVANCED_FACE('',(#8651),#8669,.T.);
#8651 = FACE_BOUND('',#8652,.T.);
#8652 = EDGE_LOOP('',(#8653,#8661,#8667,#8668));
#8653 = ORIENTED_EDGE('',*,*,#8654,.F.);
#8654 = EDGE_CURVE('',#8655,#8398,#8657,.T.);
#8655 = VERTEX_POINT('',#8656);
#8656 = CARTESIAN_POINT('',(3.56,0.19,2.16));
#8657 = LINE('',#8658,#8659);
#8658 = CARTESIAN_POINT('',(3.56,0.19,2.16));
#8659 = VECTOR('',#8660,1.);
#8660 = DIRECTION('',(0.,6.661338147751E-16,1.));
#8661 = ORIENTED_EDGE('',*,*,#8662,.T.);
#8662 = EDGE_CURVE('',#8655,#8617,#8663,.T.);
#8663 = LINE('',#8664,#8665);
#8664 = CARTESIAN_POINT('',(3.56,0.19,2.16));
#8665 = VECTOR('',#8666,1.);
#8666 = DIRECTION('',(0.,-1.,4.440892098501E-16));
#8667 = ORIENTED_EDGE('',*,*,#8616,.T.);
#8668 = ORIENTED_EDGE('',*,*,#8405,.T.);
#8669 = PLANE('',#8670);
#8670 = AXIS2_PLACEMENT_3D('',#8671,#8672,#8673);
#8671 = CARTESIAN_POINT('',(3.56,0.19,2.16));
#8672 = DIRECTION('',(-1.,0.,0.));
#8673 = DIRECTION('',(0.,6.661338147751E-16,1.));
#8674 = ADVANCED_FACE('',(#8675),#8718,.F.);
#8675 = FACE_BOUND('',#8676,.F.);
#8676 = EDGE_LOOP('',(#8677,#8687,#8693,#8694,#8695,#8696,#8704,#8712));
#8677 = ORIENTED_EDGE('',*,*,#8678,.F.);
#8678 = EDGE_CURVE('',#8679,#8681,#8683,.T.);
#8679 = VERTEX_POINT('',#8680);
#8680 = CARTESIAN_POINT('',(5.33,0.19,0.26));
#8681 = VERTEX_POINT('',#8682);
#8682 = CARTESIAN_POINT('',(5.33,0.19,-2.7));
#8683 = LINE('',#8684,#8685);
#8684 = CARTESIAN_POINT('',(5.33,0.19,0.26));
#8685 = VECTOR('',#8686,1.);
#8686 = DIRECTION('',(0.,-6.661338147751E-16,-1.));
#8687 = ORIENTED_EDGE('',*,*,#8688,.T.);
#8688 = EDGE_CURVE('',#8679,#8568,#8689,.T.);
#8689 = LINE('',#8690,#8691);
#8690 = CARTESIAN_POINT('',(5.33,0.19,0.26));
#8691 = VECTOR('',#8692,1.);
#8692 = DIRECTION('',(-0.555709556774,5.538080009649E-16,0.83137650226)
  );
#8693 = ORIENTED_EDGE('',*,*,#8567,.F.);
#8694 = ORIENTED_EDGE('',*,*,#8397,.T.);
#8695 = ORIENTED_EDGE('',*,*,#8654,.F.);
#8696 = ORIENTED_EDGE('',*,*,#8697,.T.);
#8697 = EDGE_CURVE('',#8655,#8698,#8700,.T.);
#8698 = VERTEX_POINT('',#8699);
#8699 = CARTESIAN_POINT('',(4.83,0.19,0.26));
#8700 = LINE('',#8701,#8702);
#8701 = CARTESIAN_POINT('',(3.56,0.19,2.16));
#8702 = VECTOR('',#8703,1.);
#8703 = DIRECTION('',(0.555709556774,-5.538080009649E-16,-0.83137650226)
  );
#8704 = ORIENTED_EDGE('',*,*,#8705,.F.);
#8705 = EDGE_CURVE('',#8706,#8698,#8708,.T.);
#8706 = VERTEX_POINT('',#8707);
#8707 = CARTESIAN_POINT('',(4.83,0.19,-2.7));
#8708 = LINE('',#8709,#8710);
#8709 = CARTESIAN_POINT('',(4.83,0.19,-2.7));
#8710 = VECTOR('',#8711,1.);
#8711 = DIRECTION('',(0.,6.661338147751E-16,1.));
#8712 = ORIENTED_EDGE('',*,*,#8713,.F.);
#8713 = EDGE_CURVE('',#8681,#8706,#8714,.T.);
#8714 = LINE('',#8715,#8716);
#8715 = CARTESIAN_POINT('',(5.33,0.19,-2.7));
#8716 = VECTOR('',#8717,1.);
#8717 = DIRECTION('',(-1.,0.,0.));
#8718 = PLANE('',#8719);
#8719 = AXIS2_PLACEMENT_3D('',#8720,#8721,#8722);
#8720 = CARTESIAN_POINT('',(5.33,0.19,0.26));
#8721 = DIRECTION('',(0.,-1.,6.661338147751E-16));
#8722 = DIRECTION('',(0.,-6.661338147751E-16,-1.));
#8723 = ADVANCED_FACE('',(#8724),#8749,.T.);
#8724 = FACE_BOUND('',#8725,.T.);
#8725 = EDGE_LOOP('',(#8726,#8734,#8735,#8743));
#8726 = ORIENTED_EDGE('',*,*,#8727,.F.);
#8727 = EDGE_CURVE('',#8422,#8728,#8730,.T.);
#8728 = VERTEX_POINT('',#8729);
#8729 = CARTESIAN_POINT('',(1.52,0.19,2.16));
#8730 = LINE('',#8731,#8732);
#8731 = CARTESIAN_POINT('',(1.52,0.19,2.8));
#8732 = VECTOR('',#8733,1.);
#8733 = DIRECTION('',(0.,-6.661338147751E-16,-1.));
#8734 = ORIENTED_EDGE('',*,*,#8421,.T.);
#8735 = ORIENTED_EDGE('',*,*,#8736,.T.);
#8736 = EDGE_CURVE('',#8424,#8737,#8739,.T.);
#8737 = VERTEX_POINT('',#8738);
#8738 = CARTESIAN_POINT('',(1.52,-0.19,2.16));
#8739 = LINE('',#8740,#8741);
#8740 = CARTESIAN_POINT('',(1.52,-0.19,2.8));
#8741 = VECTOR('',#8742,1.);
#8742 = DIRECTION('',(0.,-6.661338147751E-16,-1.));
#8743 = ORIENTED_EDGE('',*,*,#8744,.F.);
#8744 = EDGE_CURVE('',#8728,#8737,#8745,.T.);
#8745 = LINE('',#8746,#8747);
#8746 = CARTESIAN_POINT('',(1.52,0.19,2.16));
#8747 = VECTOR('',#8748,1.);
#8748 = DIRECTION('',(0.,-1.,4.440892098501E-16));
#8749 = PLANE('',#8750);
#8750 = AXIS2_PLACEMENT_3D('',#8751,#8752,#8753);
#8751 = CARTESIAN_POINT('',(1.52,0.19,2.8));
#8752 = DIRECTION('',(1.,0.,0.));
#8753 = DIRECTION('',(0.,-6.661338147751E-16,-1.));
#8754 = ADVANCED_FACE('',(#8755),#8805,.T.);
#8755 = FACE_BOUND('',#8756,.T.);
#8756 = EDGE_LOOP('',(#8757,#8767,#8773,#8774,#8775,#8783,#8791,#8799));
#8757 = ORIENTED_EDGE('',*,*,#8758,.F.);
#8758 = EDGE_CURVE('',#8759,#8761,#8763,.T.);
#8759 = VERTEX_POINT('',#8760);
#8760 = CARTESIAN_POINT('',(0.25,-0.19,0.26));
#8761 = VERTEX_POINT('',#8762);
#8762 = CARTESIAN_POINT('',(0.25,-0.19,-2.7));
#8763 = LINE('',#8764,#8765);
#8764 = CARTESIAN_POINT('',(0.25,-0.19,0.26));
#8765 = VECTOR('',#8766,1.);
#8766 = DIRECTION('',(0.,-6.661338147751E-16,-1.));
#8767 = ORIENTED_EDGE('',*,*,#8768,.T.);
#8768 = EDGE_CURVE('',#8759,#8737,#8769,.T.);
#8769 = LINE('',#8770,#8771);
#8770 = CARTESIAN_POINT('',(0.25,-0.19,0.26));
#8771 = VECTOR('',#8772,1.);
#8772 = DIRECTION('',(0.555709556774,5.538080009649E-16,0.83137650226));
#8773 = ORIENTED_EDGE('',*,*,#8736,.F.);
#8774 = ORIENTED_EDGE('',*,*,#8447,.T.);
#8775 = ORIENTED_EDGE('',*,*,#8776,.F.);
#8776 = EDGE_CURVE('',#8777,#8440,#8779,.T.);
#8777 = VERTEX_POINT('',#8778);
#8778 = CARTESIAN_POINT('',(1.02,-0.19,2.16));
#8779 = LINE('',#8780,#8781);
#8780 = CARTESIAN_POINT('',(1.02,-0.19,2.16));
#8781 = VECTOR('',#8782,1.);
#8782 = DIRECTION('',(0.,6.661338147751E-16,1.));
#8783 = ORIENTED_EDGE('',*,*,#8784,.F.);
#8784 = EDGE_CURVE('',#8785,#8777,#8787,.T.);
#8785 = VERTEX_POINT('',#8786);
#8786 = CARTESIAN_POINT('',(-0.25,-0.19,0.26));
#8787 = LINE('',#8788,#8789);
#8788 = CARTESIAN_POINT('',(-0.25,-0.19,0.26));
#8789 = VECTOR('',#8790,1.);
#8790 = DIRECTION('',(0.555709556774,5.538080009649E-16,0.83137650226));
#8791 = ORIENTED_EDGE('',*,*,#8792,.F.);
#8792 = EDGE_CURVE('',#8793,#8785,#8795,.T.);
#8793 = VERTEX_POINT('',#8794);
#8794 = CARTESIAN_POINT('',(-0.25,-0.19,-2.7));
#8795 = LINE('',#8796,#8797);
#8796 = CARTESIAN_POINT('',(-0.25,-0.19,-2.7));
#8797 = VECTOR('',#8798,1.);
#8798 = DIRECTION('',(0.,6.661338147751E-16,1.));
#8799 = ORIENTED_EDGE('',*,*,#8800,.F.);
#8800 = EDGE_CURVE('',#8761,#8793,#8801,.T.);
#8801 = LINE('',#8802,#8803);
#8802 = CARTESIAN_POINT('',(0.25,-0.19,-2.7));
#8803 = VECTOR('',#8804,1.);
#8804 = DIRECTION('',(-1.,0.,0.));
#8805 = PLANE('',#8806);
#8806 = AXIS2_PLACEMENT_3D('',#8807,#8808,#8809);
#8807 = CARTESIAN_POINT('',(0.25,-0.19,0.26));
#8808 = DIRECTION('',(0.,-1.,6.661338147751E-16));
#8809 = DIRECTION('',(0.,-6.661338147751E-16,-1.));
#8810 = ADVANCED_FACE('',(#8811),#8829,.T.);
#8811 = FACE_BOUND('',#8812,.T.);
#8812 = EDGE_LOOP('',(#8813,#8821,#8827,#8828));
#8813 = ORIENTED_EDGE('',*,*,#8814,.F.);
#8814 = EDGE_CURVE('',#8815,#8432,#8817,.T.);
#8815 = VERTEX_POINT('',#8816);
#8816 = CARTESIAN_POINT('',(1.02,0.19,2.16));
#8817 = LINE('',#8818,#8819);
#8818 = CARTESIAN_POINT('',(1.02,0.19,2.16));
#8819 = VECTOR('',#8820,1.);
#8820 = DIRECTION('',(0.,6.661338147751E-16,1.));
#8821 = ORIENTED_EDGE('',*,*,#8822,.T.);
#8822 = EDGE_CURVE('',#8815,#8777,#8823,.T.);
#8823 = LINE('',#8824,#8825);
#8824 = CARTESIAN_POINT('',(1.02,0.19,2.16));
#8825 = VECTOR('',#8826,1.);
#8826 = DIRECTION('',(0.,-1.,4.440892098501E-16));
#8827 = ORIENTED_EDGE('',*,*,#8776,.T.);
#8828 = ORIENTED_EDGE('',*,*,#8439,.T.);
#8829 = PLANE('',#8830);
#8830 = AXIS2_PLACEMENT_3D('',#8831,#8832,#8833);
#8831 = CARTESIAN_POINT('',(1.02,0.19,2.16));
#8832 = DIRECTION('',(-1.,0.,0.));
#8833 = DIRECTION('',(0.,6.661338147751E-16,1.));
#8834 = ADVANCED_FACE('',(#8835),#8878,.F.);
#8835 = FACE_BOUND('',#8836,.F.);
#8836 = EDGE_LOOP('',(#8837,#8847,#8853,#8854,#8855,#8856,#8864,#8872));
#8837 = ORIENTED_EDGE('',*,*,#8838,.F.);
#8838 = EDGE_CURVE('',#8839,#8841,#8843,.T.);
#8839 = VERTEX_POINT('',#8840);
#8840 = CARTESIAN_POINT('',(0.25,0.19,0.26));
#8841 = VERTEX_POINT('',#8842);
#8842 = CARTESIAN_POINT('',(0.25,0.19,-2.7));
#8843 = LINE('',#8844,#8845);
#8844 = CARTESIAN_POINT('',(0.25,0.19,0.26));
#8845 = VECTOR('',#8846,1.);
#8846 = DIRECTION('',(0.,-6.661338147751E-16,-1.));
#8847 = ORIENTED_EDGE('',*,*,#8848,.T.);
#8848 = EDGE_CURVE('',#8839,#8728,#8849,.T.);
#8849 = LINE('',#8850,#8851);
#8850 = CARTESIAN_POINT('',(0.25,0.19,0.26));
#8851 = VECTOR('',#8852,1.);
#8852 = DIRECTION('',(0.555709556774,5.538080009649E-16,0.83137650226));
#8853 = ORIENTED_EDGE('',*,*,#8727,.F.);
#8854 = ORIENTED_EDGE('',*,*,#8431,.T.);
#8855 = ORIENTED_EDGE('',*,*,#8814,.F.);
#8856 = ORIENTED_EDGE('',*,*,#8857,.F.);
#8857 = EDGE_CURVE('',#8858,#8815,#8860,.T.);
#8858 = VERTEX_POINT('',#8859);
#8859 = CARTESIAN_POINT('',(-0.25,0.19,0.26));
#8860 = LINE('',#8861,#8862);
#8861 = CARTESIAN_POINT('',(-0.25,0.19,0.26));
#8862 = VECTOR('',#8863,1.);
#8863 = DIRECTION('',(0.555709556774,5.538080009649E-16,0.83137650226));
#8864 = ORIENTED_EDGE('',*,*,#8865,.F.);
#8865 = EDGE_CURVE('',#8866,#8858,#8868,.T.);
#8866 = VERTEX_POINT('',#8867);
#8867 = CARTESIAN_POINT('',(-0.25,0.19,-2.7));
#8868 = LINE('',#8869,#8870);
#8869 = CARTESIAN_POINT('',(-0.25,0.19,-2.7));
#8870 = VECTOR('',#8871,1.);
#8871 = DIRECTION('',(0.,6.661338147751E-16,1.));
#8872 = ORIENTED_EDGE('',*,*,#8873,.F.);
#8873 = EDGE_CURVE('',#8841,#8866,#8874,.T.);
#8874 = LINE('',#8875,#8876);
#8875 = CARTESIAN_POINT('',(0.25,0.19,-2.7));
#8876 = VECTOR('',#8877,1.);
#8877 = DIRECTION('',(-1.,0.,0.));
#8878 = PLANE('',#8879);
#8879 = AXIS2_PLACEMENT_3D('',#8880,#8881,#8882);
#8880 = CARTESIAN_POINT('',(0.25,0.19,0.26));
#8881 = DIRECTION('',(0.,-1.,6.661338147751E-16));
#8882 = DIRECTION('',(0.,-6.661338147751E-16,-1.));
#8883 = ADVANCED_FACE('',(#8884),#8890,.T.);
#8884 = FACE_BOUND('',#8885,.T.);
#8885 = EDGE_LOOP('',(#8886,#8887,#8888,#8889));
#8886 = ORIENTED_EDGE('',*,*,#8488,.T.);
#8887 = ORIENTED_EDGE('',*,*,#8511,.T.);
#8888 = ORIENTED_EDGE('',*,*,#8534,.F.);
#8889 = ORIENTED_EDGE('',*,*,#8552,.F.);
#8890 = PLANE('',#8891);
#8891 = AXIS2_PLACEMENT_3D('',#8892,#8893,#8894);
#8892 = CARTESIAN_POINT('',(2.79,0.19,-2.7));
#8893 = DIRECTION('',(0.,-4.440892098501E-16,-1.));
#8894 = DIRECTION('',(-1.,-0.,0.));
#8895 = ADVANCED_FACE('',(#8896),#8907,.F.);
#8896 = FACE_BOUND('',#8897,.F.);
#8897 = EDGE_LOOP('',(#8898,#8904,#8905,#8906));
#8898 = ORIENTED_EDGE('',*,*,#8899,.T.);
#8899 = EDGE_CURVE('',#8679,#8599,#8900,.T.);
#8900 = LINE('',#8901,#8902);
#8901 = CARTESIAN_POINT('',(5.33,0.19,0.26));
#8902 = VECTOR('',#8903,1.);
#8903 = DIRECTION('',(0.,-1.,4.440892098501E-16));
#8904 = ORIENTED_EDGE('',*,*,#8608,.T.);
#8905 = ORIENTED_EDGE('',*,*,#8584,.F.);
#8906 = ORIENTED_EDGE('',*,*,#8688,.F.);
#8907 = PLANE('',#8908);
#8908 = AXIS2_PLACEMENT_3D('',#8909,#8910,#8911);
#8909 = CARTESIAN_POINT('',(5.33,0.19,0.26));
#8910 = DIRECTION('',(-0.83137650226,-2.467846179738E-16,-0.555709556774
    ));
#8911 = DIRECTION('',(-0.555709556774,5.538080009649E-16,0.83137650226)
  );
#8912 = ADVANCED_FACE('',(#8913),#8924,.T.);
#8913 = FACE_BOUND('',#8914,.T.);
#8914 = EDGE_LOOP('',(#8915,#8916,#8917,#8923));
#8915 = ORIENTED_EDGE('',*,*,#8899,.T.);
#8916 = ORIENTED_EDGE('',*,*,#8598,.T.);
#8917 = ORIENTED_EDGE('',*,*,#8918,.F.);
#8918 = EDGE_CURVE('',#8681,#8601,#8919,.T.);
#8919 = LINE('',#8920,#8921);
#8920 = CARTESIAN_POINT('',(5.33,0.19,-2.7));
#8921 = VECTOR('',#8922,1.);
#8922 = DIRECTION('',(0.,-1.,4.440892098501E-16));
#8923 = ORIENTED_EDGE('',*,*,#8678,.F.);
#8924 = PLANE('',#8925);
#8925 = AXIS2_PLACEMENT_3D('',#8926,#8927,#8928);
#8926 = CARTESIAN_POINT('',(5.33,0.19,0.26));
#8927 = DIRECTION('',(1.,0.,0.));
#8928 = DIRECTION('',(0.,-6.661338147751E-16,-1.));
#8929 = ADVANCED_FACE('',(#8930),#8941,.T.);
#8930 = FACE_BOUND('',#8931,.T.);
#8931 = EDGE_LOOP('',(#8932,#8933,#8934,#8940));
#8932 = ORIENTED_EDGE('',*,*,#8918,.T.);
#8933 = ORIENTED_EDGE('',*,*,#8640,.T.);
#8934 = ORIENTED_EDGE('',*,*,#8935,.F.);
#8935 = EDGE_CURVE('',#8706,#8633,#8936,.T.);
#8936 = LINE('',#8937,#8938);
#8937 = CARTESIAN_POINT('',(4.83,0.19,-2.7));
#8938 = VECTOR('',#8939,1.);
#8939 = DIRECTION('',(0.,-1.,4.440892098501E-16));
#8940 = ORIENTED_EDGE('',*,*,#8713,.F.);
#8941 = PLANE('',#8942);
#8942 = AXIS2_PLACEMENT_3D('',#8943,#8944,#8945);
#8943 = CARTESIAN_POINT('',(5.33,0.19,-2.7));
#8944 = DIRECTION('',(0.,-4.440892098501E-16,-1.));
#8945 = DIRECTION('',(-1.,-0.,0.));
#8946 = ADVANCED_FACE('',(#8947),#8958,.T.);
#8947 = FACE_BOUND('',#8948,.T.);
#8948 = EDGE_LOOP('',(#8949,#8950,#8951,#8957));
#8949 = ORIENTED_EDGE('',*,*,#8935,.T.);
#8950 = ORIENTED_EDGE('',*,*,#8632,.T.);
#8951 = ORIENTED_EDGE('',*,*,#8952,.F.);
#8952 = EDGE_CURVE('',#8698,#8625,#8953,.T.);
#8953 = LINE('',#8954,#8955);
#8954 = CARTESIAN_POINT('',(4.83,0.19,0.26));
#8955 = VECTOR('',#8956,1.);
#8956 = DIRECTION('',(0.,-1.,4.440892098501E-16));
#8957 = ORIENTED_EDGE('',*,*,#8705,.F.);
#8958 = PLANE('',#8959);
#8959 = AXIS2_PLACEMENT_3D('',#8960,#8961,#8962);
#8960 = CARTESIAN_POINT('',(4.83,0.19,-2.7));
#8961 = DIRECTION('',(-1.,0.,0.));
#8962 = DIRECTION('',(0.,6.661338147751E-16,1.));
#8963 = ADVANCED_FACE('',(#8964),#8970,.F.);
#8964 = FACE_BOUND('',#8965,.F.);
#8965 = EDGE_LOOP('',(#8966,#8967,#8968,#8969));
#8966 = ORIENTED_EDGE('',*,*,#8662,.T.);
#8967 = ORIENTED_EDGE('',*,*,#8624,.T.);
#8968 = ORIENTED_EDGE('',*,*,#8952,.F.);
#8969 = ORIENTED_EDGE('',*,*,#8697,.F.);
#8970 = PLANE('',#8971);
#8971 = AXIS2_PLACEMENT_3D('',#8972,#8973,#8974);
#8972 = CARTESIAN_POINT('',(3.56,0.19,2.16));
#8973 = DIRECTION('',(0.83137650226,2.467846179738E-16,0.555709556774));
#8974 = DIRECTION('',(0.555709556774,-5.538080009649E-16,-0.83137650226)
  );
#8975 = ADVANCED_FACE('',(#8976),#8987,.F.);
#8976 = FACE_BOUND('',#8977,.F.);
#8977 = EDGE_LOOP('',(#8978,#8984,#8985,#8986));
#8978 = ORIENTED_EDGE('',*,*,#8979,.T.);
#8979 = EDGE_CURVE('',#8839,#8759,#8980,.T.);
#8980 = LINE('',#8981,#8982);
#8981 = CARTESIAN_POINT('',(0.25,0.19,0.26));
#8982 = VECTOR('',#8983,1.);
#8983 = DIRECTION('',(0.,-1.,4.440892098501E-16));
#8984 = ORIENTED_EDGE('',*,*,#8768,.T.);
#8985 = ORIENTED_EDGE('',*,*,#8744,.F.);
#8986 = ORIENTED_EDGE('',*,*,#8848,.F.);
#8987 = PLANE('',#8988);
#8988 = AXIS2_PLACEMENT_3D('',#8989,#8990,#8991);
#8989 = CARTESIAN_POINT('',(0.25,0.19,0.26));
#8990 = DIRECTION('',(-0.83137650226,2.467846179738E-16,0.555709556774)
  );
#8991 = DIRECTION('',(0.555709556774,5.538080009649E-16,0.83137650226));
#8992 = ADVANCED_FACE('',(#8993),#9004,.T.);
#8993 = FACE_BOUND('',#8994,.T.);
#8994 = EDGE_LOOP('',(#8995,#8996,#8997,#9003));
#8995 = ORIENTED_EDGE('',*,*,#8979,.T.);
#8996 = ORIENTED_EDGE('',*,*,#8758,.T.);
#8997 = ORIENTED_EDGE('',*,*,#8998,.F.);
#8998 = EDGE_CURVE('',#8841,#8761,#8999,.T.);
#8999 = LINE('',#9000,#9001);
#9000 = CARTESIAN_POINT('',(0.25,0.19,-2.7));
#9001 = VECTOR('',#9002,1.);
#9002 = DIRECTION('',(0.,-1.,4.440892098501E-16));
#9003 = ORIENTED_EDGE('',*,*,#8838,.F.);
#9004 = PLANE('',#9005);
#9005 = AXIS2_PLACEMENT_3D('',#9006,#9007,#9008);
#9006 = CARTESIAN_POINT('',(0.25,0.19,0.26));
#9007 = DIRECTION('',(1.,0.,0.));
#9008 = DIRECTION('',(0.,-6.661338147751E-16,-1.));
#9009 = ADVANCED_FACE('',(#9010),#9021,.T.);
#9010 = FACE_BOUND('',#9011,.T.);
#9011 = EDGE_LOOP('',(#9012,#9013,#9014,#9020));
#9012 = ORIENTED_EDGE('',*,*,#8998,.T.);
#9013 = ORIENTED_EDGE('',*,*,#8800,.T.);
#9014 = ORIENTED_EDGE('',*,*,#9015,.F.);
#9015 = EDGE_CURVE('',#8866,#8793,#9016,.T.);
#9016 = LINE('',#9017,#9018);
#9017 = CARTESIAN_POINT('',(-0.25,0.19,-2.7));
#9018 = VECTOR('',#9019,1.);
#9019 = DIRECTION('',(0.,-1.,4.440892098501E-16));
#9020 = ORIENTED_EDGE('',*,*,#8873,.F.);
#9021 = PLANE('',#9022);
#9022 = AXIS2_PLACEMENT_3D('',#9023,#9024,#9025);
#9023 = CARTESIAN_POINT('',(0.25,0.19,-2.7));
#9024 = DIRECTION('',(0.,-4.440892098501E-16,-1.));
#9025 = DIRECTION('',(-1.,-0.,0.));
#9026 = ADVANCED_FACE('',(#9027),#9038,.T.);
#9027 = FACE_BOUND('',#9028,.T.);
#9028 = EDGE_LOOP('',(#9029,#9030,#9031,#9037));
#9029 = ORIENTED_EDGE('',*,*,#9015,.T.);
#9030 = ORIENTED_EDGE('',*,*,#8792,.T.);
#9031 = ORIENTED_EDGE('',*,*,#9032,.F.);
#9032 = EDGE_CURVE('',#8858,#8785,#9033,.T.);
#9033 = LINE('',#9034,#9035);
#9034 = CARTESIAN_POINT('',(-0.25,0.19,0.26));
#9035 = VECTOR('',#9036,1.);
#9036 = DIRECTION('',(0.,-1.,4.440892098501E-16));
#9037 = ORIENTED_EDGE('',*,*,#8865,.F.);
#9038 = PLANE('',#9039);
#9039 = AXIS2_PLACEMENT_3D('',#9040,#9041,#9042);
#9040 = CARTESIAN_POINT('',(-0.25,0.19,-2.7));
#9041 = DIRECTION('',(-1.,0.,0.));
#9042 = DIRECTION('',(0.,6.661338147751E-16,1.));
#9043 = ADVANCED_FACE('',(#9044),#9050,.T.);
#9044 = FACE_BOUND('',#9045,.T.);
#9045 = EDGE_LOOP('',(#9046,#9047,#9048,#9049));
#9046 = ORIENTED_EDGE('',*,*,#9032,.T.);
#9047 = ORIENTED_EDGE('',*,*,#8784,.T.);
#9048 = ORIENTED_EDGE('',*,*,#8822,.F.);
#9049 = ORIENTED_EDGE('',*,*,#8857,.F.);
#9050 = PLANE('',#9051);
#9051 = AXIS2_PLACEMENT_3D('',#9052,#9053,#9054);
#9052 = CARTESIAN_POINT('',(-0.25,0.19,0.26));
#9053 = DIRECTION('',(-0.83137650226,2.467846179738E-16,0.555709556774)
  );
#9054 = DIRECTION('',(0.555709556774,5.538080009649E-16,0.83137650226));
#9055 = ( GEOMETRIC_REPRESENTATION_CONTEXT(3) 
GLOBAL_UNCERTAINTY_ASSIGNED_CONTEXT((#9059)) 
GLOBAL_UNIT_ASSIGNED_CONTEXT((#9056,#9057,#9058)) REPRESENTATION_CONTEXT
('Context #1','3D Context with UNIT and UNCERTAINTY') );
#9056 = ( LENGTH_UNIT() NAMED_UNIT(*) SI_UNIT(.MILLI.,.METRE.) );
#9057 = ( NAMED_UNIT(*) PLANE_ANGLE_UNIT() SI_UNIT($,.RADIAN.) );
#9058 = ( NAMED_UNIT(*) SI_UNIT($,.STERADIAN.) SOLID_ANGLE_UNIT() );
#9059 = UNCERTAINTY_MEASURE_WITH_UNIT(LENGTH_MEASURE(1.E-07),#9056,
  'distance_accuracy_value','confusion accuracy');
#9060 = CONTEXT_DEPENDENT_SHAPE_REPRESENTATION(#9061,#9063);
#9061 = ( REPRESENTATION_RELATIONSHIP('','',#8278,#8255) 
REPRESENTATION_RELATIONSHIP_WITH_TRANSFORMATION(#9062) 
SHAPE_REPRESENTATION_RELATIONSHIP() );
#9062 = ITEM_DEFINED_TRANSFORMATION('','',#11,#8256);
#9063 = PRODUCT_DEFINITION_SHAPE('Placement','Placement of an item',
  #9064);
#9064 = NEXT_ASSEMBLY_USAGE_OCCURRENCE('49','=>[0:1:1:42]','',#8250,
  #8273,$);
#9065 = PRODUCT_RELATED_PRODUCT_CATEGORY('part',$,(#8275));
#9066 = CONTEXT_DEPENDENT_SHAPE_REPRESENTATION(#9067,#9069);
#9067 = ( REPRESENTATION_RELATIONSHIP('','',#2893,#10) 
REPRESENTATION_RELATIONSHIP_WITH_TRANSFORMATION(#9068) 
SHAPE_REPRESENTATION_RELATIONSHIP() );
#9068 = ITEM_DEFINED_TRANSFORMATION('','',#11,#107);
#9069 = PRODUCT_DEFINITION_SHAPE('Placement','Placement of an item',
  #9070);
#9070 = NEXT_ASSEMBLY_USAGE_OCCURRENCE('51','R_sig1','',#5,#2888,$);
#9071 = CONTEXT_DEPENDENT_SHAPE_REPRESENTATION(#9072,#9074);
#9072 = ( REPRESENTATION_RELATIONSHIP('','',#188,#10) 
REPRESENTATION_RELATIONSHIP_WITH_TRANSFORMATION(#9073) 
SHAPE_REPRESENTATION_RELATIONSHIP() );
#9073 = ITEM_DEFINED_TRANSFORMATION('','',#11,#111);
#9074 = PRODUCT_DEFINITION_SHAPE('Placement','Placement of an item',
  #9075);
#9075 = NEXT_ASSEMBLY_USAGE_OCCURRENCE('52','R3','',#5,#183,$);
#9076 = CONTEXT_DEPENDENT_SHAPE_REPRESENTATION(#9077,#9079);
#9077 = ( REPRESENTATION_RELATIONSHIP('','',#5518,#10) 
REPRESENTATION_RELATIONSHIP_WITH_TRANSFORMATION(#9078) 
SHAPE_REPRESENTATION_RELATIONSHIP() );
#9078 = ITEM_DEFINED_TRANSFORMATION('','',#11,#115);
#9079 = PRODUCT_DEFINITION_SHAPE('Placement','Placement of an item',
  #9080);
#9080 = NEXT_ASSEMBLY_USAGE_OCCURRENCE('53','D_clamp1','',#5,#5513,$);
#9081 = SHAPE_DEFINITION_REPRESENTATION(#9082,#9088);
#9082 = PRODUCT_DEFINITION_SHAPE('','',#9083);
#9083 = PRODUCT_DEFINITION('design','',#9084,#9087);
#9084 = PRODUCT_DEFINITION_FORMATION('','',#9085);
#9085 = PRODUCT('D_DO-35_SOD27_P5.08mm_Vertical_AnodeUp',
  'D_DO-35_SOD27_P5.08mm_Vertical_AnodeUp','',(#9086));
#9086 = PRODUCT_CONTEXT('',#2,'mechanical');
#9087 = PRODUCT_DEFINITION_CONTEXT('part definition',#2,'design');
#9088 = SHAPE_REPRESENTATION('',(#11,#9089),#9093);
#9089 = AXIS2_PLACEMENT_3D('',#9090,#9091,#9092);
#9090 = CARTESIAN_POINT('',(0.,0.,0.));
#9091 = DIRECTION('',(0.,0.,1.));
#9092 = DIRECTION('',(1.,0.,-0.));
#9093 = ( GEOMETRIC_REPRESENTATION_CONTEXT(3) 
GLOBAL_UNCERTAINTY_ASSIGNED_CONTEXT((#9097)) 
GLOBAL_UNIT_ASSIGNED_CONTEXT((#9094,#9095,#9096)) REPRESENTATION_CONTEXT
('Context #1','3D Context with UNIT and UNCERTAINTY') );
#9094 = ( LENGTH_UNIT() NAMED_UNIT(*) SI_UNIT(.MILLI.,.METRE.) );
#9095 = ( NAMED_UNIT(*) PLANE_ANGLE_UNIT() SI_UNIT($,.RADIAN.) );
#9096 = ( NAMED_UNIT(*) SI_UNIT($,.STERADIAN.) SOLID_ANGLE_UNIT() );
#9097 = UNCERTAINTY_MEASURE_WITH_UNIT(LENGTH_MEASURE(1.E-07),#9094,
  'distance_accuracy_value','confusion accuracy');
#9098 = CONTEXT_DEPENDENT_SHAPE_REPRESENTATION(#9099,#9101);
#9099 = ( REPRESENTATION_RELATIONSHIP('','',#9088,#10) 
REPRESENTATION_RELATIONSHIP_WITH_TRANSFORMATION(#9100) 
SHAPE_REPRESENTATION_RELATIONSHIP() );
#9100 = ITEM_DEFINED_TRANSFORMATION('','',#11,#119);
#9101 = PRODUCT_DEFINITION_SHAPE('Placement','Placement of an item',
  #9102);
#9102 = NEXT_ASSEMBLY_USAGE_OCCURRENCE('55','D_LED1','',#5,#9083,$);
#9103 = PRODUCT_RELATED_PRODUCT_CATEGORY('part',$,(#9085));
#9104 = SHAPE_DEFINITION_REPRESENTATION(#9105,#9111);
#9105 = PRODUCT_DEFINITION_SHAPE('','',#9106);
#9106 = PRODUCT_DEFINITION('design','',#9107,#9110);
#9107 = PRODUCT_DEFINITION_FORMATION('','',#9108);
#9108 = PRODUCT('D_DO-35_SOD27_P5.08mm_Vertical_AnodeUp',
  'D_DO-35_SOD27_P5.08mm_Vertical_AnodeUp','',(#9109));
#9109 = PRODUCT_CONTEXT('',#2,'mechanical');
#9110 = PRODUCT_DEFINITION_CONTEXT('part definition',#2,'design');
#9111 = ADVANCED_BREP_SHAPE_REPRESENTATION('',(#11,#9112),#9499);
#9112 = MANIFOLD_SOLID_BREP('',#9113);
#9113 = CLOSED_SHELL('',(#9114,#9131,#9156,#9176,#9202,#9227,#9247,#9272
    ,#9292,#9317,#9343,#9363,#9388,#9414,#9439,#9465,#9490));
#9114 = ADVANCED_FACE('',(#9115),#9126,.T.);
#9115 = FACE_BOUND('',#9116,.F.);
#9116 = EDGE_LOOP('',(#9117));
#9117 = ORIENTED_EDGE('',*,*,#9118,.T.);
#9118 = EDGE_CURVE('',#9119,#9119,#9121,.T.);
#9119 = VERTEX_POINT('',#9120);
#9120 = CARTESIAN_POINT('',(0.25,-7.273661547325E-16,-3.));
#9121 = CIRCLE('',#9122,0.25);
#9122 = AXIS2_PLACEMENT_3D('',#9123,#9124,#9125);
#9123 = CARTESIAN_POINT('',(0.,-6.661338147751E-16,-3.));
#9124 = DIRECTION('',(-0.,2.22044604925E-16,1.));
#9125 = DIRECTION('',(1.,0.,0.));
#9126 = PLANE('',#9127);
#9127 = AXIS2_PLACEMENT_3D('',#9128,#9129,#9130);
#9128 = CARTESIAN_POINT('',(0.25,-6.661338147751E-16,-3.));
#9129 = DIRECTION('',(0.,0.,-1.));
#9130 = DIRECTION('',(-1.,0.,0.));
#9131 = ADVANCED_FACE('',(#9132),#9151,.T.);
#9132 = FACE_BOUND('',#9133,.T.);
#9133 = EDGE_LOOP('',(#9134,#9135,#9143,#9150));
#9134 = ORIENTED_EDGE('',*,*,#9118,.T.);
#9135 = ORIENTED_EDGE('',*,*,#9136,.T.);
#9136 = EDGE_CURVE('',#9119,#9137,#9139,.T.);
#9137 = VERTEX_POINT('',#9138);
#9138 = CARTESIAN_POINT('',(0.25,1.110223024625E-16,0.5));
#9139 = LINE('',#9140,#9141);
#9140 = CARTESIAN_POINT('',(0.25,-6.661338147751E-16,-3.));
#9141 = VECTOR('',#9142,1.);
#9142 = DIRECTION('',(0.,2.22044604925E-16,1.));
#9143 = ORIENTED_EDGE('',*,*,#9144,.F.);
#9144 = EDGE_CURVE('',#9137,#9137,#9145,.T.);
#9145 = CIRCLE('',#9146,0.25);
#9146 = AXIS2_PLACEMENT_3D('',#9147,#9148,#9149);
#9147 = CARTESIAN_POINT('',(0.,1.110223024625E-16,0.5));
#9148 = DIRECTION('',(-0.,2.22044604925E-16,1.));
#9149 = DIRECTION('',(1.,0.,0.));
#9150 = ORIENTED_EDGE('',*,*,#9136,.F.);
#9151 = CYLINDRICAL_SURFACE('',#9152,0.25);
#9152 = AXIS2_PLACEMENT_3D('',#9153,#9154,#9155);
#9153 = CARTESIAN_POINT('',(0.,-6.661338147751E-16,-3.));
#9154 = DIRECTION('',(0.,2.22044604925E-16,1.));
#9155 = DIRECTION('',(1.,0.,-0.));
#9156 = ADVANCED_FACE('',(#9157,#9168),#9171,.T.);
#9157 = FACE_BOUND('',#9158,.T.);
#9158 = EDGE_LOOP('',(#9159));
#9159 = ORIENTED_EDGE('',*,*,#9160,.T.);
#9160 = EDGE_CURVE('',#9161,#9161,#9163,.T.);
#9161 = VERTEX_POINT('',#9162);
#9162 = CARTESIAN_POINT('',(0.8,3.10862446895E-16,0.5));
#9163 = CIRCLE('',#9164,0.8);
#9164 = AXIS2_PLACEMENT_3D('',#9165,#9166,#9167);
#9165 = CARTESIAN_POINT('',(0.,2.22044604925E-16,0.5));
#9166 = DIRECTION('',(0.,-4.440892098501E-16,-1.));
#9167 = DIRECTION('',(1.,1.110223024625E-16,-4.930380657631E-32));
#9168 = FACE_BOUND('',#9169,.T.);
#9169 = EDGE_LOOP('',(#9170));
#9170 = ORIENTED_EDGE('',*,*,#9144,.T.);
#9171 = PLANE('',#9172);
#9172 = AXIS2_PLACEMENT_3D('',#9173,#9174,#9175);
#9173 = CARTESIAN_POINT('',(0.,2.22044604925E-16,0.5));
#9174 = DIRECTION('',(0.,-4.440892098501E-16,-1.));
#9175 = DIRECTION('',(1.,1.110223024625E-16,-4.930380657631E-32));
#9176 = ADVANCED_FACE('',(#9177),#9197,.T.);
#9177 = FACE_BOUND('',#9178,.T.);
#9178 = EDGE_LOOP('',(#9179,#9188,#9195,#9196));
#9179 = ORIENTED_EDGE('',*,*,#9180,.F.);
#9180 = EDGE_CURVE('',#9181,#9161,#9183,.T.);
#9181 = VERTEX_POINT('',#9182);
#9182 = CARTESIAN_POINT('',(1.,4.218847493576E-16,0.7));
#9183 = CIRCLE('',#9184,0.2);
#9184 = AXIS2_PLACEMENT_3D('',#9185,#9186,#9187);
#9185 = CARTESIAN_POINT('',(0.8,1.110223024625E-15,0.7));
#9186 = DIRECTION('',(-9.992007221626E-16,1.,-4.440892098501E-16));
#9187 = DIRECTION('',(1.,9.992007221626E-16,-4.437342591868E-31));
#9188 = ORIENTED_EDGE('',*,*,#9189,.T.);
#9189 = EDGE_CURVE('',#9181,#9181,#9190,.T.);
#9190 = CIRCLE('',#9191,1.);
#9191 = AXIS2_PLACEMENT_3D('',#9192,#9193,#9194);
#9192 = CARTESIAN_POINT('',(0.,3.10862446895E-16,0.7));
#9193 = DIRECTION('',(0.,-4.440892098501E-16,-1.));
#9194 = DIRECTION('',(1.,1.110223024625E-16,-4.930380657631E-32));
#9195 = ORIENTED_EDGE('',*,*,#9180,.T.);
#9196 = ORIENTED_EDGE('',*,*,#9160,.F.);
#9197 = TOROIDAL_SURFACE('',#9198,0.8,0.2);
#9198 = AXIS2_PLACEMENT_3D('',#9199,#9200,#9201);
#9199 = CARTESIAN_POINT('',(0.,3.10862446895E-16,0.7));
#9200 = DIRECTION('',(0.,-4.440892098501E-16,-1.));
#9201 = DIRECTION('',(1.,1.110223024625E-16,-4.930380657631E-32));
#9202 = ADVANCED_FACE('',(#9203),#9222,.T.);
#9203 = FACE_BOUND('',#9204,.T.);
#9204 = EDGE_LOOP('',(#9205,#9214,#9220,#9221));
#9205 = ORIENTED_EDGE('',*,*,#9206,.T.);
#9206 = EDGE_CURVE('',#9207,#9207,#9209,.T.);
#9207 = VERTEX_POINT('',#9208);
#9208 = CARTESIAN_POINT('',(1.,7.327471962526E-16,1.1));
#9209 = CIRCLE('',#9210,1.);
#9210 = AXIS2_PLACEMENT_3D('',#9211,#9212,#9213);
#9211 = CARTESIAN_POINT('',(0.,4.884981308351E-16,1.1));
#9212 = DIRECTION('',(0.,-4.440892098501E-16,-1.));
#9213 = DIRECTION('',(1.,9.992007221626E-16,-4.437342591868E-31));
#9214 = ORIENTED_EDGE('',*,*,#9215,.T.);
#9215 = EDGE_CURVE('',#9207,#9181,#9216,.T.);
#9216 = LINE('',#9217,#9218);
#9217 = CARTESIAN_POINT('',(1.,2.997602166488E-15,4.5));
#9218 = VECTOR('',#9219,1.);
#9219 = DIRECTION('',(0.,-6.661338147751E-16,-1.));
#9220 = ORIENTED_EDGE('',*,*,#9189,.F.);
#9221 = ORIENTED_EDGE('',*,*,#9215,.F.);
#9222 = CYLINDRICAL_SURFACE('',#9223,1.);
#9223 = AXIS2_PLACEMENT_3D('',#9224,#9225,#9226);
#9224 = CARTESIAN_POINT('',(0.,1.998401444325E-15,4.5));
#9225 = DIRECTION('',(0.,-4.440892098501E-16,-1.));
#9226 = DIRECTION('',(1.,9.992007221626E-16,-4.437342591868E-31));
#9227 = ADVANCED_FACE('',(#9228,#9239),#9242,.T.);
#9228 = FACE_BOUND('',#9229,.F.);
#9229 = EDGE_LOOP('',(#9230));
#9230 = ORIENTED_EDGE('',*,*,#9231,.F.);
#9231 = EDGE_CURVE('',#9232,#9232,#9234,.T.);
#9232 = VERTEX_POINT('',#9233);
#9233 = CARTESIAN_POINT('',(1.01,7.327471962526E-16,1.1));
#9234 = CIRCLE('',#9235,1.01);
#9235 = AXIS2_PLACEMENT_3D('',#9236,#9237,#9238);
#9236 = CARTESIAN_POINT('',(0.,4.884981308351E-16,1.1));
#9237 = DIRECTION('',(0.,-4.440892098501E-16,-1.));
#9238 = DIRECTION('',(1.,2.418307578391E-16,-1.073944301662E-31));
#9239 = FACE_BOUND('',#9240,.F.);
#9240 = EDGE_LOOP('',(#9241));
#9241 = ORIENTED_EDGE('',*,*,#9206,.T.);
#9242 = PLANE('',#9243);
#9243 = AXIS2_PLACEMENT_3D('',#9244,#9245,#9246);
#9244 = CARTESIAN_POINT('',(0.,4.884981308351E-16,1.1));
#9245 = DIRECTION('',(0.,-4.440892098501E-16,-1.));
#9246 = DIRECTION('',(1.,2.467162276945E-16,-1.09564014614E-31));
#9247 = ADVANCED_FACE('',(#9248),#9267,.T.);
#9248 = FACE_BOUND('',#9249,.T.);
#9249 = EDGE_LOOP('',(#9250,#9259,#9265,#9266));
#9250 = ORIENTED_EDGE('',*,*,#9251,.T.);
#9251 = EDGE_CURVE('',#9252,#9252,#9254,.T.);
#9252 = VERTEX_POINT('',#9253);
#9253 = CARTESIAN_POINT('',(1.01,1.398881011028E-15,2.1));
#9254 = CIRCLE('',#9255,1.01);
#9255 = AXIS2_PLACEMENT_3D('',#9256,#9257,#9258);
#9256 = CARTESIAN_POINT('',(0.,9.325873406851E-16,2.1));
#9257 = DIRECTION('',(0.,-4.440892098501E-16,-1.));
#9258 = DIRECTION('',(1.,4.616769013293E-16,-2.050257303174E-31));
#9259 = ORIENTED_EDGE('',*,*,#9260,.T.);
#9260 = EDGE_CURVE('',#9252,#9232,#9261,.T.);
#9261 = LINE('',#9262,#9263);
#9262 = CARTESIAN_POINT('',(1.01,1.398881011028E-15,2.1));
#9263 = VECTOR('',#9264,1.);
#9264 = DIRECTION('',(0.,-6.661338147751E-16,-1.));
#9265 = ORIENTED_EDGE('',*,*,#9231,.F.);
#9266 = ORIENTED_EDGE('',*,*,#9260,.F.);
#9267 = CYLINDRICAL_SURFACE('',#9268,1.01);
#9268 = AXIS2_PLACEMENT_3D('',#9269,#9270,#9271);
#9269 = CARTESIAN_POINT('',(0.,9.325873406851E-16,2.1));
#9270 = DIRECTION('',(0.,-4.440892098501E-16,-1.));
#9271 = DIRECTION('',(1.,4.616769013293E-16,-2.050257303174E-31));
#9272 = ADVANCED_FACE('',(#9273,#9276),#9287,.F.);
#9273 = FACE_BOUND('',#9274,.T.);
#9274 = EDGE_LOOP('',(#9275));
#9275 = ORIENTED_EDGE('',*,*,#9251,.F.);
#9276 = FACE_BOUND('',#9277,.T.);
#9277 = EDGE_LOOP('',(#9278));
#9278 = ORIENTED_EDGE('',*,*,#9279,.T.);
#9279 = EDGE_CURVE('',#9280,#9280,#9282,.T.);
#9280 = VERTEX_POINT('',#9281);
#9281 = CARTESIAN_POINT('',(1.,1.398881011028E-15,2.1));
#9282 = CIRCLE('',#9283,1.);
#9283 = AXIS2_PLACEMENT_3D('',#9284,#9285,#9286);
#9284 = CARTESIAN_POINT('',(0.,9.325873406851E-16,2.1));
#9285 = DIRECTION('',(0.,-4.440892098501E-16,-1.));
#9286 = DIRECTION('',(1.,9.992007221626E-16,-4.437342591868E-31));
#9287 = PLANE('',#9288);
#9288 = AXIS2_PLACEMENT_3D('',#9289,#9290,#9291);
#9289 = CARTESIAN_POINT('',(0.,9.325873406851E-16,2.1));
#9290 = DIRECTION('',(0.,-4.440892098501E-16,-1.));
#9291 = DIRECTION('',(1.,4.710037074167E-16,-2.091676642631E-31));
#9292 = ADVANCED_FACE('',(#9293),#9312,.T.);
#9293 = FACE_BOUND('',#9294,.T.);
#9294 = EDGE_LOOP('',(#9295,#9304,#9310,#9311));
#9295 = ORIENTED_EDGE('',*,*,#9296,.T.);
#9296 = EDGE_CURVE('',#9297,#9297,#9299,.T.);
#9297 = VERTEX_POINT('',#9298);
#9298 = CARTESIAN_POINT('',(1.,2.908784324518E-15,4.3));
#9299 = CIRCLE('',#9300,1.);
#9300 = AXIS2_PLACEMENT_3D('',#9301,#9302,#9303);
#9301 = CARTESIAN_POINT('',(0.,1.909583602355E-15,4.3));
#9302 = DIRECTION('',(0.,-4.440892098501E-16,-1.));
#9303 = DIRECTION('',(1.,9.992007221626E-16,-4.437342591868E-31));
#9304 = ORIENTED_EDGE('',*,*,#9305,.T.);
#9305 = EDGE_CURVE('',#9297,#9280,#9306,.T.);
#9306 = LINE('',#9307,#9308);
#9307 = CARTESIAN_POINT('',(1.,2.997602166488E-15,4.5));
#9308 = VECTOR('',#9309,1.);
#9309 = DIRECTION('',(0.,-6.661338147751E-16,-1.));
#9310 = ORIENTED_EDGE('',*,*,#9279,.F.);
#9311 = ORIENTED_EDGE('',*,*,#9305,.F.);
#9312 = CYLINDRICAL_SURFACE('',#9313,1.);
#9313 = AXIS2_PLACEMENT_3D('',#9314,#9315,#9316);
#9314 = CARTESIAN_POINT('',(0.,1.998401444325E-15,4.5));
#9315 = DIRECTION('',(0.,-4.440892098501E-16,-1.));
#9316 = DIRECTION('',(1.,9.992007221626E-16,-4.437342591868E-31));
#9317 = ADVANCED_FACE('',(#9318),#9338,.T.);
#9318 = FACE_BOUND('',#9319,.T.);
#9319 = EDGE_LOOP('',(#9320,#9329,#9336,#9337));
#9320 = ORIENTED_EDGE('',*,*,#9321,.F.);
#9321 = EDGE_CURVE('',#9322,#9297,#9324,.T.);
#9322 = VERTEX_POINT('',#9323);
#9323 = CARTESIAN_POINT('',(0.8,2.797762022055E-15,4.5));
#9324 = CIRCLE('',#9325,0.2);
#9325 = AXIS2_PLACEMENT_3D('',#9326,#9327,#9328);
#9326 = CARTESIAN_POINT('',(0.8,2.708944180085E-15,4.3));
#9327 = DIRECTION('',(-9.992007221626E-16,1.,-4.440892098501E-16));
#9328 = DIRECTION('',(1.,9.992007221626E-16,-4.437342591868E-31));
#9329 = ORIENTED_EDGE('',*,*,#9330,.T.);
#9330 = EDGE_CURVE('',#9322,#9322,#9331,.T.);
#9331 = CIRCLE('',#9332,0.8);
#9332 = AXIS2_PLACEMENT_3D('',#9333,#9334,#9335);
#9333 = CARTESIAN_POINT('',(0.,1.998401444325E-15,4.5));
#9334 = DIRECTION('',(0.,-4.440892098501E-16,-1.));
#9335 = DIRECTION('',(1.,9.992007221626E-16,-4.437342591868E-31));
#9336 = ORIENTED_EDGE('',*,*,#9321,.T.);
#9337 = ORIENTED_EDGE('',*,*,#9296,.F.);
#9338 = TOROIDAL_SURFACE('',#9339,0.8,0.2);
#9339 = AXIS2_PLACEMENT_3D('',#9340,#9341,#9342);
#9340 = CARTESIAN_POINT('',(0.,1.909583602355E-15,4.3));
#9341 = DIRECTION('',(0.,-4.440892098501E-16,-1.));
#9342 = DIRECTION('',(1.,9.992007221626E-16,-4.437342591868E-31));
#9343 = ADVANCED_FACE('',(#9344,#9347),#9358,.F.);
#9344 = FACE_BOUND('',#9345,.T.);
#9345 = EDGE_LOOP('',(#9346));
#9346 = ORIENTED_EDGE('',*,*,#9330,.F.);
#9347 = FACE_BOUND('',#9348,.T.);
#9348 = EDGE_LOOP('',(#9349));
#9349 = ORIENTED_EDGE('',*,*,#9350,.F.);
#9350 = EDGE_CURVE('',#9351,#9351,#9353,.T.);
#9351 = VERTEX_POINT('',#9352);
#9352 = CARTESIAN_POINT('',(0.25,9.992007221626E-16,4.5));
#9353 = CIRCLE('',#9354,0.25);
#9354 = AXIS2_PLACEMENT_3D('',#9355,#9356,#9357);
#9355 = CARTESIAN_POINT('',(0.,9.992007221626E-16,4.5));
#9356 = DIRECTION('',(-0.,2.22044604925E-16,1.));
#9357 = DIRECTION('',(1.,0.,0.));
#9358 = PLANE('',#9359);
#9359 = AXIS2_PLACEMENT_3D('',#9360,#9361,#9362);
#9360 = CARTESIAN_POINT('',(0.,1.998401444325E-15,4.5));
#9361 = DIRECTION('',(0.,-4.440892098501E-16,-1.));
#9362 = DIRECTION('',(1.,9.992007221626E-16,-4.437342591868E-31));
#9363 = ADVANCED_FACE('',(#9364),#9383,.T.);
#9364 = FACE_BOUND('',#9365,.T.);
#9365 = EDGE_LOOP('',(#9366,#9367,#9375,#9382));
#9366 = ORIENTED_EDGE('',*,*,#9350,.T.);
#9367 = ORIENTED_EDGE('',*,*,#9368,.T.);
#9368 = EDGE_CURVE('',#9351,#9369,#9371,.T.);
#9369 = VERTEX_POINT('',#9370);
#9370 = CARTESIAN_POINT('',(0.25,1.110223024625E-15,5.));
#9371 = LINE('',#9372,#9373);
#9372 = CARTESIAN_POINT('',(0.25,-6.661338147751E-16,-3.));
#9373 = VECTOR('',#9374,1.);
#9374 = DIRECTION('',(0.,2.22044604925E-16,1.));
#9375 = ORIENTED_EDGE('',*,*,#9376,.F.);
#9376 = EDGE_CURVE('',#9369,#9369,#9377,.T.);
#9377 = CIRCLE('',#9378,0.25);
#9378 = AXIS2_PLACEMENT_3D('',#9379,#9380,#9381);
#9379 = CARTESIAN_POINT('',(0.,1.110223024625E-15,5.));
#9380 = DIRECTION('',(-0.,2.22044604925E-16,1.));
#9381 = DIRECTION('',(1.,0.,0.));
#9382 = ORIENTED_EDGE('',*,*,#9368,.F.);
#9383 = CYLINDRICAL_SURFACE('',#9384,0.25);
#9384 = AXIS2_PLACEMENT_3D('',#9385,#9386,#9387);
#9385 = CARTESIAN_POINT('',(0.,-6.661338147751E-16,-3.));
#9386 = DIRECTION('',(0.,2.22044604925E-16,1.));
#9387 = DIRECTION('',(1.,0.,-0.));
#9388 = ADVANCED_FACE('',(#9389),#9409,.T.);
#9389 = FACE_BOUND('',#9390,.T.);
#9390 = EDGE_LOOP('',(#9391,#9400,#9407,#9408));
#9391 = ORIENTED_EDGE('',*,*,#9392,.T.);
#9392 = EDGE_CURVE('',#9369,#9393,#9395,.T.);
#9393 = VERTEX_POINT('',#9394);
#9394 = CARTESIAN_POINT('',(0.5,1.165734175856E-15,5.25));
#9395 = CIRCLE('',#9396,0.25);
#9396 = AXIS2_PLACEMENT_3D('',#9397,#9398,#9399);
#9397 = CARTESIAN_POINT('',(0.5,1.202071534561E-15,5.));
#9398 = DIRECTION('',(0.,1.,-2.22044604925E-16));
#9399 = DIRECTION('',(1.,0.,0.));
#9400 = ORIENTED_EDGE('',*,*,#9401,.T.);
#9401 = EDGE_CURVE('',#9393,#9393,#9402,.T.);
#9402 = CIRCLE('',#9403,0.25);
#9403 = AXIS2_PLACEMENT_3D('',#9404,#9405,#9406);
#9404 = CARTESIAN_POINT('',(0.5,1.221245327088E-15,5.5));
#9405 = DIRECTION('',(-1.,-4.078893220341E-32,-1.836970198721E-16));
#9406 = DIRECTION('',(-1.836970198721E-16,2.22044604925E-16,1.));
#9407 = ORIENTED_EDGE('',*,*,#9392,.F.);
#9408 = ORIENTED_EDGE('',*,*,#9376,.T.);
#9409 = TOROIDAL_SURFACE('',#9410,0.5,0.25);
#9410 = AXIS2_PLACEMENT_3D('',#9411,#9412,#9413);
#9411 = CARTESIAN_POINT('',(0.5,1.110223024625E-15,5.));
#9412 = DIRECTION('',(0.,1.,-2.22044604925E-16));
#9413 = DIRECTION('',(1.,0.,0.));
#9414 = ADVANCED_FACE('',(#9415),#9434,.T.);
#9415 = FACE_BOUND('',#9416,.T.);
#9416 = EDGE_LOOP('',(#9417,#9425,#9432,#9433));
#9417 = ORIENTED_EDGE('',*,*,#9418,.T.);
#9418 = EDGE_CURVE('',#9393,#9419,#9421,.T.);
#9419 = VERTEX_POINT('',#9420);
#9420 = CARTESIAN_POINT('',(4.58,1.165734175856E-15,5.25));
#9421 = LINE('',#9422,#9423);
#9422 = CARTESIAN_POINT('',(0.5,1.165734175856E-15,5.25));
#9423 = VECTOR('',#9424,1.);
#9424 = DIRECTION('',(1.,0.,0.));
#9425 = ORIENTED_EDGE('',*,*,#9426,.F.);
#9426 = EDGE_CURVE('',#9419,#9419,#9427,.T.);
#9427 = CIRCLE('',#9428,0.25);
#9428 = AXIS2_PLACEMENT_3D('',#9429,#9430,#9431);
#9429 = CARTESIAN_POINT('',(4.58,1.221245327088E-15,5.5));
#9430 = DIRECTION('',(1.,0.,0.));
#9431 = DIRECTION('',(0.,-2.22044604925E-16,-1.));
#9432 = ORIENTED_EDGE('',*,*,#9418,.F.);
#9433 = ORIENTED_EDGE('',*,*,#9401,.F.);
#9434 = CYLINDRICAL_SURFACE('',#9435,0.25);
#9435 = AXIS2_PLACEMENT_3D('',#9436,#9437,#9438);
#9436 = CARTESIAN_POINT('',(0.5,1.221245327088E-15,5.5));
#9437 = DIRECTION('',(1.,0.,0.));
#9438 = DIRECTION('',(0.,-2.22044604925E-16,-1.));
#9439 = ADVANCED_FACE('',(#9440),#9460,.T.);
#9440 = FACE_BOUND('',#9441,.T.);
#9441 = EDGE_LOOP('',(#9442,#9451,#9458,#9459));
#9442 = ORIENTED_EDGE('',*,*,#9443,.T.);
#9443 = EDGE_CURVE('',#9419,#9444,#9446,.T.);
#9444 = VERTEX_POINT('',#9445);
#9445 = CARTESIAN_POINT('',(4.83,1.110223024625E-15,5.));
#9446 = CIRCLE('',#9447,0.25);
#9447 = AXIS2_PLACEMENT_3D('',#9448,#9449,#9450);
#9448 = CARTESIAN_POINT('',(4.58,1.202071534561E-15,5.));
#9449 = DIRECTION('',(0.,1.,-2.22044604925E-16));
#9450 = DIRECTION('',(1.,0.,0.));
#9451 = ORIENTED_EDGE('',*,*,#9452,.T.);
#9452 = EDGE_CURVE('',#9444,#9444,#9453,.T.);
#9453 = CIRCLE('',#9454,0.25);
#9454 = AXIS2_PLACEMENT_3D('',#9455,#9456,#9457);
#9455 = CARTESIAN_POINT('',(5.08,1.110223024625E-15,5.));
#9456 = DIRECTION('',(-2.449293598295E-16,2.22044604925E-16,1.));
#9457 = DIRECTION('',(1.,5.438524293788E-32,2.449293598295E-16));
#9458 = ORIENTED_EDGE('',*,*,#9443,.F.);
#9459 = ORIENTED_EDGE('',*,*,#9426,.T.);
#9460 = TOROIDAL_SURFACE('',#9461,0.5,0.25);
#9461 = AXIS2_PLACEMENT_3D('',#9462,#9463,#9464);
#9462 = CARTESIAN_POINT('',(4.58,1.110223024625E-15,5.));
#9463 = DIRECTION('',(0.,1.,-2.22044604925E-16));
#9464 = DIRECTION('',(1.,0.,0.));
#9465 = ADVANCED_FACE('',(#9466),#9485,.T.);
#9466 = FACE_BOUND('',#9467,.T.);
#9467 = EDGE_LOOP('',(#9468,#9476,#9483,#9484));
#9468 = ORIENTED_EDGE('',*,*,#9469,.T.);
#9469 = EDGE_CURVE('',#9444,#9470,#9472,.T.);
#9470 = VERTEX_POINT('',#9471);
#9471 = CARTESIAN_POINT('',(4.83,-7.273661547325E-16,-3.));
#9472 = LINE('',#9473,#9474);
#9473 = CARTESIAN_POINT('',(4.83,-6.661338147751E-16,-3.));
#9474 = VECTOR('',#9475,1.);
#9475 = DIRECTION('',(0.,-2.22044604925E-16,-1.));
#9476 = ORIENTED_EDGE('',*,*,#9477,.F.);
#9477 = EDGE_CURVE('',#9470,#9470,#9478,.T.);
#9478 = CIRCLE('',#9479,0.25);
#9479 = AXIS2_PLACEMENT_3D('',#9480,#9481,#9482);
#9480 = CARTESIAN_POINT('',(5.08,-6.661338147751E-16,-3.));
#9481 = DIRECTION('',(0.,-2.22044604925E-16,-1.));
#9482 = DIRECTION('',(-1.,5.473822126269E-48,-1.215432671457E-63));
#9483 = ORIENTED_EDGE('',*,*,#9469,.F.);
#9484 = ORIENTED_EDGE('',*,*,#9452,.F.);
#9485 = CYLINDRICAL_SURFACE('',#9486,0.25);
#9486 = AXIS2_PLACEMENT_3D('',#9487,#9488,#9489);
#9487 = CARTESIAN_POINT('',(5.08,-6.661338147751E-16,-3.));
#9488 = DIRECTION('',(0.,-2.22044604925E-16,-1.));
#9489 = DIRECTION('',(-1.,5.473822126269E-48,-1.215432671457E-63));
#9490 = ADVANCED_FACE('',(#9491),#9494,.F.);
#9491 = FACE_BOUND('',#9492,.T.);
#9492 = EDGE_LOOP('',(#9493));
#9493 = ORIENTED_EDGE('',*,*,#9477,.T.);
#9494 = PLANE('',#9495);
#9495 = AXIS2_PLACEMENT_3D('',#9496,#9497,#9498);
#9496 = CARTESIAN_POINT('',(4.83,-6.661338147751E-16,-3.));
#9497 = DIRECTION('',(0.,0.,1.));
#9498 = DIRECTION('',(1.,0.,-0.));
#9499 = ( GEOMETRIC_REPRESENTATION_CONTEXT(3) 
GLOBAL_UNCERTAINTY_ASSIGNED_CONTEXT((#9503)) 
GLOBAL_UNIT_ASSIGNED_CONTEXT((#9500,#9501,#9502)) REPRESENTATION_CONTEXT
('Context #1','3D Context with UNIT and UNCERTAINTY') );
#9500 = ( LENGTH_UNIT() NAMED_UNIT(*) SI_UNIT(.MILLI.,.METRE.) );
#9501 = ( NAMED_UNIT(*) PLANE_ANGLE_UNIT() SI_UNIT($,.RADIAN.) );
#9502 = ( NAMED_UNIT(*) SI_UNIT($,.STERADIAN.) SOLID_ANGLE_UNIT() );
#9503 = UNCERTAINTY_MEASURE_WITH_UNIT(LENGTH_MEASURE(1.E-07),#9500,
  'distance_accuracy_value','confusion accuracy');
#9504 = CONTEXT_DEPENDENT_SHAPE_REPRESENTATION(#9505,#9507);
#9505 = ( REPRESENTATION_RELATIONSHIP('','',#9111,#9088) 
REPRESENTATION_RELATIONSHIP_WITH_TRANSFORMATION(#9506) 
SHAPE_REPRESENTATION_RELATIONSHIP() );
#9506 = ITEM_DEFINED_TRANSFORMATION('','',#11,#9089);
#9507 = PRODUCT_DEFINITION_SHAPE('Placement','Placement of an item',
  #9508);
#9508 = NEXT_ASSEMBLY_USAGE_OCCURRENCE('54','=>[0:1:1:44]','',#9083,
  #9106,$);
#9509 = PRODUCT_RELATED_PRODUCT_CATEGORY('part',$,(#9108));
#9510 = CONTEXT_DEPENDENT_SHAPE_REPRESENTATION(#9511,#9513);
#9511 = ( REPRESENTATION_RELATIONSHIP('','',#1466,#10) 
REPRESENTATION_RELATIONSHIP_WITH_TRANSFORMATION(#9512) 
SHAPE_REPRESENTATION_RELATIONSHIP() );
#9512 = ITEM_DEFINED_TRANSFORMATION('','',#11,#123);
#9513 = PRODUCT_DEFINITION_SHAPE('Placement','Placement of an item',
  #9514);
#9514 = NEXT_ASSEMBLY_USAGE_OCCURRENCE('56','R_slow1','',#5,#1461,$);
#9515 = CONTEXT_DEPENDENT_SHAPE_REPRESENTATION(#9516,#9518);
#9516 = ( REPRESENTATION_RELATIONSHIP('','',#2893,#10) 
REPRESENTATION_RELATIONSHIP_WITH_TRANSFORMATION(#9517) 
SHAPE_REPRESENTATION_RELATIONSHIP() );
#9517 = ITEM_DEFINED_TRANSFORMATION('','',#11,#127);
#9518 = PRODUCT_DEFINITION_SHAPE('Placement','Placement of an item',
  #9519);
#9519 = NEXT_ASSEMBLY_USAGE_OCCURRENCE('57','R_sig3','',#5,#2888,$);
#9520 = CONTEXT_DEPENDENT_SHAPE_REPRESENTATION(#9521,#9523);
#9521 = ( REPRESENTATION_RELATIONSHIP('','',#2893,#10) 
REPRESENTATION_RELATIONSHIP_WITH_TRANSFORMATION(#9522) 
SHAPE_REPRESENTATION_RELATIONSHIP() );
#9522 = ITEM_DEFINED_TRANSFORMATION('','',#11,#131);
#9523 = PRODUCT_DEFINITION_SHAPE('Placement','Placement of an item',
  #9524);
#9524 = NEXT_ASSEMBLY_USAGE_OCCURRENCE('58','R_LED4','',#5,#2888,$);
#9525 = CONTEXT_DEPENDENT_SHAPE_REPRESENTATION(#9526,#9528);
#9526 = ( REPRESENTATION_RELATIONSHIP('','',#1466,#10) 
REPRESENTATION_RELATIONSHIP_WITH_TRANSFORMATION(#9527) 
SHAPE_REPRESENTATION_RELATIONSHIP() );
#9527 = ITEM_DEFINED_TRANSFORMATION('','',#11,#135);
#9528 = PRODUCT_DEFINITION_SHAPE('Placement','Placement of an item',
  #9529);
#9529 = NEXT_ASSEMBLY_USAGE_OCCURRENCE('59','R_slow3','',#5,#1461,$);
#9530 = CONTEXT_DEPENDENT_SHAPE_REPRESENTATION(#9531,#9533);
#9531 = ( REPRESENTATION_RELATIONSHIP('','',#1084,#10) 
REPRESENTATION_RELATIONSHIP_WITH_TRANSFORMATION(#9532) 
SHAPE_REPRESENTATION_RELATIONSHIP() );
#9532 = ITEM_DEFINED_TRANSFORMATION('','',#11,#139);
#9533 = PRODUCT_DEFINITION_SHAPE('Placement','Placement of an item',
  #9534);
#9534 = NEXT_ASSEMBLY_USAGE_OCCURRENCE('60','D1','',#5,#1079,$);
#9535 = SHAPE_DEFINITION_REPRESENTATION(#9536,#9542);
#9536 = PRODUCT_DEFINITION_SHAPE('','',#9537);
#9537 = PRODUCT_DEFINITION('design','',#9538,#9541);
#9538 = PRODUCT_DEFINITION_FORMATION('','',#9539);
#9539 = PRODUCT('C_Disc_D5.0mm_W2.5mm_P5.00mm',
  'C_Disc_D5.0mm_W2.5mm_P5.00mm','',(#9540));
#9540 = PRODUCT_CONTEXT('',#2,'mechanical');
#9541 = PRODUCT_DEFINITION_CONTEXT('part definition',#2,'design');
#9542 = SHAPE_REPRESENTATION('',(#11,#9543),#9547);
#9543 = AXIS2_PLACEMENT_3D('',#9544,#9545,#9546);
#9544 = CARTESIAN_POINT('',(0.,0.,0.));
#9545 = DIRECTION('',(0.,0.,1.));
#9546 = DIRECTION('',(1.,0.,-0.));
#9547 = ( GEOMETRIC_REPRESENTATION_CONTEXT(3) 
GLOBAL_UNCERTAINTY_ASSIGNED_CONTEXT((#9551)) 
GLOBAL_UNIT_ASSIGNED_CONTEXT((#9548,#9549,#9550)) REPRESENTATION_CONTEXT
('Context #1','3D Context with UNIT and UNCERTAINTY') );
#9548 = ( LENGTH_UNIT() NAMED_UNIT(*) SI_UNIT(.MILLI.,.METRE.) );
#9549 = ( NAMED_UNIT(*) PLANE_ANGLE_UNIT() SI_UNIT($,.RADIAN.) );
#9550 = ( NAMED_UNIT(*) SI_UNIT($,.STERADIAN.) SOLID_ANGLE_UNIT() );
#9551 = UNCERTAINTY_MEASURE_WITH_UNIT(LENGTH_MEASURE(2.E-07),#9548,
  'distance_accuracy_value','confusion accuracy');
#9552 = CONTEXT_DEPENDENT_SHAPE_REPRESENTATION(#9553,#9555);
#9553 = ( REPRESENTATION_RELATIONSHIP('','',#9542,#10) 
REPRESENTATION_RELATIONSHIP_WITH_TRANSFORMATION(#9554) 
SHAPE_REPRESENTATION_RELATIONSHIP() );
#9554 = ITEM_DEFINED_TRANSFORMATION('','',#11,#143);
#9555 = PRODUCT_DEFINITION_SHAPE('Placement','Placement of an item',
  #9556);
#9556 = NEXT_ASSEMBLY_USAGE_OCCURRENCE('62','C_byp2','',#5,#9537,$);
#9557 = PRODUCT_RELATED_PRODUCT_CATEGORY('part',$,(#9539));
#9558 = SHAPE_DEFINITION_REPRESENTATION(#9559,#9565);
#9559 = PRODUCT_DEFINITION_SHAPE('','',#9560);
#9560 = PRODUCT_DEFINITION('design','',#9561,#9564);
#9561 = PRODUCT_DEFINITION_FORMATION('','',#9562);
#9562 = PRODUCT('C_Disc_D50mm_W25mm_P500mm','C_Disc_D50mm_W25mm_P500mm',
  '',(#9563));
#9563 = PRODUCT_CONTEXT('',#2,'mechanical');
#9564 = PRODUCT_DEFINITION_CONTEXT('part definition',#2,'design');
#9565 = ADVANCED_BREP_SHAPE_REPRESENTATION('',(#11,#9566),#10048);
#9566 = MANIFOLD_SOLID_BREP('',#9567);
#9567 = CLOSED_SHELL('',(#9568,#9585,#9610,#9640,#9774,#9875,#9957,#9984
    ,#10014,#10039));
#9568 = ADVANCED_FACE('',(#9569),#9580,.T.);
#9569 = FACE_BOUND('',#9570,.F.);
#9570 = EDGE_LOOP('',(#9571));
#9571 = ORIENTED_EDGE('',*,*,#9572,.T.);
#9572 = EDGE_CURVE('',#9573,#9573,#9575,.T.);
#9573 = VERTEX_POINT('',#9574);
#9574 = CARTESIAN_POINT('',(5.,0.25,-2.));
#9575 = CIRCLE('',#9576,0.25);
#9576 = AXIS2_PLACEMENT_3D('',#9577,#9578,#9579);
#9577 = CARTESIAN_POINT('',(5.,0.,-2.));
#9578 = DIRECTION('',(0.,-0.,1.));
#9579 = DIRECTION('',(1.144237745222E-17,1.,0.));
#9580 = PLANE('',#9581);
#9581 = AXIS2_PLACEMENT_3D('',#9582,#9583,#9584);
#9582 = CARTESIAN_POINT('',(5.,0.25,-2.));
#9583 = DIRECTION('',(-0.,0.,-1.));
#9584 = DIRECTION('',(-1.144237745222E-17,-1.,0.));
#9585 = ADVANCED_FACE('',(#9586),#9605,.T.);
#9586 = FACE_BOUND('',#9587,.T.);
#9587 = EDGE_LOOP('',(#9588,#9596,#9603,#9604));
#9588 = ORIENTED_EDGE('',*,*,#9589,.T.);
#9589 = EDGE_CURVE('',#9573,#9590,#9592,.T.);
#9590 = VERTEX_POINT('',#9591);
#9591 = CARTESIAN_POINT('',(5.,0.25,0.85));
#9592 = LINE('',#9593,#9594);
#9593 = CARTESIAN_POINT('',(5.,0.25,-2.));
#9594 = VECTOR('',#9595,1.);
#9595 = DIRECTION('',(0.,0.,1.));
#9596 = ORIENTED_EDGE('',*,*,#9597,.F.);
#9597 = EDGE_CURVE('',#9590,#9590,#9598,.T.);
#9598 = CIRCLE('',#9599,0.25);
#9599 = AXIS2_PLACEMENT_3D('',#9600,#9601,#9602);
#9600 = CARTESIAN_POINT('',(5.,0.,0.85));
#9601 = DIRECTION('',(0.,-0.,1.));
#9602 = DIRECTION('',(1.144237745222E-17,1.,0.));
#9603 = ORIENTED_EDGE('',*,*,#9589,.F.);
#9604 = ORIENTED_EDGE('',*,*,#9572,.T.);
#9605 = CYLINDRICAL_SURFACE('',#9606,0.25);
#9606 = AXIS2_PLACEMENT_3D('',#9607,#9608,#9609);
#9607 = CARTESIAN_POINT('',(5.,0.,-2.));
#9608 = DIRECTION('',(0.,-0.,-1.));
#9609 = DIRECTION('',(1.144237745222E-17,1.,0.));
#9610 = ADVANCED_FACE('',(#9611),#9631,.F.);
#9611 = FACE_BOUND('',#9612,.F.);
#9612 = EDGE_LOOP('',(#9613,#9622,#9623,#9624));
#9613 = ORIENTED_EDGE('',*,*,#9614,.F.);
#9614 = EDGE_CURVE('',#9590,#9615,#9617,.T.);
#9615 = VERTEX_POINT('',#9616);
#9616 = CARTESIAN_POINT('',(4.933012701892,0.25,1.1));
#9617 = CIRCLE('',#9618,0.5);
#9618 = AXIS2_PLACEMENT_3D('',#9619,#9620,#9621);
#9619 = CARTESIAN_POINT('',(4.5,0.25,0.85));
#9620 = DIRECTION('',(-1.144237745222E-17,-1.,0.));
#9621 = DIRECTION('',(1.,-1.144237745222E-17,0.));
#9622 = ORIENTED_EDGE('',*,*,#9597,.F.);
#9623 = ORIENTED_EDGE('',*,*,#9614,.T.);
#9624 = ORIENTED_EDGE('',*,*,#9625,.T.);
#9625 = EDGE_CURVE('',#9615,#9615,#9626,.T.);
#9626 = CIRCLE('',#9627,0.25);
#9627 = AXIS2_PLACEMENT_3D('',#9628,#9629,#9630);
#9628 = CARTESIAN_POINT('',(4.933012701892,5.500816221034E-34,1.1));
#9629 = DIRECTION('',(-0.5,5.721188726112E-18,0.866025403784));
#9630 = DIRECTION('',(1.144237745222E-17,1.,0.));
#9631 = SURFACE_OF_REVOLUTION('',#9632,#9637);
#9632 = CIRCLE('',#9633,0.25);
#9633 = AXIS2_PLACEMENT_3D('',#9634,#9635,#9636);
#9634 = CARTESIAN_POINT('',(5.,0.,0.85));
#9635 = DIRECTION('',(0.,-0.,1.));
#9636 = DIRECTION('',(1.144237745222E-17,1.,0.));
#9637 = AXIS1_PLACEMENT('',#9638,#9639);
#9638 = CARTESIAN_POINT('',(4.5,-4.,0.85));
#9639 = DIRECTION('',(-1.144237745222E-17,-1.,0.));
#9640 = ADVANCED_FACE('',(#9641),#9769,.T.);
#9641 = FACE_BOUND('',#9642,.T.);
#9642 = EDGE_LOOP('',(#9643,#9651,#9688,#9744,#9767,#9768));
#9643 = ORIENTED_EDGE('',*,*,#9644,.T.);
#9644 = EDGE_CURVE('',#9615,#9645,#9647,.T.);
#9645 = VERTEX_POINT('',#9646);
#9646 = CARTESIAN_POINT('',(4.598334876348,0.25,1.67967899801));
#9647 = LINE('',#9648,#9649);
#9648 = CARTESIAN_POINT('',(4.933012701892,0.25,1.1));
#9649 = VECTOR('',#9650,1.);
#9650 = DIRECTION('',(-0.5,5.721188726112E-18,0.866025403784));
#9651 = ORIENTED_EDGE('',*,*,#9652,.F.);
#9652 = EDGE_CURVE('',#9653,#9645,#9655,.T.);
#9653 = VERTEX_POINT('',#9654);
#9654 = CARTESIAN_POINT('',(4.849268064747,2.22044604925E-16,
    1.745049966396));
#9655 = B_SPLINE_CURVE_WITH_KNOTS('',7,(#9656,#9657,#9658,#9659,#9660,
    #9661,#9662,#9663,#9664,#9665,#9666,#9667,#9668,#9669,#9670,#9671,
    #9672,#9673,#9674,#9675,#9676,#9677,#9678,#9679,#9680,#9681,#9682,
    #9683,#9684,#9685,#9686,#9687),.UNSPECIFIED.,.F.,.F.,(8,6,6,6,6,8),(
    0.,0.241763709565,0.410219393977,0.53652090117,0.746819928834,1.),
  .UNSPECIFIED.);
#9656 = CARTESIAN_POINT('',(4.849268064747,2.22044604925E-16,
    1.745049966396));
#9657 = CARTESIAN_POINT('',(4.844364001498,1.001758874615E-02,
    1.753544053108));
#9658 = CARTESIAN_POINT('',(4.839050542048,2.032222277663E-02,
    1.761810882376));
#9659 = CARTESIAN_POINT('',(4.833282119644,3.09553234543E-02,
    1.769830860094));
#9660 = CARTESIAN_POINT('',(4.827007808277,4.19533636841E-02,
    1.777563706468));
#9661 = CARTESIAN_POINT('',(4.820156869887,5.335972239721E-02,
    1.784937757425));
#9662 = CARTESIAN_POINT('',(4.812654445026,6.521344490044E-02,
    1.791860790374));
#9663 = CARTESIAN_POINT('',(4.798541655418,8.626048624641E-02,
    1.802556496601));
#9664 = CARTESIAN_POINT('',(4.792502758244,9.494432076344E-02,
    1.80653384436));
#9665 = CARTESIAN_POINT('',(4.786214684815,0.103658414056,1.810054547962
    ));
#9666 = CARTESIAN_POINT('',(4.779676548822,0.112384519975,1.813070715723
    ));
#9667 = CARTESIAN_POINT('',(4.772892242487,0.121096801108,1.815528388152
    ));
#9668 = CARTESIAN_POINT('',(4.765870436561,0.129761828785,1.817367537947
    ));
#9669 = CARTESIAN_POINT('',(4.753191919698,0.144769099183,1.819387693132
    ));
#9670 = CARTESIAN_POINT('',(4.747633142674,0.151151003548,1.819870466346
    ));
#9671 = CARTESIAN_POINT('',(4.741957304551,0.157462287585,1.819940124931
    ));
#9672 = CARTESIAN_POINT('',(4.736177207874,0.16367854908,1.819570425239)
  );
#9673 = CARTESIAN_POINT('',(4.730309402433,0.169772992177,1.818739144678
    ));
#9674 = CARTESIAN_POINT('',(4.724374185264,0.175716427387,1.817428081711
    ));
#9675 = CARTESIAN_POINT('',(4.708440925053,0.191069397272,1.812617587517
    ));
#9676 = CARTESIAN_POINT('',(4.698342251762,0.200179567672,1.808239048518
    ));
#9677 = CARTESIAN_POINT('',(4.688276068011,0.208600246808,1.802446960471
    ));
#9678 = CARTESIAN_POINT('',(4.678382446843,0.216203663219,1.795293526394
    ));
#9679 = CARTESIAN_POINT('',(4.668780572755,0.222911046087,1.786901062703
    ));
#9680 = CARTESIAN_POINT('',(4.659576067045,0.228682208447,1.777454057665
    ));
#9681 = CARTESIAN_POINT('',(4.640366931202,0.239356313732,1.754867994485
    ));
#9682 = CARTESIAN_POINT('',(4.631423567489,0.24337539305,1.742360451828)
  );
#9683 = CARTESIAN_POINT('',(4.623444904041,0.246276217548,1.729806365285
    ));
#9684 = CARTESIAN_POINT('',(4.616297148448,0.248221538981,1.717250157528
    ));
#9685 = CARTESIAN_POINT('',(4.60978615485,0.249434404961,1.704718873159)
  );
#9686 = CARTESIAN_POINT('',(4.603828651289,0.249999998934,1.692204820721
    ));
#9687 = CARTESIAN_POINT('',(4.598334876348,0.25,1.67967899801));
#9688 = ORIENTED_EDGE('',*,*,#9689,.F.);
#9689 = EDGE_CURVE('',#9690,#9653,#9692,.T.);
#9690 = VERTEX_POINT('',#9691);
#9691 = CARTESIAN_POINT('',(4.579497089263,2.22044604925E-16,
    1.212307002343));
#9692 = B_SPLINE_CURVE_WITH_KNOTS('',8,(#9693,#9694,#9695,#9696,#9697,
    #9698,#9699,#9700,#9701,#9702,#9703,#9704,#9705,#9706,#9707,#9708,
    #9709,#9710,#9711,#9712,#9713,#9714,#9715,#9716,#9717,#9718,#9719,
    #9720,#9721,#9722,#9723,#9724,#9725,#9726,#9727,#9728,#9729,#9730,
    #9731,#9732,#9733,#9734,#9735,#9736,#9737,#9738,#9739,#9740,#9741,
    #9742,#9743),.UNSPECIFIED.,.F.,.F.,(9,7,7,7,7,7,7,9),(0.,
    0.19078736286,0.369786424479,0.513703292981,0.651485740399,
    0.719841574329,0.850671073529,1.),.UNSPECIFIED.);
#9693 = CARTESIAN_POINT('',(4.579497089263,2.498001805407E-16,
    1.212307002343));
#9694 = CARTESIAN_POINT('',(4.573387972941,-1.460665884341E-02,
    1.222888302202));
#9695 = CARTESIAN_POINT('',(4.567872793808,-2.901585421323E-02,
    1.234391492263));
#9696 = CARTESIAN_POINT('',(4.562924967853,-4.321614467519E-02,
    1.246770598809));
#9697 = CARTESIAN_POINT('',(4.558529269717,-5.719266388664E-02,
    1.259994825522));
#9698 = CARTESIAN_POINT('',(4.554678380237,-7.092786565873E-02,
    1.274043557557));
#9699 = CARTESIAN_POINT('',(4.551371358063,-8.440178729829E-02,
    1.288904308098));
#9700 = CARTESIAN_POINT('',(4.54861403534,-9.75918312297E-02,
    1.304573607428));
#9701 = CARTESIAN_POINT('',(4.544364121213,-0.122556459299,
    1.336529354653));
#9702 = CARTESIAN_POINT('',(4.54280525738,-0.134360058047,1.352707443955
    ));
#9703 = CARTESIAN_POINT('',(4.541755282839,-0.145866851387,
    1.369607709551));
#9704 = CARTESIAN_POINT('',(4.541233573854,-0.157050082566,
    1.387243425374));
#9705 = CARTESIAN_POINT('',(4.541269384929,-0.167871628778,
    1.405629460697));
#9706 = CARTESIAN_POINT('',(4.541900768006,-0.178282922567,
    1.424780748836));
#9707 = CARTESIAN_POINT('',(4.543178413136,-0.188223408141,
    1.444716731634));
#9708 = CARTESIAN_POINT('',(4.546791913086,-0.205161463833,
    1.482174244549));
#9709 = CARTESIAN_POINT('',(4.548867568358,-0.212336815491,
    1.499365112402));
#9710 = CARTESIAN_POINT('',(4.551449322994,-0.21911262951,1.517101248612
    ));
#9711 = CARTESIAN_POINT('',(4.554588949033,-0.225434790367,
    1.535405455025));
#9712 = CARTESIAN_POINT('',(4.558351203287,-0.23121980149,1.554273840107
    ));
#9713 = CARTESIAN_POINT('',(4.562809380792,-0.236360279408,1.57367194637
    ));
#9714 = CARTESIAN_POINT('',(4.56804938678,-0.240723818141,1.593536348114
    ));
#9715 = CARTESIAN_POINT('',(4.580083375897,-0.247394677691,
    1.633180338834));
#9716 = CARTESIAN_POINT('',(4.586845109335,-0.249805464857,1.65307009704
    ));
#9717 = CARTESIAN_POINT('',(4.594548081019,-0.25114837322,1.673181590757
    ));
#9718 = CARTESIAN_POINT('',(4.603234095602,-0.251199397317,
    1.693144207547));
#9719 = CARTESIAN_POINT('',(4.612904709005,-0.249766604459,
    1.712525487432));
#9720 = CARTESIAN_POINT('',(4.623510669589,-0.246703489644,
    1.730835828697));
#9721 = CARTESIAN_POINT('',(4.634913431764,-0.241958998128,
    1.747561890486));
#9722 = CARTESIAN_POINT('',(4.652674340329,-0.232636318869,
    1.769587500065));
#9723 = CARTESIAN_POINT('',(4.658793561142,-0.229121074946,
    1.776545002843));
#9724 = CARTESIAN_POINT('',(4.665132494898,-0.225165084099,1.78308873275
    ));
#9725 = CARTESIAN_POINT('',(4.671673437455,-0.220762392381,
    1.789157782984));
#9726 = CARTESIAN_POINT('',(4.678390938392,-0.215918012519,
    1.794697882872));
#9727 = CARTESIAN_POINT('',(4.685251801011,-0.210647923916,1.79966139787
    ));
#9728 = CARTESIAN_POINT('',(4.692215082337,-0.204979072648,1.80400732956
    ));
#9729 = CARTESIAN_POINT('',(4.712662285579,-0.187408838047,
    1.814771412284));
#9730 = CARTESIAN_POINT('',(4.725089984166,-0.175584738619,
    1.818840798146));
#9731 = CARTESIAN_POINT('',(4.736706919844,-0.16366938184,1.820787771474
    ));
#9732 = CARTESIAN_POINT('',(4.747577380936,-0.151759451498,
    1.821004004895));
#9733 = CARTESIAN_POINT('',(4.757786419455,-0.13992141729,1.819855513126
    ));
#9734 = CARTESIAN_POINT('',(4.767404145421,-0.128164571922,
    1.817548969936));
#9735 = CARTESIAN_POINT('',(4.776513227192,-0.116465113698,
    1.814245747812));
#9736 = CARTESIAN_POINT('',(4.795110133981,-9.138315207225E-02,
    1.805184241801));
#9737 = CARTESIAN_POINT('',(4.804401047084,-7.808906169928E-02,
    1.79917878212));
#9738 = CARTESIAN_POINT('',(4.813131750415,-6.487082818957E-02,
    1.792169953268));
#9739 = CARTESIAN_POINT('',(4.821336999308,-5.173108947652E-02,
    1.784267640052));
#9740 = CARTESIAN_POINT('',(4.829040151353,-3.867252726795E-02,
    1.77555243203));
#9741 = CARTESIAN_POINT('',(4.836257613555,-2.569717297862E-02,
    1.766085410303));
#9742 = CARTESIAN_POINT('',(4.842998828532,-1.280624391766E-02,
    1.755908602047));
#9743 = CARTESIAN_POINT('',(4.849268064747,2.498001805407E-16,
    1.745049966396));
#9744 = ORIENTED_EDGE('',*,*,#9745,.F.);
#9745 = EDGE_CURVE('',#9645,#9690,#9746,.T.);
#9746 = B_SPLINE_CURVE_WITH_KNOTS('',7,(#9747,#9748,#9749,#9750,#9751,
    #9752,#9753,#9754,#9755,#9756,#9757,#9758,#9759,#9760,#9761,#9762,
    #9763,#9764,#9765,#9766),.UNSPECIFIED.,.F.,.F.,(8,6,6,8),(0.,
    0.281994812219,0.607907449028,1.),.UNSPECIFIED.);
#9747 = CARTESIAN_POINT('',(4.598334876348,0.25,1.67967899801));
#9748 = CARTESIAN_POINT('',(4.59140316225,0.249999998655,1.663874664792)
  );
#9749 = CARTESIAN_POINT('',(4.584779319419,0.249097702928,1.647066430358
    ));
#9750 = CARTESIAN_POINT('',(4.57848797922,0.247237965056,1.629245900853)
  );
#9751 = CARTESIAN_POINT('',(4.572567416869,0.244351132052,1.610414633265
    ));
#9752 = CARTESIAN_POINT('',(4.567069136716,0.240354966676,1.590588712837
    ));
#9753 = CARTESIAN_POINT('',(4.562056059024,0.235162078935,1.569806567483
    ));
#9754 = CARTESIAN_POINT('',(4.552465184222,0.221156737986,1.523036611148
    ));
#9755 = CARTESIAN_POINT('',(4.548017978227,0.211820586954,1.496455272772
    ));
#9756 = CARTESIAN_POINT('',(4.544499521247,0.2005382536,1.468779146536)
  );
#9757 = CARTESIAN_POINT('',(4.542122564392,0.187310533223,1.440582892474
    ));
#9758 = CARTESIAN_POINT('',(4.541040445648,0.172323535548,1.41259935383)
  );
#9759 = CARTESIAN_POINT('',(4.541313919702,0.156017752716,1.385700124238
    ));
#9760 = CARTESIAN_POINT('',(4.54438761915,0.119293483306,1.331066240948)
  );
#9761 = CARTESIAN_POINT('',(4.547692372034,9.868060220454E-02,
    1.304224275262));
#9762 = CARTESIAN_POINT('',(4.552320107241,7.804002353955E-02,
    1.280481999293));
#9763 = CARTESIAN_POINT('',(4.557990364705,5.773102402524E-02,
    1.259686288118));
#9764 = CARTESIAN_POINT('',(4.564484824922,3.794535222575E-02,
    1.241582242932));
#9765 = CARTESIAN_POINT('',(4.571664728431,1.872686925256E-02,
    1.225873049248));
#9766 = CARTESIAN_POINT('',(4.579497089263,2.22044604925E-16,
    1.212307002343));
#9767 = ORIENTED_EDGE('',*,*,#9644,.F.);
#9768 = ORIENTED_EDGE('',*,*,#9625,.T.);
#9769 = CYLINDRICAL_SURFACE('',#9770,0.25);
#9770 = AXIS2_PLACEMENT_3D('',#9771,#9772,#9773);
#9771 = CARTESIAN_POINT('',(4.933012701892,0.,1.1));
#9772 = DIRECTION('',(0.5,-5.721188726112E-18,-0.866025403784));
#9773 = DIRECTION('',(1.144237745222E-17,1.,0.));
#9774 = ADVANCED_FACE('',(#9775),#9870,.T.);
#9775 = FACE_BOUND('',#9776,.T.);
#9776 = EDGE_LOOP('',(#9777,#9788,#9789,#9796,#9797,#9798,#9807,#9863));
#9777 = ORIENTED_EDGE('',*,*,#9778,.F.);
#9778 = EDGE_CURVE('',#9779,#9781,#9783,.T.);
#9779 = VERTEX_POINT('',#9780);
#9780 = CARTESIAN_POINT('',(2.5,1.25,2.6));
#9781 = VERTEX_POINT('',#9782);
#9782 = CARTESIAN_POINT('',(-8.881784197001E-16,2.22044604925E-16,2.6));
#9783 = CIRCLE('',#9784,3.125);
#9784 = AXIS2_PLACEMENT_3D('',#9785,#9786,#9787);
#9785 = CARTESIAN_POINT('',(2.5,-1.875,2.6));
#9786 = DIRECTION('',(0.,0.,1.));
#9787 = DIRECTION('',(-7.105427357601E-16,1.,0.));
#9788 = ORIENTED_EDGE('',*,*,#9778,.T.);
#9789 = ORIENTED_EDGE('',*,*,#9790,.F.);
#9790 = EDGE_CURVE('',#9653,#9781,#9791,.T.);
#9791 = CIRCLE('',#9792,2.5);
#9792 = AXIS2_PLACEMENT_3D('',#9793,#9794,#9795);
#9793 = CARTESIAN_POINT('',(2.5,2.22044604925E-16,2.6));
#9794 = DIRECTION('',(0.,-1.,0.));
#9795 = DIRECTION('',(-1.,0.,0.));
#9796 = ORIENTED_EDGE('',*,*,#9652,.T.);
#9797 = ORIENTED_EDGE('',*,*,#9745,.T.);
#9798 = ORIENTED_EDGE('',*,*,#9799,.F.);
#9799 = EDGE_CURVE('',#9800,#9690,#9802,.T.);
#9800 = VERTEX_POINT('',#9801);
#9801 = CARTESIAN_POINT('',(0.420502910737,2.22044604925E-16,
    1.212307002343));
#9802 = CIRCLE('',#9803,2.5);
#9803 = AXIS2_PLACEMENT_3D('',#9804,#9805,#9806);
#9804 = CARTESIAN_POINT('',(2.5,2.22044604925E-16,2.6));
#9805 = DIRECTION('',(0.,-1.,0.));
#9806 = DIRECTION('',(-1.,0.,0.));
#9807 = ORIENTED_EDGE('',*,*,#9808,.T.);
#9808 = EDGE_CURVE('',#9800,#9809,#9811,.T.);
#9809 = VERTEX_POINT('',#9810);
#9810 = CARTESIAN_POINT('',(0.150731935253,2.22044604925E-16,
    1.745049966396));
#9811 = B_SPLINE_CURVE_WITH_KNOTS('',8,(#9812,#9813,#9814,#9815,#9816,
    #9817,#9818,#9819,#9820,#9821,#9822,#9823,#9824,#9825,#9826,#9827,
    #9828,#9829,#9830,#9831,#9832,#9833,#9834,#9835,#9836,#9837,#9838,
    #9839,#9840,#9841,#9842,#9843,#9844,#9845,#9846,#9847,#9848,#9849,
    #9850,#9851,#9852,#9853,#9854,#9855,#9856,#9857,#9858,#9859,#9860,
    #9861,#9862),.UNSPECIFIED.,.F.,.F.,(9,7,7,7,7,7,7,9),(0.,
    0.190787362857,0.369786424466,0.513703292965,0.651485740381,
    0.719841574311,0.85067107352,1.),.UNSPECIFIED.);
#9812 = CARTESIAN_POINT('',(0.420502910737,2.22044604925E-16,
    1.212307002343));
#9813 = CARTESIAN_POINT('',(0.426612027059,1.460665884349E-02,
    1.222888302202));
#9814 = CARTESIAN_POINT('',(0.432127206192,2.90158542134E-02,
    1.234391492264));
#9815 = CARTESIAN_POINT('',(0.437075032147,4.321614467543E-02,
    1.246770598809));
#9816 = CARTESIAN_POINT('',(0.441470730283,5.719266388696E-02,
    1.259994825523));
#9817 = CARTESIAN_POINT('',(0.445321619763,7.092786565911E-02,
    1.274043557557));
#9818 = CARTESIAN_POINT('',(0.448628641937,8.440178729875E-02,
    1.288904308099));
#9819 = CARTESIAN_POINT('',(0.45138596466,9.759183123022E-02,
    1.304573607429));
#9820 = CARTESIAN_POINT('',(0.455635878787,0.122556459299,1.336529354654
    ));
#9821 = CARTESIAN_POINT('',(0.45719474262,0.134360058047,1.352707443955)
  );
#9822 = CARTESIAN_POINT('',(0.458244717161,0.145866851387,1.36960770955)
  );
#9823 = CARTESIAN_POINT('',(0.458766426146,0.157050082565,1.387243425373
    ));
#9824 = CARTESIAN_POINT('',(0.458730615071,0.167871628776,1.405629460695
    ));
#9825 = CARTESIAN_POINT('',(0.458099231994,0.178282922565,1.424780748833
    ));
#9826 = CARTESIAN_POINT('',(0.456821586864,0.188223408139,1.444716731629
    ));
#9827 = CARTESIAN_POINT('',(0.453208086915,0.205161463831,1.482174244543
    ));
#9828 = CARTESIAN_POINT('',(0.451132431643,0.212336815489,1.499365112397
    ));
#9829 = CARTESIAN_POINT('',(0.448550677007,0.219112629508,1.517101248607
    ));
#9830 = CARTESIAN_POINT('',(0.445411050968,0.225434790365,1.535405455019
    ));
#9831 = CARTESIAN_POINT('',(0.441648796714,0.231219801489,1.554273840102
    ));
#9832 = CARTESIAN_POINT('',(0.437190619209,0.236360279407,1.573671946365
    ));
#9833 = CARTESIAN_POINT('',(0.431950613221,0.24072381814,1.593536348108)
  );
#9834 = CARTESIAN_POINT('',(0.419916624105,0.24739467769,1.633180338828)
  );
#9835 = CARTESIAN_POINT('',(0.413154890668,0.249805464856,1.653070097035
    ));
#9836 = CARTESIAN_POINT('',(0.405451918983,0.25114837322,1.673181590751)
  );
#9837 = CARTESIAN_POINT('',(0.396765904401,0.251199397317,1.693144207542
    ));
#9838 = CARTESIAN_POINT('',(0.387095290998,0.249766604459,1.712525487427
    ));
#9839 = CARTESIAN_POINT('',(0.376489330414,0.246703489645,1.730835828693
    ));
#9840 = CARTESIAN_POINT('',(0.365086568239,0.24195899813,1.747561890482)
  );
#9841 = CARTESIAN_POINT('',(0.347325659674,0.232636318871,1.769587500061
    ));
#9842 = CARTESIAN_POINT('',(0.341206438861,0.229121074948,1.776545002841
    ));
#9843 = CARTESIAN_POINT('',(0.334867505104,0.225165084101,1.783088732748
    ));
#9844 = CARTESIAN_POINT('',(0.328326562548,0.220762392383,1.789157782982
    ));
#9845 = CARTESIAN_POINT('',(0.321609061611,0.215918012521,1.79469788287)
  );
#9846 = CARTESIAN_POINT('',(0.314748198992,0.210647923918,1.799661397867
    ));
#9847 = CARTESIAN_POINT('',(0.307784917667,0.204979072651,1.804007329558
    ));
#9848 = CARTESIAN_POINT('',(0.287337714424,0.187408838051,1.814771412283
    ));
#9849 = CARTESIAN_POINT('',(0.274910015837,0.175584738623,1.818840798145
    ));
#9850 = CARTESIAN_POINT('',(0.263293080159,0.163669381843,1.820787771474
    ));
#9851 = CARTESIAN_POINT('',(0.252422619066,0.151759451501,1.821004004895
    ));
#9852 = CARTESIAN_POINT('',(0.242213580548,0.139921417292,1.819855513126
    ));
#9853 = CARTESIAN_POINT('',(0.23259585458,0.128164571924,1.817548969937)
  );
#9854 = CARTESIAN_POINT('',(0.223486772809,0.1164651137,1.814245747813)
  );
#9855 = CARTESIAN_POINT('',(0.20488986602,9.138315207386E-02,
    1.805184241801));
#9856 = CARTESIAN_POINT('',(0.195598952917,7.808906170067E-02,
    1.799178782121));
#9857 = CARTESIAN_POINT('',(0.186868249586,6.487082819071E-02,
    1.792169953268));
#9858 = CARTESIAN_POINT('',(0.178663000692,5.173108947742E-02,
    1.784267640052));
#9859 = CARTESIAN_POINT('',(0.170959848647,3.867252726864E-02,
    1.775552432031));
#9860 = CARTESIAN_POINT('',(0.163742386445,2.569717297907E-02,
    1.766085410303));
#9861 = CARTESIAN_POINT('',(0.157001171468,1.280624391788E-02,
    1.755908602047));
#9862 = CARTESIAN_POINT('',(0.150731935253,2.22044604925E-16,
    1.745049966396));
#9863 = ORIENTED_EDGE('',*,*,#9864,.F.);
#9864 = EDGE_CURVE('',#9781,#9809,#9865,.T.);
#9865 = CIRCLE('',#9866,2.5);
#9866 = AXIS2_PLACEMENT_3D('',#9867,#9868,#9869);
#9867 = CARTESIAN_POINT('',(2.5,2.22044604925E-16,2.6));
#9868 = DIRECTION('',(0.,-1.,0.));
#9869 = DIRECTION('',(-1.,0.,0.));
#9870 = SPHERICAL_SURFACE('',#9871,3.125);
#9871 = AXIS2_PLACEMENT_3D('',#9872,#9873,#9874);
#9872 = CARTESIAN_POINT('',(2.5,-1.875,2.6));
#9873 = DIRECTION('',(0.,-1.,0.));
#9874 = DIRECTION('',(-1.,0.,0.));
#9875 = ADVANCED_FACE('',(#9876),#9952,.T.);
#9876 = FACE_BOUND('',#9877,.T.);
#9877 = EDGE_LOOP('',(#9878,#9887,#9888,#9925,#9948,#9949,#9950,#9951));
#9878 = ORIENTED_EDGE('',*,*,#9879,.F.);
#9879 = EDGE_CURVE('',#9781,#9880,#9882,.T.);
#9880 = VERTEX_POINT('',#9881);
#9881 = CARTESIAN_POINT('',(2.5,-1.25,2.6));
#9882 = CIRCLE('',#9883,3.125);
#9883 = AXIS2_PLACEMENT_3D('',#9884,#9885,#9886);
#9884 = CARTESIAN_POINT('',(2.5,1.875,2.6));
#9885 = DIRECTION('',(0.,0.,1.));
#9886 = DIRECTION('',(-0.8,-0.6,0.));
#9887 = ORIENTED_EDGE('',*,*,#9864,.T.);
#9888 = ORIENTED_EDGE('',*,*,#9889,.T.);
#9889 = EDGE_CURVE('',#9809,#9890,#9892,.T.);
#9890 = VERTEX_POINT('',#9891);
#9891 = CARTESIAN_POINT('',(0.401665123652,-0.25,1.67967899801));
#9892 = B_SPLINE_CURVE_WITH_KNOTS('',7,(#9893,#9894,#9895,#9896,#9897,
    #9898,#9899,#9900,#9901,#9902,#9903,#9904,#9905,#9906,#9907,#9908,
    #9909,#9910,#9911,#9912,#9913,#9914,#9915,#9916,#9917,#9918,#9919,
    #9920,#9921,#9922,#9923,#9924),.UNSPECIFIED.,.F.,.F.,(8,6,6,6,6,8),(
    0.,0.241763709606,0.410219394067,0.536520901234,0.746819928873,1.),
  .UNSPECIFIED.);
#9893 = CARTESIAN_POINT('',(0.150731935253,1.942890293094E-16,
    1.745049966396));
#9894 = CARTESIAN_POINT('',(0.155635998502,-1.00175887458E-02,
    1.753544053108));
#9895 = CARTESIAN_POINT('',(0.160949457952,-2.032222277588E-02,
    1.761810882375));
#9896 = CARTESIAN_POINT('',(0.166717880356,-3.095532345321E-02,
    1.769830860093));
#9897 = CARTESIAN_POINT('',(0.172992191722,-4.195336368249E-02,
    1.777563706467));
#9898 = CARTESIAN_POINT('',(0.179843130112,-5.335972239521E-02,
    1.784937757424));
#9899 = CARTESIAN_POINT('',(0.187345554972,-6.52134448979E-02,
    1.791860790373));
#9900 = CARTESIAN_POINT('',(0.20145834458,-8.626048624403E-02,
    1.8025564966));
#9901 = CARTESIAN_POINT('',(0.207497241755,-9.494432076174E-02,
    1.806533844359));
#9902 = CARTESIAN_POINT('',(0.213785315184,-0.103658414054,
    1.810054547961));
#9903 = CARTESIAN_POINT('',(0.220323451176,-0.112384519971,
    1.813070715722));
#9904 = CARTESIAN_POINT('',(0.227107757509,-0.121096801103,
    1.815528388151));
#9905 = CARTESIAN_POINT('',(0.234129563435,-0.129761828779,
    1.817367537946));
#9906 = CARTESIAN_POINT('',(0.246808080298,-0.14476909918,1.819387693132
    ));
#9907 = CARTESIAN_POINT('',(0.252366857324,-0.151151003546,
    1.819870466346));
#9908 = CARTESIAN_POINT('',(0.258042695449,-0.157462287585,
    1.819940124931));
#9909 = CARTESIAN_POINT('',(0.263822792127,-0.16367854908,1.819570425239
    ));
#9910 = CARTESIAN_POINT('',(0.269690597568,-0.169772992178,
    1.818739144678));
#9911 = CARTESIAN_POINT('',(0.275625814735,-0.175716427386,
    1.817428081711));
#9912 = CARTESIAN_POINT('',(0.291559074948,-0.191069397273,
    1.812617587517));
#9913 = CARTESIAN_POINT('',(0.301657748239,-0.200179567672,
    1.808239048518));
#9914 = CARTESIAN_POINT('',(0.311723931989,-0.208600246808,
    1.802446960471));
#9915 = CARTESIAN_POINT('',(0.321617553155,-0.216203663218,
    1.795293526394));
#9916 = CARTESIAN_POINT('',(0.331219427242,-0.222911046085,
    1.786901062705));
#9917 = CARTESIAN_POINT('',(0.340423932952,-0.228682208446,
    1.777454057668));
#9918 = CARTESIAN_POINT('',(0.359633068796,-0.239356313731,
    1.754867994488));
#9919 = CARTESIAN_POINT('',(0.368576432509,-0.24337539305,1.74236045183)
  );
#9920 = CARTESIAN_POINT('',(0.376555095958,-0.246276217548,
    1.729806365287));
#9921 = CARTESIAN_POINT('',(0.383702851552,-0.248221538981,
    1.717250157529));
#9922 = CARTESIAN_POINT('',(0.39021384515,-0.249434404961,1.70471887316)
  );
#9923 = CARTESIAN_POINT('',(0.396171348711,-0.249999998934,
    1.692204820721));
#9924 = CARTESIAN_POINT('',(0.401665123652,-0.25,1.67967899801));
#9925 = ORIENTED_EDGE('',*,*,#9926,.T.);
#9926 = EDGE_CURVE('',#9890,#9800,#9927,.T.);
#9927 = B_SPLINE_CURVE_WITH_KNOTS('',7,(#9928,#9929,#9930,#9931,#9932,
    #9933,#9934,#9935,#9936,#9937,#9938,#9939,#9940,#9941,#9942,#9943,
    #9944,#9945,#9946,#9947),.UNSPECIFIED.,.F.,.F.,(8,6,6,8),(0.,
    0.281994812224,0.607907449014,1.),.UNSPECIFIED.);
#9928 = CARTESIAN_POINT('',(0.401665123652,-0.25,1.67967899801));
#9929 = CARTESIAN_POINT('',(0.40859683775,-0.249999998655,1.663874664792
    ));
#9930 = CARTESIAN_POINT('',(0.415220680581,-0.249097702928,
    1.647066430357));
#9931 = CARTESIAN_POINT('',(0.42151202078,-0.247237965056,1.629245900852
    ));
#9932 = CARTESIAN_POINT('',(0.427432583132,-0.244351132051,
    1.610414633263));
#9933 = CARTESIAN_POINT('',(0.432930863285,-0.240354966676,
    1.590588712835));
#9934 = CARTESIAN_POINT('',(0.437943940976,-0.235162078934,
    1.569806567481));
#9935 = CARTESIAN_POINT('',(0.447534815778,-0.221156737985,
    1.523036611146));
#9936 = CARTESIAN_POINT('',(0.451982021773,-0.211820586954,
    1.496455272772));
#9937 = CARTESIAN_POINT('',(0.455500478753,-0.200538253601,
    1.468779146538));
#9938 = CARTESIAN_POINT('',(0.457877435607,-0.187310533225,
    1.440582892477));
#9939 = CARTESIAN_POINT('',(0.458959554352,-0.172323535551,
    1.412599353835));
#9940 = CARTESIAN_POINT('',(0.458686080298,-0.15601775272,1.385700124245
    ));
#9941 = CARTESIAN_POINT('',(0.45561238085,-0.119293483311,1.331066240954
    ));
#9942 = CARTESIAN_POINT('',(0.452307627967,-9.868060220835E-02,
    1.304224275266));
#9943 = CARTESIAN_POINT('',(0.44767989276,-7.804002354262E-02,
    1.280481999297));
#9944 = CARTESIAN_POINT('',(0.442009635296,-5.773102402739E-02,
    1.25968628812));
#9945 = CARTESIAN_POINT('',(0.435515175078,-3.79453522272E-02,
    1.241582242933));
#9946 = CARTESIAN_POINT('',(0.42833527157,-1.872686925325E-02,
    1.225873049248));
#9947 = CARTESIAN_POINT('',(0.420502910737,1.942890293094E-16,
    1.212307002343));
#9948 = ORIENTED_EDGE('',*,*,#9799,.T.);
#9949 = ORIENTED_EDGE('',*,*,#9689,.T.);
#9950 = ORIENTED_EDGE('',*,*,#9790,.T.);
#9951 = ORIENTED_EDGE('',*,*,#9879,.T.);
#9952 = SPHERICAL_SURFACE('',#9953,3.125);
#9953 = AXIS2_PLACEMENT_3D('',#9954,#9955,#9956);
#9954 = CARTESIAN_POINT('',(2.5,1.875,2.6));
#9955 = DIRECTION('',(0.,-1.,0.));
#9956 = DIRECTION('',(-1.,0.,0.));
#9957 = ADVANCED_FACE('',(#9958),#9979,.T.);
#9958 = FACE_BOUND('',#9959,.T.);
#9959 = EDGE_LOOP('',(#9960,#9968,#9969,#9970,#9971,#9972));
#9960 = ORIENTED_EDGE('',*,*,#9961,.T.);
#9961 = EDGE_CURVE('',#9962,#9890,#9964,.T.);
#9962 = VERTEX_POINT('',#9963);
#9963 = CARTESIAN_POINT('',(6.698729810778E-02,-0.25,1.1));
#9964 = LINE('',#9965,#9966);
#9965 = CARTESIAN_POINT('',(6.698729810778E-02,-0.25,1.1));
#9966 = VECTOR('',#9967,1.);
#9967 = DIRECTION('',(0.5,5.551115123128E-17,0.866025403784));
#9968 = ORIENTED_EDGE('',*,*,#9889,.F.);
#9969 = ORIENTED_EDGE('',*,*,#9808,.F.);
#9970 = ORIENTED_EDGE('',*,*,#9926,.F.);
#9971 = ORIENTED_EDGE('',*,*,#9961,.F.);
#9972 = ORIENTED_EDGE('',*,*,#9973,.T.);
#9973 = EDGE_CURVE('',#9962,#9962,#9974,.T.);
#9974 = CIRCLE('',#9975,0.25);
#9975 = AXIS2_PLACEMENT_3D('',#9976,#9977,#9978);
#9976 = CARTESIAN_POINT('',(6.698729810778E-02,5.337293624795E-33,1.1));
#9977 = DIRECTION('',(0.5,5.551115123128E-17,0.866025403784));
#9978 = DIRECTION('',(1.110223024625E-16,-1.,8.646655078321E-30));
#9979 = CYLINDRICAL_SURFACE('',#9980,0.25);
#9980 = AXIS2_PLACEMENT_3D('',#9981,#9982,#9983);
#9981 = CARTESIAN_POINT('',(6.698729810778E-02,0.,1.1));
#9982 = DIRECTION('',(-0.5,-5.551115123128E-17,-0.866025403784));
#9983 = DIRECTION('',(1.110223024625E-16,-1.,8.646655078321E-30));
#9984 = ADVANCED_FACE('',(#9985),#10005,.F.);
#9985 = FACE_BOUND('',#9986,.F.);
#9986 = EDGE_LOOP('',(#9987,#9996,#10003,#10004));
#9987 = ORIENTED_EDGE('',*,*,#9988,.F.);
#9988 = EDGE_CURVE('',#9989,#9962,#9991,.T.);
#9989 = VERTEX_POINT('',#9990);
#9990 = CARTESIAN_POINT('',(1.942890293094E-16,-0.25,0.85));
#9991 = CIRCLE('',#9992,0.5);
#9992 = AXIS2_PLACEMENT_3D('',#9993,#9994,#9995);
#9993 = CARTESIAN_POINT('',(0.5,-0.25,0.85));
#9994 = DIRECTION('',(-1.110223024625E-16,1.,0.));
#9995 = DIRECTION('',(-1.,-1.110223024625E-16,0.));
#9996 = ORIENTED_EDGE('',*,*,#9997,.F.);
#9997 = EDGE_CURVE('',#9989,#9989,#9998,.T.);
#9998 = CIRCLE('',#9999,0.25);
#9999 = AXIS2_PLACEMENT_3D('',#10000,#10001,#10002);
#10000 = CARTESIAN_POINT('',(1.665334536938E-16,0.,0.85));
#10001 = DIRECTION('',(-0.,0.,1.));
#10002 = DIRECTION('',(1.110223024625E-16,-1.,0.));
#10003 = ORIENTED_EDGE('',*,*,#9988,.T.);
#10004 = ORIENTED_EDGE('',*,*,#9973,.T.);
#10005 = SURFACE_OF_REVOLUTION('',#10006,#10011);
#10006 = CIRCLE('',#10007,0.25);
#10007 = AXIS2_PLACEMENT_3D('',#10008,#10009,#10010);
#10008 = CARTESIAN_POINT('',(1.665334536938E-16,0.,0.85));
#10009 = DIRECTION('',(-0.,0.,1.));
#10010 = DIRECTION('',(1.110223024625E-16,-1.,0.));
#10011 = AXIS1_PLACEMENT('',#10012,#10013);
#10012 = CARTESIAN_POINT('',(0.5,4.,0.85));
#10013 = DIRECTION('',(-1.110223024625E-16,1.,0.));
#10014 = ADVANCED_FACE('',(#10015),#10034,.T.);
#10015 = FACE_BOUND('',#10016,.T.);
#10016 = EDGE_LOOP('',(#10017,#10025,#10026,#10027));
#10017 = ORIENTED_EDGE('',*,*,#10018,.T.);
#10018 = EDGE_CURVE('',#10019,#9989,#10021,.T.);
#10019 = VERTEX_POINT('',#10020);
#10020 = CARTESIAN_POINT('',(1.942890293094E-16,-0.25,-2.));
#10021 = LINE('',#10022,#10023);
#10022 = CARTESIAN_POINT('',(1.942890293094E-16,-0.25,-2.));
#10023 = VECTOR('',#10024,1.);
#10024 = DIRECTION('',(0.,0.,1.));
#10025 = ORIENTED_EDGE('',*,*,#9997,.F.);
#10026 = ORIENTED_EDGE('',*,*,#10018,.F.);
#10027 = ORIENTED_EDGE('',*,*,#10028,.T.);
#10028 = EDGE_CURVE('',#10019,#10019,#10029,.T.);
#10029 = CIRCLE('',#10030,0.25);
#10030 = AXIS2_PLACEMENT_3D('',#10031,#10032,#10033);
#10031 = CARTESIAN_POINT('',(1.665334536938E-16,0.,-2.));
#10032 = DIRECTION('',(-0.,0.,1.));
#10033 = DIRECTION('',(1.110223024625E-16,-1.,0.));
#10034 = CYLINDRICAL_SURFACE('',#10035,0.25);
#10035 = AXIS2_PLACEMENT_3D('',#10036,#10037,#10038);
#10036 = CARTESIAN_POINT('',(1.665334536938E-16,0.,-2.));
#10037 = DIRECTION('',(-0.,0.,-1.));
#10038 = DIRECTION('',(1.110223024625E-16,-1.,-0.));
#10039 = ADVANCED_FACE('',(#10040),#10043,.T.);
#10040 = FACE_BOUND('',#10041,.F.);
#10041 = EDGE_LOOP('',(#10042));
#10042 = ORIENTED_EDGE('',*,*,#10028,.T.);
#10043 = PLANE('',#10044);
#10044 = AXIS2_PLACEMENT_3D('',#10045,#10046,#10047);
#10045 = CARTESIAN_POINT('',(1.942890293094E-16,-0.25,-2.));
#10046 = DIRECTION('',(0.,0.,-1.));
#10047 = DIRECTION('',(-1.110223024625E-16,1.,0.));
#10048 = ( GEOMETRIC_REPRESENTATION_CONTEXT(3) 
GLOBAL_UNCERTAINTY_ASSIGNED_CONTEXT((#10052)) 
GLOBAL_UNIT_ASSIGNED_CONTEXT((#10049,#10050,#10051)) 
REPRESENTATION_CONTEXT('Context #1',
  '3D Context with UNIT and UNCERTAINTY') );
#10049 = ( LENGTH_UNIT() NAMED_UNIT(*) SI_UNIT(.MILLI.,.METRE.) );
#10050 = ( NAMED_UNIT(*) PLANE_ANGLE_UNIT() SI_UNIT($,.RADIAN.) );
#10051 = ( NAMED_UNIT(*) SI_UNIT($,.STERADIAN.) SOLID_ANGLE_UNIT() );
#10052 = UNCERTAINTY_MEASURE_WITH_UNIT(LENGTH_MEASURE(2.E-07),#10049,
  'distance_accuracy_value','confusion accuracy');
#10053 = CONTEXT_DEPENDENT_SHAPE_REPRESENTATION(#10054,#10056);
#10054 = ( REPRESENTATION_RELATIONSHIP('','',#9565,#9542) 
REPRESENTATION_RELATIONSHIP_WITH_TRANSFORMATION(#10055) 
SHAPE_REPRESENTATION_RELATIONSHIP() );
#10055 = ITEM_DEFINED_TRANSFORMATION('','',#11,#9543);
#10056 = PRODUCT_DEFINITION_SHAPE('Placement','Placement of an item',
  #10057);
#10057 = NEXT_ASSEMBLY_USAGE_OCCURRENCE('61','=>[0:1:1:46]','',#9537,
  #9560,$);
#10058 = PRODUCT_RELATED_PRODUCT_CATEGORY('part',$,(#9562));
#10059 = CONTEXT_DEPENDENT_SHAPE_REPRESENTATION(#10060,#10062);
#10060 = ( REPRESENTATION_RELATIONSHIP('','',#1466,#10) 
REPRESENTATION_RELATIONSHIP_WITH_TRANSFORMATION(#10061) 
SHAPE_REPRESENTATION_RELATIONSHIP() );
#10061 = ITEM_DEFINED_TRANSFORMATION('','',#11,#147);
#10062 = PRODUCT_DEFINITION_SHAPE('Placement','Placement of an item',
  #10063);
#10063 = NEXT_ASSEMBLY_USAGE_OCCURRENCE('63','R_slow5','',#5,#1461,$);
#10064 = CONTEXT_DEPENDENT_SHAPE_REPRESENTATION(#10065,#10067);
#10065 = ( REPRESENTATION_RELATIONSHIP('','',#2893,#10) 
REPRESENTATION_RELATIONSHIP_WITH_TRANSFORMATION(#10066) 
SHAPE_REPRESENTATION_RELATIONSHIP() );
#10066 = ITEM_DEFINED_TRANSFORMATION('','',#11,#151);
#10067 = PRODUCT_DEFINITION_SHAPE('Placement','Placement of an item',
  #10068);
#10068 = NEXT_ASSEMBLY_USAGE_OCCURRENCE('64','R_LED1','',#5,#2888,$);
#10069 = CONTEXT_DEPENDENT_SHAPE_REPRESENTATION(#10070,#10072);
#10070 = ( REPRESENTATION_RELATIONSHIP('','',#188,#10) 
REPRESENTATION_RELATIONSHIP_WITH_TRANSFORMATION(#10071) 
SHAPE_REPRESENTATION_RELATIONSHIP() );
#10071 = ITEM_DEFINED_TRANSFORMATION('','',#11,#155);
#10072 = PRODUCT_DEFINITION_SHAPE('Placement','Placement of an item',
  #10073);
#10073 = NEXT_ASSEMBLY_USAGE_OCCURRENCE('65','R_sig_bot1','',#5,#183,$);
#10074 = CONTEXT_DEPENDENT_SHAPE_REPRESENTATION(#10075,#10077);
#10075 = ( REPRESENTATION_RELATIONSHIP('','',#188,#10) 
REPRESENTATION_RELATIONSHIP_WITH_TRANSFORMATION(#10076) 
SHAPE_REPRESENTATION_RELATIONSHIP() );
#10076 = ITEM_DEFINED_TRANSFORMATION('','',#11,#159);
#10077 = PRODUCT_DEFINITION_SHAPE('Placement','Placement of an item',
  #10078);
#10078 = NEXT_ASSEMBLY_USAGE_OCCURRENCE('66','R2','',#5,#183,$);
#10079 = SHAPE_DEFINITION_REPRESENTATION(#10080,#10086);
#10080 = PRODUCT_DEFINITION_SHAPE('','',#10081);
#10081 = PRODUCT_DEFINITION('design','',#10082,#10085);
#10082 = PRODUCT_DEFINITION_FORMATION('','',#10083);
#10083 = PRODUCT('PinHeader_1x02_P2.54mm_Vertical',
  'PinHeader_1x02_P2.54mm_Vertical','',(#10084));
#10084 = PRODUCT_CONTEXT('',#2,'mechanical');
#10085 = PRODUCT_DEFINITION_CONTEXT('part definition',#2,'design');
#10086 = SHAPE_REPRESENTATION('',(#11,#10087),#10091);
#10087 = AXIS2_PLACEMENT_3D('',#10088,#10089,#10090);
#10088 = CARTESIAN_POINT('',(0.,0.,0.));
#10089 = DIRECTION('',(0.,0.,1.));
#10090 = DIRECTION('',(1.,0.,-0.));
#10091 = ( GEOMETRIC_REPRESENTATION_CONTEXT(3) 
GLOBAL_UNCERTAINTY_ASSIGNED_CONTEXT((#10095)) 
GLOBAL_UNIT_ASSIGNED_CONTEXT((#10092,#10093,#10094)) 
REPRESENTATION_CONTEXT('Context #1',
  '3D Context with UNIT and UNCERTAINTY') );
#10092 = ( LENGTH_UNIT() NAMED_UNIT(*) SI_UNIT(.MILLI.,.METRE.) );
#10093 = ( NAMED_UNIT(*) PLANE_ANGLE_UNIT() SI_UNIT($,.RADIAN.) );
#10094 = ( NAMED_UNIT(*) SI_UNIT($,.STERADIAN.) SOLID_ANGLE_UNIT() );
#10095 = UNCERTAINTY_MEASURE_WITH_UNIT(LENGTH_MEASURE(1.E-07),#10092,
  'distance_accuracy_value','confusion accuracy');
#10096 = CONTEXT_DEPENDENT_SHAPE_REPRESENTATION(#10097,#10099);
#10097 = ( REPRESENTATION_RELATIONSHIP('','',#10086,#10) 
REPRESENTATION_RELATIONSHIP_WITH_TRANSFORMATION(#10098) 
SHAPE_REPRESENTATION_RELATIONSHIP() );
#10098 = ITEM_DEFINED_TRANSFORMATION('','',#11,#163);
#10099 = PRODUCT_DEFINITION_SHAPE('Placement','Placement of an item',
  #10100);
#10100 = NEXT_ASSEMBLY_USAGE_OCCURRENCE('68','J5','',#5,#10081,$);
#10101 = PRODUCT_RELATED_PRODUCT_CATEGORY('part',$,(#10083));
#10102 = SHAPE_DEFINITION_REPRESENTATION(#10103,#10109);
#10103 = PRODUCT_DEFINITION_SHAPE('','',#10104);
#10104 = PRODUCT_DEFINITION('design','',#10105,#10108);
#10105 = PRODUCT_DEFINITION_FORMATION('','',#10106);
#10106 = PRODUCT('PinHeader_1x02_P254mm_Vertical',
  'PinHeader_1x02_P254mm_Vertical','',(#10107));
#10107 = PRODUCT_CONTEXT('',#2,'mechanical');
#10108 = PRODUCT_DEFINITION_CONTEXT('part definition',#2,'design');
#10109 = ADVANCED_BREP_SHAPE_REPRESENTATION('',(#11,#10110),#11542);
#10110 = MANIFOLD_SOLID_BREP('',#10111);
#10111 = CLOSED_SHELL('',(#10112,#10152,#10183,#10214,#10379,#10544,
    #10561,#10578,#10595,#10612,#10629,#10646,#10663,#10680,#10697,
    #10714,#10726,#10757,#10781,#10805,#10822,#10853,#10877,#10901,
    #10918,#10949,#10973,#10997,#11014,#11045,#11069,#11093,#11110,
    #11141,#11165,#11189,#11206,#11237,#11261,#11285,#11302,#11333,
    #11357,#11381,#11398,#11429,#11453,#11477,#11494,#11506,#11518,
    #11530));
#10112 = ADVANCED_FACE('',(#10113),#10147,.F.);
#10113 = FACE_BOUND('',#10114,.F.);
#10114 = EDGE_LOOP('',(#10115,#10125,#10133,#10141));
#10115 = ORIENTED_EDGE('',*,*,#10116,.T.);
#10116 = EDGE_CURVE('',#10117,#10119,#10121,.T.);
#10117 = VERTEX_POINT('',#10118);
#10118 = CARTESIAN_POINT('',(-1.016,1.27,0.));
#10119 = VERTEX_POINT('',#10120);
#10120 = CARTESIAN_POINT('',(-1.016,1.27,2.54));
#10121 = LINE('',#10122,#10123);
#10122 = CARTESIAN_POINT('',(-1.016,1.27,0.));
#10123 = VECTOR('',#10124,1.);
#10124 = DIRECTION('',(0.,0.,1.));
#10125 = ORIENTED_EDGE('',*,*,#10126,.T.);
#10126 = EDGE_CURVE('',#10119,#10127,#10129,.T.);
#10127 = VERTEX_POINT('',#10128);
#10128 = CARTESIAN_POINT('',(-1.27,1.016,2.54));
#10129 = LINE('',#10130,#10131);
#10130 = CARTESIAN_POINT('',(-1.016,1.27,2.54));
#10131 = VECTOR('',#10132,1.);
#10132 = DIRECTION('',(-0.707106781187,-0.707106781187,0.));
#10133 = ORIENTED_EDGE('',*,*,#10134,.F.);
#10134 = EDGE_CURVE('',#10135,#10127,#10137,.T.);
#10135 = VERTEX_POINT('',#10136);
#10136 = CARTESIAN_POINT('',(-1.27,1.016,0.));
#10137 = LINE('',#10138,#10139);
#10138 = CARTESIAN_POINT('',(-1.27,1.016,0.));
#10139 = VECTOR('',#10140,1.);
#10140 = DIRECTION('',(0.,0.,1.));
#10141 = ORIENTED_EDGE('',*,*,#10142,.F.);
#10142 = EDGE_CURVE('',#10117,#10135,#10143,.T.);
#10143 = LINE('',#10144,#10145);
#10144 = CARTESIAN_POINT('',(-1.016,1.27,0.));
#10145 = VECTOR('',#10146,1.);
#10146 = DIRECTION('',(-0.707106781187,-0.707106781187,0.));
#10147 = PLANE('',#10148);
#10148 = AXIS2_PLACEMENT_3D('',#10149,#10150,#10151);
#10149 = CARTESIAN_POINT('',(-1.016,1.27,0.));
#10150 = DIRECTION('',(0.707106781187,-0.707106781187,0.));
#10151 = DIRECTION('',(-0.707106781187,-0.707106781187,0.));
#10152 = ADVANCED_FACE('',(#10153),#10178,.F.);
#10153 = FACE_BOUND('',#10154,.F.);
#10154 = EDGE_LOOP('',(#10155,#10165,#10171,#10172));
#10155 = ORIENTED_EDGE('',*,*,#10156,.T.);
#10156 = EDGE_CURVE('',#10157,#10159,#10161,.T.);
#10157 = VERTEX_POINT('',#10158);
#10158 = CARTESIAN_POINT('',(1.016,1.27,0.));
#10159 = VERTEX_POINT('',#10160);
#10160 = CARTESIAN_POINT('',(1.016,1.27,2.54));
#10161 = LINE('',#10162,#10163);
#10162 = CARTESIAN_POINT('',(1.016,1.27,0.));
#10163 = VECTOR('',#10164,1.);
#10164 = DIRECTION('',(0.,0.,1.));
#10165 = ORIENTED_EDGE('',*,*,#10166,.T.);
#10166 = EDGE_CURVE('',#10159,#10119,#10167,.T.);
#10167 = LINE('',#10168,#10169);
#10168 = CARTESIAN_POINT('',(1.016,1.27,2.54));
#10169 = VECTOR('',#10170,1.);
#10170 = DIRECTION('',(-1.,0.,0.));
#10171 = ORIENTED_EDGE('',*,*,#10116,.F.);
#10172 = ORIENTED_EDGE('',*,*,#10173,.F.);
#10173 = EDGE_CURVE('',#10157,#10117,#10174,.T.);
#10174 = LINE('',#10175,#10176);
#10175 = CARTESIAN_POINT('',(1.016,1.27,0.));
#10176 = VECTOR('',#10177,1.);
#10177 = DIRECTION('',(-1.,0.,0.));
#10178 = PLANE('',#10179);
#10179 = AXIS2_PLACEMENT_3D('',#10180,#10181,#10182);
#10180 = CARTESIAN_POINT('',(1.016,1.27,0.));
#10181 = DIRECTION('',(0.,-1.,0.));
#10182 = DIRECTION('',(-1.,0.,0.));
#10183 = ADVANCED_FACE('',(#10184),#10209,.F.);
#10184 = FACE_BOUND('',#10185,.F.);
#10185 = EDGE_LOOP('',(#10186,#10187,#10195,#10203));
#10186 = ORIENTED_EDGE('',*,*,#10134,.T.);
#10187 = ORIENTED_EDGE('',*,*,#10188,.T.);
#10188 = EDGE_CURVE('',#10127,#10189,#10191,.T.);
#10189 = VERTEX_POINT('',#10190);
#10190 = CARTESIAN_POINT('',(-1.27,-1.016,2.54));
#10191 = LINE('',#10192,#10193);
#10192 = CARTESIAN_POINT('',(-1.27,1.016,2.54));
#10193 = VECTOR('',#10194,1.);
#10194 = DIRECTION('',(0.,-1.,0.));
#10195 = ORIENTED_EDGE('',*,*,#10196,.F.);
#10196 = EDGE_CURVE('',#10197,#10189,#10199,.T.);
#10197 = VERTEX_POINT('',#10198);
#10198 = CARTESIAN_POINT('',(-1.27,-1.016,0.));
#10199 = LINE('',#10200,#10201);
#10200 = CARTESIAN_POINT('',(-1.27,-1.016,0.));
#10201 = VECTOR('',#10202,1.);
#10202 = DIRECTION('',(0.,0.,1.));
#10203 = ORIENTED_EDGE('',*,*,#10204,.F.);
#10204 = EDGE_CURVE('',#10135,#10197,#10205,.T.);
#10205 = LINE('',#10206,#10207);
#10206 = CARTESIAN_POINT('',(-1.27,1.016,0.));
#10207 = VECTOR('',#10208,1.);
#10208 = DIRECTION('',(0.,-1.,0.));
#10209 = PLANE('',#10210);
#10210 = AXIS2_PLACEMENT_3D('',#10211,#10212,#10213);
#10211 = CARTESIAN_POINT('',(-1.27,1.016,0.));
#10212 = DIRECTION('',(1.,0.,0.));
#10213 = DIRECTION('',(0.,-1.,0.));
#10214 = ADVANCED_FACE('',(#10215,#10306,#10340),#10374,.F.);
#10215 = FACE_BOUND('',#10216,.F.);
#10216 = EDGE_LOOP('',(#10217,#10218,#10219,#10227,#10235,#10243,#10251,
    #10259,#10267,#10275,#10283,#10291,#10299,#10305));
#10217 = ORIENTED_EDGE('',*,*,#10142,.T.);
#10218 = ORIENTED_EDGE('',*,*,#10204,.T.);
#10219 = ORIENTED_EDGE('',*,*,#10220,.T.);
#10220 = EDGE_CURVE('',#10197,#10221,#10223,.T.);
#10221 = VERTEX_POINT('',#10222);
#10222 = CARTESIAN_POINT('',(-1.016,-1.27,0.));
#10223 = LINE('',#10224,#10225);
#10224 = CARTESIAN_POINT('',(-1.27,-1.016,0.));
#10225 = VECTOR('',#10226,1.);
#10226 = DIRECTION('',(0.707106781187,-0.707106781187,0.));
#10227 = ORIENTED_EDGE('',*,*,#10228,.T.);
#10228 = EDGE_CURVE('',#10221,#10229,#10231,.T.);
#10229 = VERTEX_POINT('',#10230);
#10230 = CARTESIAN_POINT('',(-1.27,-1.524,0.));
#10231 = LINE('',#10232,#10233);
#10232 = CARTESIAN_POINT('',(-1.016,-1.27,0.));
#10233 = VECTOR('',#10234,1.);
#10234 = DIRECTION('',(-0.707106781187,-0.707106781187,0.));
#10235 = ORIENTED_EDGE('',*,*,#10236,.T.);
#10236 = EDGE_CURVE('',#10229,#10237,#10239,.T.);
#10237 = VERTEX_POINT('',#10238);
#10238 = CARTESIAN_POINT('',(-1.27,-3.556,0.));
#10239 = LINE('',#10240,#10241);
#10240 = CARTESIAN_POINT('',(-1.27,-1.524,0.));
#10241 = VECTOR('',#10242,1.);
#10242 = DIRECTION('',(0.,-1.,0.));
#10243 = ORIENTED_EDGE('',*,*,#10244,.T.);
#10244 = EDGE_CURVE('',#10237,#10245,#10247,.T.);
#10245 = VERTEX_POINT('',#10246);
#10246 = CARTESIAN_POINT('',(-1.016,-3.81,0.));
#10247 = LINE('',#10248,#10249);
#10248 = CARTESIAN_POINT('',(-1.27,-3.556,0.));
#10249 = VECTOR('',#10250,1.);
#10250 = DIRECTION('',(0.707106781187,-0.707106781187,0.));
#10251 = ORIENTED_EDGE('',*,*,#10252,.T.);
#10252 = EDGE_CURVE('',#10245,#10253,#10255,.T.);
#10253 = VERTEX_POINT('',#10254);
#10254 = CARTESIAN_POINT('',(1.016,-3.81,0.));
#10255 = LINE('',#10256,#10257);
#10256 = CARTESIAN_POINT('',(-1.016,-3.81,0.));
#10257 = VECTOR('',#10258,1.);
#10258 = DIRECTION('',(1.,0.,0.));
#10259 = ORIENTED_EDGE('',*,*,#10260,.T.);
#10260 = EDGE_CURVE('',#10253,#10261,#10263,.T.);
#10261 = VERTEX_POINT('',#10262);
#10262 = CARTESIAN_POINT('',(1.27,-3.556,0.));
#10263 = LINE('',#10264,#10265);
#10264 = CARTESIAN_POINT('',(1.016,-3.81,0.));
#10265 = VECTOR('',#10266,1.);
#10266 = DIRECTION('',(0.707106781187,0.707106781187,0.));
#10267 = ORIENTED_EDGE('',*,*,#10268,.T.);
#10268 = EDGE_CURVE('',#10261,#10269,#10271,.T.);
#10269 = VERTEX_POINT('',#10270);
#10270 = CARTESIAN_POINT('',(1.27,-1.524,0.));
#10271 = LINE('',#10272,#10273);
#10272 = CARTESIAN_POINT('',(1.27,-3.556,0.));
#10273 = VECTOR('',#10274,1.);
#10274 = DIRECTION('',(0.,1.,0.));
#10275 = ORIENTED_EDGE('',*,*,#10276,.T.);
#10276 = EDGE_CURVE('',#10269,#10277,#10279,.T.);
#10277 = VERTEX_POINT('',#10278);
#10278 = CARTESIAN_POINT('',(1.016,-1.27,0.));
#10279 = LINE('',#10280,#10281);
#10280 = CARTESIAN_POINT('',(1.27,-1.524,0.));
#10281 = VECTOR('',#10282,1.);
#10282 = DIRECTION('',(-0.707106781187,0.707106781187,0.));
#10283 = ORIENTED_EDGE('',*,*,#10284,.T.);
#10284 = EDGE_CURVE('',#10277,#10285,#10287,.T.);
#10285 = VERTEX_POINT('',#10286);
#10286 = CARTESIAN_POINT('',(1.27,-1.016,0.));
#10287 = LINE('',#10288,#10289);
#10288 = CARTESIAN_POINT('',(1.016,-1.27,0.));
#10289 = VECTOR('',#10290,1.);
#10290 = DIRECTION('',(0.707106781187,0.707106781187,0.));
#10291 = ORIENTED_EDGE('',*,*,#10292,.T.);
#10292 = EDGE_CURVE('',#10285,#10293,#10295,.T.);
#10293 = VERTEX_POINT('',#10294);
#10294 = CARTESIAN_POINT('',(1.27,1.016,0.));
#10295 = LINE('',#10296,#10297);
#10296 = CARTESIAN_POINT('',(1.27,-1.016,0.));
#10297 = VECTOR('',#10298,1.);
#10298 = DIRECTION('',(0.,1.,0.));
#10299 = ORIENTED_EDGE('',*,*,#10300,.T.);
#10300 = EDGE_CURVE('',#10293,#10157,#10301,.T.);
#10301 = LINE('',#10302,#10303);
#10302 = CARTESIAN_POINT('',(1.27,1.016,0.));
#10303 = VECTOR('',#10304,1.);
#10304 = DIRECTION('',(-0.707106781187,0.707106781187,0.));
#10305 = ORIENTED_EDGE('',*,*,#10173,.T.);
#10306 = FACE_BOUND('',#10307,.F.);
#10307 = EDGE_LOOP('',(#10308,#10318,#10326,#10334));
#10308 = ORIENTED_EDGE('',*,*,#10309,.T.);
#10309 = EDGE_CURVE('',#10310,#10312,#10314,.T.);
#10310 = VERTEX_POINT('',#10311);
#10311 = CARTESIAN_POINT('',(0.32,-0.32,0.));
#10312 = VERTEX_POINT('',#10313);
#10313 = CARTESIAN_POINT('',(-0.32,-0.32,0.));
#10314 = LINE('',#10315,#10316);
#10315 = CARTESIAN_POINT('',(-0.16,-0.32,0.));
#10316 = VECTOR('',#10317,1.);
#10317 = DIRECTION('',(-1.,0.,0.));
#10318 = ORIENTED_EDGE('',*,*,#10319,.T.);
#10319 = EDGE_CURVE('',#10312,#10320,#10322,.T.);
#10320 = VERTEX_POINT('',#10321);
#10321 = CARTESIAN_POINT('',(-0.32,0.32,0.));
#10322 = LINE('',#10323,#10324);
#10323 = CARTESIAN_POINT('',(-0.32,-0.795,0.));
#10324 = VECTOR('',#10325,1.);
#10325 = DIRECTION('',(0.,1.,0.));
#10326 = ORIENTED_EDGE('',*,*,#10327,.F.);
#10327 = EDGE_CURVE('',#10328,#10320,#10330,.T.);
#10328 = VERTEX_POINT('',#10329);
#10329 = CARTESIAN_POINT('',(0.32,0.32,0.));
#10330 = LINE('',#10331,#10332);
#10331 = CARTESIAN_POINT('',(-0.16,0.32,0.));
#10332 = VECTOR('',#10333,1.);
#10333 = DIRECTION('',(-1.,0.,0.));
#10334 = ORIENTED_EDGE('',*,*,#10335,.F.);
#10335 = EDGE_CURVE('',#10310,#10328,#10336,.T.);
#10336 = LINE('',#10337,#10338);
#10337 = CARTESIAN_POINT('',(0.32,-0.795,0.));
#10338 = VECTOR('',#10339,1.);
#10339 = DIRECTION('',(0.,1.,0.));
#10340 = FACE_BOUND('',#10341,.F.);
#10341 = EDGE_LOOP('',(#10342,#10352,#10360,#10368));
#10342 = ORIENTED_EDGE('',*,*,#10343,.T.);
#10343 = EDGE_CURVE('',#10344,#10346,#10348,.T.);
#10344 = VERTEX_POINT('',#10345);
#10345 = CARTESIAN_POINT('',(0.32,-2.86,0.));
#10346 = VERTEX_POINT('',#10347);
#10347 = CARTESIAN_POINT('',(-0.32,-2.86,0.));
#10348 = LINE('',#10349,#10350);
#10349 = CARTESIAN_POINT('',(-0.16,-2.86,0.));
#10350 = VECTOR('',#10351,1.);
#10351 = DIRECTION('',(-1.,0.,0.));
#10352 = ORIENTED_EDGE('',*,*,#10353,.T.);
#10353 = EDGE_CURVE('',#10346,#10354,#10356,.T.);
#10354 = VERTEX_POINT('',#10355);
#10355 = CARTESIAN_POINT('',(-0.32,-2.22,0.));
#10356 = LINE('',#10357,#10358);
#10357 = CARTESIAN_POINT('',(-0.32,-2.065,0.));
#10358 = VECTOR('',#10359,1.);
#10359 = DIRECTION('',(0.,1.,0.));
#10360 = ORIENTED_EDGE('',*,*,#10361,.F.);
#10361 = EDGE_CURVE('',#10362,#10354,#10364,.T.);
#10362 = VERTEX_POINT('',#10363);
#10363 = CARTESIAN_POINT('',(0.32,-2.22,0.));
#10364 = LINE('',#10365,#10366);
#10365 = CARTESIAN_POINT('',(-0.16,-2.22,0.));
#10366 = VECTOR('',#10367,1.);
#10367 = DIRECTION('',(-1.,0.,0.));
#10368 = ORIENTED_EDGE('',*,*,#10369,.F.);
#10369 = EDGE_CURVE('',#10344,#10362,#10370,.T.);
#10370 = LINE('',#10371,#10372);
#10371 = CARTESIAN_POINT('',(0.32,-2.065,0.));
#10372 = VECTOR('',#10373,1.);
#10373 = DIRECTION('',(0.,1.,0.));
#10374 = PLANE('',#10375);
#10375 = AXIS2_PLACEMENT_3D('',#10376,#10377,#10378);
#10376 = CARTESIAN_POINT('',(1.473843703412E-17,-1.27,0.));
#10377 = DIRECTION('',(0.,0.,1.));
#10378 = DIRECTION('',(1.,0.,-0.));
#10379 = ADVANCED_FACE('',(#10380,#10471,#10505),#10539,.T.);
#10380 = FACE_BOUND('',#10381,.T.);
#10381 = EDGE_LOOP('',(#10382,#10383,#10384,#10392,#10400,#10408,#10416,
    #10424,#10432,#10440,#10448,#10456,#10464,#10470));
#10382 = ORIENTED_EDGE('',*,*,#10126,.T.);
#10383 = ORIENTED_EDGE('',*,*,#10188,.T.);
#10384 = ORIENTED_EDGE('',*,*,#10385,.T.);
#10385 = EDGE_CURVE('',#10189,#10386,#10388,.T.);
#10386 = VERTEX_POINT('',#10387);
#10387 = CARTESIAN_POINT('',(-1.016,-1.27,2.54));
#10388 = LINE('',#10389,#10390);
#10389 = CARTESIAN_POINT('',(-1.27,-1.016,2.54));
#10390 = VECTOR('',#10391,1.);
#10391 = DIRECTION('',(0.707106781187,-0.707106781187,0.));
#10392 = ORIENTED_EDGE('',*,*,#10393,.T.);
#10393 = EDGE_CURVE('',#10386,#10394,#10396,.T.);
#10394 = VERTEX_POINT('',#10395);
#10395 = CARTESIAN_POINT('',(-1.27,-1.524,2.54));
#10396 = LINE('',#10397,#10398);
#10397 = CARTESIAN_POINT('',(-1.016,-1.27,2.54));
#10398 = VECTOR('',#10399,1.);
#10399 = DIRECTION('',(-0.707106781187,-0.707106781187,0.));
#10400 = ORIENTED_EDGE('',*,*,#10401,.T.);
#10401 = EDGE_CURVE('',#10394,#10402,#10404,.T.);
#10402 = VERTEX_POINT('',#10403);
#10403 = CARTESIAN_POINT('',(-1.27,-3.556,2.54));
#10404 = LINE('',#10405,#10406);
#10405 = CARTESIAN_POINT('',(-1.27,-1.524,2.54));
#10406 = VECTOR('',#10407,1.);
#10407 = DIRECTION('',(0.,-1.,0.));
#10408 = ORIENTED_EDGE('',*,*,#10409,.T.);
#10409 = EDGE_CURVE('',#10402,#10410,#10412,.T.);
#10410 = VERTEX_POINT('',#10411);
#10411 = CARTESIAN_POINT('',(-1.016,-3.81,2.54));
#10412 = LINE('',#10413,#10414);
#10413 = CARTESIAN_POINT('',(-1.27,-3.556,2.54));
#10414 = VECTOR('',#10415,1.);
#10415 = DIRECTION('',(0.707106781187,-0.707106781187,0.));
#10416 = ORIENTED_EDGE('',*,*,#10417,.T.);
#10417 = EDGE_CURVE('',#10410,#10418,#10420,.T.);
#10418 = VERTEX_POINT('',#10419);
#10419 = CARTESIAN_POINT('',(1.016,-3.81,2.54));
#10420 = LINE('',#10421,#10422);
#10421 = CARTESIAN_POINT('',(-1.016,-3.81,2.54));
#10422 = VECTOR('',#10423,1.);
#10423 = DIRECTION('',(1.,0.,0.));
#10424 = ORIENTED_EDGE('',*,*,#10425,.T.);
#10425 = EDGE_CURVE('',#10418,#10426,#10428,.T.);
#10426 = VERTEX_POINT('',#10427);
#10427 = CARTESIAN_POINT('',(1.27,-3.556,2.54));
#10428 = LINE('',#10429,#10430);
#10429 = CARTESIAN_POINT('',(1.016,-3.81,2.54));
#10430 = VECTOR('',#10431,1.);
#10431 = DIRECTION('',(0.707106781187,0.707106781187,0.));
#10432 = ORIENTED_EDGE('',*,*,#10433,.T.);
#10433 = EDGE_CURVE('',#10426,#10434,#10436,.T.);
#10434 = VERTEX_POINT('',#10435);
#10435 = CARTESIAN_POINT('',(1.27,-1.524,2.54));
#10436 = LINE('',#10437,#10438);
#10437 = CARTESIAN_POINT('',(1.27,-3.556,2.54));
#10438 = VECTOR('',#10439,1.);
#10439 = DIRECTION('',(0.,1.,0.));
#10440 = ORIENTED_EDGE('',*,*,#10441,.T.);
#10441 = EDGE_CURVE('',#10434,#10442,#10444,.T.);
#10442 = VERTEX_POINT('',#10443);
#10443 = CARTESIAN_POINT('',(1.016,-1.27,2.54));
#10444 = LINE('',#10445,#10446);
#10445 = CARTESIAN_POINT('',(1.27,-1.524,2.54));
#10446 = VECTOR('',#10447,1.);
#10447 = DIRECTION('',(-0.707106781187,0.707106781187,0.));
#10448 = ORIENTED_EDGE('',*,*,#10449,.T.);
#10449 = EDGE_CURVE('',#10442,#10450,#10452,.T.);
#10450 = VERTEX_POINT('',#10451);
#10451 = CARTESIAN_POINT('',(1.27,-1.016,2.54));
#10452 = LINE('',#10453,#10454);
#10453 = CARTESIAN_POINT('',(1.016,-1.27,2.54));
#10454 = VECTOR('',#10455,1.);
#10455 = DIRECTION('',(0.707106781187,0.707106781187,0.));
#10456 = ORIENTED_EDGE('',*,*,#10457,.T.);
#10457 = EDGE_CURVE('',#10450,#10458,#10460,.T.);
#10458 = VERTEX_POINT('',#10459);
#10459 = CARTESIAN_POINT('',(1.27,1.016,2.54));
#10460 = LINE('',#10461,#10462);
#10461 = CARTESIAN_POINT('',(1.27,-1.016,2.54));
#10462 = VECTOR('',#10463,1.);
#10463 = DIRECTION('',(0.,1.,0.));
#10464 = ORIENTED_EDGE('',*,*,#10465,.T.);
#10465 = EDGE_CURVE('',#10458,#10159,#10466,.T.);
#10466 = LINE('',#10467,#10468);
#10467 = CARTESIAN_POINT('',(1.27,1.016,2.54));
#10468 = VECTOR('',#10469,1.);
#10469 = DIRECTION('',(-0.707106781187,0.707106781187,0.));
#10470 = ORIENTED_EDGE('',*,*,#10166,.T.);
#10471 = FACE_BOUND('',#10472,.T.);
#10472 = EDGE_LOOP('',(#10473,#10483,#10491,#10499));
#10473 = ORIENTED_EDGE('',*,*,#10474,.T.);
#10474 = EDGE_CURVE('',#10475,#10477,#10479,.T.);
#10475 = VERTEX_POINT('',#10476);
#10476 = CARTESIAN_POINT('',(0.32,-0.32,2.54));
#10477 = VERTEX_POINT('',#10478);
#10478 = CARTESIAN_POINT('',(-0.32,-0.32,2.54));
#10479 = LINE('',#10480,#10481);
#10480 = CARTESIAN_POINT('',(-0.16,-0.32,2.54));
#10481 = VECTOR('',#10482,1.);
#10482 = DIRECTION('',(-1.,0.,0.));
#10483 = ORIENTED_EDGE('',*,*,#10484,.T.);
#10484 = EDGE_CURVE('',#10477,#10485,#10487,.T.);
#10485 = VERTEX_POINT('',#10486);
#10486 = CARTESIAN_POINT('',(-0.32,0.32,2.54));
#10487 = LINE('',#10488,#10489);
#10488 = CARTESIAN_POINT('',(-0.32,-0.795,2.54));
#10489 = VECTOR('',#10490,1.);
#10490 = DIRECTION('',(0.,1.,0.));
#10491 = ORIENTED_EDGE('',*,*,#10492,.F.);
#10492 = EDGE_CURVE('',#10493,#10485,#10495,.T.);
#10493 = VERTEX_POINT('',#10494);
#10494 = CARTESIAN_POINT('',(0.32,0.32,2.54));
#10495 = LINE('',#10496,#10497);
#10496 = CARTESIAN_POINT('',(-0.16,0.32,2.54));
#10497 = VECTOR('',#10498,1.);
#10498 = DIRECTION('',(-1.,0.,0.));
#10499 = ORIENTED_EDGE('',*,*,#10500,.F.);
#10500 = EDGE_CURVE('',#10475,#10493,#10501,.T.);
#10501 = LINE('',#10502,#10503);
#10502 = CARTESIAN_POINT('',(0.32,-0.795,2.54));
#10503 = VECTOR('',#10504,1.);
#10504 = DIRECTION('',(0.,1.,0.));
#10505 = FACE_BOUND('',#10506,.T.);
#10506 = EDGE_LOOP('',(#10507,#10517,#10525,#10533));
#10507 = ORIENTED_EDGE('',*,*,#10508,.T.);
#10508 = EDGE_CURVE('',#10509,#10511,#10513,.T.);
#10509 = VERTEX_POINT('',#10510);
#10510 = CARTESIAN_POINT('',(0.32,-2.86,2.54));
#10511 = VERTEX_POINT('',#10512);
#10512 = CARTESIAN_POINT('',(-0.32,-2.86,2.54));
#10513 = LINE('',#10514,#10515);
#10514 = CARTESIAN_POINT('',(-0.16,-2.86,2.54));
#10515 = VECTOR('',#10516,1.);
#10516 = DIRECTION('',(-1.,0.,0.));
#10517 = ORIENTED_EDGE('',*,*,#10518,.T.);
#10518 = EDGE_CURVE('',#10511,#10519,#10521,.T.);
#10519 = VERTEX_POINT('',#10520);
#10520 = CARTESIAN_POINT('',(-0.32,-2.22,2.54));
#10521 = LINE('',#10522,#10523);
#10522 = CARTESIAN_POINT('',(-0.32,-2.065,2.54));
#10523 = VECTOR('',#10524,1.);
#10524 = DIRECTION('',(0.,1.,0.));
#10525 = ORIENTED_EDGE('',*,*,#10526,.F.);
#10526 = EDGE_CURVE('',#10527,#10519,#10529,.T.);
#10527 = VERTEX_POINT('',#10528);
#10528 = CARTESIAN_POINT('',(0.32,-2.22,2.54));
#10529 = LINE('',#10530,#10531);
#10530 = CARTESIAN_POINT('',(-0.16,-2.22,2.54));
#10531 = VECTOR('',#10532,1.);
#10532 = DIRECTION('',(-1.,0.,0.));
#10533 = ORIENTED_EDGE('',*,*,#10534,.F.);
#10534 = EDGE_CURVE('',#10509,#10527,#10535,.T.);
#10535 = LINE('',#10536,#10537);
#10536 = CARTESIAN_POINT('',(0.32,-2.065,2.54));
#10537 = VECTOR('',#10538,1.);
#10538 = DIRECTION('',(0.,1.,0.));
#10539 = PLANE('',#10540);
#10540 = AXIS2_PLACEMENT_3D('',#10541,#10542,#10543);
#10541 = CARTESIAN_POINT('',(1.473843703412E-17,-1.27,2.54));
#10542 = DIRECTION('',(0.,0.,1.));
#10543 = DIRECTION('',(1.,0.,-0.));
#10544 = ADVANCED_FACE('',(#10545),#10556,.F.);
#10545 = FACE_BOUND('',#10546,.F.);
#10546 = EDGE_LOOP('',(#10547,#10553,#10554,#10555));
#10547 = ORIENTED_EDGE('',*,*,#10548,.T.);
#10548 = EDGE_CURVE('',#10293,#10458,#10549,.T.);
#10549 = LINE('',#10550,#10551);
#10550 = CARTESIAN_POINT('',(1.27,1.016,0.));
#10551 = VECTOR('',#10552,1.);
#10552 = DIRECTION('',(0.,0.,1.));
#10553 = ORIENTED_EDGE('',*,*,#10465,.T.);
#10554 = ORIENTED_EDGE('',*,*,#10156,.F.);
#10555 = ORIENTED_EDGE('',*,*,#10300,.F.);
#10556 = PLANE('',#10557);
#10557 = AXIS2_PLACEMENT_3D('',#10558,#10559,#10560);
#10558 = CARTESIAN_POINT('',(1.27,1.016,0.));
#10559 = DIRECTION('',(-0.707106781187,-0.707106781187,0.));
#10560 = DIRECTION('',(-0.707106781187,0.707106781187,0.));
#10561 = ADVANCED_FACE('',(#10562),#10573,.F.);
#10562 = FACE_BOUND('',#10563,.F.);
#10563 = EDGE_LOOP('',(#10564,#10565,#10566,#10572));
#10564 = ORIENTED_EDGE('',*,*,#10196,.T.);
#10565 = ORIENTED_EDGE('',*,*,#10385,.T.);
#10566 = ORIENTED_EDGE('',*,*,#10567,.F.);
#10567 = EDGE_CURVE('',#10221,#10386,#10568,.T.);
#10568 = LINE('',#10569,#10570);
#10569 = CARTESIAN_POINT('',(-1.016,-1.27,0.));
#10570 = VECTOR('',#10571,1.);
#10571 = DIRECTION('',(0.,0.,1.));
#10572 = ORIENTED_EDGE('',*,*,#10220,.F.);
#10573 = PLANE('',#10574);
#10574 = AXIS2_PLACEMENT_3D('',#10575,#10576,#10577);
#10575 = CARTESIAN_POINT('',(-1.27,-1.016,0.));
#10576 = DIRECTION('',(0.707106781187,0.707106781187,0.));
#10577 = DIRECTION('',(0.707106781187,-0.707106781187,0.));
#10578 = ADVANCED_FACE('',(#10579),#10590,.F.);
#10579 = FACE_BOUND('',#10580,.F.);
#10580 = EDGE_LOOP('',(#10581,#10587,#10588,#10589));
#10581 = ORIENTED_EDGE('',*,*,#10582,.T.);
#10582 = EDGE_CURVE('',#10285,#10450,#10583,.T.);
#10583 = LINE('',#10584,#10585);
#10584 = CARTESIAN_POINT('',(1.27,-1.016,0.));
#10585 = VECTOR('',#10586,1.);
#10586 = DIRECTION('',(0.,0.,1.));
#10587 = ORIENTED_EDGE('',*,*,#10457,.T.);
#10588 = ORIENTED_EDGE('',*,*,#10548,.F.);
#10589 = ORIENTED_EDGE('',*,*,#10292,.F.);
#10590 = PLANE('',#10591);
#10591 = AXIS2_PLACEMENT_3D('',#10592,#10593,#10594);
#10592 = CARTESIAN_POINT('',(1.27,-1.016,0.));
#10593 = DIRECTION('',(-1.,0.,0.));
#10594 = DIRECTION('',(0.,1.,0.));
#10595 = ADVANCED_FACE('',(#10596),#10607,.F.);
#10596 = FACE_BOUND('',#10597,.F.);
#10597 = EDGE_LOOP('',(#10598,#10599,#10600,#10606));
#10598 = ORIENTED_EDGE('',*,*,#10567,.T.);
#10599 = ORIENTED_EDGE('',*,*,#10393,.T.);
#10600 = ORIENTED_EDGE('',*,*,#10601,.F.);
#10601 = EDGE_CURVE('',#10229,#10394,#10602,.T.);
#10602 = LINE('',#10603,#10604);
#10603 = CARTESIAN_POINT('',(-1.27,-1.524,0.));
#10604 = VECTOR('',#10605,1.);
#10605 = DIRECTION('',(0.,0.,1.));
#10606 = ORIENTED_EDGE('',*,*,#10228,.F.);
#10607 = PLANE('',#10608);
#10608 = AXIS2_PLACEMENT_3D('',#10609,#10610,#10611);
#10609 = CARTESIAN_POINT('',(-1.016,-1.27,0.));
#10610 = DIRECTION('',(0.707106781187,-0.707106781187,0.));
#10611 = DIRECTION('',(-0.707106781187,-0.707106781187,0.));
#10612 = ADVANCED_FACE('',(#10613),#10624,.F.);
#10613 = FACE_BOUND('',#10614,.F.);
#10614 = EDGE_LOOP('',(#10615,#10621,#10622,#10623));
#10615 = ORIENTED_EDGE('',*,*,#10616,.T.);
#10616 = EDGE_CURVE('',#10277,#10442,#10617,.T.);
#10617 = LINE('',#10618,#10619);
#10618 = CARTESIAN_POINT('',(1.016,-1.27,0.));
#10619 = VECTOR('',#10620,1.);
#10620 = DIRECTION('',(0.,0.,1.));
#10621 = ORIENTED_EDGE('',*,*,#10449,.T.);
#10622 = ORIENTED_EDGE('',*,*,#10582,.F.);
#10623 = ORIENTED_EDGE('',*,*,#10284,.F.);
#10624 = PLANE('',#10625);
#10625 = AXIS2_PLACEMENT_3D('',#10626,#10627,#10628);
#10626 = CARTESIAN_POINT('',(1.016,-1.27,0.));
#10627 = DIRECTION('',(-0.707106781187,0.707106781187,0.));
#10628 = DIRECTION('',(0.707106781187,0.707106781187,0.));
#10629 = ADVANCED_FACE('',(#10630),#10641,.F.);
#10630 = FACE_BOUND('',#10631,.F.);
#10631 = EDGE_LOOP('',(#10632,#10633,#10634,#10640));
#10632 = ORIENTED_EDGE('',*,*,#10601,.T.);
#10633 = ORIENTED_EDGE('',*,*,#10401,.T.);
#10634 = ORIENTED_EDGE('',*,*,#10635,.F.);
#10635 = EDGE_CURVE('',#10237,#10402,#10636,.T.);
#10636 = LINE('',#10637,#10638);
#10637 = CARTESIAN_POINT('',(-1.27,-3.556,0.));
#10638 = VECTOR('',#10639,1.);
#10639 = DIRECTION('',(0.,0.,1.));
#10640 = ORIENTED_EDGE('',*,*,#10236,.F.);
#10641 = PLANE('',#10642);
#10642 = AXIS2_PLACEMENT_3D('',#10643,#10644,#10645);
#10643 = CARTESIAN_POINT('',(-1.27,-1.524,0.));
#10644 = DIRECTION('',(1.,0.,0.));
#10645 = DIRECTION('',(0.,-1.,0.));
#10646 = ADVANCED_FACE('',(#10647),#10658,.F.);
#10647 = FACE_BOUND('',#10648,.F.);
#10648 = EDGE_LOOP('',(#10649,#10655,#10656,#10657));
#10649 = ORIENTED_EDGE('',*,*,#10650,.T.);
#10650 = EDGE_CURVE('',#10269,#10434,#10651,.T.);
#10651 = LINE('',#10652,#10653);
#10652 = CARTESIAN_POINT('',(1.27,-1.524,0.));
#10653 = VECTOR('',#10654,1.);
#10654 = DIRECTION('',(0.,0.,1.));
#10655 = ORIENTED_EDGE('',*,*,#10441,.T.);
#10656 = ORIENTED_EDGE('',*,*,#10616,.F.);
#10657 = ORIENTED_EDGE('',*,*,#10276,.F.);
#10658 = PLANE('',#10659);
#10659 = AXIS2_PLACEMENT_3D('',#10660,#10661,#10662);
#10660 = CARTESIAN_POINT('',(1.27,-1.524,0.));
#10661 = DIRECTION('',(-0.707106781187,-0.707106781187,0.));
#10662 = DIRECTION('',(-0.707106781187,0.707106781187,0.));
#10663 = ADVANCED_FACE('',(#10664),#10675,.F.);
#10664 = FACE_BOUND('',#10665,.F.);
#10665 = EDGE_LOOP('',(#10666,#10667,#10668,#10674));
#10666 = ORIENTED_EDGE('',*,*,#10635,.T.);
#10667 = ORIENTED_EDGE('',*,*,#10409,.T.);
#10668 = ORIENTED_EDGE('',*,*,#10669,.F.);
#10669 = EDGE_CURVE('',#10245,#10410,#10670,.T.);
#10670 = LINE('',#10671,#10672);
#10671 = CARTESIAN_POINT('',(-1.016,-3.81,0.));
#10672 = VECTOR('',#10673,1.);
#10673 = DIRECTION('',(0.,0.,1.));
#10674 = ORIENTED_EDGE('',*,*,#10244,.F.);
#10675 = PLANE('',#10676);
#10676 = AXIS2_PLACEMENT_3D('',#10677,#10678,#10679);
#10677 = CARTESIAN_POINT('',(-1.27,-3.556,0.));
#10678 = DIRECTION('',(0.707106781187,0.707106781187,0.));
#10679 = DIRECTION('',(0.707106781187,-0.707106781187,0.));
#10680 = ADVANCED_FACE('',(#10681),#10692,.F.);
#10681 = FACE_BOUND('',#10682,.F.);
#10682 = EDGE_LOOP('',(#10683,#10689,#10690,#10691));
#10683 = ORIENTED_EDGE('',*,*,#10684,.T.);
#10684 = EDGE_CURVE('',#10261,#10426,#10685,.T.);
#10685 = LINE('',#10686,#10687);
#10686 = CARTESIAN_POINT('',(1.27,-3.556,0.));
#10687 = VECTOR('',#10688,1.);
#10688 = DIRECTION('',(0.,0.,1.));
#10689 = ORIENTED_EDGE('',*,*,#10433,.T.);
#10690 = ORIENTED_EDGE('',*,*,#10650,.F.);
#10691 = ORIENTED_EDGE('',*,*,#10268,.F.);
#10692 = PLANE('',#10693);
#10693 = AXIS2_PLACEMENT_3D('',#10694,#10695,#10696);
#10694 = CARTESIAN_POINT('',(1.27,-3.556,0.));
#10695 = DIRECTION('',(-1.,0.,0.));
#10696 = DIRECTION('',(0.,1.,0.));
#10697 = ADVANCED_FACE('',(#10698),#10709,.F.);
#10698 = FACE_BOUND('',#10699,.F.);
#10699 = EDGE_LOOP('',(#10700,#10701,#10702,#10708));
#10700 = ORIENTED_EDGE('',*,*,#10669,.T.);
#10701 = ORIENTED_EDGE('',*,*,#10417,.T.);
#10702 = ORIENTED_EDGE('',*,*,#10703,.F.);
#10703 = EDGE_CURVE('',#10253,#10418,#10704,.T.);
#10704 = LINE('',#10705,#10706);
#10705 = CARTESIAN_POINT('',(1.016,-3.81,0.));
#10706 = VECTOR('',#10707,1.);
#10707 = DIRECTION('',(0.,0.,1.));
#10708 = ORIENTED_EDGE('',*,*,#10252,.F.);
#10709 = PLANE('',#10710);
#10710 = AXIS2_PLACEMENT_3D('',#10711,#10712,#10713);
#10711 = CARTESIAN_POINT('',(-1.016,-3.81,0.));
#10712 = DIRECTION('',(0.,1.,0.));
#10713 = DIRECTION('',(1.,0.,0.));
#10714 = ADVANCED_FACE('',(#10715),#10721,.F.);
#10715 = FACE_BOUND('',#10716,.F.);
#10716 = EDGE_LOOP('',(#10717,#10718,#10719,#10720));
#10717 = ORIENTED_EDGE('',*,*,#10703,.T.);
#10718 = ORIENTED_EDGE('',*,*,#10425,.T.);
#10719 = ORIENTED_EDGE('',*,*,#10684,.F.);
#10720 = ORIENTED_EDGE('',*,*,#10260,.F.);
#10721 = PLANE('',#10722);
#10722 = AXIS2_PLACEMENT_3D('',#10723,#10724,#10725);
#10723 = CARTESIAN_POINT('',(1.016,-3.81,0.));
#10724 = DIRECTION('',(-0.707106781187,0.707106781187,0.));
#10725 = DIRECTION('',(0.707106781187,0.707106781187,0.));
#10726 = ADVANCED_FACE('',(#10727),#10752,.F.);
#10727 = FACE_BOUND('',#10728,.F.);
#10728 = EDGE_LOOP('',(#10729,#10737,#10745,#10751));
#10729 = ORIENTED_EDGE('',*,*,#10730,.F.);
#10730 = EDGE_CURVE('',#10731,#10310,#10733,.T.);
#10731 = VERTEX_POINT('',#10732);
#10732 = CARTESIAN_POINT('',(0.32,-0.32,-2.84));
#10733 = LINE('',#10734,#10735);
#10734 = CARTESIAN_POINT('',(0.32,-0.32,-3.));
#10735 = VECTOR('',#10736,1.);
#10736 = DIRECTION('',(0.,0.,1.));
#10737 = ORIENTED_EDGE('',*,*,#10738,.F.);
#10738 = EDGE_CURVE('',#10739,#10731,#10741,.T.);
#10739 = VERTEX_POINT('',#10740);
#10740 = CARTESIAN_POINT('',(-0.32,-0.32,-2.84));
#10741 = LINE('',#10742,#10743);
#10742 = CARTESIAN_POINT('',(-0.32,-0.32,-2.84));
#10743 = VECTOR('',#10744,1.);
#10744 = DIRECTION('',(1.,0.,0.));
#10745 = ORIENTED_EDGE('',*,*,#10746,.T.);
#10746 = EDGE_CURVE('',#10739,#10312,#10747,.T.);
#10747 = LINE('',#10748,#10749);
#10748 = CARTESIAN_POINT('',(-0.32,-0.32,-3.));
#10749 = VECTOR('',#10750,1.);
#10750 = DIRECTION('',(0.,0.,1.));
#10751 = ORIENTED_EDGE('',*,*,#10309,.F.);
#10752 = PLANE('',#10753);
#10753 = AXIS2_PLACEMENT_3D('',#10754,#10755,#10756);
#10754 = CARTESIAN_POINT('',(-0.32,-0.32,-3.));
#10755 = DIRECTION('',(0.,1.,0.));
#10756 = DIRECTION('',(0.,-0.,1.));
#10757 = ADVANCED_FACE('',(#10758),#10776,.T.);
#10758 = FACE_BOUND('',#10759,.T.);
#10759 = EDGE_LOOP('',(#10760,#10761,#10769,#10775));
#10760 = ORIENTED_EDGE('',*,*,#10730,.F.);
#10761 = ORIENTED_EDGE('',*,*,#10762,.T.);
#10762 = EDGE_CURVE('',#10731,#10763,#10765,.T.);
#10763 = VERTEX_POINT('',#10764);
#10764 = CARTESIAN_POINT('',(0.32,0.32,-2.84));
#10765 = LINE('',#10766,#10767);
#10766 = CARTESIAN_POINT('',(0.32,-0.32,-2.84));
#10767 = VECTOR('',#10768,1.);
#10768 = DIRECTION('',(0.,1.,0.));
#10769 = ORIENTED_EDGE('',*,*,#10770,.T.);
#10770 = EDGE_CURVE('',#10763,#10328,#10771,.T.);
#10771 = LINE('',#10772,#10773);
#10772 = CARTESIAN_POINT('',(0.32,0.32,-3.));
#10773 = VECTOR('',#10774,1.);
#10774 = DIRECTION('',(0.,0.,1.));
#10775 = ORIENTED_EDGE('',*,*,#10335,.F.);
#10776 = PLANE('',#10777);
#10777 = AXIS2_PLACEMENT_3D('',#10778,#10779,#10780);
#10778 = CARTESIAN_POINT('',(0.32,-0.32,-3.));
#10779 = DIRECTION('',(1.,0.,0.));
#10780 = DIRECTION('',(0.,0.,1.));
#10781 = ADVANCED_FACE('',(#10782),#10800,.T.);
#10782 = FACE_BOUND('',#10783,.T.);
#10783 = EDGE_LOOP('',(#10784,#10785,#10793,#10799));
#10784 = ORIENTED_EDGE('',*,*,#10770,.F.);
#10785 = ORIENTED_EDGE('',*,*,#10786,.F.);
#10786 = EDGE_CURVE('',#10787,#10763,#10789,.T.);
#10787 = VERTEX_POINT('',#10788);
#10788 = CARTESIAN_POINT('',(-0.32,0.32,-2.84));
#10789 = LINE('',#10790,#10791);
#10790 = CARTESIAN_POINT('',(-0.32,0.32,-2.84));
#10791 = VECTOR('',#10792,1.);
#10792 = DIRECTION('',(1.,0.,0.));
#10793 = ORIENTED_EDGE('',*,*,#10794,.T.);
#10794 = EDGE_CURVE('',#10787,#10320,#10795,.T.);
#10795 = LINE('',#10796,#10797);
#10796 = CARTESIAN_POINT('',(-0.32,0.32,-3.));
#10797 = VECTOR('',#10798,1.);
#10798 = DIRECTION('',(0.,0.,1.));
#10799 = ORIENTED_EDGE('',*,*,#10327,.F.);
#10800 = PLANE('',#10801);
#10801 = AXIS2_PLACEMENT_3D('',#10802,#10803,#10804);
#10802 = CARTESIAN_POINT('',(-0.32,0.32,-3.));
#10803 = DIRECTION('',(0.,1.,0.));
#10804 = DIRECTION('',(0.,-0.,1.));
#10805 = ADVANCED_FACE('',(#10806),#10817,.F.);
#10806 = FACE_BOUND('',#10807,.F.);
#10807 = EDGE_LOOP('',(#10808,#10809,#10815,#10816));
#10808 = ORIENTED_EDGE('',*,*,#10746,.F.);
#10809 = ORIENTED_EDGE('',*,*,#10810,.T.);
#10810 = EDGE_CURVE('',#10739,#10787,#10811,.T.);
#10811 = LINE('',#10812,#10813);
#10812 = CARTESIAN_POINT('',(-0.32,-0.32,-2.84));
#10813 = VECTOR('',#10814,1.);
#10814 = DIRECTION('',(0.,1.,0.));
#10815 = ORIENTED_EDGE('',*,*,#10794,.T.);
#10816 = ORIENTED_EDGE('',*,*,#10319,.F.);
#10817 = PLANE('',#10818);
#10818 = AXIS2_PLACEMENT_3D('',#10819,#10820,#10821);
#10819 = CARTESIAN_POINT('',(-0.32,-0.32,-3.));
#10820 = DIRECTION('',(1.,0.,0.));
#10821 = DIRECTION('',(0.,0.,1.));
#10822 = ADVANCED_FACE('',(#10823),#10848,.F.);
#10823 = FACE_BOUND('',#10824,.F.);
#10824 = EDGE_LOOP('',(#10825,#10833,#10841,#10847));
#10825 = ORIENTED_EDGE('',*,*,#10826,.F.);
#10826 = EDGE_CURVE('',#10827,#10344,#10829,.T.);
#10827 = VERTEX_POINT('',#10828);
#10828 = CARTESIAN_POINT('',(0.32,-2.86,-2.84));
#10829 = LINE('',#10830,#10831);
#10830 = CARTESIAN_POINT('',(0.32,-2.86,-3.));
#10831 = VECTOR('',#10832,1.);
#10832 = DIRECTION('',(0.,0.,1.));
#10833 = ORIENTED_EDGE('',*,*,#10834,.F.);
#10834 = EDGE_CURVE('',#10835,#10827,#10837,.T.);
#10835 = VERTEX_POINT('',#10836);
#10836 = CARTESIAN_POINT('',(-0.32,-2.86,-2.84));
#10837 = LINE('',#10838,#10839);
#10838 = CARTESIAN_POINT('',(-0.32,-2.86,-2.84));
#10839 = VECTOR('',#10840,1.);
#10840 = DIRECTION('',(1.,0.,0.));
#10841 = ORIENTED_EDGE('',*,*,#10842,.T.);
#10842 = EDGE_CURVE('',#10835,#10346,#10843,.T.);
#10843 = LINE('',#10844,#10845);
#10844 = CARTESIAN_POINT('',(-0.32,-2.86,-3.));
#10845 = VECTOR('',#10846,1.);
#10846 = DIRECTION('',(0.,0.,1.));
#10847 = ORIENTED_EDGE('',*,*,#10343,.F.);
#10848 = PLANE('',#10849);
#10849 = AXIS2_PLACEMENT_3D('',#10850,#10851,#10852);
#10850 = CARTESIAN_POINT('',(-0.32,-2.86,-3.));
#10851 = DIRECTION('',(0.,1.,0.));
#10852 = DIRECTION('',(0.,-0.,1.));
#10853 = ADVANCED_FACE('',(#10854),#10872,.T.);
#10854 = FACE_BOUND('',#10855,.T.);
#10855 = EDGE_LOOP('',(#10856,#10857,#10865,#10871));
#10856 = ORIENTED_EDGE('',*,*,#10826,.F.);
#10857 = ORIENTED_EDGE('',*,*,#10858,.T.);
#10858 = EDGE_CURVE('',#10827,#10859,#10861,.T.);
#10859 = VERTEX_POINT('',#10860);
#10860 = CARTESIAN_POINT('',(0.32,-2.22,-2.84));
#10861 = LINE('',#10862,#10863);
#10862 = CARTESIAN_POINT('',(0.32,-2.86,-2.84));
#10863 = VECTOR('',#10864,1.);
#10864 = DIRECTION('',(0.,1.,0.));
#10865 = ORIENTED_EDGE('',*,*,#10866,.T.);
#10866 = EDGE_CURVE('',#10859,#10362,#10867,.T.);
#10867 = LINE('',#10868,#10869);
#10868 = CARTESIAN_POINT('',(0.32,-2.22,-3.));
#10869 = VECTOR('',#10870,1.);
#10870 = DIRECTION('',(0.,0.,1.));
#10871 = ORIENTED_EDGE('',*,*,#10369,.F.);
#10872 = PLANE('',#10873);
#10873 = AXIS2_PLACEMENT_3D('',#10874,#10875,#10876);
#10874 = CARTESIAN_POINT('',(0.32,-2.86,-3.));
#10875 = DIRECTION('',(1.,0.,0.));
#10876 = DIRECTION('',(0.,0.,1.));
#10877 = ADVANCED_FACE('',(#10878),#10896,.T.);
#10878 = FACE_BOUND('',#10879,.T.);
#10879 = EDGE_LOOP('',(#10880,#10881,#10889,#10895));
#10880 = ORIENTED_EDGE('',*,*,#10866,.F.);
#10881 = ORIENTED_EDGE('',*,*,#10882,.F.);
#10882 = EDGE_CURVE('',#10883,#10859,#10885,.T.);
#10883 = VERTEX_POINT('',#10884);
#10884 = CARTESIAN_POINT('',(-0.32,-2.22,-2.84));
#10885 = LINE('',#10886,#10887);
#10886 = CARTESIAN_POINT('',(-0.32,-2.22,-2.84));
#10887 = VECTOR('',#10888,1.);
#10888 = DIRECTION('',(1.,0.,0.));
#10889 = ORIENTED_EDGE('',*,*,#10890,.T.);
#10890 = EDGE_CURVE('',#10883,#10354,#10891,.T.);
#10891 = LINE('',#10892,#10893);
#10892 = CARTESIAN_POINT('',(-0.32,-2.22,-3.));
#10893 = VECTOR('',#10894,1.);
#10894 = DIRECTION('',(0.,0.,1.));
#10895 = ORIENTED_EDGE('',*,*,#10361,.F.);
#10896 = PLANE('',#10897);
#10897 = AXIS2_PLACEMENT_3D('',#10898,#10899,#10900);
#10898 = CARTESIAN_POINT('',(-0.32,-2.22,-3.));
#10899 = DIRECTION('',(0.,1.,0.));
#10900 = DIRECTION('',(0.,-0.,1.));
#10901 = ADVANCED_FACE('',(#10902),#10913,.F.);
#10902 = FACE_BOUND('',#10903,.F.);
#10903 = EDGE_LOOP('',(#10904,#10905,#10911,#10912));
#10904 = ORIENTED_EDGE('',*,*,#10842,.F.);
#10905 = ORIENTED_EDGE('',*,*,#10906,.T.);
#10906 = EDGE_CURVE('',#10835,#10883,#10907,.T.);
#10907 = LINE('',#10908,#10909);
#10908 = CARTESIAN_POINT('',(-0.32,-2.86,-2.84));
#10909 = VECTOR('',#10910,1.);
#10910 = DIRECTION('',(0.,1.,0.));
#10911 = ORIENTED_EDGE('',*,*,#10890,.T.);
#10912 = ORIENTED_EDGE('',*,*,#10353,.F.);
#10913 = PLANE('',#10914);
#10914 = AXIS2_PLACEMENT_3D('',#10915,#10916,#10917);
#10915 = CARTESIAN_POINT('',(-0.32,-2.86,-3.));
#10916 = DIRECTION('',(1.,0.,0.));
#10917 = DIRECTION('',(0.,0.,1.));
#10918 = ADVANCED_FACE('',(#10919),#10944,.F.);
#10919 = FACE_BOUND('',#10920,.F.);
#10920 = EDGE_LOOP('',(#10921,#10929,#10930,#10938));
#10921 = ORIENTED_EDGE('',*,*,#10922,.F.);
#10922 = EDGE_CURVE('',#10475,#10923,#10925,.T.);
#10923 = VERTEX_POINT('',#10924);
#10924 = CARTESIAN_POINT('',(0.32,-0.32,8.38));
#10925 = LINE('',#10926,#10927);
#10926 = CARTESIAN_POINT('',(0.32,-0.32,-3.));
#10927 = VECTOR('',#10928,1.);
#10928 = DIRECTION('',(0.,0.,1.));
#10929 = ORIENTED_EDGE('',*,*,#10474,.T.);
#10930 = ORIENTED_EDGE('',*,*,#10931,.T.);
#10931 = EDGE_CURVE('',#10477,#10932,#10934,.T.);
#10932 = VERTEX_POINT('',#10933);
#10933 = CARTESIAN_POINT('',(-0.32,-0.32,8.38));
#10934 = LINE('',#10935,#10936);
#10935 = CARTESIAN_POINT('',(-0.32,-0.32,-3.));
#10936 = VECTOR('',#10937,1.);
#10937 = DIRECTION('',(0.,0.,1.));
#10938 = ORIENTED_EDGE('',*,*,#10939,.T.);
#10939 = EDGE_CURVE('',#10932,#10923,#10940,.T.);
#10940 = LINE('',#10941,#10942);
#10941 = CARTESIAN_POINT('',(-0.32,-0.32,8.38));
#10942 = VECTOR('',#10943,1.);
#10943 = DIRECTION('',(1.,0.,0.));
#10944 = PLANE('',#10945);
#10945 = AXIS2_PLACEMENT_3D('',#10946,#10947,#10948);
#10946 = CARTESIAN_POINT('',(-0.32,-0.32,-3.));
#10947 = DIRECTION('',(0.,1.,0.));
#10948 = DIRECTION('',(0.,-0.,1.));
#10949 = ADVANCED_FACE('',(#10950),#10968,.T.);
#10950 = FACE_BOUND('',#10951,.T.);
#10951 = EDGE_LOOP('',(#10952,#10953,#10954,#10962));
#10952 = ORIENTED_EDGE('',*,*,#10922,.F.);
#10953 = ORIENTED_EDGE('',*,*,#10500,.T.);
#10954 = ORIENTED_EDGE('',*,*,#10955,.T.);
#10955 = EDGE_CURVE('',#10493,#10956,#10958,.T.);
#10956 = VERTEX_POINT('',#10957);
#10957 = CARTESIAN_POINT('',(0.32,0.32,8.38));
#10958 = LINE('',#10959,#10960);
#10959 = CARTESIAN_POINT('',(0.32,0.32,-3.));
#10960 = VECTOR('',#10961,1.);
#10961 = DIRECTION('',(0.,0.,1.));
#10962 = ORIENTED_EDGE('',*,*,#10963,.F.);
#10963 = EDGE_CURVE('',#10923,#10956,#10964,.T.);
#10964 = LINE('',#10965,#10966);
#10965 = CARTESIAN_POINT('',(0.32,-0.32,8.38));
#10966 = VECTOR('',#10967,1.);
#10967 = DIRECTION('',(0.,1.,0.));
#10968 = PLANE('',#10969);
#10969 = AXIS2_PLACEMENT_3D('',#10970,#10971,#10972);
#10970 = CARTESIAN_POINT('',(0.32,-0.32,-3.));
#10971 = DIRECTION('',(1.,0.,0.));
#10972 = DIRECTION('',(0.,0.,1.));
#10973 = ADVANCED_FACE('',(#10974),#10992,.T.);
#10974 = FACE_BOUND('',#10975,.T.);
#10975 = EDGE_LOOP('',(#10976,#10977,#10978,#10986));
#10976 = ORIENTED_EDGE('',*,*,#10955,.F.);
#10977 = ORIENTED_EDGE('',*,*,#10492,.T.);
#10978 = ORIENTED_EDGE('',*,*,#10979,.T.);
#10979 = EDGE_CURVE('',#10485,#10980,#10982,.T.);
#10980 = VERTEX_POINT('',#10981);
#10981 = CARTESIAN_POINT('',(-0.32,0.32,8.38));
#10982 = LINE('',#10983,#10984);
#10983 = CARTESIAN_POINT('',(-0.32,0.32,-3.));
#10984 = VECTOR('',#10985,1.);
#10985 = DIRECTION('',(0.,0.,1.));
#10986 = ORIENTED_EDGE('',*,*,#10987,.T.);
#10987 = EDGE_CURVE('',#10980,#10956,#10988,.T.);
#10988 = LINE('',#10989,#10990);
#10989 = CARTESIAN_POINT('',(-0.32,0.32,8.38));
#10990 = VECTOR('',#10991,1.);
#10991 = DIRECTION('',(1.,0.,0.));
#10992 = PLANE('',#10993);
#10993 = AXIS2_PLACEMENT_3D('',#10994,#10995,#10996);
#10994 = CARTESIAN_POINT('',(-0.32,0.32,-3.));
#10995 = DIRECTION('',(0.,1.,0.));
#10996 = DIRECTION('',(0.,-0.,1.));
#10997 = ADVANCED_FACE('',(#10998),#11009,.F.);
#10998 = FACE_BOUND('',#10999,.F.);
#10999 = EDGE_LOOP('',(#11000,#11001,#11002,#11003));
#11000 = ORIENTED_EDGE('',*,*,#10931,.F.);
#11001 = ORIENTED_EDGE('',*,*,#10484,.T.);
#11002 = ORIENTED_EDGE('',*,*,#10979,.T.);
#11003 = ORIENTED_EDGE('',*,*,#11004,.F.);
#11004 = EDGE_CURVE('',#10932,#10980,#11005,.T.);
#11005 = LINE('',#11006,#11007);
#11006 = CARTESIAN_POINT('',(-0.32,-0.32,8.38));
#11007 = VECTOR('',#11008,1.);
#11008 = DIRECTION('',(0.,1.,0.));
#11009 = PLANE('',#11010);
#11010 = AXIS2_PLACEMENT_3D('',#11011,#11012,#11013);
#11011 = CARTESIAN_POINT('',(-0.32,-0.32,-3.));
#11012 = DIRECTION('',(1.,0.,0.));
#11013 = DIRECTION('',(0.,0.,1.));
#11014 = ADVANCED_FACE('',(#11015),#11040,.F.);
#11015 = FACE_BOUND('',#11016,.F.);
#11016 = EDGE_LOOP('',(#11017,#11025,#11026,#11034));
#11017 = ORIENTED_EDGE('',*,*,#11018,.F.);
#11018 = EDGE_CURVE('',#10509,#11019,#11021,.T.);
#11019 = VERTEX_POINT('',#11020);
#11020 = CARTESIAN_POINT('',(0.32,-2.86,8.38));
#11021 = LINE('',#11022,#11023);
#11022 = CARTESIAN_POINT('',(0.32,-2.86,-3.));
#11023 = VECTOR('',#11024,1.);
#11024 = DIRECTION('',(0.,0.,1.));
#11025 = ORIENTED_EDGE('',*,*,#10508,.T.);
#11026 = ORIENTED_EDGE('',*,*,#11027,.T.);
#11027 = EDGE_CURVE('',#10511,#11028,#11030,.T.);
#11028 = VERTEX_POINT('',#11029);
#11029 = CARTESIAN_POINT('',(-0.32,-2.86,8.38));
#11030 = LINE('',#11031,#11032);
#11031 = CARTESIAN_POINT('',(-0.32,-2.86,-3.));
#11032 = VECTOR('',#11033,1.);
#11033 = DIRECTION('',(0.,0.,1.));
#11034 = ORIENTED_EDGE('',*,*,#11035,.T.);
#11035 = EDGE_CURVE('',#11028,#11019,#11036,.T.);
#11036 = LINE('',#11037,#11038);
#11037 = CARTESIAN_POINT('',(-0.32,-2.86,8.38));
#11038 = VECTOR('',#11039,1.);
#11039 = DIRECTION('',(1.,0.,0.));
#11040 = PLANE('',#11041);
#11041 = AXIS2_PLACEMENT_3D('',#11042,#11043,#11044);
#11042 = CARTESIAN_POINT('',(-0.32,-2.86,-3.));
#11043 = DIRECTION('',(0.,1.,0.));
#11044 = DIRECTION('',(0.,-0.,1.));
#11045 = ADVANCED_FACE('',(#11046),#11064,.T.);
#11046 = FACE_BOUND('',#11047,.T.);
#11047 = EDGE_LOOP('',(#11048,#11049,#11050,#11058));
#11048 = ORIENTED_EDGE('',*,*,#11018,.F.);
#11049 = ORIENTED_EDGE('',*,*,#10534,.T.);
#11050 = ORIENTED_EDGE('',*,*,#11051,.T.);
#11051 = EDGE_CURVE('',#10527,#11052,#11054,.T.);
#11052 = VERTEX_POINT('',#11053);
#11053 = CARTESIAN_POINT('',(0.32,-2.22,8.38));
#11054 = LINE('',#11055,#11056);
#11055 = CARTESIAN_POINT('',(0.32,-2.22,-3.));
#11056 = VECTOR('',#11057,1.);
#11057 = DIRECTION('',(0.,0.,1.));
#11058 = ORIENTED_EDGE('',*,*,#11059,.F.);
#11059 = EDGE_CURVE('',#11019,#11052,#11060,.T.);
#11060 = LINE('',#11061,#11062);
#11061 = CARTESIAN_POINT('',(0.32,-2.86,8.38));
#11062 = VECTOR('',#11063,1.);
#11063 = DIRECTION('',(0.,1.,0.));
#11064 = PLANE('',#11065);
#11065 = AXIS2_PLACEMENT_3D('',#11066,#11067,#11068);
#11066 = CARTESIAN_POINT('',(0.32,-2.86,-3.));
#11067 = DIRECTION('',(1.,0.,0.));
#11068 = DIRECTION('',(0.,0.,1.));
#11069 = ADVANCED_FACE('',(#11070),#11088,.T.);
#11070 = FACE_BOUND('',#11071,.T.);
#11071 = EDGE_LOOP('',(#11072,#11073,#11074,#11082));
#11072 = ORIENTED_EDGE('',*,*,#11051,.F.);
#11073 = ORIENTED_EDGE('',*,*,#10526,.T.);
#11074 = ORIENTED_EDGE('',*,*,#11075,.T.);
#11075 = EDGE_CURVE('',#10519,#11076,#11078,.T.);
#11076 = VERTEX_POINT('',#11077);
#11077 = CARTESIAN_POINT('',(-0.32,-2.22,8.38));
#11078 = LINE('',#11079,#11080);
#11079 = CARTESIAN_POINT('',(-0.32,-2.22,-3.));
#11080 = VECTOR('',#11081,1.);
#11081 = DIRECTION('',(0.,0.,1.));
#11082 = ORIENTED_EDGE('',*,*,#11083,.T.);
#11083 = EDGE_CURVE('',#11076,#11052,#11084,.T.);
#11084 = LINE('',#11085,#11086);
#11085 = CARTESIAN_POINT('',(-0.32,-2.22,8.38));
#11086 = VECTOR('',#11087,1.);
#11087 = DIRECTION('',(1.,0.,0.));
#11088 = PLANE('',#11089);
#11089 = AXIS2_PLACEMENT_3D('',#11090,#11091,#11092);
#11090 = CARTESIAN_POINT('',(-0.32,-2.22,-3.));
#11091 = DIRECTION('',(0.,1.,0.));
#11092 = DIRECTION('',(0.,-0.,1.));
#11093 = ADVANCED_FACE('',(#11094),#11105,.F.);
#11094 = FACE_BOUND('',#11095,.F.);
#11095 = EDGE_LOOP('',(#11096,#11097,#11098,#11099));
#11096 = ORIENTED_EDGE('',*,*,#11027,.F.);
#11097 = ORIENTED_EDGE('',*,*,#10518,.T.);
#11098 = ORIENTED_EDGE('',*,*,#11075,.T.);
#11099 = ORIENTED_EDGE('',*,*,#11100,.F.);
#11100 = EDGE_CURVE('',#11028,#11076,#11101,.T.);
#11101 = LINE('',#11102,#11103);
#11102 = CARTESIAN_POINT('',(-0.32,-2.86,8.38));
#11103 = VECTOR('',#11104,1.);
#11104 = DIRECTION('',(0.,1.,0.));
#11105 = PLANE('',#11106);
#11106 = AXIS2_PLACEMENT_3D('',#11107,#11108,#11109);
#11107 = CARTESIAN_POINT('',(-0.32,-2.86,-3.));
#11108 = DIRECTION('',(1.,0.,0.));
#11109 = DIRECTION('',(0.,0.,1.));
#11110 = ADVANCED_FACE('',(#11111),#11136,.T.);
#11111 = FACE_BOUND('',#11112,.F.);
#11112 = EDGE_LOOP('',(#11113,#11121,#11122,#11130));
#11113 = ORIENTED_EDGE('',*,*,#11114,.F.);
#11114 = EDGE_CURVE('',#10739,#11115,#11117,.T.);
#11115 = VERTEX_POINT('',#11116);
#11116 = CARTESIAN_POINT('',(-0.16,-0.16,-3.));
#11117 = LINE('',#11118,#11119);
#11118 = CARTESIAN_POINT('',(-0.266666666667,-0.266666666667,
    -2.893333333333));
#11119 = VECTOR('',#11120,1.);
#11120 = DIRECTION('',(0.57735026919,0.57735026919,-0.57735026919));
#11121 = ORIENTED_EDGE('',*,*,#10738,.T.);
#11122 = ORIENTED_EDGE('',*,*,#11123,.T.);
#11123 = EDGE_CURVE('',#10731,#11124,#11126,.T.);
#11124 = VERTEX_POINT('',#11125);
#11125 = CARTESIAN_POINT('',(0.16,-0.16,-3.));
#11126 = LINE('',#11127,#11128);
#11127 = CARTESIAN_POINT('',(0.16,-0.16,-3.));
#11128 = VECTOR('',#11129,1.);
#11129 = DIRECTION('',(-0.57735026919,0.57735026919,-0.57735026919));
#11130 = ORIENTED_EDGE('',*,*,#11131,.F.);
#11131 = EDGE_CURVE('',#11115,#11124,#11132,.T.);
#11132 = LINE('',#11133,#11134);
#11133 = CARTESIAN_POINT('',(-0.32,-0.16,-3.));
#11134 = VECTOR('',#11135,1.);
#11135 = DIRECTION('',(1.,0.,0.));
#11136 = PLANE('',#11137);
#11137 = AXIS2_PLACEMENT_3D('',#11138,#11139,#11140);
#11138 = CARTESIAN_POINT('',(-0.32,-0.24,-2.92));
#11139 = DIRECTION('',(1.735167508357E-18,-0.707106781187,
    -0.707106781187));
#11140 = DIRECTION('',(-1.,-1.226948711654E-18,-1.226948711654E-18));
#11141 = ADVANCED_FACE('',(#11142),#11160,.F.);
#11142 = FACE_BOUND('',#11143,.F.);
#11143 = EDGE_LOOP('',(#11144,#11145,#11146,#11154));
#11144 = ORIENTED_EDGE('',*,*,#11123,.F.);
#11145 = ORIENTED_EDGE('',*,*,#10762,.T.);
#11146 = ORIENTED_EDGE('',*,*,#11147,.T.);
#11147 = EDGE_CURVE('',#10763,#11148,#11150,.T.);
#11148 = VERTEX_POINT('',#11149);
#11149 = CARTESIAN_POINT('',(0.16,0.16,-3.));
#11150 = LINE('',#11151,#11152);
#11151 = CARTESIAN_POINT('',(5.333333333333E-02,5.333333333333E-02,
    -3.106666666667));
#11152 = VECTOR('',#11153,1.);
#11153 = DIRECTION('',(-0.57735026919,-0.57735026919,-0.57735026919));
#11154 = ORIENTED_EDGE('',*,*,#11155,.F.);
#11155 = EDGE_CURVE('',#11124,#11148,#11156,.T.);
#11156 = LINE('',#11157,#11158);
#11157 = CARTESIAN_POINT('',(0.16,-0.32,-3.));
#11158 = VECTOR('',#11159,1.);
#11159 = DIRECTION('',(0.,1.,0.));
#11160 = PLANE('',#11161);
#11161 = AXIS2_PLACEMENT_3D('',#11162,#11163,#11164);
#11162 = CARTESIAN_POINT('',(0.24,-0.32,-2.92));
#11163 = DIRECTION('',(-0.707106781187,1.735167508357E-18,0.707106781187
    ));
#11164 = DIRECTION('',(1.226948711654E-18,1.,-1.226948711654E-18));
#11165 = ADVANCED_FACE('',(#11166),#11184,.F.);
#11166 = FACE_BOUND('',#11167,.T.);
#11167 = EDGE_LOOP('',(#11168,#11176,#11177,#11178));
#11168 = ORIENTED_EDGE('',*,*,#11169,.F.);
#11169 = EDGE_CURVE('',#10787,#11170,#11172,.T.);
#11170 = VERTEX_POINT('',#11171);
#11171 = CARTESIAN_POINT('',(-0.16,0.16,-3.));
#11172 = LINE('',#11173,#11174);
#11173 = CARTESIAN_POINT('',(-0.16,0.16,-3.));
#11174 = VECTOR('',#11175,1.);
#11175 = DIRECTION('',(0.57735026919,-0.57735026919,-0.57735026919));
#11176 = ORIENTED_EDGE('',*,*,#10786,.T.);
#11177 = ORIENTED_EDGE('',*,*,#11147,.T.);
#11178 = ORIENTED_EDGE('',*,*,#11179,.F.);
#11179 = EDGE_CURVE('',#11170,#11148,#11180,.T.);
#11180 = LINE('',#11181,#11182);
#11181 = CARTESIAN_POINT('',(-0.32,0.16,-3.));
#11182 = VECTOR('',#11183,1.);
#11183 = DIRECTION('',(1.,0.,0.));
#11184 = PLANE('',#11185);
#11185 = AXIS2_PLACEMENT_3D('',#11186,#11187,#11188);
#11186 = CARTESIAN_POINT('',(-0.32,0.24,-2.92));
#11187 = DIRECTION('',(-1.735167508357E-18,-0.707106781187,
    0.707106781187));
#11188 = DIRECTION('',(-1.,1.226948711654E-18,-1.226948711654E-18));
#11189 = ADVANCED_FACE('',(#11190),#11201,.T.);
#11190 = FACE_BOUND('',#11191,.T.);
#11191 = EDGE_LOOP('',(#11192,#11193,#11194,#11195));
#11192 = ORIENTED_EDGE('',*,*,#11114,.F.);
#11193 = ORIENTED_EDGE('',*,*,#10810,.T.);
#11194 = ORIENTED_EDGE('',*,*,#11169,.T.);
#11195 = ORIENTED_EDGE('',*,*,#11196,.F.);
#11196 = EDGE_CURVE('',#11115,#11170,#11197,.T.);
#11197 = LINE('',#11198,#11199);
#11198 = CARTESIAN_POINT('',(-0.16,-0.32,-3.));
#11199 = VECTOR('',#11200,1.);
#11200 = DIRECTION('',(0.,1.,0.));
#11201 = PLANE('',#11202);
#11202 = AXIS2_PLACEMENT_3D('',#11203,#11204,#11205);
#11203 = CARTESIAN_POINT('',(-0.24,-0.32,-2.92));
#11204 = DIRECTION('',(-0.707106781187,-1.735167508357E-18,
    -0.707106781187));
#11205 = DIRECTION('',(-1.226948711654E-18,1.,-1.226948711654E-18));
#11206 = ADVANCED_FACE('',(#11207),#11232,.T.);
#11207 = FACE_BOUND('',#11208,.F.);
#11208 = EDGE_LOOP('',(#11209,#11217,#11218,#11226));
#11209 = ORIENTED_EDGE('',*,*,#11210,.F.);
#11210 = EDGE_CURVE('',#10835,#11211,#11213,.T.);
#11211 = VERTEX_POINT('',#11212);
#11212 = CARTESIAN_POINT('',(-0.16,-2.7,-3.));
#11213 = LINE('',#11214,#11215);
#11214 = CARTESIAN_POINT('',(-0.266666666667,-2.806666666667,
    -2.893333333333));
#11215 = VECTOR('',#11216,1.);
#11216 = DIRECTION('',(0.57735026919,0.57735026919,-0.57735026919));
#11217 = ORIENTED_EDGE('',*,*,#10834,.T.);
#11218 = ORIENTED_EDGE('',*,*,#11219,.T.);
#11219 = EDGE_CURVE('',#10827,#11220,#11222,.T.);
#11220 = VERTEX_POINT('',#11221);
#11221 = CARTESIAN_POINT('',(0.16,-2.7,-3.));
#11222 = LINE('',#11223,#11224);
#11223 = CARTESIAN_POINT('',(0.16,-2.7,-3.));
#11224 = VECTOR('',#11225,1.);
#11225 = DIRECTION('',(-0.57735026919,0.57735026919,-0.57735026919));
#11226 = ORIENTED_EDGE('',*,*,#11227,.F.);
#11227 = EDGE_CURVE('',#11211,#11220,#11228,.T.);
#11228 = LINE('',#11229,#11230);
#11229 = CARTESIAN_POINT('',(-0.32,-2.7,-3.));
#11230 = VECTOR('',#11231,1.);
#11231 = DIRECTION('',(1.,0.,0.));
#11232 = PLANE('',#11233);
#11233 = AXIS2_PLACEMENT_3D('',#11234,#11235,#11236);
#11234 = CARTESIAN_POINT('',(-0.32,-2.78,-2.92));
#11235 = DIRECTION('',(1.735167508357E-18,-0.707106781187,
    -0.707106781187));
#11236 = DIRECTION('',(-1.,-1.226948711654E-18,-1.226948711654E-18));
#11237 = ADVANCED_FACE('',(#11238),#11256,.F.);
#11238 = FACE_BOUND('',#11239,.F.);
#11239 = EDGE_LOOP('',(#11240,#11241,#11242,#11250));
#11240 = ORIENTED_EDGE('',*,*,#11219,.F.);
#11241 = ORIENTED_EDGE('',*,*,#10858,.T.);
#11242 = ORIENTED_EDGE('',*,*,#11243,.T.);
#11243 = EDGE_CURVE('',#10859,#11244,#11246,.T.);
#11244 = VERTEX_POINT('',#11245);
#11245 = CARTESIAN_POINT('',(0.16,-2.38,-3.));
#11246 = LINE('',#11247,#11248);
#11247 = CARTESIAN_POINT('',(5.333333333333E-02,-2.486666666667,
    -3.106666666667));
#11248 = VECTOR('',#11249,1.);
#11249 = DIRECTION('',(-0.57735026919,-0.57735026919,-0.57735026919));
#11250 = ORIENTED_EDGE('',*,*,#11251,.F.);
#11251 = EDGE_CURVE('',#11220,#11244,#11252,.T.);
#11252 = LINE('',#11253,#11254);
#11253 = CARTESIAN_POINT('',(0.16,-2.86,-3.));
#11254 = VECTOR('',#11255,1.);
#11255 = DIRECTION('',(0.,1.,0.));
#11256 = PLANE('',#11257);
#11257 = AXIS2_PLACEMENT_3D('',#11258,#11259,#11260);
#11258 = CARTESIAN_POINT('',(0.24,-2.86,-2.92));
#11259 = DIRECTION('',(-0.707106781187,1.735167508357E-18,0.707106781187
    ));
#11260 = DIRECTION('',(1.226948711654E-18,1.,-1.226948711654E-18));
#11261 = ADVANCED_FACE('',(#11262),#11280,.F.);
#11262 = FACE_BOUND('',#11263,.T.);
#11263 = EDGE_LOOP('',(#11264,#11272,#11273,#11274));
#11264 = ORIENTED_EDGE('',*,*,#11265,.F.);
#11265 = EDGE_CURVE('',#10883,#11266,#11268,.T.);
#11266 = VERTEX_POINT('',#11267);
#11267 = CARTESIAN_POINT('',(-0.16,-2.38,-3.));
#11268 = LINE('',#11269,#11270);
#11269 = CARTESIAN_POINT('',(-0.16,-2.38,-3.));
#11270 = VECTOR('',#11271,1.);
#11271 = DIRECTION('',(0.57735026919,-0.57735026919,-0.57735026919));
#11272 = ORIENTED_EDGE('',*,*,#10882,.T.);
#11273 = ORIENTED_EDGE('',*,*,#11243,.T.);
#11274 = ORIENTED_EDGE('',*,*,#11275,.F.);
#11275 = EDGE_CURVE('',#11266,#11244,#11276,.T.);
#11276 = LINE('',#11277,#11278);
#11277 = CARTESIAN_POINT('',(-0.32,-2.38,-3.));
#11278 = VECTOR('',#11279,1.);
#11279 = DIRECTION('',(1.,0.,0.));
#11280 = PLANE('',#11281);
#11281 = AXIS2_PLACEMENT_3D('',#11282,#11283,#11284);
#11282 = CARTESIAN_POINT('',(-0.32,-2.3,-2.92));
#11283 = DIRECTION('',(-1.735167508357E-18,-0.707106781187,
    0.707106781187));
#11284 = DIRECTION('',(-1.,1.226948711654E-18,-1.226948711654E-18));
#11285 = ADVANCED_FACE('',(#11286),#11297,.T.);
#11286 = FACE_BOUND('',#11287,.T.);
#11287 = EDGE_LOOP('',(#11288,#11289,#11290,#11291));
#11288 = ORIENTED_EDGE('',*,*,#11210,.F.);
#11289 = ORIENTED_EDGE('',*,*,#10906,.T.);
#11290 = ORIENTED_EDGE('',*,*,#11265,.T.);
#11291 = ORIENTED_EDGE('',*,*,#11292,.F.);
#11292 = EDGE_CURVE('',#11211,#11266,#11293,.T.);
#11293 = LINE('',#11294,#11295);
#11294 = CARTESIAN_POINT('',(-0.16,-2.86,-3.));
#11295 = VECTOR('',#11296,1.);
#11296 = DIRECTION('',(0.,1.,0.));
#11297 = PLANE('',#11298);
#11298 = AXIS2_PLACEMENT_3D('',#11299,#11300,#11301);
#11299 = CARTESIAN_POINT('',(-0.24,-2.86,-2.92));
#11300 = DIRECTION('',(-0.707106781187,-1.735167508357E-18,
    -0.707106781187));
#11301 = DIRECTION('',(-1.226948711654E-18,1.,-1.226948711654E-18));
#11302 = ADVANCED_FACE('',(#11303),#11328,.F.);
#11303 = FACE_BOUND('',#11304,.T.);
#11304 = EDGE_LOOP('',(#11305,#11313,#11314,#11322));
#11305 = ORIENTED_EDGE('',*,*,#11306,.F.);
#11306 = EDGE_CURVE('',#10932,#11307,#11309,.T.);
#11307 = VERTEX_POINT('',#11308);
#11308 = CARTESIAN_POINT('',(-0.16,-0.16,8.54));
#11309 = LINE('',#11310,#11311);
#11310 = CARTESIAN_POINT('',(-0.266666666667,-0.266666666667,
    8.433333333333));
#11311 = VECTOR('',#11312,1.);
#11312 = DIRECTION('',(0.57735026919,0.57735026919,0.57735026919));
#11313 = ORIENTED_EDGE('',*,*,#10939,.T.);
#11314 = ORIENTED_EDGE('',*,*,#11315,.T.);
#11315 = EDGE_CURVE('',#10923,#11316,#11318,.T.);
#11316 = VERTEX_POINT('',#11317);
#11317 = CARTESIAN_POINT('',(0.16,-0.16,8.54));
#11318 = LINE('',#11319,#11320);
#11319 = CARTESIAN_POINT('',(0.16,-0.16,8.54));
#11320 = VECTOR('',#11321,1.);
#11321 = DIRECTION('',(-0.57735026919,0.57735026919,0.57735026919));
#11322 = ORIENTED_EDGE('',*,*,#11323,.F.);
#11323 = EDGE_CURVE('',#11307,#11316,#11324,.T.);
#11324 = LINE('',#11325,#11326);
#11325 = CARTESIAN_POINT('',(-0.32,-0.16,8.54));
#11326 = VECTOR('',#11327,1.);
#11327 = DIRECTION('',(1.,0.,0.));
#11328 = PLANE('',#11329);
#11329 = AXIS2_PLACEMENT_3D('',#11330,#11331,#11332);
#11330 = CARTESIAN_POINT('',(-0.32,-0.24,8.46));
#11331 = DIRECTION('',(-1.735167508357E-18,0.707106781187,
    -0.707106781187));
#11332 = DIRECTION('',(-1.,-1.226948711654E-18,1.226948711654E-18));
#11333 = ADVANCED_FACE('',(#11334),#11352,.T.);
#11334 = FACE_BOUND('',#11335,.T.);
#11335 = EDGE_LOOP('',(#11336,#11337,#11338,#11346));
#11336 = ORIENTED_EDGE('',*,*,#11315,.F.);
#11337 = ORIENTED_EDGE('',*,*,#10963,.T.);
#11338 = ORIENTED_EDGE('',*,*,#11339,.T.);
#11339 = EDGE_CURVE('',#10956,#11340,#11342,.T.);
#11340 = VERTEX_POINT('',#11341);
#11341 = CARTESIAN_POINT('',(0.16,0.16,8.54));
#11342 = LINE('',#11343,#11344);
#11343 = CARTESIAN_POINT('',(5.333333333333E-02,5.333333333333E-02,
    8.646666666667));
#11344 = VECTOR('',#11345,1.);
#11345 = DIRECTION('',(-0.57735026919,-0.57735026919,0.57735026919));
#11346 = ORIENTED_EDGE('',*,*,#11347,.F.);
#11347 = EDGE_CURVE('',#11316,#11340,#11348,.T.);
#11348 = LINE('',#11349,#11350);
#11349 = CARTESIAN_POINT('',(0.16,-0.32,8.54));
#11350 = VECTOR('',#11351,1.);
#11351 = DIRECTION('',(0.,1.,0.));
#11352 = PLANE('',#11353);
#11353 = AXIS2_PLACEMENT_3D('',#11354,#11355,#11356);
#11354 = CARTESIAN_POINT('',(0.24,-0.32,8.46));
#11355 = DIRECTION('',(0.707106781187,-1.735167508357E-18,0.707106781187
    ));
#11356 = DIRECTION('',(1.226948711654E-18,1.,1.226948711654E-18));
#11357 = ADVANCED_FACE('',(#11358),#11376,.T.);
#11358 = FACE_BOUND('',#11359,.F.);
#11359 = EDGE_LOOP('',(#11360,#11368,#11369,#11370));
#11360 = ORIENTED_EDGE('',*,*,#11361,.F.);
#11361 = EDGE_CURVE('',#10980,#11362,#11364,.T.);
#11362 = VERTEX_POINT('',#11363);
#11363 = CARTESIAN_POINT('',(-0.16,0.16,8.54));
#11364 = LINE('',#11365,#11366);
#11365 = CARTESIAN_POINT('',(-0.16,0.16,8.54));
#11366 = VECTOR('',#11367,1.);
#11367 = DIRECTION('',(0.57735026919,-0.57735026919,0.57735026919));
#11368 = ORIENTED_EDGE('',*,*,#10987,.T.);
#11369 = ORIENTED_EDGE('',*,*,#11339,.T.);
#11370 = ORIENTED_EDGE('',*,*,#11371,.F.);
#11371 = EDGE_CURVE('',#11362,#11340,#11372,.T.);
#11372 = LINE('',#11373,#11374);
#11373 = CARTESIAN_POINT('',(-0.32,0.16,8.54));
#11374 = VECTOR('',#11375,1.);
#11375 = DIRECTION('',(1.,0.,0.));
#11376 = PLANE('',#11377);
#11377 = AXIS2_PLACEMENT_3D('',#11378,#11379,#11380);
#11378 = CARTESIAN_POINT('',(-0.32,0.24,8.46));
#11379 = DIRECTION('',(1.735167508357E-18,0.707106781187,0.707106781187)
  );
#11380 = DIRECTION('',(-1.,1.226948711654E-18,1.226948711654E-18));
#11381 = ADVANCED_FACE('',(#11382),#11393,.F.);
#11382 = FACE_BOUND('',#11383,.F.);
#11383 = EDGE_LOOP('',(#11384,#11385,#11386,#11387));
#11384 = ORIENTED_EDGE('',*,*,#11306,.F.);
#11385 = ORIENTED_EDGE('',*,*,#11004,.T.);
#11386 = ORIENTED_EDGE('',*,*,#11361,.T.);
#11387 = ORIENTED_EDGE('',*,*,#11388,.F.);
#11388 = EDGE_CURVE('',#11307,#11362,#11389,.T.);
#11389 = LINE('',#11390,#11391);
#11390 = CARTESIAN_POINT('',(-0.16,-0.32,8.54));
#11391 = VECTOR('',#11392,1.);
#11392 = DIRECTION('',(0.,1.,0.));
#11393 = PLANE('',#11394);
#11394 = AXIS2_PLACEMENT_3D('',#11395,#11396,#11397);
#11395 = CARTESIAN_POINT('',(-0.24,-0.32,8.46));
#11396 = DIRECTION('',(0.707106781187,1.735167508357E-18,-0.707106781187
    ));
#11397 = DIRECTION('',(-1.226948711654E-18,1.,1.226948711654E-18));
#11398 = ADVANCED_FACE('',(#11399),#11424,.F.);
#11399 = FACE_BOUND('',#11400,.T.);
#11400 = EDGE_LOOP('',(#11401,#11409,#11410,#11418));
#11401 = ORIENTED_EDGE('',*,*,#11402,.F.);
#11402 = EDGE_CURVE('',#11028,#11403,#11405,.T.);
#11403 = VERTEX_POINT('',#11404);
#11404 = CARTESIAN_POINT('',(-0.16,-2.7,8.54));
#11405 = LINE('',#11406,#11407);
#11406 = CARTESIAN_POINT('',(-0.266666666667,-2.806666666667,
    8.433333333333));
#11407 = VECTOR('',#11408,1.);
#11408 = DIRECTION('',(0.57735026919,0.57735026919,0.57735026919));
#11409 = ORIENTED_EDGE('',*,*,#11035,.T.);
#11410 = ORIENTED_EDGE('',*,*,#11411,.T.);
#11411 = EDGE_CURVE('',#11019,#11412,#11414,.T.);
#11412 = VERTEX_POINT('',#11413);
#11413 = CARTESIAN_POINT('',(0.16,-2.7,8.54));
#11414 = LINE('',#11415,#11416);
#11415 = CARTESIAN_POINT('',(0.16,-2.7,8.54));
#11416 = VECTOR('',#11417,1.);
#11417 = DIRECTION('',(-0.57735026919,0.57735026919,0.57735026919));
#11418 = ORIENTED_EDGE('',*,*,#11419,.F.);
#11419 = EDGE_CURVE('',#11403,#11412,#11420,.T.);
#11420 = LINE('',#11421,#11422);
#11421 = CARTESIAN_POINT('',(-0.32,-2.7,8.54));
#11422 = VECTOR('',#11423,1.);
#11423 = DIRECTION('',(1.,0.,0.));
#11424 = PLANE('',#11425);
#11425 = AXIS2_PLACEMENT_3D('',#11426,#11427,#11428);
#11426 = CARTESIAN_POINT('',(-0.32,-2.78,8.46));
#11427 = DIRECTION('',(-1.735167508357E-18,0.707106781187,
    -0.707106781187));
#11428 = DIRECTION('',(-1.,-1.226948711654E-18,1.226948711654E-18));
#11429 = ADVANCED_FACE('',(#11430),#11448,.T.);
#11430 = FACE_BOUND('',#11431,.T.);
#11431 = EDGE_LOOP('',(#11432,#11433,#11434,#11442));
#11432 = ORIENTED_EDGE('',*,*,#11411,.F.);
#11433 = ORIENTED_EDGE('',*,*,#11059,.T.);
#11434 = ORIENTED_EDGE('',*,*,#11435,.T.);
#11435 = EDGE_CURVE('',#11052,#11436,#11438,.T.);
#11436 = VERTEX_POINT('',#11437);
#11437 = CARTESIAN_POINT('',(0.16,-2.38,8.54));
#11438 = LINE('',#11439,#11440);
#11439 = CARTESIAN_POINT('',(5.333333333333E-02,-2.486666666667,
    8.646666666667));
#11440 = VECTOR('',#11441,1.);
#11441 = DIRECTION('',(-0.57735026919,-0.57735026919,0.57735026919));
#11442 = ORIENTED_EDGE('',*,*,#11443,.F.);
#11443 = EDGE_CURVE('',#11412,#11436,#11444,.T.);
#11444 = LINE('',#11445,#11446);
#11445 = CARTESIAN_POINT('',(0.16,-2.86,8.54));
#11446 = VECTOR('',#11447,1.);
#11447 = DIRECTION('',(0.,1.,0.));
#11448 = PLANE('',#11449);
#11449 = AXIS2_PLACEMENT_3D('',#11450,#11451,#11452);
#11450 = CARTESIAN_POINT('',(0.24,-2.86,8.46));
#11451 = DIRECTION('',(0.707106781187,-1.735167508357E-18,0.707106781187
    ));
#11452 = DIRECTION('',(1.226948711654E-18,1.,1.226948711654E-18));
#11453 = ADVANCED_FACE('',(#11454),#11472,.T.);
#11454 = FACE_BOUND('',#11455,.F.);
#11455 = EDGE_LOOP('',(#11456,#11464,#11465,#11466));
#11456 = ORIENTED_EDGE('',*,*,#11457,.F.);
#11457 = EDGE_CURVE('',#11076,#11458,#11460,.T.);
#11458 = VERTEX_POINT('',#11459);
#11459 = CARTESIAN_POINT('',(-0.16,-2.38,8.54));
#11460 = LINE('',#11461,#11462);
#11461 = CARTESIAN_POINT('',(-0.16,-2.38,8.54));
#11462 = VECTOR('',#11463,1.);
#11463 = DIRECTION('',(0.57735026919,-0.57735026919,0.57735026919));
#11464 = ORIENTED_EDGE('',*,*,#11083,.T.);
#11465 = ORIENTED_EDGE('',*,*,#11435,.T.);
#11466 = ORIENTED_EDGE('',*,*,#11467,.F.);
#11467 = EDGE_CURVE('',#11458,#11436,#11468,.T.);
#11468 = LINE('',#11469,#11470);
#11469 = CARTESIAN_POINT('',(-0.32,-2.38,8.54));
#11470 = VECTOR('',#11471,1.);
#11471 = DIRECTION('',(1.,0.,0.));
#11472 = PLANE('',#11473);
#11473 = AXIS2_PLACEMENT_3D('',#11474,#11475,#11476);
#11474 = CARTESIAN_POINT('',(-0.32,-2.3,8.46));
#11475 = DIRECTION('',(1.735167508357E-18,0.707106781187,0.707106781187)
  );
#11476 = DIRECTION('',(-1.,1.226948711654E-18,1.226948711654E-18));
#11477 = ADVANCED_FACE('',(#11478),#11489,.F.);
#11478 = FACE_BOUND('',#11479,.F.);
#11479 = EDGE_LOOP('',(#11480,#11481,#11482,#11483));
#11480 = ORIENTED_EDGE('',*,*,#11402,.F.);
#11481 = ORIENTED_EDGE('',*,*,#11100,.T.);
#11482 = ORIENTED_EDGE('',*,*,#11457,.T.);
#11483 = ORIENTED_EDGE('',*,*,#11484,.F.);
#11484 = EDGE_CURVE('',#11403,#11458,#11485,.T.);
#11485 = LINE('',#11486,#11487);
#11486 = CARTESIAN_POINT('',(-0.16,-2.86,8.54));
#11487 = VECTOR('',#11488,1.);
#11488 = DIRECTION('',(0.,1.,0.));
#11489 = PLANE('',#11490);
#11490 = AXIS2_PLACEMENT_3D('',#11491,#11492,#11493);
#11491 = CARTESIAN_POINT('',(-0.24,-2.86,8.46));
#11492 = DIRECTION('',(0.707106781187,1.735167508357E-18,-0.707106781187
    ));
#11493 = DIRECTION('',(-1.226948711654E-18,1.,1.226948711654E-18));
#11494 = ADVANCED_FACE('',(#11495),#11501,.F.);
#11495 = FACE_BOUND('',#11496,.F.);
#11496 = EDGE_LOOP('',(#11497,#11498,#11499,#11500));
#11497 = ORIENTED_EDGE('',*,*,#11196,.F.);
#11498 = ORIENTED_EDGE('',*,*,#11131,.T.);
#11499 = ORIENTED_EDGE('',*,*,#11155,.T.);
#11500 = ORIENTED_EDGE('',*,*,#11179,.F.);
#11501 = PLANE('',#11502);
#11502 = AXIS2_PLACEMENT_3D('',#11503,#11504,#11505);
#11503 = CARTESIAN_POINT('',(-0.32,-0.32,-3.));
#11504 = DIRECTION('',(0.,0.,1.));
#11505 = DIRECTION('',(1.,0.,-0.));
#11506 = ADVANCED_FACE('',(#11507),#11513,.F.);
#11507 = FACE_BOUND('',#11508,.F.);
#11508 = EDGE_LOOP('',(#11509,#11510,#11511,#11512));
#11509 = ORIENTED_EDGE('',*,*,#11292,.F.);
#11510 = ORIENTED_EDGE('',*,*,#11227,.T.);
#11511 = ORIENTED_EDGE('',*,*,#11251,.T.);
#11512 = ORIENTED_EDGE('',*,*,#11275,.F.);
#11513 = PLANE('',#11514);
#11514 = AXIS2_PLACEMENT_3D('',#11515,#11516,#11517);
#11515 = CARTESIAN_POINT('',(-0.32,-2.86,-3.));
#11516 = DIRECTION('',(0.,0.,1.));
#11517 = DIRECTION('',(1.,0.,-0.));
#11518 = ADVANCED_FACE('',(#11519),#11525,.T.);
#11519 = FACE_BOUND('',#11520,.T.);
#11520 = EDGE_LOOP('',(#11521,#11522,#11523,#11524));
#11521 = ORIENTED_EDGE('',*,*,#11371,.F.);
#11522 = ORIENTED_EDGE('',*,*,#11388,.F.);
#11523 = ORIENTED_EDGE('',*,*,#11323,.T.);
#11524 = ORIENTED_EDGE('',*,*,#11347,.T.);
#11525 = PLANE('',#11526);
#11526 = AXIS2_PLACEMENT_3D('',#11527,#11528,#11529);
#11527 = CARTESIAN_POINT('',(-0.32,-0.32,8.54));
#11528 = DIRECTION('',(0.,0.,1.));
#11529 = DIRECTION('',(1.,0.,-0.));
#11530 = ADVANCED_FACE('',(#11531),#11537,.T.);
#11531 = FACE_BOUND('',#11532,.T.);
#11532 = EDGE_LOOP('',(#11533,#11534,#11535,#11536));
#11533 = ORIENTED_EDGE('',*,*,#11467,.F.);
#11534 = ORIENTED_EDGE('',*,*,#11484,.F.);
#11535 = ORIENTED_EDGE('',*,*,#11419,.T.);
#11536 = ORIENTED_EDGE('',*,*,#11443,.T.);
#11537 = PLANE('',#11538);
#11538 = AXIS2_PLACEMENT_3D('',#11539,#11540,#11541);
#11539 = CARTESIAN_POINT('',(-0.32,-2.86,8.54));
#11540 = DIRECTION('',(0.,0.,1.));
#11541 = DIRECTION('',(1.,0.,-0.));
#11542 = ( GEOMETRIC_REPRESENTATION_CONTEXT(3) 
GLOBAL_UNCERTAINTY_ASSIGNED_CONTEXT((#11546)) 
GLOBAL_UNIT_ASSIGNED_CONTEXT((#11543,#11544,#11545)) 
REPRESENTATION_CONTEXT('Context #1',
  '3D Context with UNIT and UNCERTAINTY') );
#11543 = ( LENGTH_UNIT() NAMED_UNIT(*) SI_UNIT(.MILLI.,.METRE.) );
#11544 = ( NAMED_UNIT(*) PLANE_ANGLE_UNIT() SI_UNIT($,.RADIAN.) );
#11545 = ( NAMED_UNIT(*) SI_UNIT($,.STERADIAN.) SOLID_ANGLE_UNIT() );
#11546 = UNCERTAINTY_MEASURE_WITH_UNIT(LENGTH_MEASURE(1.E-07),#11543,
  'distance_accuracy_value','confusion accuracy');
#11547 = CONTEXT_DEPENDENT_SHAPE_REPRESENTATION(#11548,#11550);
#11548 = ( REPRESENTATION_RELATIONSHIP('','',#10109,#10086) 
REPRESENTATION_RELATIONSHIP_WITH_TRANSFORMATION(#11549) 
SHAPE_REPRESENTATION_RELATIONSHIP() );
#11549 = ITEM_DEFINED_TRANSFORMATION('','',#11,#10087);
#11550 = PRODUCT_DEFINITION_SHAPE('Placement','Placement of an item',
  #11551);
#11551 = NEXT_ASSEMBLY_USAGE_OCCURRENCE('67','=>[0:1:1:48]','',#10081,
  #10104,$);
#11552 = PRODUCT_RELATED_PRODUCT_CATEGORY('part',$,(#10106));
#11553 = CONTEXT_DEPENDENT_SHAPE_REPRESENTATION(#11554,#11556);
#11554 = ( REPRESENTATION_RELATIONSHIP('','',#2893,#10) 
REPRESENTATION_RELATIONSHIP_WITH_TRANSFORMATION(#11555) 
SHAPE_REPRESENTATION_RELATIONSHIP() );
#11555 = ITEM_DEFINED_TRANSFORMATION('','',#11,#167);
#11556 = PRODUCT_DEFINITION_SHAPE('Placement','Placement of an item',
  #11557);
#11557 = NEXT_ASSEMBLY_USAGE_OCCURRENCE('69','R_sig5','',#5,#2888,$);
#11558 = SHAPE_DEFINITION_REPRESENTATION(#11559,#11565);
#11559 = PRODUCT_DEFINITION_SHAPE('','',#11560);
#11560 = PRODUCT_DEFINITION('design','',#11561,#11564);
#11561 = PRODUCT_DEFINITION_FORMATION('','',#11562);
#11562 = PRODUCT('CapacitorDischarger_PCB','CapacitorDischarger_PCB','',
  (#11563));
#11563 = PRODUCT_CONTEXT('',#2,'mechanical');
#11564 = PRODUCT_DEFINITION_CONTEXT('part definition',#2,'design');
#11565 = ADVANCED_BREP_SHAPE_REPRESENTATION('',(#11,#11566),#15206);
#11566 = MANIFOLD_SOLID_BREP('',#11567);
#11567 = CLOSED_SHELL('',(#11568,#11608,#11639,#11670,#12667,#13664,
    #13676,#13693,#13710,#13727,#13744,#13761,#13778,#13795,#13812,
    #13829,#13846,#13863,#13880,#13897,#13914,#13931,#13948,#13965,
    #13982,#13999,#14016,#14033,#14050,#14067,#14084,#14101,#14118,
    #14135,#14152,#14169,#14186,#14203,#14220,#14237,#14254,#14271,
    #14288,#14305,#14322,#14339,#14356,#14373,#14390,#14407,#14424,
    #14441,#14458,#14475,#14492,#14509,#14526,#14543,#14560,#14577,
    #14594,#14611,#14628,#14645,#14662,#14679,#14696,#14713,#14730,
    #14747,#14764,#14781,#14803,#14820,#14837,#14849,#14866,#14883,
    #14900,#14917,#14934,#14951,#14968,#14985,#15002,#15019,#15036,
    #15053,#15070,#15087,#15104,#15121,#15138,#15155,#15172,#15189));
#11568 = ADVANCED_FACE('',(#11569),#11603,.T.);
#11569 = FACE_BOUND('',#11570,.T.);
#11570 = EDGE_LOOP('',(#11571,#11581,#11589,#11597));
#11571 = ORIENTED_EDGE('',*,*,#11572,.T.);
#11572 = EDGE_CURVE('',#11573,#11575,#11577,.T.);
#11573 = VERTEX_POINT('',#11574);
#11574 = CARTESIAN_POINT('',(170.,-140.,0.));
#11575 = VERTEX_POINT('',#11576);
#11576 = CARTESIAN_POINT('',(170.,-140.,1.51));
#11577 = LINE('',#11578,#11579);
#11578 = CARTESIAN_POINT('',(170.,-140.,0.));
#11579 = VECTOR('',#11580,1.);
#11580 = DIRECTION('',(0.,0.,1.));
#11581 = ORIENTED_EDGE('',*,*,#11582,.T.);
#11582 = EDGE_CURVE('',#11575,#11583,#11585,.T.);
#11583 = VERTEX_POINT('',#11584);
#11584 = CARTESIAN_POINT('',(50.,-140.,1.51));
#11585 = LINE('',#11586,#11587);
#11586 = CARTESIAN_POINT('',(170.,-140.,1.51));
#11587 = VECTOR('',#11588,1.);
#11588 = DIRECTION('',(-1.,0.,0.));
#11589 = ORIENTED_EDGE('',*,*,#11590,.F.);
#11590 = EDGE_CURVE('',#11591,#11583,#11593,.T.);
#11591 = VERTEX_POINT('',#11592);
#11592 = CARTESIAN_POINT('',(50.,-140.,0.));
#11593 = LINE('',#11594,#11595);
#11594 = CARTESIAN_POINT('',(50.,-140.,0.));
#11595 = VECTOR('',#11596,1.);
#11596 = DIRECTION('',(0.,0.,1.));
#11597 = ORIENTED_EDGE('',*,*,#11598,.F.);
#11598 = EDGE_CURVE('',#11573,#11591,#11599,.T.);
#11599 = LINE('',#11600,#11601);
#11600 = CARTESIAN_POINT('',(170.,-140.,0.));
#11601 = VECTOR('',#11602,1.);
#11602 = DIRECTION('',(-1.,0.,0.));
#11603 = PLANE('',#11604);
#11604 = AXIS2_PLACEMENT_3D('',#11605,#11606,#11607);
#11605 = CARTESIAN_POINT('',(170.,-140.,0.));
#11606 = DIRECTION('',(0.,-1.,0.));
#11607 = DIRECTION('',(-1.,0.,0.));
#11608 = ADVANCED_FACE('',(#11609),#11634,.T.);
#11609 = FACE_BOUND('',#11610,.T.);
#11610 = EDGE_LOOP('',(#11611,#11621,#11627,#11628));
#11611 = ORIENTED_EDGE('',*,*,#11612,.T.);
#11612 = EDGE_CURVE('',#11613,#11615,#11617,.T.);
#11613 = VERTEX_POINT('',#11614);
#11614 = CARTESIAN_POINT('',(170.,-50.,0.));
#11615 = VERTEX_POINT('',#11616);
#11616 = CARTESIAN_POINT('',(170.,-50.,1.51));
#11617 = LINE('',#11618,#11619);
#11618 = CARTESIAN_POINT('',(170.,-50.,0.));
#11619 = VECTOR('',#11620,1.);
#11620 = DIRECTION('',(0.,0.,1.));
#11621 = ORIENTED_EDGE('',*,*,#11622,.T.);
#11622 = EDGE_CURVE('',#11615,#11575,#11623,.T.);
#11623 = LINE('',#11624,#11625);
#11624 = CARTESIAN_POINT('',(170.,-50.,1.51));
#11625 = VECTOR('',#11626,1.);
#11626 = DIRECTION('',(0.,-1.,0.));
#11627 = ORIENTED_EDGE('',*,*,#11572,.F.);
#11628 = ORIENTED_EDGE('',*,*,#11629,.F.);
#11629 = EDGE_CURVE('',#11613,#11573,#11630,.T.);
#11630 = LINE('',#11631,#11632);
#11631 = CARTESIAN_POINT('',(170.,-50.,0.));
#11632 = VECTOR('',#11633,1.);
#11633 = DIRECTION('',(0.,-1.,0.));
#11634 = PLANE('',#11635);
#11635 = AXIS2_PLACEMENT_3D('',#11636,#11637,#11638);
#11636 = CARTESIAN_POINT('',(170.,-50.,0.));
#11637 = DIRECTION('',(1.,0.,-0.));
#11638 = DIRECTION('',(0.,-1.,0.));
#11639 = ADVANCED_FACE('',(#11640),#11665,.T.);
#11640 = FACE_BOUND('',#11641,.T.);
#11641 = EDGE_LOOP('',(#11642,#11643,#11651,#11659));
#11642 = ORIENTED_EDGE('',*,*,#11590,.T.);
#11643 = ORIENTED_EDGE('',*,*,#11644,.T.);
#11644 = EDGE_CURVE('',#11583,#11645,#11647,.T.);
#11645 = VERTEX_POINT('',#11646);
#11646 = CARTESIAN_POINT('',(50.,-50.,1.51));
#11647 = LINE('',#11648,#11649);
#11648 = CARTESIAN_POINT('',(50.,-140.,1.51));
#11649 = VECTOR('',#11650,1.);
#11650 = DIRECTION('',(0.,1.,0.));
#11651 = ORIENTED_EDGE('',*,*,#11652,.F.);
#11652 = EDGE_CURVE('',#11653,#11645,#11655,.T.);
#11653 = VERTEX_POINT('',#11654);
#11654 = CARTESIAN_POINT('',(50.,-50.,0.));
#11655 = LINE('',#11656,#11657);
#11656 = CARTESIAN_POINT('',(50.,-50.,0.));
#11657 = VECTOR('',#11658,1.);
#11658 = DIRECTION('',(0.,0.,1.));
#11659 = ORIENTED_EDGE('',*,*,#11660,.F.);
#11660 = EDGE_CURVE('',#11591,#11653,#11661,.T.);
#11661 = LINE('',#11662,#11663);
#11662 = CARTESIAN_POINT('',(50.,-140.,0.));
#11663 = VECTOR('',#11664,1.);
#11664 = DIRECTION('',(0.,1.,0.));
#11665 = PLANE('',#11666);
#11666 = AXIS2_PLACEMENT_3D('',#11667,#11668,#11669);
#11667 = CARTESIAN_POINT('',(50.,-140.,0.));
#11668 = DIRECTION('',(-1.,0.,0.));
#11669 = DIRECTION('',(0.,1.,0.));
#11670 = ADVANCED_FACE('',(#11671,#11682,#11693,#11704,#11715,#11726,
    #11737,#11748,#11759,#11770,#11781,#11792,#11803,#11814,#11825,
    #11836,#11847,#11858,#11869,#11880,#11891,#11902,#11913,#11924,
    #11935,#11946,#11957,#11968,#11979,#11990,#12001,#12012,#12023,
    #12034,#12045,#12056,#12067,#12078,#12089,#12100,#12111,#12122,
    #12133,#12144,#12155,#12166,#12177,#12188,#12199,#12210,#12221,
    #12232,#12243,#12254,#12265,#12276,#12287,#12298,#12309,#12320,
    #12331,#12342,#12353,#12364,#12375,#12386,#12397,#12431,#12442,
    #12453,#12464,#12475,#12486,#12497,#12508,#12519,#12530,#12541,
    #12552,#12563,#12574,#12585,#12596,#12607,#12618,#12629,#12640,
    #12651),#12662,.F.);
#11671 = FACE_BOUND('',#11672,.F.);
#11672 = EDGE_LOOP('',(#11673,#11674,#11675,#11681));
#11673 = ORIENTED_EDGE('',*,*,#11598,.F.);
#11674 = ORIENTED_EDGE('',*,*,#11629,.F.);
#11675 = ORIENTED_EDGE('',*,*,#11676,.F.);
#11676 = EDGE_CURVE('',#11653,#11613,#11677,.T.);
#11677 = LINE('',#11678,#11679);
#11678 = CARTESIAN_POINT('',(50.,-50.,0.));
#11679 = VECTOR('',#11680,1.);
#11680 = DIRECTION('',(1.,0.,0.));
#11681 = ORIENTED_EDGE('',*,*,#11660,.F.);
#11682 = FACE_BOUND('',#11683,.F.);
#11683 = EDGE_LOOP('',(#11684));
#11684 = ORIENTED_EDGE('',*,*,#11685,.T.);
#11685 = EDGE_CURVE('',#11686,#11686,#11688,.T.);
#11686 = VERTEX_POINT('',#11687);
#11687 = CARTESIAN_POINT('',(58.,-133.18,0.));
#11688 = CIRCLE('',#11689,0.7);
#11689 = AXIS2_PLACEMENT_3D('',#11690,#11691,#11692);
#11690 = CARTESIAN_POINT('',(58.,-132.48,0.));
#11691 = DIRECTION('',(-0.,0.,-1.));
#11692 = DIRECTION('',(-0.,-1.,0.));
#11693 = FACE_BOUND('',#11694,.F.);
#11694 = EDGE_LOOP('',(#11695));
#11695 = ORIENTED_EDGE('',*,*,#11696,.T.);
#11696 = EDGE_CURVE('',#11697,#11697,#11699,.T.);
#11697 = VERTEX_POINT('',#11698);
#11698 = CARTESIAN_POINT('',(69.,-133.18,0.));
#11699 = CIRCLE('',#11700,0.7);
#11700 = AXIS2_PLACEMENT_3D('',#11701,#11702,#11703);
#11701 = CARTESIAN_POINT('',(69.,-132.48,0.));
#11702 = DIRECTION('',(-0.,0.,-1.));
#11703 = DIRECTION('',(-0.,-1.,0.));
#11704 = FACE_BOUND('',#11705,.F.);
#11705 = EDGE_LOOP('',(#11706));
#11706 = ORIENTED_EDGE('',*,*,#11707,.T.);
#11707 = EDGE_CURVE('',#11708,#11708,#11710,.T.);
#11708 = VERTEX_POINT('',#11709);
#11709 = CARTESIAN_POINT('',(80.,-133.18,0.));
#11710 = CIRCLE('',#11711,0.7);
#11711 = AXIS2_PLACEMENT_3D('',#11712,#11713,#11714);
#11712 = CARTESIAN_POINT('',(80.,-132.48,0.));
#11713 = DIRECTION('',(-0.,0.,-1.));
#11714 = DIRECTION('',(-0.,-1.,0.));
#11715 = FACE_BOUND('',#11716,.F.);
#11716 = EDGE_LOOP('',(#11717));
#11717 = ORIENTED_EDGE('',*,*,#11718,.T.);
#11718 = EDGE_CURVE('',#11719,#11719,#11721,.T.);
#11719 = VERTEX_POINT('',#11720);
#11720 = CARTESIAN_POINT('',(91.,-133.18,0.));
#11721 = CIRCLE('',#11722,0.7);
#11722 = AXIS2_PLACEMENT_3D('',#11723,#11724,#11725);
#11723 = CARTESIAN_POINT('',(91.,-132.48,0.));
#11724 = DIRECTION('',(-0.,0.,-1.));
#11725 = DIRECTION('',(-0.,-1.,0.));
#11726 = FACE_BOUND('',#11727,.F.);
#11727 = EDGE_LOOP('',(#11728));
#11728 = ORIENTED_EDGE('',*,*,#11729,.T.);
#11729 = EDGE_CURVE('',#11730,#11730,#11732,.T.);
#11730 = VERTEX_POINT('',#11731);
#11731 = CARTESIAN_POINT('',(111.,-138.1,0.));
#11732 = CIRCLE('',#11733,1.6);
#11733 = AXIS2_PLACEMENT_3D('',#11734,#11735,#11736);
#11734 = CARTESIAN_POINT('',(111.,-136.5,0.));
#11735 = DIRECTION('',(-0.,0.,-1.));
#11736 = DIRECTION('',(-0.,-1.,0.));
#11737 = FACE_BOUND('',#11738,.F.);
#11738 = EDGE_LOOP('',(#11739));
#11739 = ORIENTED_EDGE('',*,*,#11740,.T.);
#11740 = EDGE_CURVE('',#11741,#11741,#11743,.T.);
#11741 = VERTEX_POINT('',#11742);
#11742 = CARTESIAN_POINT('',(102.,-133.18,0.));
#11743 = CIRCLE('',#11744,0.7);
#11744 = AXIS2_PLACEMENT_3D('',#11745,#11746,#11747);
#11745 = CARTESIAN_POINT('',(102.,-132.48,0.));
#11746 = DIRECTION('',(-0.,0.,-1.));
#11747 = DIRECTION('',(-0.,-1.,0.));
#11748 = FACE_BOUND('',#11749,.F.);
#11749 = EDGE_LOOP('',(#11750));
#11750 = ORIENTED_EDGE('',*,*,#11751,.T.);
#11751 = EDGE_CURVE('',#11752,#11752,#11754,.T.);
#11752 = VERTEX_POINT('',#11753);
#11753 = CARTESIAN_POINT('',(58.,-102.7,0.));
#11754 = CIRCLE('',#11755,0.7);
#11755 = AXIS2_PLACEMENT_3D('',#11756,#11757,#11758);
#11756 = CARTESIAN_POINT('',(58.,-102.,0.));
#11757 = DIRECTION('',(-0.,0.,-1.));
#11758 = DIRECTION('',(-0.,-1.,0.));
#11759 = FACE_BOUND('',#11760,.F.);
#11760 = EDGE_LOOP('',(#11761));
#11761 = ORIENTED_EDGE('',*,*,#11762,.T.);
#11762 = EDGE_CURVE('',#11763,#11763,#11765,.T.);
#11763 = VERTEX_POINT('',#11764);
#11764 = CARTESIAN_POINT('',(69.,-102.7,0.));
#11765 = CIRCLE('',#11766,0.7);
#11766 = AXIS2_PLACEMENT_3D('',#11767,#11768,#11769);
#11767 = CARTESIAN_POINT('',(69.,-102.,0.));
#11768 = DIRECTION('',(-0.,0.,-1.));
#11769 = DIRECTION('',(-0.,-1.,0.));
#11770 = FACE_BOUND('',#11771,.F.);
#11771 = EDGE_LOOP('',(#11772));
#11772 = ORIENTED_EDGE('',*,*,#11773,.T.);
#11773 = EDGE_CURVE('',#11774,#11774,#11776,.T.);
#11774 = VERTEX_POINT('',#11775);
#11775 = CARTESIAN_POINT('',(80.,-102.7,0.));
#11776 = CIRCLE('',#11777,0.7);
#11777 = AXIS2_PLACEMENT_3D('',#11778,#11779,#11780);
#11778 = CARTESIAN_POINT('',(80.,-102.,0.));
#11779 = DIRECTION('',(-0.,0.,-1.));
#11780 = DIRECTION('',(-0.,-1.,0.));
#11781 = FACE_BOUND('',#11782,.F.);
#11782 = EDGE_LOOP('',(#11783));
#11783 = ORIENTED_EDGE('',*,*,#11784,.T.);
#11784 = EDGE_CURVE('',#11785,#11785,#11787,.T.);
#11785 = VERTEX_POINT('',#11786);
#11786 = CARTESIAN_POINT('',(91.,-102.7,0.));
#11787 = CIRCLE('',#11788,0.7);
#11788 = AXIS2_PLACEMENT_3D('',#11789,#11790,#11791);
#11789 = CARTESIAN_POINT('',(91.,-102.,0.));
#11790 = DIRECTION('',(-0.,0.,-1.));
#11791 = DIRECTION('',(-0.,-1.,0.));
#11792 = FACE_BOUND('',#11793,.F.);
#11793 = EDGE_LOOP('',(#11794));
#11794 = ORIENTED_EDGE('',*,*,#11795,.T.);
#11795 = EDGE_CURVE('',#11796,#11796,#11798,.T.);
#11796 = VERTEX_POINT('',#11797);
#11797 = CARTESIAN_POINT('',(102.,-102.7,0.));
#11798 = CIRCLE('',#11799,0.7);
#11799 = AXIS2_PLACEMENT_3D('',#11800,#11801,#11802);
#11800 = CARTESIAN_POINT('',(102.,-102.,0.));
#11801 = DIRECTION('',(-0.,0.,-1.));
#11802 = DIRECTION('',(-0.,-1.,0.));
#11803 = FACE_BOUND('',#11804,.F.);
#11804 = EDGE_LOOP('',(#11805));
#11805 = ORIENTED_EDGE('',*,*,#11806,.T.);
#11806 = EDGE_CURVE('',#11807,#11807,#11809,.T.);
#11807 = VERTEX_POINT('',#11808);
#11808 = CARTESIAN_POINT('',(122.,-129.05,0.));
#11809 = CIRCLE('',#11810,0.55);
#11810 = AXIS2_PLACEMENT_3D('',#11811,#11812,#11813);
#11811 = CARTESIAN_POINT('',(122.,-128.5,0.));
#11812 = DIRECTION('',(-0.,0.,-1.));
#11813 = DIRECTION('',(-0.,-1.,0.));
#11814 = FACE_BOUND('',#11815,.F.);
#11815 = EDGE_LOOP('',(#11816));
#11816 = ORIENTED_EDGE('',*,*,#11817,.T.);
#11817 = EDGE_CURVE('',#11818,#11818,#11820,.T.);
#11818 = VERTEX_POINT('',#11819);
#11819 = CARTESIAN_POINT('',(116.,-128.5,0.));
#11820 = CIRCLE('',#11821,0.5);
#11821 = AXIS2_PLACEMENT_3D('',#11822,#11823,#11824);
#11822 = CARTESIAN_POINT('',(116.,-128.,0.));
#11823 = DIRECTION('',(-0.,0.,-1.));
#11824 = DIRECTION('',(-0.,-1.,0.));
#11825 = FACE_BOUND('',#11826,.F.);
#11826 = EDGE_LOOP('',(#11827));
#11827 = ORIENTED_EDGE('',*,*,#11828,.T.);
#11828 = EDGE_CURVE('',#11829,#11829,#11831,.T.);
#11829 = VERTEX_POINT('',#11830);
#11830 = CARTESIAN_POINT('',(118.54,-128.5,0.));
#11831 = CIRCLE('',#11832,0.5);
#11832 = AXIS2_PLACEMENT_3D('',#11833,#11834,#11835);
#11833 = CARTESIAN_POINT('',(118.54,-128.,0.));
#11834 = DIRECTION('',(-0.,0.,-1.));
#11835 = DIRECTION('',(-0.,-1.,0.));
#11836 = FACE_BOUND('',#11837,.F.);
#11837 = EDGE_LOOP('',(#11838));
#11838 = ORIENTED_EDGE('',*,*,#11839,.T.);
#11839 = EDGE_CURVE('',#11840,#11840,#11842,.T.);
#11840 = VERTEX_POINT('',#11841);
#11841 = CARTESIAN_POINT('',(126.,-128.44,0.));
#11842 = CIRCLE('',#11843,0.4);
#11843 = AXIS2_PLACEMENT_3D('',#11844,#11845,#11846);
#11844 = CARTESIAN_POINT('',(126.,-128.04,0.));
#11845 = DIRECTION('',(-0.,0.,-1.));
#11846 = DIRECTION('',(-0.,-1.,0.));
#11847 = FACE_BOUND('',#11848,.F.);
#11848 = EDGE_LOOP('',(#11849));
#11849 = ORIENTED_EDGE('',*,*,#11850,.T.);
#11850 = EDGE_CURVE('',#11851,#11851,#11853,.T.);
#11851 = VERTEX_POINT('',#11852);
#11852 = CARTESIAN_POINT('',(122.,-123.97,0.));
#11853 = CIRCLE('',#11854,0.55);
#11854 = AXIS2_PLACEMENT_3D('',#11855,#11856,#11857);
#11855 = CARTESIAN_POINT('',(122.,-123.42,0.));
#11856 = DIRECTION('',(-0.,0.,-1.));
#11857 = DIRECTION('',(-0.,-1.,0.));
#11858 = FACE_BOUND('',#11859,.F.);
#11859 = EDGE_LOOP('',(#11860));
#11860 = ORIENTED_EDGE('',*,*,#11861,.T.);
#11861 = EDGE_CURVE('',#11862,#11862,#11864,.T.);
#11862 = VERTEX_POINT('',#11863);
#11863 = CARTESIAN_POINT('',(126.,-125.9,0.));
#11864 = CIRCLE('',#11865,0.4);
#11865 = AXIS2_PLACEMENT_3D('',#11866,#11867,#11868);
#11866 = CARTESIAN_POINT('',(126.,-125.5,0.));
#11867 = DIRECTION('',(-0.,0.,-1.));
#11868 = DIRECTION('',(-0.,-1.,0.));
#11869 = FACE_BOUND('',#11870,.F.);
#11870 = EDGE_LOOP('',(#11871));
#11871 = ORIENTED_EDGE('',*,*,#11872,.T.);
#11872 = EDGE_CURVE('',#11873,#11873,#11875,.T.);
#11873 = VERTEX_POINT('',#11874);
#11874 = CARTESIAN_POINT('',(130.,-128.44,0.));
#11875 = CIRCLE('',#11876,0.4);
#11876 = AXIS2_PLACEMENT_3D('',#11877,#11878,#11879);
#11877 = CARTESIAN_POINT('',(130.,-128.04,0.));
#11878 = DIRECTION('',(-0.,0.,-1.));
#11879 = DIRECTION('',(-0.,-1.,0.));
#11880 = FACE_BOUND('',#11881,.F.);
#11881 = EDGE_LOOP('',(#11882));
#11882 = ORIENTED_EDGE('',*,*,#11883,.T.);
#11883 = EDGE_CURVE('',#11884,#11884,#11886,.T.);
#11884 = VERTEX_POINT('',#11885);
#11885 = CARTESIAN_POINT('',(130.,-125.9,0.));
#11886 = CIRCLE('',#11887,0.4);
#11887 = AXIS2_PLACEMENT_3D('',#11888,#11889,#11890);
#11888 = CARTESIAN_POINT('',(130.,-125.5,0.));
#11889 = DIRECTION('',(-0.,0.,-1.));
#11890 = DIRECTION('',(-0.,-1.,0.));
#11891 = FACE_BOUND('',#11892,.F.);
#11892 = EDGE_LOOP('',(#11893));
#11893 = ORIENTED_EDGE('',*,*,#11894,.T.);
#11894 = EDGE_CURVE('',#11895,#11895,#11897,.T.);
#11895 = VERTEX_POINT('',#11896);
#11896 = CARTESIAN_POINT('',(136.,-127.8,0.));
#11897 = CIRCLE('',#11898,0.4);
#11898 = AXIS2_PLACEMENT_3D('',#11899,#11900,#11901);
#11899 = CARTESIAN_POINT('',(136.,-127.4,0.));
#11900 = DIRECTION('',(-0.,0.,-1.));
#11901 = DIRECTION('',(-0.,-1.,0.));
#11902 = FACE_BOUND('',#11903,.F.);
#11903 = EDGE_LOOP('',(#11904));
#11904 = ORIENTED_EDGE('',*,*,#11905,.T.);
#11905 = EDGE_CURVE('',#11906,#11906,#11908,.T.);
#11906 = VERTEX_POINT('',#11907);
#11907 = CARTESIAN_POINT('',(131.,-122.72,0.));
#11908 = CIRCLE('',#11909,0.4);
#11909 = AXIS2_PLACEMENT_3D('',#11910,#11911,#11912);
#11910 = CARTESIAN_POINT('',(131.,-122.32,0.));
#11911 = DIRECTION('',(-0.,0.,-1.));
#11912 = DIRECTION('',(-0.,-1.,0.));
#11913 = FACE_BOUND('',#11914,.F.);
#11914 = EDGE_LOOP('',(#11915));
#11915 = ORIENTED_EDGE('',*,*,#11916,.T.);
#11916 = EDGE_CURVE('',#11917,#11917,#11919,.T.);
#11917 = VERTEX_POINT('',#11918);
#11918 = CARTESIAN_POINT('',(136.,-122.72,0.));
#11919 = CIRCLE('',#11920,0.4);
#11920 = AXIS2_PLACEMENT_3D('',#11921,#11922,#11923);
#11921 = CARTESIAN_POINT('',(136.,-122.32,0.));
#11922 = DIRECTION('',(-0.,0.,-1.));
#11923 = DIRECTION('',(-0.,-1.,0.));
#11924 = FACE_BOUND('',#11925,.F.);
#11925 = EDGE_LOOP('',(#11926));
#11926 = ORIENTED_EDGE('',*,*,#11927,.T.);
#11927 = EDGE_CURVE('',#11928,#11928,#11930,.T.);
#11928 = VERTEX_POINT('',#11929);
#11929 = CARTESIAN_POINT('',(140.,-122.72,0.));
#11930 = CIRCLE('',#11931,0.4);
#11931 = AXIS2_PLACEMENT_3D('',#11932,#11933,#11934);
#11932 = CARTESIAN_POINT('',(140.,-122.32,0.));
#11933 = DIRECTION('',(-0.,0.,-1.));
#11934 = DIRECTION('',(-0.,-1.,0.));
#11935 = FACE_BOUND('',#11936,.F.);
#11936 = EDGE_LOOP('',(#11937));
#11937 = ORIENTED_EDGE('',*,*,#11938,.T.);
#11938 = EDGE_CURVE('',#11939,#11939,#11941,.T.);
#11939 = VERTEX_POINT('',#11940);
#11940 = CARTESIAN_POINT('',(166.5,-138.1,0.));
#11941 = CIRCLE('',#11942,1.6);
#11942 = AXIS2_PLACEMENT_3D('',#11943,#11944,#11945);
#11943 = CARTESIAN_POINT('',(166.5,-136.5,0.));
#11944 = DIRECTION('',(-0.,0.,-1.));
#11945 = DIRECTION('',(-0.,-1.,0.));
#11946 = FACE_BOUND('',#11947,.F.);
#11947 = EDGE_LOOP('',(#11948));
#11948 = ORIENTED_EDGE('',*,*,#11949,.T.);
#11949 = EDGE_CURVE('',#11950,#11950,#11952,.T.);
#11950 = VERTEX_POINT('',#11951);
#11951 = CARTESIAN_POINT('',(144.5,-128.45,0.));
#11952 = CIRCLE('',#11953,0.45);
#11953 = AXIS2_PLACEMENT_3D('',#11954,#11955,#11956);
#11954 = CARTESIAN_POINT('',(144.5,-128.,0.));
#11955 = DIRECTION('',(-0.,0.,-1.));
#11956 = DIRECTION('',(-0.,-1.,0.));
#11957 = FACE_BOUND('',#11958,.F.);
#11958 = EDGE_LOOP('',(#11959));
#11959 = ORIENTED_EDGE('',*,*,#11960,.T.);
#11960 = EDGE_CURVE('',#11961,#11961,#11963,.T.);
#11961 = VERTEX_POINT('',#11962);
#11962 = CARTESIAN_POINT('',(144.5,-125.91,0.));
#11963 = CIRCLE('',#11964,0.45);
#11964 = AXIS2_PLACEMENT_3D('',#11965,#11966,#11967);
#11965 = CARTESIAN_POINT('',(144.5,-125.46,0.));
#11966 = DIRECTION('',(-0.,0.,-1.));
#11967 = DIRECTION('',(-0.,-1.,0.));
#11968 = FACE_BOUND('',#11969,.F.);
#11969 = EDGE_LOOP('',(#11970));
#11970 = ORIENTED_EDGE('',*,*,#11971,.T.);
#11971 = EDGE_CURVE('',#11972,#11972,#11974,.T.);
#11972 = VERTEX_POINT('',#11973);
#11973 = CARTESIAN_POINT('',(144.5,-120.98,0.));
#11974 = CIRCLE('',#11975,0.4);
#11975 = AXIS2_PLACEMENT_3D('',#11976,#11977,#11978);
#11976 = CARTESIAN_POINT('',(144.5,-120.58,0.));
#11977 = DIRECTION('',(-0.,0.,-1.));
#11978 = DIRECTION('',(-0.,-1.,0.));
#11979 = FACE_BOUND('',#11980,.F.);
#11980 = EDGE_LOOP('',(#11981));
#11981 = ORIENTED_EDGE('',*,*,#11982,.T.);
#11982 = EDGE_CURVE('',#11983,#11983,#11985,.T.);
#11983 = VERTEX_POINT('',#11984);
#11984 = CARTESIAN_POINT('',(126.,-117.64,0.));
#11985 = CIRCLE('',#11986,0.4);
#11986 = AXIS2_PLACEMENT_3D('',#11987,#11988,#11989);
#11987 = CARTESIAN_POINT('',(126.,-117.24,0.));
#11988 = DIRECTION('',(-0.,0.,-1.));
#11989 = DIRECTION('',(-0.,-1.,0.));
#11990 = FACE_BOUND('',#11991,.F.);
#11991 = EDGE_LOOP('',(#11992));
#11992 = ORIENTED_EDGE('',*,*,#11993,.T.);
#11993 = EDGE_CURVE('',#11994,#11994,#11996,.T.);
#11994 = VERTEX_POINT('',#11995);
#11995 = CARTESIAN_POINT('',(121.,-112.56,0.));
#11996 = CIRCLE('',#11997,0.4);
#11997 = AXIS2_PLACEMENT_3D('',#11998,#11999,#12000);
#11998 = CARTESIAN_POINT('',(121.,-112.16,0.));
#11999 = DIRECTION('',(-0.,0.,-1.));
#12000 = DIRECTION('',(-0.,-1.,0.));
#12001 = FACE_BOUND('',#12002,.F.);
#12002 = EDGE_LOOP('',(#12003));
#12003 = ORIENTED_EDGE('',*,*,#12004,.T.);
#12004 = EDGE_CURVE('',#12005,#12005,#12007,.T.);
#12005 = VERTEX_POINT('',#12006);
#12006 = CARTESIAN_POINT('',(126.,-112.56,0.));
#12007 = CIRCLE('',#12008,0.4);
#12008 = AXIS2_PLACEMENT_3D('',#12009,#12010,#12011);
#12009 = CARTESIAN_POINT('',(126.,-112.16,0.));
#12010 = DIRECTION('',(-0.,0.,-1.));
#12011 = DIRECTION('',(-0.,-1.,0.));
#12012 = FACE_BOUND('',#12013,.F.);
#12013 = EDGE_LOOP('',(#12014));
#12014 = ORIENTED_EDGE('',*,*,#12015,.T.);
#12015 = EDGE_CURVE('',#12016,#12016,#12018,.T.);
#12016 = VERTEX_POINT('',#12017);
#12017 = CARTESIAN_POINT('',(131.,-117.64,0.));
#12018 = CIRCLE('',#12019,0.4);
#12019 = AXIS2_PLACEMENT_3D('',#12020,#12021,#12022);
#12020 = CARTESIAN_POINT('',(131.,-117.24,0.));
#12021 = DIRECTION('',(-0.,0.,-1.));
#12022 = DIRECTION('',(-0.,-1.,0.));
#12023 = FACE_BOUND('',#12024,.F.);
#12024 = EDGE_LOOP('',(#12025));
#12025 = ORIENTED_EDGE('',*,*,#12026,.T.);
#12026 = EDGE_CURVE('',#12027,#12027,#12029,.T.);
#12027 = VERTEX_POINT('',#12028);
#12028 = CARTESIAN_POINT('',(135.,-117.64,0.));
#12029 = CIRCLE('',#12030,0.4);
#12030 = AXIS2_PLACEMENT_3D('',#12031,#12032,#12033);
#12031 = CARTESIAN_POINT('',(135.,-117.24,0.));
#12032 = DIRECTION('',(-0.,0.,-1.));
#12033 = DIRECTION('',(-0.,-1.,0.));
#12034 = FACE_BOUND('',#12035,.F.);
#12035 = EDGE_LOOP('',(#12036));
#12036 = ORIENTED_EDGE('',*,*,#12037,.T.);
#12037 = EDGE_CURVE('',#12038,#12038,#12040,.T.);
#12038 = VERTEX_POINT('',#12039);
#12039 = CARTESIAN_POINT('',(140.,-117.64,0.));
#12040 = CIRCLE('',#12041,0.4);
#12041 = AXIS2_PLACEMENT_3D('',#12042,#12043,#12044);
#12042 = CARTESIAN_POINT('',(140.,-117.24,0.));
#12043 = DIRECTION('',(-0.,0.,-1.));
#12044 = DIRECTION('',(-0.,-1.,0.));
#12045 = FACE_BOUND('',#12046,.F.);
#12046 = EDGE_LOOP('',(#12047));
#12047 = ORIENTED_EDGE('',*,*,#12048,.T.);
#12048 = EDGE_CURVE('',#12049,#12049,#12051,.T.);
#12049 = VERTEX_POINT('',#12050);
#12050 = CARTESIAN_POINT('',(130.,-112.56,0.));
#12051 = CIRCLE('',#12052,0.4);
#12052 = AXIS2_PLACEMENT_3D('',#12053,#12054,#12055);
#12053 = CARTESIAN_POINT('',(130.,-112.16,0.));
#12054 = DIRECTION('',(-0.,0.,-1.));
#12055 = DIRECTION('',(-0.,-1.,0.));
#12056 = FACE_BOUND('',#12057,.F.);
#12057 = EDGE_LOOP('',(#12058));
#12058 = ORIENTED_EDGE('',*,*,#12059,.T.);
#12059 = EDGE_CURVE('',#12060,#12060,#12062,.T.);
#12060 = VERTEX_POINT('',#12061);
#12061 = CARTESIAN_POINT('',(135.,-112.56,0.));
#12062 = CIRCLE('',#12063,0.4);
#12063 = AXIS2_PLACEMENT_3D('',#12064,#12065,#12066);
#12064 = CARTESIAN_POINT('',(135.,-112.16,0.));
#12065 = DIRECTION('',(-0.,0.,-1.));
#12066 = DIRECTION('',(-0.,-1.,0.));
#12067 = FACE_BOUND('',#12068,.F.);
#12068 = EDGE_LOOP('',(#12069));
#12069 = ORIENTED_EDGE('',*,*,#12070,.T.);
#12070 = EDGE_CURVE('',#12071,#12071,#12073,.T.);
#12071 = VERTEX_POINT('',#12072);
#12072 = CARTESIAN_POINT('',(116.,-107.48,0.));
#12073 = CIRCLE('',#12074,0.4);
#12074 = AXIS2_PLACEMENT_3D('',#12075,#12076,#12077);
#12075 = CARTESIAN_POINT('',(116.,-107.08,0.));
#12076 = DIRECTION('',(-0.,0.,-1.));
#12077 = DIRECTION('',(-0.,-1.,0.));
#12078 = FACE_BOUND('',#12079,.F.);
#12079 = EDGE_LOOP('',(#12080));
#12080 = ORIENTED_EDGE('',*,*,#12081,.T.);
#12081 = EDGE_CURVE('',#12082,#12082,#12084,.T.);
#12082 = VERTEX_POINT('',#12083);
#12083 = CARTESIAN_POINT('',(121.,-107.48,0.));
#12084 = CIRCLE('',#12085,0.4);
#12085 = AXIS2_PLACEMENT_3D('',#12086,#12087,#12088);
#12086 = CARTESIAN_POINT('',(121.,-107.08,0.));
#12087 = DIRECTION('',(-0.,0.,-1.));
#12088 = DIRECTION('',(-0.,-1.,0.));
#12089 = FACE_BOUND('',#12090,.F.);
#12090 = EDGE_LOOP('',(#12091));
#12091 = ORIENTED_EDGE('',*,*,#12092,.T.);
#12092 = EDGE_CURVE('',#12093,#12093,#12095,.T.);
#12093 = VERTEX_POINT('',#12094);
#12094 = CARTESIAN_POINT('',(125.,-107.48,0.));
#12095 = CIRCLE('',#12096,0.4);
#12096 = AXIS2_PLACEMENT_3D('',#12097,#12098,#12099);
#12097 = CARTESIAN_POINT('',(125.,-107.08,0.));
#12098 = DIRECTION('',(-0.,0.,-1.));
#12099 = DIRECTION('',(-0.,-1.,0.));
#12100 = FACE_BOUND('',#12101,.F.);
#12101 = EDGE_LOOP('',(#12102));
#12102 = ORIENTED_EDGE('',*,*,#12103,.T.);
#12103 = EDGE_CURVE('',#12104,#12104,#12106,.T.);
#12104 = VERTEX_POINT('',#12105);
#12105 = CARTESIAN_POINT('',(116.,-102.4,0.));
#12106 = CIRCLE('',#12107,0.4);
#12107 = AXIS2_PLACEMENT_3D('',#12108,#12109,#12110);
#12108 = CARTESIAN_POINT('',(116.,-102.,0.));
#12109 = DIRECTION('',(-0.,0.,-1.));
#12110 = DIRECTION('',(-0.,-1.,0.));
#12111 = FACE_BOUND('',#12112,.F.);
#12112 = EDGE_LOOP('',(#12113));
#12113 = ORIENTED_EDGE('',*,*,#12114,.T.);
#12114 = EDGE_CURVE('',#12115,#12115,#12117,.T.);
#12115 = VERTEX_POINT('',#12116);
#12116 = CARTESIAN_POINT('',(125.,-102.4,0.));
#12117 = CIRCLE('',#12118,0.4);
#12118 = AXIS2_PLACEMENT_3D('',#12119,#12120,#12121);
#12119 = CARTESIAN_POINT('',(125.,-102.,0.));
#12120 = DIRECTION('',(-0.,0.,-1.));
#12121 = DIRECTION('',(-0.,-1.,0.));
#12122 = FACE_BOUND('',#12123,.F.);
#12123 = EDGE_LOOP('',(#12124));
#12124 = ORIENTED_EDGE('',*,*,#12125,.T.);
#12125 = EDGE_CURVE('',#12126,#12126,#12128,.T.);
#12126 = VERTEX_POINT('',#12127);
#12127 = CARTESIAN_POINT('',(130.,-107.48,0.));
#12128 = CIRCLE('',#12129,0.4);
#12129 = AXIS2_PLACEMENT_3D('',#12130,#12131,#12132);
#12130 = CARTESIAN_POINT('',(130.,-107.08,0.));
#12131 = DIRECTION('',(-0.,0.,-1.));
#12132 = DIRECTION('',(-0.,-1.,0.));
#12133 = FACE_BOUND('',#12134,.F.);
#12134 = EDGE_LOOP('',(#12135));
#12135 = ORIENTED_EDGE('',*,*,#12136,.T.);
#12136 = EDGE_CURVE('',#12137,#12137,#12139,.T.);
#12137 = VERTEX_POINT('',#12138);
#12138 = CARTESIAN_POINT('',(144.5,-115.9,0.));
#12139 = CIRCLE('',#12140,0.4);
#12140 = AXIS2_PLACEMENT_3D('',#12141,#12142,#12143);
#12141 = CARTESIAN_POINT('',(144.5,-115.5,0.));
#12142 = DIRECTION('',(-0.,0.,-1.));
#12143 = DIRECTION('',(-0.,-1.,0.));
#12144 = FACE_BOUND('',#12145,.F.);
#12145 = EDGE_LOOP('',(#12146));
#12146 = ORIENTED_EDGE('',*,*,#12147,.T.);
#12147 = EDGE_CURVE('',#12148,#12148,#12150,.T.);
#12148 = VERTEX_POINT('',#12149);
#12149 = CARTESIAN_POINT('',(166.5,-109.6,0.));
#12150 = CIRCLE('',#12151,1.6);
#12151 = AXIS2_PLACEMENT_3D('',#12152,#12153,#12154);
#12152 = CARTESIAN_POINT('',(166.5,-108.,0.));
#12153 = DIRECTION('',(-0.,0.,-1.));
#12154 = DIRECTION('',(-0.,-1.,0.));
#12155 = FACE_BOUND('',#12156,.F.);
#12156 = EDGE_LOOP('',(#12157));
#12157 = ORIENTED_EDGE('',*,*,#12158,.T.);
#12158 = EDGE_CURVE('',#12159,#12159,#12161,.T.);
#12159 = VERTEX_POINT('',#12160);
#12160 = CARTESIAN_POINT('',(150.5,-100.5,0.));
#12161 = CIRCLE('',#12162,0.5);
#12162 = AXIS2_PLACEMENT_3D('',#12163,#12164,#12165);
#12163 = CARTESIAN_POINT('',(150.5,-100.,0.));
#12164 = DIRECTION('',(-0.,0.,-1.));
#12165 = DIRECTION('',(-0.,-1.,0.));
#12166 = FACE_BOUND('',#12167,.F.);
#12167 = EDGE_LOOP('',(#12168));
#12168 = ORIENTED_EDGE('',*,*,#12169,.T.);
#12169 = EDGE_CURVE('',#12170,#12170,#12172,.T.);
#12170 = VERTEX_POINT('',#12171);
#12171 = CARTESIAN_POINT('',(163.,-100.5,0.));
#12172 = CIRCLE('',#12173,0.5);
#12173 = AXIS2_PLACEMENT_3D('',#12174,#12175,#12176);
#12174 = CARTESIAN_POINT('',(163.,-100.,0.));
#12175 = DIRECTION('',(-0.,0.,-1.));
#12176 = DIRECTION('',(-0.,-1.,0.));
#12177 = FACE_BOUND('',#12178,.F.);
#12178 = EDGE_LOOP('',(#12179));
#12179 = ORIENTED_EDGE('',*,*,#12180,.T.);
#12180 = EDGE_CURVE('',#12181,#12181,#12183,.T.);
#12181 = VERTEX_POINT('',#12182);
#12182 = CARTESIAN_POINT('',(65.,-91.175,0.));
#12183 = CIRCLE('',#12184,1.175);
#12184 = AXIS2_PLACEMENT_3D('',#12185,#12186,#12187);
#12185 = CARTESIAN_POINT('',(65.,-90.,0.));
#12186 = DIRECTION('',(-0.,0.,-1.));
#12187 = DIRECTION('',(-0.,-1.,0.));
#12188 = FACE_BOUND('',#12189,.F.);
#12189 = EDGE_LOOP('',(#12190));
#12190 = ORIENTED_EDGE('',*,*,#12191,.T.);
#12191 = EDGE_CURVE('',#12192,#12192,#12194,.T.);
#12192 = VERTEX_POINT('',#12193);
#12193 = CARTESIAN_POINT('',(72.5,-91.7,0.));
#12194 = CIRCLE('',#12195,1.7);
#12195 = AXIS2_PLACEMENT_3D('',#12196,#12197,#12198);
#12196 = CARTESIAN_POINT('',(72.5,-90.,0.));
#12197 = DIRECTION('',(-0.,0.,-1.));
#12198 = DIRECTION('',(-0.,-1.,0.));
#12199 = FACE_BOUND('',#12200,.F.);
#12200 = EDGE_LOOP('',(#12201));
#12201 = ORIENTED_EDGE('',*,*,#12202,.T.);
#12202 = EDGE_CURVE('',#12203,#12203,#12205,.T.);
#12203 = VERTEX_POINT('',#12204);
#12204 = CARTESIAN_POINT('',(80.,-91.175,0.));
#12205 = CIRCLE('',#12206,1.175);
#12206 = AXIS2_PLACEMENT_3D('',#12207,#12208,#12209);
#12207 = CARTESIAN_POINT('',(80.,-90.,0.));
#12208 = DIRECTION('',(-0.,0.,-1.));
#12209 = DIRECTION('',(-0.,-1.,0.));
#12210 = FACE_BOUND('',#12211,.F.);
#12211 = EDGE_LOOP('',(#12212));
#12212 = ORIENTED_EDGE('',*,*,#12213,.T.);
#12213 = EDGE_CURVE('',#12214,#12214,#12216,.T.);
#12214 = VERTEX_POINT('',#12215);
#12215 = CARTESIAN_POINT('',(95.,-91.175,0.));
#12216 = CIRCLE('',#12217,1.175);
#12217 = AXIS2_PLACEMENT_3D('',#12218,#12219,#12220);
#12218 = CARTESIAN_POINT('',(95.,-90.,0.));
#12219 = DIRECTION('',(-0.,0.,-1.));
#12220 = DIRECTION('',(-0.,-1.,0.));
#12221 = FACE_BOUND('',#12222,.F.);
#12222 = EDGE_LOOP('',(#12223));
#12223 = ORIENTED_EDGE('',*,*,#12224,.T.);
#12224 = EDGE_CURVE('',#12225,#12225,#12227,.T.);
#12225 = VERTEX_POINT('',#12226);
#12226 = CARTESIAN_POINT('',(102.5,-91.7,0.));
#12227 = CIRCLE('',#12228,1.7);
#12228 = AXIS2_PLACEMENT_3D('',#12229,#12230,#12231);
#12229 = CARTESIAN_POINT('',(102.5,-90.,0.));
#12230 = DIRECTION('',(-0.,0.,-1.));
#12231 = DIRECTION('',(-0.,-1.,0.));
#12232 = FACE_BOUND('',#12233,.F.);
#12233 = EDGE_LOOP('',(#12234));
#12234 = ORIENTED_EDGE('',*,*,#12235,.T.);
#12235 = EDGE_CURVE('',#12236,#12236,#12238,.T.);
#12236 = VERTEX_POINT('',#12237);
#12237 = CARTESIAN_POINT('',(110.,-91.175,0.));
#12238 = CIRCLE('',#12239,1.175);
#12239 = AXIS2_PLACEMENT_3D('',#12240,#12241,#12242);
#12240 = CARTESIAN_POINT('',(110.,-90.,0.));
#12241 = DIRECTION('',(-0.,0.,-1.));
#12242 = DIRECTION('',(-0.,-1.,0.));
#12243 = FACE_BOUND('',#12244,.F.);
#12244 = EDGE_LOOP('',(#12245));
#12245 = ORIENTED_EDGE('',*,*,#12246,.T.);
#12246 = EDGE_CURVE('',#12247,#12247,#12249,.T.);
#12247 = VERTEX_POINT('',#12248);
#12248 = CARTESIAN_POINT('',(58.,-77.71,0.));
#12249 = CIRCLE('',#12250,0.55);
#12250 = AXIS2_PLACEMENT_3D('',#12251,#12252,#12253);
#12251 = CARTESIAN_POINT('',(58.,-77.16,0.));
#12252 = DIRECTION('',(-0.,0.,-1.));
#12253 = DIRECTION('',(-0.,-1.,0.));
#12254 = FACE_BOUND('',#12255,.F.);
#12255 = EDGE_LOOP('',(#12256));
#12256 = ORIENTED_EDGE('',*,*,#12257,.T.);
#12257 = EDGE_CURVE('',#12258,#12258,#12260,.T.);
#12258 = VERTEX_POINT('',#12259);
#12259 = CARTESIAN_POINT('',(67.52,-77.71,0.));
#12260 = CIRCLE('',#12261,0.55);
#12261 = AXIS2_PLACEMENT_3D('',#12262,#12263,#12264);
#12262 = CARTESIAN_POINT('',(67.52,-77.16,0.));
#12263 = DIRECTION('',(-0.,0.,-1.));
#12264 = DIRECTION('',(-0.,-1.,0.));
#12265 = FACE_BOUND('',#12266,.F.);
#12266 = EDGE_LOOP('',(#12267));
#12267 = ORIENTED_EDGE('',*,*,#12268,.T.);
#12268 = EDGE_CURVE('',#12269,#12269,#12271,.T.);
#12269 = VERTEX_POINT('',#12270);
#12270 = CARTESIAN_POINT('',(78.5,-77.71,0.));
#12271 = CIRCLE('',#12272,0.55);
#12272 = AXIS2_PLACEMENT_3D('',#12273,#12274,#12275);
#12273 = CARTESIAN_POINT('',(78.5,-77.16,0.));
#12274 = DIRECTION('',(-0.,0.,-1.));
#12275 = DIRECTION('',(-0.,-1.,0.));
#12276 = FACE_BOUND('',#12277,.F.);
#12277 = EDGE_LOOP('',(#12278));
#12278 = ORIENTED_EDGE('',*,*,#12279,.T.);
#12279 = EDGE_CURVE('',#12280,#12280,#12282,.T.);
#12280 = VERTEX_POINT('',#12281);
#12281 = CARTESIAN_POINT('',(58.,-67.55,0.));
#12282 = CIRCLE('',#12283,0.55);
#12283 = AXIS2_PLACEMENT_3D('',#12284,#12285,#12286);
#12284 = CARTESIAN_POINT('',(58.,-67.,0.));
#12285 = DIRECTION('',(-0.,0.,-1.));
#12286 = DIRECTION('',(-0.,-1.,0.));
#12287 = FACE_BOUND('',#12288,.F.);
#12288 = EDGE_LOOP('',(#12289));
#12289 = ORIENTED_EDGE('',*,*,#12290,.T.);
#12290 = EDGE_CURVE('',#12291,#12291,#12293,.T.);
#12291 = VERTEX_POINT('',#12292);
#12292 = CARTESIAN_POINT('',(67.52,-67.55,0.));
#12293 = CIRCLE('',#12294,0.55);
#12294 = AXIS2_PLACEMENT_3D('',#12295,#12296,#12297);
#12295 = CARTESIAN_POINT('',(67.52,-67.,0.));
#12296 = DIRECTION('',(-0.,0.,-1.));
#12297 = DIRECTION('',(-0.,-1.,0.));
#12298 = FACE_BOUND('',#12299,.F.);
#12299 = EDGE_LOOP('',(#12300));
#12300 = ORIENTED_EDGE('',*,*,#12301,.T.);
#12301 = EDGE_CURVE('',#12302,#12302,#12304,.T.);
#12302 = VERTEX_POINT('',#12303);
#12303 = CARTESIAN_POINT('',(58.,-59.1,0.));
#12304 = CIRCLE('',#12305,0.7);
#12305 = AXIS2_PLACEMENT_3D('',#12306,#12307,#12308);
#12306 = CARTESIAN_POINT('',(58.,-58.4,0.));
#12307 = DIRECTION('',(-0.,0.,-1.));
#12308 = DIRECTION('',(-0.,-1.,0.));
#12309 = FACE_BOUND('',#12310,.F.);
#12310 = EDGE_LOOP('',(#12311));
#12311 = ORIENTED_EDGE('',*,*,#12312,.T.);
#12312 = EDGE_CURVE('',#12313,#12313,#12315,.T.);
#12313 = VERTEX_POINT('',#12314);
#12314 = CARTESIAN_POINT('',(67.52,-59.1,0.));
#12315 = CIRCLE('',#12316,0.7);
#12316 = AXIS2_PLACEMENT_3D('',#12317,#12318,#12319);
#12317 = CARTESIAN_POINT('',(67.52,-58.4,0.));
#12318 = DIRECTION('',(-0.,0.,-1.));
#12319 = DIRECTION('',(-0.,-1.,0.));
#12320 = FACE_BOUND('',#12321,.F.);
#12321 = EDGE_LOOP('',(#12322));
#12322 = ORIENTED_EDGE('',*,*,#12323,.T.);
#12323 = EDGE_CURVE('',#12324,#12324,#12326,.T.);
#12324 = VERTEX_POINT('',#12325);
#12325 = CARTESIAN_POINT('',(78.5,-67.55,0.));
#12326 = CIRCLE('',#12327,0.55);
#12327 = AXIS2_PLACEMENT_3D('',#12328,#12329,#12330);
#12328 = CARTESIAN_POINT('',(78.5,-67.,0.));
#12329 = DIRECTION('',(-0.,0.,-1.));
#12330 = DIRECTION('',(-0.,-1.,0.));
#12331 = FACE_BOUND('',#12332,.F.);
#12332 = EDGE_LOOP('',(#12333));
#12333 = ORIENTED_EDGE('',*,*,#12334,.T.);
#12334 = EDGE_CURVE('',#12335,#12335,#12337,.T.);
#12335 = VERTEX_POINT('',#12336);
#12336 = CARTESIAN_POINT('',(78.5,-59.1,0.));
#12337 = CIRCLE('',#12338,0.7);
#12338 = AXIS2_PLACEMENT_3D('',#12339,#12340,#12341);
#12339 = CARTESIAN_POINT('',(78.5,-58.4,0.));
#12340 = DIRECTION('',(-0.,0.,-1.));
#12341 = DIRECTION('',(-0.,-1.,0.));
#12342 = FACE_BOUND('',#12343,.F.);
#12343 = EDGE_LOOP('',(#12344));
#12344 = ORIENTED_EDGE('',*,*,#12345,.T.);
#12345 = EDGE_CURVE('',#12346,#12346,#12348,.T.);
#12346 = VERTEX_POINT('',#12347);
#12347 = CARTESIAN_POINT('',(88.02,-77.71,0.));
#12348 = CIRCLE('',#12349,0.55);
#12349 = AXIS2_PLACEMENT_3D('',#12350,#12351,#12352);
#12350 = CARTESIAN_POINT('',(88.02,-77.16,0.));
#12351 = DIRECTION('',(-0.,0.,-1.));
#12352 = DIRECTION('',(-0.,-1.,0.));
#12353 = FACE_BOUND('',#12354,.F.);
#12354 = EDGE_LOOP('',(#12355));
#12355 = ORIENTED_EDGE('',*,*,#12356,.T.);
#12356 = EDGE_CURVE('',#12357,#12357,#12359,.T.);
#12357 = VERTEX_POINT('',#12358);
#12358 = CARTESIAN_POINT('',(100.,-71.6,0.));
#12359 = CIRCLE('',#12360,1.6);
#12360 = AXIS2_PLACEMENT_3D('',#12361,#12362,#12363);
#12361 = CARTESIAN_POINT('',(100.,-70.,0.));
#12362 = DIRECTION('',(-0.,0.,-1.));
#12363 = DIRECTION('',(-0.,-1.,0.));
#12364 = FACE_BOUND('',#12365,.F.);
#12365 = EDGE_LOOP('',(#12366));
#12366 = ORIENTED_EDGE('',*,*,#12367,.T.);
#12367 = EDGE_CURVE('',#12368,#12368,#12370,.T.);
#12368 = VERTEX_POINT('',#12369);
#12369 = CARTESIAN_POINT('',(88.02,-67.55,0.));
#12370 = CIRCLE('',#12371,0.55);
#12371 = AXIS2_PLACEMENT_3D('',#12372,#12373,#12374);
#12372 = CARTESIAN_POINT('',(88.02,-67.,0.));
#12373 = DIRECTION('',(-0.,0.,-1.));
#12374 = DIRECTION('',(-0.,-1.,0.));
#12375 = FACE_BOUND('',#12376,.F.);
#12376 = EDGE_LOOP('',(#12377));
#12377 = ORIENTED_EDGE('',*,*,#12378,.T.);
#12378 = EDGE_CURVE('',#12379,#12379,#12381,.T.);
#12379 = VERTEX_POINT('',#12380);
#12380 = CARTESIAN_POINT('',(88.02,-59.1,0.));
#12381 = CIRCLE('',#12382,0.7);
#12382 = AXIS2_PLACEMENT_3D('',#12383,#12384,#12385);
#12383 = CARTESIAN_POINT('',(88.02,-58.4,0.));
#12384 = DIRECTION('',(-0.,0.,-1.));
#12385 = DIRECTION('',(-0.,-1.,0.));
#12386 = FACE_BOUND('',#12387,.F.);
#12387 = EDGE_LOOP('',(#12388));
#12388 = ORIENTED_EDGE('',*,*,#12389,.T.);
#12389 = EDGE_CURVE('',#12390,#12390,#12392,.T.);
#12390 = VERTEX_POINT('',#12391);
#12391 = CARTESIAN_POINT('',(150.5,-90.34,0.));
#12392 = CIRCLE('',#12393,0.5);
#12393 = AXIS2_PLACEMENT_3D('',#12394,#12395,#12396);
#12394 = CARTESIAN_POINT('',(150.5,-89.84,0.));
#12395 = DIRECTION('',(-0.,0.,-1.));
#12396 = DIRECTION('',(-0.,-1.,0.));
#12397 = FACE_BOUND('',#12398,.F.);
#12398 = EDGE_LOOP('',(#12399,#12409,#12417,#12425));
#12399 = ORIENTED_EDGE('',*,*,#12400,.F.);
#12400 = EDGE_CURVE('',#12401,#12403,#12405,.T.);
#12401 = VERTEX_POINT('',#12402);
#12402 = CARTESIAN_POINT('',(145.,-96.5,0.));
#12403 = VERTEX_POINT('',#12404);
#12404 = CARTESIAN_POINT('',(168.,-96.5,0.));
#12405 = LINE('',#12406,#12407);
#12406 = CARTESIAN_POINT('',(145.,-96.5,0.));
#12407 = VECTOR('',#12408,1.);
#12408 = DIRECTION('',(1.,0.,0.));
#12409 = ORIENTED_EDGE('',*,*,#12410,.F.);
#12410 = EDGE_CURVE('',#12411,#12401,#12413,.T.);
#12411 = VERTEX_POINT('',#12412);
#12412 = CARTESIAN_POINT('',(145.,-93.5,0.));
#12413 = LINE('',#12414,#12415);
#12414 = CARTESIAN_POINT('',(145.,-93.5,0.));
#12415 = VECTOR('',#12416,1.);
#12416 = DIRECTION('',(0.,-1.,0.));
#12417 = ORIENTED_EDGE('',*,*,#12418,.F.);
#12418 = EDGE_CURVE('',#12419,#12411,#12421,.T.);
#12419 = VERTEX_POINT('',#12420);
#12420 = CARTESIAN_POINT('',(168.,-93.5,0.));
#12421 = LINE('',#12422,#12423);
#12422 = CARTESIAN_POINT('',(168.,-93.5,0.));
#12423 = VECTOR('',#12424,1.);
#12424 = DIRECTION('',(-1.,0.,0.));
#12425 = ORIENTED_EDGE('',*,*,#12426,.F.);
#12426 = EDGE_CURVE('',#12403,#12419,#12427,.T.);
#12427 = LINE('',#12428,#12429);
#12428 = CARTESIAN_POINT('',(168.,-96.5,0.));
#12429 = VECTOR('',#12430,1.);
#12430 = DIRECTION('',(0.,1.,0.));
#12431 = FACE_BOUND('',#12432,.F.);
#12432 = EDGE_LOOP('',(#12433));
#12433 = ORIENTED_EDGE('',*,*,#12434,.T.);
#12434 = EDGE_CURVE('',#12435,#12435,#12437,.T.);
#12435 = VERTEX_POINT('',#12436);
#12436 = CARTESIAN_POINT('',(163.,-90.34,0.));
#12437 = CIRCLE('',#12438,0.5);
#12438 = AXIS2_PLACEMENT_3D('',#12439,#12440,#12441);
#12439 = CARTESIAN_POINT('',(163.,-89.84,0.));
#12440 = DIRECTION('',(-0.,0.,-1.));
#12441 = DIRECTION('',(-0.,-1.,0.));
#12442 = FACE_BOUND('',#12443,.F.);
#12443 = EDGE_LOOP('',(#12444));
#12444 = ORIENTED_EDGE('',*,*,#12445,.T.);
#12445 = EDGE_CURVE('',#12446,#12446,#12448,.T.);
#12446 = VERTEX_POINT('',#12447);
#12447 = CARTESIAN_POINT('',(152.,-85.4,0.));
#12448 = CIRCLE('',#12449,0.4);
#12449 = AXIS2_PLACEMENT_3D('',#12450,#12451,#12452);
#12450 = CARTESIAN_POINT('',(152.,-85.,0.));
#12451 = DIRECTION('',(-0.,0.,-1.));
#12452 = DIRECTION('',(-0.,-1.,0.));
#12453 = FACE_BOUND('',#12454,.F.);
#12454 = EDGE_LOOP('',(#12455));
#12455 = ORIENTED_EDGE('',*,*,#12456,.T.);
#12456 = EDGE_CURVE('',#12457,#12457,#12459,.T.);
#12457 = VERTEX_POINT('',#12458);
#12458 = CARTESIAN_POINT('',(143.,-81.4,0.));
#12459 = CIRCLE('',#12460,0.4);
#12460 = AXIS2_PLACEMENT_3D('',#12461,#12462,#12463);
#12461 = CARTESIAN_POINT('',(143.,-81.,0.));
#12462 = DIRECTION('',(-0.,0.,-1.));
#12463 = DIRECTION('',(-0.,-1.,0.));
#12464 = FACE_BOUND('',#12465,.F.);
#12465 = EDGE_LOOP('',(#12466));
#12466 = ORIENTED_EDGE('',*,*,#12467,.T.);
#12467 = EDGE_CURVE('',#12468,#12468,#12470,.T.);
#12468 = VERTEX_POINT('',#12469);
#12469 = CARTESIAN_POINT('',(148.,-81.4,0.));
#12470 = CIRCLE('',#12471,0.4);
#12471 = AXIS2_PLACEMENT_3D('',#12472,#12473,#12474);
#12472 = CARTESIAN_POINT('',(148.,-81.,0.));
#12473 = DIRECTION('',(-0.,0.,-1.));
#12474 = DIRECTION('',(-0.,-1.,0.));
#12475 = FACE_BOUND('',#12476,.F.);
#12476 = EDGE_LOOP('',(#12477));
#12477 = ORIENTED_EDGE('',*,*,#12478,.T.);
#12478 = EDGE_CURVE('',#12479,#12479,#12481,.T.);
#12479 = VERTEX_POINT('',#12480);
#12480 = CARTESIAN_POINT('',(152.,-82.86,0.));
#12481 = CIRCLE('',#12482,0.4);
#12482 = AXIS2_PLACEMENT_3D('',#12483,#12484,#12485);
#12483 = CARTESIAN_POINT('',(152.,-82.46,0.));
#12484 = DIRECTION('',(-0.,0.,-1.));
#12485 = DIRECTION('',(-0.,-1.,0.));
#12486 = FACE_BOUND('',#12487,.F.);
#12487 = EDGE_LOOP('',(#12488));
#12488 = ORIENTED_EDGE('',*,*,#12489,.T.);
#12489 = EDGE_CURVE('',#12490,#12490,#12492,.T.);
#12490 = VERTEX_POINT('',#12491);
#12491 = CARTESIAN_POINT('',(155.5,-83.4,0.));
#12492 = CIRCLE('',#12493,0.4);
#12493 = AXIS2_PLACEMENT_3D('',#12494,#12495,#12496);
#12494 = CARTESIAN_POINT('',(155.5,-83.,0.));
#12495 = DIRECTION('',(-0.,0.,-1.));
#12496 = DIRECTION('',(-0.,-1.,0.));
#12497 = FACE_BOUND('',#12498,.F.);
#12498 = EDGE_LOOP('',(#12499));
#12499 = ORIENTED_EDGE('',*,*,#12500,.T.);
#12500 = EDGE_CURVE('',#12501,#12501,#12503,.T.);
#12501 = VERTEX_POINT('',#12502);
#12502 = CARTESIAN_POINT('',(155.5,-80.86,0.));
#12503 = CIRCLE('',#12504,0.4);
#12504 = AXIS2_PLACEMENT_3D('',#12505,#12506,#12507);
#12505 = CARTESIAN_POINT('',(155.5,-80.46,0.));
#12506 = DIRECTION('',(-0.,0.,-1.));
#12507 = DIRECTION('',(-0.,-1.,0.));
#12508 = FACE_BOUND('',#12509,.F.);
#12509 = EDGE_LOOP('',(#12510));
#12510 = ORIENTED_EDGE('',*,*,#12511,.T.);
#12511 = EDGE_CURVE('',#12512,#12512,#12514,.T.);
#12512 = VERTEX_POINT('',#12513);
#12513 = CARTESIAN_POINT('',(159.5,-81.55,0.));
#12514 = CIRCLE('',#12515,0.55);
#12515 = AXIS2_PLACEMENT_3D('',#12516,#12517,#12518);
#12516 = CARTESIAN_POINT('',(159.5,-81.,0.));
#12517 = DIRECTION('',(-0.,0.,-1.));
#12518 = DIRECTION('',(-0.,-1.,0.));
#12519 = FACE_BOUND('',#12520,.F.);
#12520 = EDGE_LOOP('',(#12521));
#12521 = ORIENTED_EDGE('',*,*,#12522,.T.);
#12522 = EDGE_CURVE('',#12523,#12523,#12525,.T.);
#12523 = VERTEX_POINT('',#12524);
#12524 = CARTESIAN_POINT('',(164.58,-81.55,0.));
#12525 = CIRCLE('',#12526,0.55);
#12526 = AXIS2_PLACEMENT_3D('',#12527,#12528,#12529);
#12527 = CARTESIAN_POINT('',(164.58,-81.,0.));
#12528 = DIRECTION('',(-0.,0.,-1.));
#12529 = DIRECTION('',(5.167583532801E-14,-1.,-0.));
#12530 = FACE_BOUND('',#12531,.F.);
#12531 = EDGE_LOOP('',(#12532));
#12532 = ORIENTED_EDGE('',*,*,#12533,.T.);
#12533 = EDGE_CURVE('',#12534,#12534,#12536,.T.);
#12534 = VERTEX_POINT('',#12535);
#12535 = CARTESIAN_POINT('',(130.7,-74.6,0.));
#12536 = CIRCLE('',#12537,0.6);
#12537 = AXIS2_PLACEMENT_3D('',#12538,#12539,#12540);
#12538 = CARTESIAN_POINT('',(130.7,-74.,0.));
#12539 = DIRECTION('',(-0.,0.,-1.));
#12540 = DIRECTION('',(-0.,-1.,0.));
#12541 = FACE_BOUND('',#12542,.F.);
#12542 = EDGE_LOOP('',(#12543));
#12543 = ORIENTED_EDGE('',*,*,#12544,.T.);
#12544 = EDGE_CURVE('',#12545,#12545,#12547,.T.);
#12545 = VERTEX_POINT('',#12546);
#12546 = CARTESIAN_POINT('',(135.78,-74.6,0.));
#12547 = CIRCLE('',#12548,0.6);
#12548 = AXIS2_PLACEMENT_3D('',#12549,#12550,#12551);
#12549 = CARTESIAN_POINT('',(135.78,-74.,0.));
#12550 = DIRECTION('',(-0.,0.,-1.));
#12551 = DIRECTION('',(-0.,-1.,0.));
#12552 = FACE_BOUND('',#12553,.F.);
#12553 = EDGE_LOOP('',(#12554));
#12554 = ORIENTED_EDGE('',*,*,#12555,.T.);
#12555 = EDGE_CURVE('',#12556,#12556,#12558,.T.);
#12556 = VERTEX_POINT('',#12557);
#12557 = CARTESIAN_POINT('',(118.,-59.55,0.));
#12558 = CIRCLE('',#12559,0.55);
#12559 = AXIS2_PLACEMENT_3D('',#12560,#12561,#12562);
#12560 = CARTESIAN_POINT('',(118.,-59.,0.));
#12561 = DIRECTION('',(-0.,0.,-1.));
#12562 = DIRECTION('',(-0.,-1.,0.));
#12563 = FACE_BOUND('',#12564,.F.);
#12564 = EDGE_LOOP('',(#12565));
#12565 = ORIENTED_EDGE('',*,*,#12566,.T.);
#12566 = EDGE_CURVE('',#12567,#12567,#12569,.T.);
#12567 = VERTEX_POINT('',#12568);
#12568 = CARTESIAN_POINT('',(135.78,-67.65,0.));
#12569 = CIRCLE('',#12570,0.65);
#12570 = AXIS2_PLACEMENT_3D('',#12571,#12572,#12573);
#12571 = CARTESIAN_POINT('',(135.78,-67.,0.));
#12572 = DIRECTION('',(-0.,0.,-1.));
#12573 = DIRECTION('',(-0.,-1.,0.));
#12574 = FACE_BOUND('',#12575,.F.);
#12575 = EDGE_LOOP('',(#12576));
#12576 = ORIENTED_EDGE('',*,*,#12577,.T.);
#12577 = EDGE_CURVE('',#12578,#12578,#12580,.T.);
#12578 = VERTEX_POINT('',#12579);
#12579 = CARTESIAN_POINT('',(145.46,-76.4,0.));
#12580 = CIRCLE('',#12581,0.4);
#12581 = AXIS2_PLACEMENT_3D('',#12582,#12583,#12584);
#12582 = CARTESIAN_POINT('',(145.46,-76.,0.));
#12583 = DIRECTION('',(-0.,0.,-1.));
#12584 = DIRECTION('',(-0.,-1.,0.));
#12585 = FACE_BOUND('',#12586,.F.);
#12586 = EDGE_LOOP('',(#12587));
#12587 = ORIENTED_EDGE('',*,*,#12588,.T.);
#12588 = EDGE_CURVE('',#12589,#12589,#12591,.T.);
#12589 = VERTEX_POINT('',#12590);
#12590 = CARTESIAN_POINT('',(140.86,-74.6,0.));
#12591 = CIRCLE('',#12592,0.6);
#12592 = AXIS2_PLACEMENT_3D('',#12593,#12594,#12595);
#12593 = CARTESIAN_POINT('',(140.86,-74.,0.));
#12594 = DIRECTION('',(-0.,0.,-1.));
#12595 = DIRECTION('',(-0.,-1.,0.));
#12596 = FACE_BOUND('',#12597,.F.);
#12597 = EDGE_LOOP('',(#12598));
#12598 = ORIENTED_EDGE('',*,*,#12599,.T.);
#12599 = EDGE_CURVE('',#12600,#12600,#12602,.T.);
#12600 = VERTEX_POINT('',#12601);
#12601 = CARTESIAN_POINT('',(148.,-76.4,0.));
#12602 = CIRCLE('',#12603,0.4);
#12603 = AXIS2_PLACEMENT_3D('',#12604,#12605,#12606);
#12604 = CARTESIAN_POINT('',(148.,-76.,0.));
#12605 = DIRECTION('',(-0.,0.,-1.));
#12606 = DIRECTION('',(-0.,-1.,0.));
#12607 = FACE_BOUND('',#12608,.F.);
#12608 = EDGE_LOOP('',(#12609));
#12609 = ORIENTED_EDGE('',*,*,#12610,.T.);
#12610 = EDGE_CURVE('',#12611,#12611,#12613,.T.);
#12611 = VERTEX_POINT('',#12612);
#12612 = CARTESIAN_POINT('',(152.,-76.4,0.));
#12613 = CIRCLE('',#12614,0.4);
#12614 = AXIS2_PLACEMENT_3D('',#12615,#12616,#12617);
#12615 = CARTESIAN_POINT('',(152.,-76.,0.));
#12616 = DIRECTION('',(-0.,0.,-1.));
#12617 = DIRECTION('',(-0.,-1.,0.));
#12618 = FACE_BOUND('',#12619,.F.);
#12619 = EDGE_LOOP('',(#12620));
#12620 = ORIENTED_EDGE('',*,*,#12621,.T.);
#12621 = EDGE_CURVE('',#12622,#12622,#12624,.T.);
#12622 = VERTEX_POINT('',#12623);
#12623 = CARTESIAN_POINT('',(154.54,-76.4,0.));
#12624 = CIRCLE('',#12625,0.4);
#12625 = AXIS2_PLACEMENT_3D('',#12626,#12627,#12628);
#12626 = CARTESIAN_POINT('',(154.54,-76.,0.));
#12627 = DIRECTION('',(-0.,0.,-1.));
#12628 = DIRECTION('',(-0.,-1.,0.));
#12629 = FACE_BOUND('',#12630,.F.);
#12630 = EDGE_LOOP('',(#12631));
#12631 = ORIENTED_EDGE('',*,*,#12632,.T.);
#12632 = EDGE_CURVE('',#12633,#12633,#12635,.T.);
#12633 = VERTEX_POINT('',#12634);
#12634 = CARTESIAN_POINT('',(157.08,-76.4,0.));
#12635 = CIRCLE('',#12636,0.4);
#12636 = AXIS2_PLACEMENT_3D('',#12637,#12638,#12639);
#12637 = CARTESIAN_POINT('',(157.08,-76.,0.));
#12638 = DIRECTION('',(-0.,0.,-1.));
#12639 = DIRECTION('',(7.105427357601E-14,-1.,-0.));
#12640 = FACE_BOUND('',#12641,.F.);
#12641 = EDGE_LOOP('',(#12642));
#12642 = ORIENTED_EDGE('',*,*,#12643,.T.);
#12643 = EDGE_CURVE('',#12644,#12644,#12646,.T.);
#12644 = VERTEX_POINT('',#12645);
#12645 = CARTESIAN_POINT('',(158.64,-67.65,0.));
#12646 = CIRCLE('',#12647,0.65);
#12647 = AXIS2_PLACEMENT_3D('',#12648,#12649,#12650);
#12648 = CARTESIAN_POINT('',(158.64,-67.,0.));
#12649 = DIRECTION('',(-0.,0.,-1.));
#12650 = DIRECTION('',(-0.,-1.,0.));
#12651 = FACE_BOUND('',#12652,.F.);
#12652 = EDGE_LOOP('',(#12653));
#12653 = ORIENTED_EDGE('',*,*,#12654,.T.);
#12654 = EDGE_CURVE('',#12655,#12655,#12657,.T.);
#12655 = VERTEX_POINT('',#12656);
#12656 = CARTESIAN_POINT('',(158.64,-59.55,0.));
#12657 = CIRCLE('',#12658,0.55);
#12658 = AXIS2_PLACEMENT_3D('',#12659,#12660,#12661);
#12659 = CARTESIAN_POINT('',(158.64,-59.,0.));
#12660 = DIRECTION('',(-0.,0.,-1.));
#12661 = DIRECTION('',(-0.,-1.,0.));
#12662 = PLANE('',#12663);
#12663 = AXIS2_PLACEMENT_3D('',#12664,#12665,#12666);
#12664 = CARTESIAN_POINT('',(0.,0.,0.));
#12665 = DIRECTION('',(0.,0.,1.));
#12666 = DIRECTION('',(1.,0.,-0.));
#12667 = ADVANCED_FACE('',(#12668,#12679,#12690,#12701,#12712,#12723,
    #12734,#12745,#12756,#12767,#12778,#12789,#12800,#12811,#12822,
    #12833,#12844,#12855,#12866,#12877,#12888,#12899,#12910,#12921,
    #12932,#12943,#12954,#12965,#12976,#12987,#12998,#13009,#13020,
    #13031,#13042,#13053,#13064,#13075,#13086,#13097,#13108,#13119,
    #13130,#13141,#13152,#13163,#13174,#13185,#13196,#13207,#13218,
    #13229,#13240,#13251,#13262,#13273,#13284,#13295,#13306,#13317,
    #13328,#13339,#13350,#13361,#13372,#13383,#13394,#13428,#13439,
    #13450,#13461,#13472,#13483,#13494,#13505,#13516,#13527,#13538,
    #13549,#13560,#13571,#13582,#13593,#13604,#13615,#13626,#13637,
    #13648),#13659,.T.);
#12668 = FACE_BOUND('',#12669,.T.);
#12669 = EDGE_LOOP('',(#12670,#12671,#12672,#12678));
#12670 = ORIENTED_EDGE('',*,*,#11582,.F.);
#12671 = ORIENTED_EDGE('',*,*,#11622,.F.);
#12672 = ORIENTED_EDGE('',*,*,#12673,.F.);
#12673 = EDGE_CURVE('',#11645,#11615,#12674,.T.);
#12674 = LINE('',#12675,#12676);
#12675 = CARTESIAN_POINT('',(50.,-50.,1.51));
#12676 = VECTOR('',#12677,1.);
#12677 = DIRECTION('',(1.,0.,0.));
#12678 = ORIENTED_EDGE('',*,*,#11644,.F.);
#12679 = FACE_BOUND('',#12680,.T.);
#12680 = EDGE_LOOP('',(#12681));
#12681 = ORIENTED_EDGE('',*,*,#12682,.T.);
#12682 = EDGE_CURVE('',#12683,#12683,#12685,.T.);
#12683 = VERTEX_POINT('',#12684);
#12684 = CARTESIAN_POINT('',(58.,-133.18,1.51));
#12685 = CIRCLE('',#12686,0.7);
#12686 = AXIS2_PLACEMENT_3D('',#12687,#12688,#12689);
#12687 = CARTESIAN_POINT('',(58.,-132.48,1.51));
#12688 = DIRECTION('',(-0.,0.,-1.));
#12689 = DIRECTION('',(-0.,-1.,0.));
#12690 = FACE_BOUND('',#12691,.T.);
#12691 = EDGE_LOOP('',(#12692));
#12692 = ORIENTED_EDGE('',*,*,#12693,.T.);
#12693 = EDGE_CURVE('',#12694,#12694,#12696,.T.);
#12694 = VERTEX_POINT('',#12695);
#12695 = CARTESIAN_POINT('',(69.,-133.18,1.51));
#12696 = CIRCLE('',#12697,0.7);
#12697 = AXIS2_PLACEMENT_3D('',#12698,#12699,#12700);
#12698 = CARTESIAN_POINT('',(69.,-132.48,1.51));
#12699 = DIRECTION('',(-0.,0.,-1.));
#12700 = DIRECTION('',(-0.,-1.,0.));
#12701 = FACE_BOUND('',#12702,.T.);
#12702 = EDGE_LOOP('',(#12703));
#12703 = ORIENTED_EDGE('',*,*,#12704,.T.);
#12704 = EDGE_CURVE('',#12705,#12705,#12707,.T.);
#12705 = VERTEX_POINT('',#12706);
#12706 = CARTESIAN_POINT('',(80.,-133.18,1.51));
#12707 = CIRCLE('',#12708,0.7);
#12708 = AXIS2_PLACEMENT_3D('',#12709,#12710,#12711);
#12709 = CARTESIAN_POINT('',(80.,-132.48,1.51));
#12710 = DIRECTION('',(-0.,0.,-1.));
#12711 = DIRECTION('',(-0.,-1.,0.));
#12712 = FACE_BOUND('',#12713,.T.);
#12713 = EDGE_LOOP('',(#12714));
#12714 = ORIENTED_EDGE('',*,*,#12715,.T.);
#12715 = EDGE_CURVE('',#12716,#12716,#12718,.T.);
#12716 = VERTEX_POINT('',#12717);
#12717 = CARTESIAN_POINT('',(91.,-133.18,1.51));
#12718 = CIRCLE('',#12719,0.7);
#12719 = AXIS2_PLACEMENT_3D('',#12720,#12721,#12722);
#12720 = CARTESIAN_POINT('',(91.,-132.48,1.51));
#12721 = DIRECTION('',(-0.,0.,-1.));
#12722 = DIRECTION('',(-0.,-1.,0.));
#12723 = FACE_BOUND('',#12724,.T.);
#12724 = EDGE_LOOP('',(#12725));
#12725 = ORIENTED_EDGE('',*,*,#12726,.T.);
#12726 = EDGE_CURVE('',#12727,#12727,#12729,.T.);
#12727 = VERTEX_POINT('',#12728);
#12728 = CARTESIAN_POINT('',(111.,-138.1,1.51));
#12729 = CIRCLE('',#12730,1.6);
#12730 = AXIS2_PLACEMENT_3D('',#12731,#12732,#12733);
#12731 = CARTESIAN_POINT('',(111.,-136.5,1.51));
#12732 = DIRECTION('',(-0.,0.,-1.));
#12733 = DIRECTION('',(-0.,-1.,0.));
#12734 = FACE_BOUND('',#12735,.T.);
#12735 = EDGE_LOOP('',(#12736));
#12736 = ORIENTED_EDGE('',*,*,#12737,.T.);
#12737 = EDGE_CURVE('',#12738,#12738,#12740,.T.);
#12738 = VERTEX_POINT('',#12739);
#12739 = CARTESIAN_POINT('',(102.,-133.18,1.51));
#12740 = CIRCLE('',#12741,0.7);
#12741 = AXIS2_PLACEMENT_3D('',#12742,#12743,#12744);
#12742 = CARTESIAN_POINT('',(102.,-132.48,1.51));
#12743 = DIRECTION('',(-0.,0.,-1.));
#12744 = DIRECTION('',(-0.,-1.,0.));
#12745 = FACE_BOUND('',#12746,.T.);
#12746 = EDGE_LOOP('',(#12747));
#12747 = ORIENTED_EDGE('',*,*,#12748,.T.);
#12748 = EDGE_CURVE('',#12749,#12749,#12751,.T.);
#12749 = VERTEX_POINT('',#12750);
#12750 = CARTESIAN_POINT('',(58.,-102.7,1.51));
#12751 = CIRCLE('',#12752,0.7);
#12752 = AXIS2_PLACEMENT_3D('',#12753,#12754,#12755);
#12753 = CARTESIAN_POINT('',(58.,-102.,1.51));
#12754 = DIRECTION('',(-0.,0.,-1.));
#12755 = DIRECTION('',(-0.,-1.,0.));
#12756 = FACE_BOUND('',#12757,.T.);
#12757 = EDGE_LOOP('',(#12758));
#12758 = ORIENTED_EDGE('',*,*,#12759,.T.);
#12759 = EDGE_CURVE('',#12760,#12760,#12762,.T.);
#12760 = VERTEX_POINT('',#12761);
#12761 = CARTESIAN_POINT('',(69.,-102.7,1.51));
#12762 = CIRCLE('',#12763,0.7);
#12763 = AXIS2_PLACEMENT_3D('',#12764,#12765,#12766);
#12764 = CARTESIAN_POINT('',(69.,-102.,1.51));
#12765 = DIRECTION('',(-0.,0.,-1.));
#12766 = DIRECTION('',(-0.,-1.,0.));
#12767 = FACE_BOUND('',#12768,.T.);
#12768 = EDGE_LOOP('',(#12769));
#12769 = ORIENTED_EDGE('',*,*,#12770,.T.);
#12770 = EDGE_CURVE('',#12771,#12771,#12773,.T.);
#12771 = VERTEX_POINT('',#12772);
#12772 = CARTESIAN_POINT('',(80.,-102.7,1.51));
#12773 = CIRCLE('',#12774,0.7);
#12774 = AXIS2_PLACEMENT_3D('',#12775,#12776,#12777);
#12775 = CARTESIAN_POINT('',(80.,-102.,1.51));
#12776 = DIRECTION('',(-0.,0.,-1.));
#12777 = DIRECTION('',(-0.,-1.,0.));
#12778 = FACE_BOUND('',#12779,.T.);
#12779 = EDGE_LOOP('',(#12780));
#12780 = ORIENTED_EDGE('',*,*,#12781,.T.);
#12781 = EDGE_CURVE('',#12782,#12782,#12784,.T.);
#12782 = VERTEX_POINT('',#12783);
#12783 = CARTESIAN_POINT('',(91.,-102.7,1.51));
#12784 = CIRCLE('',#12785,0.7);
#12785 = AXIS2_PLACEMENT_3D('',#12786,#12787,#12788);
#12786 = CARTESIAN_POINT('',(91.,-102.,1.51));
#12787 = DIRECTION('',(-0.,0.,-1.));
#12788 = DIRECTION('',(-0.,-1.,0.));
#12789 = FACE_BOUND('',#12790,.T.);
#12790 = EDGE_LOOP('',(#12791));
#12791 = ORIENTED_EDGE('',*,*,#12792,.T.);
#12792 = EDGE_CURVE('',#12793,#12793,#12795,.T.);
#12793 = VERTEX_POINT('',#12794);
#12794 = CARTESIAN_POINT('',(102.,-102.7,1.51));
#12795 = CIRCLE('',#12796,0.7);
#12796 = AXIS2_PLACEMENT_3D('',#12797,#12798,#12799);
#12797 = CARTESIAN_POINT('',(102.,-102.,1.51));
#12798 = DIRECTION('',(-0.,0.,-1.));
#12799 = DIRECTION('',(-0.,-1.,0.));
#12800 = FACE_BOUND('',#12801,.T.);
#12801 = EDGE_LOOP('',(#12802));
#12802 = ORIENTED_EDGE('',*,*,#12803,.T.);
#12803 = EDGE_CURVE('',#12804,#12804,#12806,.T.);
#12804 = VERTEX_POINT('',#12805);
#12805 = CARTESIAN_POINT('',(122.,-129.05,1.51));
#12806 = CIRCLE('',#12807,0.55);
#12807 = AXIS2_PLACEMENT_3D('',#12808,#12809,#12810);
#12808 = CARTESIAN_POINT('',(122.,-128.5,1.51));
#12809 = DIRECTION('',(-0.,0.,-1.));
#12810 = DIRECTION('',(-0.,-1.,0.));
#12811 = FACE_BOUND('',#12812,.T.);
#12812 = EDGE_LOOP('',(#12813));
#12813 = ORIENTED_EDGE('',*,*,#12814,.T.);
#12814 = EDGE_CURVE('',#12815,#12815,#12817,.T.);
#12815 = VERTEX_POINT('',#12816);
#12816 = CARTESIAN_POINT('',(116.,-128.5,1.51));
#12817 = CIRCLE('',#12818,0.5);
#12818 = AXIS2_PLACEMENT_3D('',#12819,#12820,#12821);
#12819 = CARTESIAN_POINT('',(116.,-128.,1.51));
#12820 = DIRECTION('',(-0.,0.,-1.));
#12821 = DIRECTION('',(-0.,-1.,0.));
#12822 = FACE_BOUND('',#12823,.T.);
#12823 = EDGE_LOOP('',(#12824));
#12824 = ORIENTED_EDGE('',*,*,#12825,.T.);
#12825 = EDGE_CURVE('',#12826,#12826,#12828,.T.);
#12826 = VERTEX_POINT('',#12827);
#12827 = CARTESIAN_POINT('',(118.54,-128.5,1.51));
#12828 = CIRCLE('',#12829,0.5);
#12829 = AXIS2_PLACEMENT_3D('',#12830,#12831,#12832);
#12830 = CARTESIAN_POINT('',(118.54,-128.,1.51));
#12831 = DIRECTION('',(-0.,0.,-1.));
#12832 = DIRECTION('',(-0.,-1.,0.));
#12833 = FACE_BOUND('',#12834,.T.);
#12834 = EDGE_LOOP('',(#12835));
#12835 = ORIENTED_EDGE('',*,*,#12836,.T.);
#12836 = EDGE_CURVE('',#12837,#12837,#12839,.T.);
#12837 = VERTEX_POINT('',#12838);
#12838 = CARTESIAN_POINT('',(126.,-128.44,1.51));
#12839 = CIRCLE('',#12840,0.4);
#12840 = AXIS2_PLACEMENT_3D('',#12841,#12842,#12843);
#12841 = CARTESIAN_POINT('',(126.,-128.04,1.51));
#12842 = DIRECTION('',(-0.,0.,-1.));
#12843 = DIRECTION('',(-0.,-1.,0.));
#12844 = FACE_BOUND('',#12845,.T.);
#12845 = EDGE_LOOP('',(#12846));
#12846 = ORIENTED_EDGE('',*,*,#12847,.T.);
#12847 = EDGE_CURVE('',#12848,#12848,#12850,.T.);
#12848 = VERTEX_POINT('',#12849);
#12849 = CARTESIAN_POINT('',(122.,-123.97,1.51));
#12850 = CIRCLE('',#12851,0.55);
#12851 = AXIS2_PLACEMENT_3D('',#12852,#12853,#12854);
#12852 = CARTESIAN_POINT('',(122.,-123.42,1.51));
#12853 = DIRECTION('',(-0.,0.,-1.));
#12854 = DIRECTION('',(-0.,-1.,0.));
#12855 = FACE_BOUND('',#12856,.T.);
#12856 = EDGE_LOOP('',(#12857));
#12857 = ORIENTED_EDGE('',*,*,#12858,.T.);
#12858 = EDGE_CURVE('',#12859,#12859,#12861,.T.);
#12859 = VERTEX_POINT('',#12860);
#12860 = CARTESIAN_POINT('',(126.,-125.9,1.51));
#12861 = CIRCLE('',#12862,0.4);
#12862 = AXIS2_PLACEMENT_3D('',#12863,#12864,#12865);
#12863 = CARTESIAN_POINT('',(126.,-125.5,1.51));
#12864 = DIRECTION('',(-0.,0.,-1.));
#12865 = DIRECTION('',(-0.,-1.,0.));
#12866 = FACE_BOUND('',#12867,.T.);
#12867 = EDGE_LOOP('',(#12868));
#12868 = ORIENTED_EDGE('',*,*,#12869,.T.);
#12869 = EDGE_CURVE('',#12870,#12870,#12872,.T.);
#12870 = VERTEX_POINT('',#12871);
#12871 = CARTESIAN_POINT('',(130.,-128.44,1.51));
#12872 = CIRCLE('',#12873,0.4);
#12873 = AXIS2_PLACEMENT_3D('',#12874,#12875,#12876);
#12874 = CARTESIAN_POINT('',(130.,-128.04,1.51));
#12875 = DIRECTION('',(-0.,0.,-1.));
#12876 = DIRECTION('',(-0.,-1.,0.));
#12877 = FACE_BOUND('',#12878,.T.);
#12878 = EDGE_LOOP('',(#12879));
#12879 = ORIENTED_EDGE('',*,*,#12880,.T.);
#12880 = EDGE_CURVE('',#12881,#12881,#12883,.T.);
#12881 = VERTEX_POINT('',#12882);
#12882 = CARTESIAN_POINT('',(130.,-125.9,1.51));
#12883 = CIRCLE('',#12884,0.4);
#12884 = AXIS2_PLACEMENT_3D('',#12885,#12886,#12887);
#12885 = CARTESIAN_POINT('',(130.,-125.5,1.51));
#12886 = DIRECTION('',(-0.,0.,-1.));
#12887 = DIRECTION('',(-0.,-1.,0.));
#12888 = FACE_BOUND('',#12889,.T.);
#12889 = EDGE_LOOP('',(#12890));
#12890 = ORIENTED_EDGE('',*,*,#12891,.T.);
#12891 = EDGE_CURVE('',#12892,#12892,#12894,.T.);
#12892 = VERTEX_POINT('',#12893);
#12893 = CARTESIAN_POINT('',(136.,-127.8,1.51));
#12894 = CIRCLE('',#12895,0.4);
#12895 = AXIS2_PLACEMENT_3D('',#12896,#12897,#12898);
#12896 = CARTESIAN_POINT('',(136.,-127.4,1.51));
#12897 = DIRECTION('',(-0.,0.,-1.));
#12898 = DIRECTION('',(-0.,-1.,0.));
#12899 = FACE_BOUND('',#12900,.T.);
#12900 = EDGE_LOOP('',(#12901));
#12901 = ORIENTED_EDGE('',*,*,#12902,.T.);
#12902 = EDGE_CURVE('',#12903,#12903,#12905,.T.);
#12903 = VERTEX_POINT('',#12904);
#12904 = CARTESIAN_POINT('',(131.,-122.72,1.51));
#12905 = CIRCLE('',#12906,0.4);
#12906 = AXIS2_PLACEMENT_3D('',#12907,#12908,#12909);
#12907 = CARTESIAN_POINT('',(131.,-122.32,1.51));
#12908 = DIRECTION('',(-0.,0.,-1.));
#12909 = DIRECTION('',(-0.,-1.,0.));
#12910 = FACE_BOUND('',#12911,.T.);
#12911 = EDGE_LOOP('',(#12912));
#12912 = ORIENTED_EDGE('',*,*,#12913,.T.);
#12913 = EDGE_CURVE('',#12914,#12914,#12916,.T.);
#12914 = VERTEX_POINT('',#12915);
#12915 = CARTESIAN_POINT('',(136.,-122.72,1.51));
#12916 = CIRCLE('',#12917,0.4);
#12917 = AXIS2_PLACEMENT_3D('',#12918,#12919,#12920);
#12918 = CARTESIAN_POINT('',(136.,-122.32,1.51));
#12919 = DIRECTION('',(-0.,0.,-1.));
#12920 = DIRECTION('',(-0.,-1.,0.));
#12921 = FACE_BOUND('',#12922,.T.);
#12922 = EDGE_LOOP('',(#12923));
#12923 = ORIENTED_EDGE('',*,*,#12924,.T.);
#12924 = EDGE_CURVE('',#12925,#12925,#12927,.T.);
#12925 = VERTEX_POINT('',#12926);
#12926 = CARTESIAN_POINT('',(140.,-122.72,1.51));
#12927 = CIRCLE('',#12928,0.4);
#12928 = AXIS2_PLACEMENT_3D('',#12929,#12930,#12931);
#12929 = CARTESIAN_POINT('',(140.,-122.32,1.51));
#12930 = DIRECTION('',(-0.,0.,-1.));
#12931 = DIRECTION('',(-0.,-1.,0.));
#12932 = FACE_BOUND('',#12933,.T.);
#12933 = EDGE_LOOP('',(#12934));
#12934 = ORIENTED_EDGE('',*,*,#12935,.T.);
#12935 = EDGE_CURVE('',#12936,#12936,#12938,.T.);
#12936 = VERTEX_POINT('',#12937);
#12937 = CARTESIAN_POINT('',(166.5,-138.1,1.51));
#12938 = CIRCLE('',#12939,1.6);
#12939 = AXIS2_PLACEMENT_3D('',#12940,#12941,#12942);
#12940 = CARTESIAN_POINT('',(166.5,-136.5,1.51));
#12941 = DIRECTION('',(-0.,0.,-1.));
#12942 = DIRECTION('',(-0.,-1.,0.));
#12943 = FACE_BOUND('',#12944,.T.);
#12944 = EDGE_LOOP('',(#12945));
#12945 = ORIENTED_EDGE('',*,*,#12946,.T.);
#12946 = EDGE_CURVE('',#12947,#12947,#12949,.T.);
#12947 = VERTEX_POINT('',#12948);
#12948 = CARTESIAN_POINT('',(144.5,-128.45,1.51));
#12949 = CIRCLE('',#12950,0.45);
#12950 = AXIS2_PLACEMENT_3D('',#12951,#12952,#12953);
#12951 = CARTESIAN_POINT('',(144.5,-128.,1.51));
#12952 = DIRECTION('',(-0.,0.,-1.));
#12953 = DIRECTION('',(-0.,-1.,0.));
#12954 = FACE_BOUND('',#12955,.T.);
#12955 = EDGE_LOOP('',(#12956));
#12956 = ORIENTED_EDGE('',*,*,#12957,.T.);
#12957 = EDGE_CURVE('',#12958,#12958,#12960,.T.);
#12958 = VERTEX_POINT('',#12959);
#12959 = CARTESIAN_POINT('',(144.5,-125.91,1.51));
#12960 = CIRCLE('',#12961,0.45);
#12961 = AXIS2_PLACEMENT_3D('',#12962,#12963,#12964);
#12962 = CARTESIAN_POINT('',(144.5,-125.46,1.51));
#12963 = DIRECTION('',(-0.,0.,-1.));
#12964 = DIRECTION('',(-0.,-1.,0.));
#12965 = FACE_BOUND('',#12966,.T.);
#12966 = EDGE_LOOP('',(#12967));
#12967 = ORIENTED_EDGE('',*,*,#12968,.T.);
#12968 = EDGE_CURVE('',#12969,#12969,#12971,.T.);
#12969 = VERTEX_POINT('',#12970);
#12970 = CARTESIAN_POINT('',(144.5,-120.98,1.51));
#12971 = CIRCLE('',#12972,0.4);
#12972 = AXIS2_PLACEMENT_3D('',#12973,#12974,#12975);
#12973 = CARTESIAN_POINT('',(144.5,-120.58,1.51));
#12974 = DIRECTION('',(-0.,0.,-1.));
#12975 = DIRECTION('',(-0.,-1.,0.));
#12976 = FACE_BOUND('',#12977,.T.);
#12977 = EDGE_LOOP('',(#12978));
#12978 = ORIENTED_EDGE('',*,*,#12979,.T.);
#12979 = EDGE_CURVE('',#12980,#12980,#12982,.T.);
#12980 = VERTEX_POINT('',#12981);
#12981 = CARTESIAN_POINT('',(126.,-117.64,1.51));
#12982 = CIRCLE('',#12983,0.4);
#12983 = AXIS2_PLACEMENT_3D('',#12984,#12985,#12986);
#12984 = CARTESIAN_POINT('',(126.,-117.24,1.51));
#12985 = DIRECTION('',(-0.,0.,-1.));
#12986 = DIRECTION('',(-0.,-1.,0.));
#12987 = FACE_BOUND('',#12988,.T.);
#12988 = EDGE_LOOP('',(#12989));
#12989 = ORIENTED_EDGE('',*,*,#12990,.T.);
#12990 = EDGE_CURVE('',#12991,#12991,#12993,.T.);
#12991 = VERTEX_POINT('',#12992);
#12992 = CARTESIAN_POINT('',(121.,-112.56,1.51));
#12993 = CIRCLE('',#12994,0.4);
#12994 = AXIS2_PLACEMENT_3D('',#12995,#12996,#12997);
#12995 = CARTESIAN_POINT('',(121.,-112.16,1.51));
#12996 = DIRECTION('',(-0.,0.,-1.));
#12997 = DIRECTION('',(-0.,-1.,0.));
#12998 = FACE_BOUND('',#12999,.T.);
#12999 = EDGE_LOOP('',(#13000));
#13000 = ORIENTED_EDGE('',*,*,#13001,.T.);
#13001 = EDGE_CURVE('',#13002,#13002,#13004,.T.);
#13002 = VERTEX_POINT('',#13003);
#13003 = CARTESIAN_POINT('',(126.,-112.56,1.51));
#13004 = CIRCLE('',#13005,0.4);
#13005 = AXIS2_PLACEMENT_3D('',#13006,#13007,#13008);
#13006 = CARTESIAN_POINT('',(126.,-112.16,1.51));
#13007 = DIRECTION('',(-0.,0.,-1.));
#13008 = DIRECTION('',(-0.,-1.,0.));
#13009 = FACE_BOUND('',#13010,.T.);
#13010 = EDGE_LOOP('',(#13011));
#13011 = ORIENTED_EDGE('',*,*,#13012,.T.);
#13012 = EDGE_CURVE('',#13013,#13013,#13015,.T.);
#13013 = VERTEX_POINT('',#13014);
#13014 = CARTESIAN_POINT('',(131.,-117.64,1.51));
#13015 = CIRCLE('',#13016,0.4);
#13016 = AXIS2_PLACEMENT_3D('',#13017,#13018,#13019);
#13017 = CARTESIAN_POINT('',(131.,-117.24,1.51));
#13018 = DIRECTION('',(-0.,0.,-1.));
#13019 = DIRECTION('',(-0.,-1.,0.));
#13020 = FACE_BOUND('',#13021,.T.);
#13021 = EDGE_LOOP('',(#13022));
#13022 = ORIENTED_EDGE('',*,*,#13023,.T.);
#13023 = EDGE_CURVE('',#13024,#13024,#13026,.T.);
#13024 = VERTEX_POINT('',#13025);
#13025 = CARTESIAN_POINT('',(135.,-117.64,1.51));
#13026 = CIRCLE('',#13027,0.4);
#13027 = AXIS2_PLACEMENT_3D('',#13028,#13029,#13030);
#13028 = CARTESIAN_POINT('',(135.,-117.24,1.51));
#13029 = DIRECTION('',(-0.,0.,-1.));
#13030 = DIRECTION('',(-0.,-1.,0.));
#13031 = FACE_BOUND('',#13032,.T.);
#13032 = EDGE_LOOP('',(#13033));
#13033 = ORIENTED_EDGE('',*,*,#13034,.T.);
#13034 = EDGE_CURVE('',#13035,#13035,#13037,.T.);
#13035 = VERTEX_POINT('',#13036);
#13036 = CARTESIAN_POINT('',(140.,-117.64,1.51));
#13037 = CIRCLE('',#13038,0.4);
#13038 = AXIS2_PLACEMENT_3D('',#13039,#13040,#13041);
#13039 = CARTESIAN_POINT('',(140.,-117.24,1.51));
#13040 = DIRECTION('',(-0.,0.,-1.));
#13041 = DIRECTION('',(-0.,-1.,0.));
#13042 = FACE_BOUND('',#13043,.T.);
#13043 = EDGE_LOOP('',(#13044));
#13044 = ORIENTED_EDGE('',*,*,#13045,.T.);
#13045 = EDGE_CURVE('',#13046,#13046,#13048,.T.);
#13046 = VERTEX_POINT('',#13047);
#13047 = CARTESIAN_POINT('',(130.,-112.56,1.51));
#13048 = CIRCLE('',#13049,0.4);
#13049 = AXIS2_PLACEMENT_3D('',#13050,#13051,#13052);
#13050 = CARTESIAN_POINT('',(130.,-112.16,1.51));
#13051 = DIRECTION('',(-0.,0.,-1.));
#13052 = DIRECTION('',(-0.,-1.,0.));
#13053 = FACE_BOUND('',#13054,.T.);
#13054 = EDGE_LOOP('',(#13055));
#13055 = ORIENTED_EDGE('',*,*,#13056,.T.);
#13056 = EDGE_CURVE('',#13057,#13057,#13059,.T.);
#13057 = VERTEX_POINT('',#13058);
#13058 = CARTESIAN_POINT('',(135.,-112.56,1.51));
#13059 = CIRCLE('',#13060,0.4);
#13060 = AXIS2_PLACEMENT_3D('',#13061,#13062,#13063);
#13061 = CARTESIAN_POINT('',(135.,-112.16,1.51));
#13062 = DIRECTION('',(-0.,0.,-1.));
#13063 = DIRECTION('',(-0.,-1.,0.));
#13064 = FACE_BOUND('',#13065,.T.);
#13065 = EDGE_LOOP('',(#13066));
#13066 = ORIENTED_EDGE('',*,*,#13067,.T.);
#13067 = EDGE_CURVE('',#13068,#13068,#13070,.T.);
#13068 = VERTEX_POINT('',#13069);
#13069 = CARTESIAN_POINT('',(116.,-107.48,1.51));
#13070 = CIRCLE('',#13071,0.4);
#13071 = AXIS2_PLACEMENT_3D('',#13072,#13073,#13074);
#13072 = CARTESIAN_POINT('',(116.,-107.08,1.51));
#13073 = DIRECTION('',(-0.,0.,-1.));
#13074 = DIRECTION('',(-0.,-1.,0.));
#13075 = FACE_BOUND('',#13076,.T.);
#13076 = EDGE_LOOP('',(#13077));
#13077 = ORIENTED_EDGE('',*,*,#13078,.T.);
#13078 = EDGE_CURVE('',#13079,#13079,#13081,.T.);
#13079 = VERTEX_POINT('',#13080);
#13080 = CARTESIAN_POINT('',(121.,-107.48,1.51));
#13081 = CIRCLE('',#13082,0.4);
#13082 = AXIS2_PLACEMENT_3D('',#13083,#13084,#13085);
#13083 = CARTESIAN_POINT('',(121.,-107.08,1.51));
#13084 = DIRECTION('',(-0.,0.,-1.));
#13085 = DIRECTION('',(-0.,-1.,0.));
#13086 = FACE_BOUND('',#13087,.T.);
#13087 = EDGE_LOOP('',(#13088));
#13088 = ORIENTED_EDGE('',*,*,#13089,.T.);
#13089 = EDGE_CURVE('',#13090,#13090,#13092,.T.);
#13090 = VERTEX_POINT('',#13091);
#13091 = CARTESIAN_POINT('',(125.,-107.48,1.51));
#13092 = CIRCLE('',#13093,0.4);
#13093 = AXIS2_PLACEMENT_3D('',#13094,#13095,#13096);
#13094 = CARTESIAN_POINT('',(125.,-107.08,1.51));
#13095 = DIRECTION('',(-0.,0.,-1.));
#13096 = DIRECTION('',(-0.,-1.,0.));
#13097 = FACE_BOUND('',#13098,.T.);
#13098 = EDGE_LOOP('',(#13099));
#13099 = ORIENTED_EDGE('',*,*,#13100,.T.);
#13100 = EDGE_CURVE('',#13101,#13101,#13103,.T.);
#13101 = VERTEX_POINT('',#13102);
#13102 = CARTESIAN_POINT('',(116.,-102.4,1.51));
#13103 = CIRCLE('',#13104,0.4);
#13104 = AXIS2_PLACEMENT_3D('',#13105,#13106,#13107);
#13105 = CARTESIAN_POINT('',(116.,-102.,1.51));
#13106 = DIRECTION('',(-0.,0.,-1.));
#13107 = DIRECTION('',(-0.,-1.,0.));
#13108 = FACE_BOUND('',#13109,.T.);
#13109 = EDGE_LOOP('',(#13110));
#13110 = ORIENTED_EDGE('',*,*,#13111,.T.);
#13111 = EDGE_CURVE('',#13112,#13112,#13114,.T.);
#13112 = VERTEX_POINT('',#13113);
#13113 = CARTESIAN_POINT('',(125.,-102.4,1.51));
#13114 = CIRCLE('',#13115,0.4);
#13115 = AXIS2_PLACEMENT_3D('',#13116,#13117,#13118);
#13116 = CARTESIAN_POINT('',(125.,-102.,1.51));
#13117 = DIRECTION('',(-0.,0.,-1.));
#13118 = DIRECTION('',(-0.,-1.,0.));
#13119 = FACE_BOUND('',#13120,.T.);
#13120 = EDGE_LOOP('',(#13121));
#13121 = ORIENTED_EDGE('',*,*,#13122,.T.);
#13122 = EDGE_CURVE('',#13123,#13123,#13125,.T.);
#13123 = VERTEX_POINT('',#13124);
#13124 = CARTESIAN_POINT('',(130.,-107.48,1.51));
#13125 = CIRCLE('',#13126,0.4);
#13126 = AXIS2_PLACEMENT_3D('',#13127,#13128,#13129);
#13127 = CARTESIAN_POINT('',(130.,-107.08,1.51));
#13128 = DIRECTION('',(-0.,0.,-1.));
#13129 = DIRECTION('',(-0.,-1.,0.));
#13130 = FACE_BOUND('',#13131,.T.);
#13131 = EDGE_LOOP('',(#13132));
#13132 = ORIENTED_EDGE('',*,*,#13133,.T.);
#13133 = EDGE_CURVE('',#13134,#13134,#13136,.T.);
#13134 = VERTEX_POINT('',#13135);
#13135 = CARTESIAN_POINT('',(144.5,-115.9,1.51));
#13136 = CIRCLE('',#13137,0.4);
#13137 = AXIS2_PLACEMENT_3D('',#13138,#13139,#13140);
#13138 = CARTESIAN_POINT('',(144.5,-115.5,1.51));
#13139 = DIRECTION('',(-0.,0.,-1.));
#13140 = DIRECTION('',(-0.,-1.,0.));
#13141 = FACE_BOUND('',#13142,.T.);
#13142 = EDGE_LOOP('',(#13143));
#13143 = ORIENTED_EDGE('',*,*,#13144,.T.);
#13144 = EDGE_CURVE('',#13145,#13145,#13147,.T.);
#13145 = VERTEX_POINT('',#13146);
#13146 = CARTESIAN_POINT('',(166.5,-109.6,1.51));
#13147 = CIRCLE('',#13148,1.6);
#13148 = AXIS2_PLACEMENT_3D('',#13149,#13150,#13151);
#13149 = CARTESIAN_POINT('',(166.5,-108.,1.51));
#13150 = DIRECTION('',(-0.,0.,-1.));
#13151 = DIRECTION('',(-0.,-1.,0.));
#13152 = FACE_BOUND('',#13153,.T.);
#13153 = EDGE_LOOP('',(#13154));
#13154 = ORIENTED_EDGE('',*,*,#13155,.T.);
#13155 = EDGE_CURVE('',#13156,#13156,#13158,.T.);
#13156 = VERTEX_POINT('',#13157);
#13157 = CARTESIAN_POINT('',(150.5,-100.5,1.51));
#13158 = CIRCLE('',#13159,0.5);
#13159 = AXIS2_PLACEMENT_3D('',#13160,#13161,#13162);
#13160 = CARTESIAN_POINT('',(150.5,-100.,1.51));
#13161 = DIRECTION('',(-0.,0.,-1.));
#13162 = DIRECTION('',(-0.,-1.,0.));
#13163 = FACE_BOUND('',#13164,.T.);
#13164 = EDGE_LOOP('',(#13165));
#13165 = ORIENTED_EDGE('',*,*,#13166,.T.);
#13166 = EDGE_CURVE('',#13167,#13167,#13169,.T.);
#13167 = VERTEX_POINT('',#13168);
#13168 = CARTESIAN_POINT('',(163.,-100.5,1.51));
#13169 = CIRCLE('',#13170,0.5);
#13170 = AXIS2_PLACEMENT_3D('',#13171,#13172,#13173);
#13171 = CARTESIAN_POINT('',(163.,-100.,1.51));
#13172 = DIRECTION('',(-0.,0.,-1.));
#13173 = DIRECTION('',(-0.,-1.,0.));
#13174 = FACE_BOUND('',#13175,.T.);
#13175 = EDGE_LOOP('',(#13176));
#13176 = ORIENTED_EDGE('',*,*,#13177,.T.);
#13177 = EDGE_CURVE('',#13178,#13178,#13180,.T.);
#13178 = VERTEX_POINT('',#13179);
#13179 = CARTESIAN_POINT('',(65.,-91.175,1.51));
#13180 = CIRCLE('',#13181,1.175);
#13181 = AXIS2_PLACEMENT_3D('',#13182,#13183,#13184);
#13182 = CARTESIAN_POINT('',(65.,-90.,1.51));
#13183 = DIRECTION('',(-0.,0.,-1.));
#13184 = DIRECTION('',(-0.,-1.,0.));
#13185 = FACE_BOUND('',#13186,.T.);
#13186 = EDGE_LOOP('',(#13187));
#13187 = ORIENTED_EDGE('',*,*,#13188,.T.);
#13188 = EDGE_CURVE('',#13189,#13189,#13191,.T.);
#13189 = VERTEX_POINT('',#13190);
#13190 = CARTESIAN_POINT('',(72.5,-91.7,1.51));
#13191 = CIRCLE('',#13192,1.7);
#13192 = AXIS2_PLACEMENT_3D('',#13193,#13194,#13195);
#13193 = CARTESIAN_POINT('',(72.5,-90.,1.51));
#13194 = DIRECTION('',(-0.,0.,-1.));
#13195 = DIRECTION('',(-0.,-1.,0.));
#13196 = FACE_BOUND('',#13197,.T.);
#13197 = EDGE_LOOP('',(#13198));
#13198 = ORIENTED_EDGE('',*,*,#13199,.T.);
#13199 = EDGE_CURVE('',#13200,#13200,#13202,.T.);
#13200 = VERTEX_POINT('',#13201);
#13201 = CARTESIAN_POINT('',(80.,-91.175,1.51));
#13202 = CIRCLE('',#13203,1.175);
#13203 = AXIS2_PLACEMENT_3D('',#13204,#13205,#13206);
#13204 = CARTESIAN_POINT('',(80.,-90.,1.51));
#13205 = DIRECTION('',(-0.,0.,-1.));
#13206 = DIRECTION('',(-0.,-1.,0.));
#13207 = FACE_BOUND('',#13208,.T.);
#13208 = EDGE_LOOP('',(#13209));
#13209 = ORIENTED_EDGE('',*,*,#13210,.T.);
#13210 = EDGE_CURVE('',#13211,#13211,#13213,.T.);
#13211 = VERTEX_POINT('',#13212);
#13212 = CARTESIAN_POINT('',(95.,-91.175,1.51));
#13213 = CIRCLE('',#13214,1.175);
#13214 = AXIS2_PLACEMENT_3D('',#13215,#13216,#13217);
#13215 = CARTESIAN_POINT('',(95.,-90.,1.51));
#13216 = DIRECTION('',(-0.,0.,-1.));
#13217 = DIRECTION('',(-0.,-1.,0.));
#13218 = FACE_BOUND('',#13219,.T.);
#13219 = EDGE_LOOP('',(#13220));
#13220 = ORIENTED_EDGE('',*,*,#13221,.T.);
#13221 = EDGE_CURVE('',#13222,#13222,#13224,.T.);
#13222 = VERTEX_POINT('',#13223);
#13223 = CARTESIAN_POINT('',(102.5,-91.7,1.51));
#13224 = CIRCLE('',#13225,1.7);
#13225 = AXIS2_PLACEMENT_3D('',#13226,#13227,#13228);
#13226 = CARTESIAN_POINT('',(102.5,-90.,1.51));
#13227 = DIRECTION('',(-0.,0.,-1.));
#13228 = DIRECTION('',(-0.,-1.,0.));
#13229 = FACE_BOUND('',#13230,.T.);
#13230 = EDGE_LOOP('',(#13231));
#13231 = ORIENTED_EDGE('',*,*,#13232,.T.);
#13232 = EDGE_CURVE('',#13233,#13233,#13235,.T.);
#13233 = VERTEX_POINT('',#13234);
#13234 = CARTESIAN_POINT('',(110.,-91.175,1.51));
#13235 = CIRCLE('',#13236,1.175);
#13236 = AXIS2_PLACEMENT_3D('',#13237,#13238,#13239);
#13237 = CARTESIAN_POINT('',(110.,-90.,1.51));
#13238 = DIRECTION('',(-0.,0.,-1.));
#13239 = DIRECTION('',(-0.,-1.,0.));
#13240 = FACE_BOUND('',#13241,.T.);
#13241 = EDGE_LOOP('',(#13242));
#13242 = ORIENTED_EDGE('',*,*,#13243,.T.);
#13243 = EDGE_CURVE('',#13244,#13244,#13246,.T.);
#13244 = VERTEX_POINT('',#13245);
#13245 = CARTESIAN_POINT('',(58.,-77.71,1.51));
#13246 = CIRCLE('',#13247,0.55);
#13247 = AXIS2_PLACEMENT_3D('',#13248,#13249,#13250);
#13248 = CARTESIAN_POINT('',(58.,-77.16,1.51));
#13249 = DIRECTION('',(-0.,0.,-1.));
#13250 = DIRECTION('',(-0.,-1.,0.));
#13251 = FACE_BOUND('',#13252,.T.);
#13252 = EDGE_LOOP('',(#13253));
#13253 = ORIENTED_EDGE('',*,*,#13254,.T.);
#13254 = EDGE_CURVE('',#13255,#13255,#13257,.T.);
#13255 = VERTEX_POINT('',#13256);
#13256 = CARTESIAN_POINT('',(67.52,-77.71,1.51));
#13257 = CIRCLE('',#13258,0.55);
#13258 = AXIS2_PLACEMENT_3D('',#13259,#13260,#13261);
#13259 = CARTESIAN_POINT('',(67.52,-77.16,1.51));
#13260 = DIRECTION('',(-0.,0.,-1.));
#13261 = DIRECTION('',(-0.,-1.,0.));
#13262 = FACE_BOUND('',#13263,.T.);
#13263 = EDGE_LOOP('',(#13264));
#13264 = ORIENTED_EDGE('',*,*,#13265,.T.);
#13265 = EDGE_CURVE('',#13266,#13266,#13268,.T.);
#13266 = VERTEX_POINT('',#13267);
#13267 = CARTESIAN_POINT('',(78.5,-77.71,1.51));
#13268 = CIRCLE('',#13269,0.55);
#13269 = AXIS2_PLACEMENT_3D('',#13270,#13271,#13272);
#13270 = CARTESIAN_POINT('',(78.5,-77.16,1.51));
#13271 = DIRECTION('',(-0.,0.,-1.));
#13272 = DIRECTION('',(-0.,-1.,0.));
#13273 = FACE_BOUND('',#13274,.T.);
#13274 = EDGE_LOOP('',(#13275));
#13275 = ORIENTED_EDGE('',*,*,#13276,.T.);
#13276 = EDGE_CURVE('',#13277,#13277,#13279,.T.);
#13277 = VERTEX_POINT('',#13278);
#13278 = CARTESIAN_POINT('',(58.,-67.55,1.51));
#13279 = CIRCLE('',#13280,0.55);
#13280 = AXIS2_PLACEMENT_3D('',#13281,#13282,#13283);
#13281 = CARTESIAN_POINT('',(58.,-67.,1.51));
#13282 = DIRECTION('',(-0.,0.,-1.));
#13283 = DIRECTION('',(-0.,-1.,0.));
#13284 = FACE_BOUND('',#13285,.T.);
#13285 = EDGE_LOOP('',(#13286));
#13286 = ORIENTED_EDGE('',*,*,#13287,.T.);
#13287 = EDGE_CURVE('',#13288,#13288,#13290,.T.);
#13288 = VERTEX_POINT('',#13289);
#13289 = CARTESIAN_POINT('',(67.52,-67.55,1.51));
#13290 = CIRCLE('',#13291,0.55);
#13291 = AXIS2_PLACEMENT_3D('',#13292,#13293,#13294);
#13292 = CARTESIAN_POINT('',(67.52,-67.,1.51));
#13293 = DIRECTION('',(-0.,0.,-1.));
#13294 = DIRECTION('',(-0.,-1.,0.));
#13295 = FACE_BOUND('',#13296,.T.);
#13296 = EDGE_LOOP('',(#13297));
#13297 = ORIENTED_EDGE('',*,*,#13298,.T.);
#13298 = EDGE_CURVE('',#13299,#13299,#13301,.T.);
#13299 = VERTEX_POINT('',#13300);
#13300 = CARTESIAN_POINT('',(58.,-59.1,1.51));
#13301 = CIRCLE('',#13302,0.7);
#13302 = AXIS2_PLACEMENT_3D('',#13303,#13304,#13305);
#13303 = CARTESIAN_POINT('',(58.,-58.4,1.51));
#13304 = DIRECTION('',(-0.,0.,-1.));
#13305 = DIRECTION('',(-0.,-1.,0.));
#13306 = FACE_BOUND('',#13307,.T.);
#13307 = EDGE_LOOP('',(#13308));
#13308 = ORIENTED_EDGE('',*,*,#13309,.T.);
#13309 = EDGE_CURVE('',#13310,#13310,#13312,.T.);
#13310 = VERTEX_POINT('',#13311);
#13311 = CARTESIAN_POINT('',(67.52,-59.1,1.51));
#13312 = CIRCLE('',#13313,0.7);
#13313 = AXIS2_PLACEMENT_3D('',#13314,#13315,#13316);
#13314 = CARTESIAN_POINT('',(67.52,-58.4,1.51));
#13315 = DIRECTION('',(-0.,0.,-1.));
#13316 = DIRECTION('',(-0.,-1.,0.));
#13317 = FACE_BOUND('',#13318,.T.);
#13318 = EDGE_LOOP('',(#13319));
#13319 = ORIENTED_EDGE('',*,*,#13320,.T.);
#13320 = EDGE_CURVE('',#13321,#13321,#13323,.T.);
#13321 = VERTEX_POINT('',#13322);
#13322 = CARTESIAN_POINT('',(78.5,-67.55,1.51));
#13323 = CIRCLE('',#13324,0.55);
#13324 = AXIS2_PLACEMENT_3D('',#13325,#13326,#13327);
#13325 = CARTESIAN_POINT('',(78.5,-67.,1.51));
#13326 = DIRECTION('',(-0.,0.,-1.));
#13327 = DIRECTION('',(-0.,-1.,0.));
#13328 = FACE_BOUND('',#13329,.T.);
#13329 = EDGE_LOOP('',(#13330));
#13330 = ORIENTED_EDGE('',*,*,#13331,.T.);
#13331 = EDGE_CURVE('',#13332,#13332,#13334,.T.);
#13332 = VERTEX_POINT('',#13333);
#13333 = CARTESIAN_POINT('',(78.5,-59.1,1.51));
#13334 = CIRCLE('',#13335,0.7);
#13335 = AXIS2_PLACEMENT_3D('',#13336,#13337,#13338);
#13336 = CARTESIAN_POINT('',(78.5,-58.4,1.51));
#13337 = DIRECTION('',(-0.,0.,-1.));
#13338 = DIRECTION('',(-0.,-1.,0.));
#13339 = FACE_BOUND('',#13340,.T.);
#13340 = EDGE_LOOP('',(#13341));
#13341 = ORIENTED_EDGE('',*,*,#13342,.T.);
#13342 = EDGE_CURVE('',#13343,#13343,#13345,.T.);
#13343 = VERTEX_POINT('',#13344);
#13344 = CARTESIAN_POINT('',(88.02,-77.71,1.51));
#13345 = CIRCLE('',#13346,0.55);
#13346 = AXIS2_PLACEMENT_3D('',#13347,#13348,#13349);
#13347 = CARTESIAN_POINT('',(88.02,-77.16,1.51));
#13348 = DIRECTION('',(-0.,0.,-1.));
#13349 = DIRECTION('',(-0.,-1.,0.));
#13350 = FACE_BOUND('',#13351,.T.);
#13351 = EDGE_LOOP('',(#13352));
#13352 = ORIENTED_EDGE('',*,*,#13353,.T.);
#13353 = EDGE_CURVE('',#13354,#13354,#13356,.T.);
#13354 = VERTEX_POINT('',#13355);
#13355 = CARTESIAN_POINT('',(100.,-71.6,1.51));
#13356 = CIRCLE('',#13357,1.6);
#13357 = AXIS2_PLACEMENT_3D('',#13358,#13359,#13360);
#13358 = CARTESIAN_POINT('',(100.,-70.,1.51));
#13359 = DIRECTION('',(-0.,0.,-1.));
#13360 = DIRECTION('',(-0.,-1.,0.));
#13361 = FACE_BOUND('',#13362,.T.);
#13362 = EDGE_LOOP('',(#13363));
#13363 = ORIENTED_EDGE('',*,*,#13364,.T.);
#13364 = EDGE_CURVE('',#13365,#13365,#13367,.T.);
#13365 = VERTEX_POINT('',#13366);
#13366 = CARTESIAN_POINT('',(88.02,-67.55,1.51));
#13367 = CIRCLE('',#13368,0.55);
#13368 = AXIS2_PLACEMENT_3D('',#13369,#13370,#13371);
#13369 = CARTESIAN_POINT('',(88.02,-67.,1.51));
#13370 = DIRECTION('',(-0.,0.,-1.));
#13371 = DIRECTION('',(-0.,-1.,0.));
#13372 = FACE_BOUND('',#13373,.T.);
#13373 = EDGE_LOOP('',(#13374));
#13374 = ORIENTED_EDGE('',*,*,#13375,.T.);
#13375 = EDGE_CURVE('',#13376,#13376,#13378,.T.);
#13376 = VERTEX_POINT('',#13377);
#13377 = CARTESIAN_POINT('',(88.02,-59.1,1.51));
#13378 = CIRCLE('',#13379,0.7);
#13379 = AXIS2_PLACEMENT_3D('',#13380,#13381,#13382);
#13380 = CARTESIAN_POINT('',(88.02,-58.4,1.51));
#13381 = DIRECTION('',(-0.,0.,-1.));
#13382 = DIRECTION('',(-0.,-1.,0.));
#13383 = FACE_BOUND('',#13384,.T.);
#13384 = EDGE_LOOP('',(#13385));
#13385 = ORIENTED_EDGE('',*,*,#13386,.T.);
#13386 = EDGE_CURVE('',#13387,#13387,#13389,.T.);
#13387 = VERTEX_POINT('',#13388);
#13388 = CARTESIAN_POINT('',(150.5,-90.34,1.51));
#13389 = CIRCLE('',#13390,0.5);
#13390 = AXIS2_PLACEMENT_3D('',#13391,#13392,#13393);
#13391 = CARTESIAN_POINT('',(150.5,-89.84,1.51));
#13392 = DIRECTION('',(-0.,0.,-1.));
#13393 = DIRECTION('',(-0.,-1.,0.));
#13394 = FACE_BOUND('',#13395,.T.);
#13395 = EDGE_LOOP('',(#13396,#13406,#13414,#13422));
#13396 = ORIENTED_EDGE('',*,*,#13397,.F.);
#13397 = EDGE_CURVE('',#13398,#13400,#13402,.T.);
#13398 = VERTEX_POINT('',#13399);
#13399 = CARTESIAN_POINT('',(145.,-96.5,1.51));
#13400 = VERTEX_POINT('',#13401);
#13401 = CARTESIAN_POINT('',(168.,-96.5,1.51));
#13402 = LINE('',#13403,#13404);
#13403 = CARTESIAN_POINT('',(145.,-96.5,1.51));
#13404 = VECTOR('',#13405,1.);
#13405 = DIRECTION('',(1.,0.,0.));
#13406 = ORIENTED_EDGE('',*,*,#13407,.F.);
#13407 = EDGE_CURVE('',#13408,#13398,#13410,.T.);
#13408 = VERTEX_POINT('',#13409);
#13409 = CARTESIAN_POINT('',(145.,-93.5,1.51));
#13410 = LINE('',#13411,#13412);
#13411 = CARTESIAN_POINT('',(145.,-93.5,1.51));
#13412 = VECTOR('',#13413,1.);
#13413 = DIRECTION('',(0.,-1.,0.));
#13414 = ORIENTED_EDGE('',*,*,#13415,.F.);
#13415 = EDGE_CURVE('',#13416,#13408,#13418,.T.);
#13416 = VERTEX_POINT('',#13417);
#13417 = CARTESIAN_POINT('',(168.,-93.5,1.51));
#13418 = LINE('',#13419,#13420);
#13419 = CARTESIAN_POINT('',(168.,-93.5,1.51));
#13420 = VECTOR('',#13421,1.);
#13421 = DIRECTION('',(-1.,0.,0.));
#13422 = ORIENTED_EDGE('',*,*,#13423,.F.);
#13423 = EDGE_CURVE('',#13400,#13416,#13424,.T.);
#13424 = LINE('',#13425,#13426);
#13425 = CARTESIAN_POINT('',(168.,-96.5,1.51));
#13426 = VECTOR('',#13427,1.);
#13427 = DIRECTION('',(0.,1.,0.));
#13428 = FACE_BOUND('',#13429,.T.);
#13429 = EDGE_LOOP('',(#13430));
#13430 = ORIENTED_EDGE('',*,*,#13431,.T.);
#13431 = EDGE_CURVE('',#13432,#13432,#13434,.T.);
#13432 = VERTEX_POINT('',#13433);
#13433 = CARTESIAN_POINT('',(163.,-90.34,1.51));
#13434 = CIRCLE('',#13435,0.5);
#13435 = AXIS2_PLACEMENT_3D('',#13436,#13437,#13438);
#13436 = CARTESIAN_POINT('',(163.,-89.84,1.51));
#13437 = DIRECTION('',(-0.,0.,-1.));
#13438 = DIRECTION('',(-0.,-1.,0.));
#13439 = FACE_BOUND('',#13440,.T.);
#13440 = EDGE_LOOP('',(#13441));
#13441 = ORIENTED_EDGE('',*,*,#13442,.T.);
#13442 = EDGE_CURVE('',#13443,#13443,#13445,.T.);
#13443 = VERTEX_POINT('',#13444);
#13444 = CARTESIAN_POINT('',(152.,-85.4,1.51));
#13445 = CIRCLE('',#13446,0.4);
#13446 = AXIS2_PLACEMENT_3D('',#13447,#13448,#13449);
#13447 = CARTESIAN_POINT('',(152.,-85.,1.51));
#13448 = DIRECTION('',(-0.,0.,-1.));
#13449 = DIRECTION('',(-0.,-1.,0.));
#13450 = FACE_BOUND('',#13451,.T.);
#13451 = EDGE_LOOP('',(#13452));
#13452 = ORIENTED_EDGE('',*,*,#13453,.T.);
#13453 = EDGE_CURVE('',#13454,#13454,#13456,.T.);
#13454 = VERTEX_POINT('',#13455);
#13455 = CARTESIAN_POINT('',(143.,-81.4,1.51));
#13456 = CIRCLE('',#13457,0.4);
#13457 = AXIS2_PLACEMENT_3D('',#13458,#13459,#13460);
#13458 = CARTESIAN_POINT('',(143.,-81.,1.51));
#13459 = DIRECTION('',(-0.,0.,-1.));
#13460 = DIRECTION('',(-0.,-1.,0.));
#13461 = FACE_BOUND('',#13462,.T.);
#13462 = EDGE_LOOP('',(#13463));
#13463 = ORIENTED_EDGE('',*,*,#13464,.T.);
#13464 = EDGE_CURVE('',#13465,#13465,#13467,.T.);
#13465 = VERTEX_POINT('',#13466);
#13466 = CARTESIAN_POINT('',(148.,-81.4,1.51));
#13467 = CIRCLE('',#13468,0.4);
#13468 = AXIS2_PLACEMENT_3D('',#13469,#13470,#13471);
#13469 = CARTESIAN_POINT('',(148.,-81.,1.51));
#13470 = DIRECTION('',(-0.,0.,-1.));
#13471 = DIRECTION('',(-0.,-1.,0.));
#13472 = FACE_BOUND('',#13473,.T.);
#13473 = EDGE_LOOP('',(#13474));
#13474 = ORIENTED_EDGE('',*,*,#13475,.T.);
#13475 = EDGE_CURVE('',#13476,#13476,#13478,.T.);
#13476 = VERTEX_POINT('',#13477);
#13477 = CARTESIAN_POINT('',(152.,-82.86,1.51));
#13478 = CIRCLE('',#13479,0.4);
#13479 = AXIS2_PLACEMENT_3D('',#13480,#13481,#13482);
#13480 = CARTESIAN_POINT('',(152.,-82.46,1.51));
#13481 = DIRECTION('',(-0.,0.,-1.));
#13482 = DIRECTION('',(-0.,-1.,0.));
#13483 = FACE_BOUND('',#13484,.T.);
#13484 = EDGE_LOOP('',(#13485));
#13485 = ORIENTED_EDGE('',*,*,#13486,.T.);
#13486 = EDGE_CURVE('',#13487,#13487,#13489,.T.);
#13487 = VERTEX_POINT('',#13488);
#13488 = CARTESIAN_POINT('',(155.5,-83.4,1.51));
#13489 = CIRCLE('',#13490,0.4);
#13490 = AXIS2_PLACEMENT_3D('',#13491,#13492,#13493);
#13491 = CARTESIAN_POINT('',(155.5,-83.,1.51));
#13492 = DIRECTION('',(-0.,0.,-1.));
#13493 = DIRECTION('',(-0.,-1.,0.));
#13494 = FACE_BOUND('',#13495,.T.);
#13495 = EDGE_LOOP('',(#13496));
#13496 = ORIENTED_EDGE('',*,*,#13497,.T.);
#13497 = EDGE_CURVE('',#13498,#13498,#13500,.T.);
#13498 = VERTEX_POINT('',#13499);
#13499 = CARTESIAN_POINT('',(155.5,-80.86,1.51));
#13500 = CIRCLE('',#13501,0.4);
#13501 = AXIS2_PLACEMENT_3D('',#13502,#13503,#13504);
#13502 = CARTESIAN_POINT('',(155.5,-80.46,1.51));
#13503 = DIRECTION('',(-0.,0.,-1.));
#13504 = DIRECTION('',(-0.,-1.,0.));
#13505 = FACE_BOUND('',#13506,.T.);
#13506 = EDGE_LOOP('',(#13507));
#13507 = ORIENTED_EDGE('',*,*,#13508,.T.);
#13508 = EDGE_CURVE('',#13509,#13509,#13511,.T.);
#13509 = VERTEX_POINT('',#13510);
#13510 = CARTESIAN_POINT('',(159.5,-81.55,1.51));
#13511 = CIRCLE('',#13512,0.55);
#13512 = AXIS2_PLACEMENT_3D('',#13513,#13514,#13515);
#13513 = CARTESIAN_POINT('',(159.5,-81.,1.51));
#13514 = DIRECTION('',(-0.,0.,-1.));
#13515 = DIRECTION('',(-0.,-1.,0.));
#13516 = FACE_BOUND('',#13517,.T.);
#13517 = EDGE_LOOP('',(#13518));
#13518 = ORIENTED_EDGE('',*,*,#13519,.T.);
#13519 = EDGE_CURVE('',#13520,#13520,#13522,.T.);
#13520 = VERTEX_POINT('',#13521);
#13521 = CARTESIAN_POINT('',(164.58,-81.55,1.51));
#13522 = CIRCLE('',#13523,0.55);
#13523 = AXIS2_PLACEMENT_3D('',#13524,#13525,#13526);
#13524 = CARTESIAN_POINT('',(164.58,-81.,1.51));
#13525 = DIRECTION('',(-0.,0.,-1.));
#13526 = DIRECTION('',(5.167583532801E-14,-1.,-0.));
#13527 = FACE_BOUND('',#13528,.T.);
#13528 = EDGE_LOOP('',(#13529));
#13529 = ORIENTED_EDGE('',*,*,#13530,.T.);
#13530 = EDGE_CURVE('',#13531,#13531,#13533,.T.);
#13531 = VERTEX_POINT('',#13532);
#13532 = CARTESIAN_POINT('',(130.7,-74.6,1.51));
#13533 = CIRCLE('',#13534,0.6);
#13534 = AXIS2_PLACEMENT_3D('',#13535,#13536,#13537);
#13535 = CARTESIAN_POINT('',(130.7,-74.,1.51));
#13536 = DIRECTION('',(-0.,0.,-1.));
#13537 = DIRECTION('',(-0.,-1.,0.));
#13538 = FACE_BOUND('',#13539,.T.);
#13539 = EDGE_LOOP('',(#13540));
#13540 = ORIENTED_EDGE('',*,*,#13541,.T.);
#13541 = EDGE_CURVE('',#13542,#13542,#13544,.T.);
#13542 = VERTEX_POINT('',#13543);
#13543 = CARTESIAN_POINT('',(135.78,-74.6,1.51));
#13544 = CIRCLE('',#13545,0.6);
#13545 = AXIS2_PLACEMENT_3D('',#13546,#13547,#13548);
#13546 = CARTESIAN_POINT('',(135.78,-74.,1.51));
#13547 = DIRECTION('',(-0.,0.,-1.));
#13548 = DIRECTION('',(-0.,-1.,0.));
#13549 = FACE_BOUND('',#13550,.T.);
#13550 = EDGE_LOOP('',(#13551));
#13551 = ORIENTED_EDGE('',*,*,#13552,.T.);
#13552 = EDGE_CURVE('',#13553,#13553,#13555,.T.);
#13553 = VERTEX_POINT('',#13554);
#13554 = CARTESIAN_POINT('',(118.,-59.55,1.51));
#13555 = CIRCLE('',#13556,0.55);
#13556 = AXIS2_PLACEMENT_3D('',#13557,#13558,#13559);
#13557 = CARTESIAN_POINT('',(118.,-59.,1.51));
#13558 = DIRECTION('',(-0.,0.,-1.));
#13559 = DIRECTION('',(-0.,-1.,0.));
#13560 = FACE_BOUND('',#13561,.T.);
#13561 = EDGE_LOOP('',(#13562));
#13562 = ORIENTED_EDGE('',*,*,#13563,.T.);
#13563 = EDGE_CURVE('',#13564,#13564,#13566,.T.);
#13564 = VERTEX_POINT('',#13565);
#13565 = CARTESIAN_POINT('',(135.78,-67.65,1.51));
#13566 = CIRCLE('',#13567,0.65);
#13567 = AXIS2_PLACEMENT_3D('',#13568,#13569,#13570);
#13568 = CARTESIAN_POINT('',(135.78,-67.,1.51));
#13569 = DIRECTION('',(-0.,0.,-1.));
#13570 = DIRECTION('',(-0.,-1.,0.));
#13571 = FACE_BOUND('',#13572,.T.);
#13572 = EDGE_LOOP('',(#13573));
#13573 = ORIENTED_EDGE('',*,*,#13574,.T.);
#13574 = EDGE_CURVE('',#13575,#13575,#13577,.T.);
#13575 = VERTEX_POINT('',#13576);
#13576 = CARTESIAN_POINT('',(145.46,-76.4,1.51));
#13577 = CIRCLE('',#13578,0.4);
#13578 = AXIS2_PLACEMENT_3D('',#13579,#13580,#13581);
#13579 = CARTESIAN_POINT('',(145.46,-76.,1.51));
#13580 = DIRECTION('',(-0.,0.,-1.));
#13581 = DIRECTION('',(-0.,-1.,0.));
#13582 = FACE_BOUND('',#13583,.T.);
#13583 = EDGE_LOOP('',(#13584));
#13584 = ORIENTED_EDGE('',*,*,#13585,.T.);
#13585 = EDGE_CURVE('',#13586,#13586,#13588,.T.);
#13586 = VERTEX_POINT('',#13587);
#13587 = CARTESIAN_POINT('',(140.86,-74.6,1.51));
#13588 = CIRCLE('',#13589,0.6);
#13589 = AXIS2_PLACEMENT_3D('',#13590,#13591,#13592);
#13590 = CARTESIAN_POINT('',(140.86,-74.,1.51));
#13591 = DIRECTION('',(-0.,0.,-1.));
#13592 = DIRECTION('',(-0.,-1.,0.));
#13593 = FACE_BOUND('',#13594,.T.);
#13594 = EDGE_LOOP('',(#13595));
#13595 = ORIENTED_EDGE('',*,*,#13596,.T.);
#13596 = EDGE_CURVE('',#13597,#13597,#13599,.T.);
#13597 = VERTEX_POINT('',#13598);
#13598 = CARTESIAN_POINT('',(148.,-76.4,1.51));
#13599 = CIRCLE('',#13600,0.4);
#13600 = AXIS2_PLACEMENT_3D('',#13601,#13602,#13603);
#13601 = CARTESIAN_POINT('',(148.,-76.,1.51));
#13602 = DIRECTION('',(-0.,0.,-1.));
#13603 = DIRECTION('',(-0.,-1.,0.));
#13604 = FACE_BOUND('',#13605,.T.);
#13605 = EDGE_LOOP('',(#13606));
#13606 = ORIENTED_EDGE('',*,*,#13607,.T.);
#13607 = EDGE_CURVE('',#13608,#13608,#13610,.T.);
#13608 = VERTEX_POINT('',#13609);
#13609 = CARTESIAN_POINT('',(152.,-76.4,1.51));
#13610 = CIRCLE('',#13611,0.4);
#13611 = AXIS2_PLACEMENT_3D('',#13612,#13613,#13614);
#13612 = CARTESIAN_POINT('',(152.,-76.,1.51));
#13613 = DIRECTION('',(-0.,0.,-1.));
#13614 = DIRECTION('',(-0.,-1.,0.));
#13615 = FACE_BOUND('',#13616,.T.);
#13616 = EDGE_LOOP('',(#13617));
#13617 = ORIENTED_EDGE('',*,*,#13618,.T.);
#13618 = EDGE_CURVE('',#13619,#13619,#13621,.T.);
#13619 = VERTEX_POINT('',#13620);
#13620 = CARTESIAN_POINT('',(154.54,-76.4,1.51));
#13621 = CIRCLE('',#13622,0.4);
#13622 = AXIS2_PLACEMENT_3D('',#13623,#13624,#13625);
#13623 = CARTESIAN_POINT('',(154.54,-76.,1.51));
#13624 = DIRECTION('',(-0.,0.,-1.));
#13625 = DIRECTION('',(-0.,-1.,0.));
#13626 = FACE_BOUND('',#13627,.T.);
#13627 = EDGE_LOOP('',(#13628));
#13628 = ORIENTED_EDGE('',*,*,#13629,.T.);
#13629 = EDGE_CURVE('',#13630,#13630,#13632,.T.);
#13630 = VERTEX_POINT('',#13631);
#13631 = CARTESIAN_POINT('',(157.08,-76.4,1.51));
#13632 = CIRCLE('',#13633,0.4);
#13633 = AXIS2_PLACEMENT_3D('',#13634,#13635,#13636);
#13634 = CARTESIAN_POINT('',(157.08,-76.,1.51));
#13635 = DIRECTION('',(-0.,0.,-1.));
#13636 = DIRECTION('',(7.105427357601E-14,-1.,-0.));
#13637 = FACE_BOUND('',#13638,.T.);
#13638 = EDGE_LOOP('',(#13639));
#13639 = ORIENTED_EDGE('',*,*,#13640,.T.);
#13640 = EDGE_CURVE('',#13641,#13641,#13643,.T.);
#13641 = VERTEX_POINT('',#13642);
#13642 = CARTESIAN_POINT('',(158.64,-67.65,1.51));
#13643 = CIRCLE('',#13644,0.65);
#13644 = AXIS2_PLACEMENT_3D('',#13645,#13646,#13647);
#13645 = CARTESIAN_POINT('',(158.64,-67.,1.51));
#13646 = DIRECTION('',(-0.,0.,-1.));
#13647 = DIRECTION('',(-0.,-1.,0.));
#13648 = FACE_BOUND('',#13649,.T.);
#13649 = EDGE_LOOP('',(#13650));
#13650 = ORIENTED_EDGE('',*,*,#13651,.T.);
#13651 = EDGE_CURVE('',#13652,#13652,#13654,.T.);
#13652 = VERTEX_POINT('',#13653);
#13653 = CARTESIAN_POINT('',(158.64,-59.55,1.51));
#13654 = CIRCLE('',#13655,0.55);
#13655 = AXIS2_PLACEMENT_3D('',#13656,#13657,#13658);
#13656 = CARTESIAN_POINT('',(158.64,-59.,1.51));
#13657 = DIRECTION('',(-0.,0.,-1.));
#13658 = DIRECTION('',(-0.,-1.,0.));
#13659 = PLANE('',#13660);
#13660 = AXIS2_PLACEMENT_3D('',#13661,#13662,#13663);
#13661 = CARTESIAN_POINT('',(0.,0.,1.51));
#13662 = DIRECTION('',(0.,0.,1.));
#13663 = DIRECTION('',(1.,0.,-0.));
#13664 = ADVANCED_FACE('',(#13665),#13671,.T.);
#13665 = FACE_BOUND('',#13666,.T.);
#13666 = EDGE_LOOP('',(#13667,#13668,#13669,#13670));
#13667 = ORIENTED_EDGE('',*,*,#11652,.T.);
#13668 = ORIENTED_EDGE('',*,*,#12673,.T.);
#13669 = ORIENTED_EDGE('',*,*,#11612,.F.);
#13670 = ORIENTED_EDGE('',*,*,#11676,.F.);
#13671 = PLANE('',#13672);
#13672 = AXIS2_PLACEMENT_3D('',#13673,#13674,#13675);
#13673 = CARTESIAN_POINT('',(50.,-50.,0.));
#13674 = DIRECTION('',(0.,1.,0.));
#13675 = DIRECTION('',(1.,0.,0.));
#13676 = ADVANCED_FACE('',(#13677),#13688,.F.);
#13677 = FACE_BOUND('',#13678,.T.);
#13678 = EDGE_LOOP('',(#13679,#13680,#13686,#13687));
#13679 = ORIENTED_EDGE('',*,*,#11685,.T.);
#13680 = ORIENTED_EDGE('',*,*,#13681,.T.);
#13681 = EDGE_CURVE('',#11686,#12683,#13682,.T.);
#13682 = LINE('',#13683,#13684);
#13683 = CARTESIAN_POINT('',(58.,-133.18,-4.6E-02));
#13684 = VECTOR('',#13685,1.);
#13685 = DIRECTION('',(0.,0.,1.));
#13686 = ORIENTED_EDGE('',*,*,#12682,.F.);
#13687 = ORIENTED_EDGE('',*,*,#13681,.F.);
#13688 = CYLINDRICAL_SURFACE('',#13689,0.7);
#13689 = AXIS2_PLACEMENT_3D('',#13690,#13691,#13692);
#13690 = CARTESIAN_POINT('',(58.,-132.48,-4.6E-02));
#13691 = DIRECTION('',(-0.,-0.,-1.));
#13692 = DIRECTION('',(-0.,-1.,0.));
#13693 = ADVANCED_FACE('',(#13694),#13705,.F.);
#13694 = FACE_BOUND('',#13695,.T.);
#13695 = EDGE_LOOP('',(#13696,#13697,#13703,#13704));
#13696 = ORIENTED_EDGE('',*,*,#11696,.T.);
#13697 = ORIENTED_EDGE('',*,*,#13698,.T.);
#13698 = EDGE_CURVE('',#11697,#12694,#13699,.T.);
#13699 = LINE('',#13700,#13701);
#13700 = CARTESIAN_POINT('',(69.,-133.18,-4.6E-02));
#13701 = VECTOR('',#13702,1.);
#13702 = DIRECTION('',(0.,0.,1.));
#13703 = ORIENTED_EDGE('',*,*,#12693,.F.);
#13704 = ORIENTED_EDGE('',*,*,#13698,.F.);
#13705 = CYLINDRICAL_SURFACE('',#13706,0.7);
#13706 = AXIS2_PLACEMENT_3D('',#13707,#13708,#13709);
#13707 = CARTESIAN_POINT('',(69.,-132.48,-4.6E-02));
#13708 = DIRECTION('',(-0.,-0.,-1.));
#13709 = DIRECTION('',(-0.,-1.,0.));
#13710 = ADVANCED_FACE('',(#13711),#13722,.F.);
#13711 = FACE_BOUND('',#13712,.T.);
#13712 = EDGE_LOOP('',(#13713,#13714,#13720,#13721));
#13713 = ORIENTED_EDGE('',*,*,#11707,.T.);
#13714 = ORIENTED_EDGE('',*,*,#13715,.T.);
#13715 = EDGE_CURVE('',#11708,#12705,#13716,.T.);
#13716 = LINE('',#13717,#13718);
#13717 = CARTESIAN_POINT('',(80.,-133.18,-4.6E-02));
#13718 = VECTOR('',#13719,1.);
#13719 = DIRECTION('',(0.,0.,1.));
#13720 = ORIENTED_EDGE('',*,*,#12704,.F.);
#13721 = ORIENTED_EDGE('',*,*,#13715,.F.);
#13722 = CYLINDRICAL_SURFACE('',#13723,0.7);
#13723 = AXIS2_PLACEMENT_3D('',#13724,#13725,#13726);
#13724 = CARTESIAN_POINT('',(80.,-132.48,-4.6E-02));
#13725 = DIRECTION('',(-0.,-0.,-1.));
#13726 = DIRECTION('',(-0.,-1.,0.));
#13727 = ADVANCED_FACE('',(#13728),#13739,.F.);
#13728 = FACE_BOUND('',#13729,.T.);
#13729 = EDGE_LOOP('',(#13730,#13731,#13737,#13738));
#13730 = ORIENTED_EDGE('',*,*,#11718,.T.);
#13731 = ORIENTED_EDGE('',*,*,#13732,.T.);
#13732 = EDGE_CURVE('',#11719,#12716,#13733,.T.);
#13733 = LINE('',#13734,#13735);
#13734 = CARTESIAN_POINT('',(91.,-133.18,-4.6E-02));
#13735 = VECTOR('',#13736,1.);
#13736 = DIRECTION('',(0.,0.,1.));
#13737 = ORIENTED_EDGE('',*,*,#12715,.F.);
#13738 = ORIENTED_EDGE('',*,*,#13732,.F.);
#13739 = CYLINDRICAL_SURFACE('',#13740,0.7);
#13740 = AXIS2_PLACEMENT_3D('',#13741,#13742,#13743);
#13741 = CARTESIAN_POINT('',(91.,-132.48,-4.6E-02));
#13742 = DIRECTION('',(-0.,-0.,-1.));
#13743 = DIRECTION('',(-0.,-1.,0.));
#13744 = ADVANCED_FACE('',(#13745),#13756,.F.);
#13745 = FACE_BOUND('',#13746,.T.);
#13746 = EDGE_LOOP('',(#13747,#13748,#13754,#13755));
#13747 = ORIENTED_EDGE('',*,*,#11729,.T.);
#13748 = ORIENTED_EDGE('',*,*,#13749,.T.);
#13749 = EDGE_CURVE('',#11730,#12727,#13750,.T.);
#13750 = LINE('',#13751,#13752);
#13751 = CARTESIAN_POINT('',(111.,-138.1,-4.6E-02));
#13752 = VECTOR('',#13753,1.);
#13753 = DIRECTION('',(0.,0.,1.));
#13754 = ORIENTED_EDGE('',*,*,#12726,.F.);
#13755 = ORIENTED_EDGE('',*,*,#13749,.F.);
#13756 = CYLINDRICAL_SURFACE('',#13757,1.6);
#13757 = AXIS2_PLACEMENT_3D('',#13758,#13759,#13760);
#13758 = CARTESIAN_POINT('',(111.,-136.5,-4.6E-02));
#13759 = DIRECTION('',(-0.,-0.,-1.));
#13760 = DIRECTION('',(-0.,-1.,0.));
#13761 = ADVANCED_FACE('',(#13762),#13773,.F.);
#13762 = FACE_BOUND('',#13763,.T.);
#13763 = EDGE_LOOP('',(#13764,#13765,#13771,#13772));
#13764 = ORIENTED_EDGE('',*,*,#11740,.T.);
#13765 = ORIENTED_EDGE('',*,*,#13766,.T.);
#13766 = EDGE_CURVE('',#11741,#12738,#13767,.T.);
#13767 = LINE('',#13768,#13769);
#13768 = CARTESIAN_POINT('',(102.,-133.18,-4.6E-02));
#13769 = VECTOR('',#13770,1.);
#13770 = DIRECTION('',(0.,0.,1.));
#13771 = ORIENTED_EDGE('',*,*,#12737,.F.);
#13772 = ORIENTED_EDGE('',*,*,#13766,.F.);
#13773 = CYLINDRICAL_SURFACE('',#13774,0.7);
#13774 = AXIS2_PLACEMENT_3D('',#13775,#13776,#13777);
#13775 = CARTESIAN_POINT('',(102.,-132.48,-4.6E-02));
#13776 = DIRECTION('',(-0.,-0.,-1.));
#13777 = DIRECTION('',(-0.,-1.,0.));
#13778 = ADVANCED_FACE('',(#13779),#13790,.F.);
#13779 = FACE_BOUND('',#13780,.T.);
#13780 = EDGE_LOOP('',(#13781,#13782,#13788,#13789));
#13781 = ORIENTED_EDGE('',*,*,#11751,.T.);
#13782 = ORIENTED_EDGE('',*,*,#13783,.T.);
#13783 = EDGE_CURVE('',#11752,#12749,#13784,.T.);
#13784 = LINE('',#13785,#13786);
#13785 = CARTESIAN_POINT('',(58.,-102.7,-4.6E-02));
#13786 = VECTOR('',#13787,1.);
#13787 = DIRECTION('',(0.,0.,1.));
#13788 = ORIENTED_EDGE('',*,*,#12748,.F.);
#13789 = ORIENTED_EDGE('',*,*,#13783,.F.);
#13790 = CYLINDRICAL_SURFACE('',#13791,0.7);
#13791 = AXIS2_PLACEMENT_3D('',#13792,#13793,#13794);
#13792 = CARTESIAN_POINT('',(58.,-102.,-4.6E-02));
#13793 = DIRECTION('',(-0.,-0.,-1.));
#13794 = DIRECTION('',(-0.,-1.,0.));
#13795 = ADVANCED_FACE('',(#13796),#13807,.F.);
#13796 = FACE_BOUND('',#13797,.T.);
#13797 = EDGE_LOOP('',(#13798,#13799,#13805,#13806));
#13798 = ORIENTED_EDGE('',*,*,#11762,.T.);
#13799 = ORIENTED_EDGE('',*,*,#13800,.T.);
#13800 = EDGE_CURVE('',#11763,#12760,#13801,.T.);
#13801 = LINE('',#13802,#13803);
#13802 = CARTESIAN_POINT('',(69.,-102.7,-4.6E-02));
#13803 = VECTOR('',#13804,1.);
#13804 = DIRECTION('',(0.,0.,1.));
#13805 = ORIENTED_EDGE('',*,*,#12759,.F.);
#13806 = ORIENTED_EDGE('',*,*,#13800,.F.);
#13807 = CYLINDRICAL_SURFACE('',#13808,0.7);
#13808 = AXIS2_PLACEMENT_3D('',#13809,#13810,#13811);
#13809 = CARTESIAN_POINT('',(69.,-102.,-4.6E-02));
#13810 = DIRECTION('',(-0.,-0.,-1.));
#13811 = DIRECTION('',(-0.,-1.,0.));
#13812 = ADVANCED_FACE('',(#13813),#13824,.F.);
#13813 = FACE_BOUND('',#13814,.T.);
#13814 = EDGE_LOOP('',(#13815,#13816,#13822,#13823));
#13815 = ORIENTED_EDGE('',*,*,#11773,.T.);
#13816 = ORIENTED_EDGE('',*,*,#13817,.T.);
#13817 = EDGE_CURVE('',#11774,#12771,#13818,.T.);
#13818 = LINE('',#13819,#13820);
#13819 = CARTESIAN_POINT('',(80.,-102.7,-4.6E-02));
#13820 = VECTOR('',#13821,1.);
#13821 = DIRECTION('',(0.,0.,1.));
#13822 = ORIENTED_EDGE('',*,*,#12770,.F.);
#13823 = ORIENTED_EDGE('',*,*,#13817,.F.);
#13824 = CYLINDRICAL_SURFACE('',#13825,0.7);
#13825 = AXIS2_PLACEMENT_3D('',#13826,#13827,#13828);
#13826 = CARTESIAN_POINT('',(80.,-102.,-4.6E-02));
#13827 = DIRECTION('',(-0.,-0.,-1.));
#13828 = DIRECTION('',(-0.,-1.,0.));
#13829 = ADVANCED_FACE('',(#13830),#13841,.F.);
#13830 = FACE_BOUND('',#13831,.T.);
#13831 = EDGE_LOOP('',(#13832,#13833,#13839,#13840));
#13832 = ORIENTED_EDGE('',*,*,#11784,.T.);
#13833 = ORIENTED_EDGE('',*,*,#13834,.T.);
#13834 = EDGE_CURVE('',#11785,#12782,#13835,.T.);
#13835 = LINE('',#13836,#13837);
#13836 = CARTESIAN_POINT('',(91.,-102.7,-4.6E-02));
#13837 = VECTOR('',#13838,1.);
#13838 = DIRECTION('',(0.,0.,1.));
#13839 = ORIENTED_EDGE('',*,*,#12781,.F.);
#13840 = ORIENTED_EDGE('',*,*,#13834,.F.);
#13841 = CYLINDRICAL_SURFACE('',#13842,0.7);
#13842 = AXIS2_PLACEMENT_3D('',#13843,#13844,#13845);
#13843 = CARTESIAN_POINT('',(91.,-102.,-4.6E-02));
#13844 = DIRECTION('',(-0.,-0.,-1.));
#13845 = DIRECTION('',(-0.,-1.,0.));
#13846 = ADVANCED_FACE('',(#13847),#13858,.F.);
#13847 = FACE_BOUND('',#13848,.T.);
#13848 = EDGE_LOOP('',(#13849,#13850,#13856,#13857));
#13849 = ORIENTED_EDGE('',*,*,#11795,.T.);
#13850 = ORIENTED_EDGE('',*,*,#13851,.T.);
#13851 = EDGE_CURVE('',#11796,#12793,#13852,.T.);
#13852 = LINE('',#13853,#13854);
#13853 = CARTESIAN_POINT('',(102.,-102.7,-4.6E-02));
#13854 = VECTOR('',#13855,1.);
#13855 = DIRECTION('',(0.,0.,1.));
#13856 = ORIENTED_EDGE('',*,*,#12792,.F.);
#13857 = ORIENTED_EDGE('',*,*,#13851,.F.);
#13858 = CYLINDRICAL_SURFACE('',#13859,0.7);
#13859 = AXIS2_PLACEMENT_3D('',#13860,#13861,#13862);
#13860 = CARTESIAN_POINT('',(102.,-102.,-4.6E-02));
#13861 = DIRECTION('',(-0.,-0.,-1.));
#13862 = DIRECTION('',(-0.,-1.,0.));
#13863 = ADVANCED_FACE('',(#13864),#13875,.F.);
#13864 = FACE_BOUND('',#13865,.T.);
#13865 = EDGE_LOOP('',(#13866,#13867,#13873,#13874));
#13866 = ORIENTED_EDGE('',*,*,#11806,.T.);
#13867 = ORIENTED_EDGE('',*,*,#13868,.T.);
#13868 = EDGE_CURVE('',#11807,#12804,#13869,.T.);
#13869 = LINE('',#13870,#13871);
#13870 = CARTESIAN_POINT('',(122.,-129.05,-4.6E-02));
#13871 = VECTOR('',#13872,1.);
#13872 = DIRECTION('',(0.,0.,1.));
#13873 = ORIENTED_EDGE('',*,*,#12803,.F.);
#13874 = ORIENTED_EDGE('',*,*,#13868,.F.);
#13875 = CYLINDRICAL_SURFACE('',#13876,0.55);
#13876 = AXIS2_PLACEMENT_3D('',#13877,#13878,#13879);
#13877 = CARTESIAN_POINT('',(122.,-128.5,-4.6E-02));
#13878 = DIRECTION('',(-0.,-0.,-1.));
#13879 = DIRECTION('',(-0.,-1.,0.));
#13880 = ADVANCED_FACE('',(#13881),#13892,.F.);
#13881 = FACE_BOUND('',#13882,.T.);
#13882 = EDGE_LOOP('',(#13883,#13884,#13890,#13891));
#13883 = ORIENTED_EDGE('',*,*,#11817,.T.);
#13884 = ORIENTED_EDGE('',*,*,#13885,.T.);
#13885 = EDGE_CURVE('',#11818,#12815,#13886,.T.);
#13886 = LINE('',#13887,#13888);
#13887 = CARTESIAN_POINT('',(116.,-128.5,-4.6E-02));
#13888 = VECTOR('',#13889,1.);
#13889 = DIRECTION('',(0.,0.,1.));
#13890 = ORIENTED_EDGE('',*,*,#12814,.F.);
#13891 = ORIENTED_EDGE('',*,*,#13885,.F.);
#13892 = CYLINDRICAL_SURFACE('',#13893,0.5);
#13893 = AXIS2_PLACEMENT_3D('',#13894,#13895,#13896);
#13894 = CARTESIAN_POINT('',(116.,-128.,-4.6E-02));
#13895 = DIRECTION('',(-0.,-0.,-1.));
#13896 = DIRECTION('',(-0.,-1.,0.));
#13897 = ADVANCED_FACE('',(#13898),#13909,.F.);
#13898 = FACE_BOUND('',#13899,.T.);
#13899 = EDGE_LOOP('',(#13900,#13901,#13907,#13908));
#13900 = ORIENTED_EDGE('',*,*,#11828,.T.);
#13901 = ORIENTED_EDGE('',*,*,#13902,.T.);
#13902 = EDGE_CURVE('',#11829,#12826,#13903,.T.);
#13903 = LINE('',#13904,#13905);
#13904 = CARTESIAN_POINT('',(118.54,-128.5,-4.6E-02));
#13905 = VECTOR('',#13906,1.);
#13906 = DIRECTION('',(0.,0.,1.));
#13907 = ORIENTED_EDGE('',*,*,#12825,.F.);
#13908 = ORIENTED_EDGE('',*,*,#13902,.F.);
#13909 = CYLINDRICAL_SURFACE('',#13910,0.5);
#13910 = AXIS2_PLACEMENT_3D('',#13911,#13912,#13913);
#13911 = CARTESIAN_POINT('',(118.54,-128.,-4.6E-02));
#13912 = DIRECTION('',(-0.,-0.,-1.));
#13913 = DIRECTION('',(-0.,-1.,0.));
#13914 = ADVANCED_FACE('',(#13915),#13926,.F.);
#13915 = FACE_BOUND('',#13916,.T.);
#13916 = EDGE_LOOP('',(#13917,#13918,#13924,#13925));
#13917 = ORIENTED_EDGE('',*,*,#11839,.T.);
#13918 = ORIENTED_EDGE('',*,*,#13919,.T.);
#13919 = EDGE_CURVE('',#11840,#12837,#13920,.T.);
#13920 = LINE('',#13921,#13922);
#13921 = CARTESIAN_POINT('',(126.,-128.44,-4.6E-02));
#13922 = VECTOR('',#13923,1.);
#13923 = DIRECTION('',(0.,0.,1.));
#13924 = ORIENTED_EDGE('',*,*,#12836,.F.);
#13925 = ORIENTED_EDGE('',*,*,#13919,.F.);
#13926 = CYLINDRICAL_SURFACE('',#13927,0.4);
#13927 = AXIS2_PLACEMENT_3D('',#13928,#13929,#13930);
#13928 = CARTESIAN_POINT('',(126.,-128.04,-4.6E-02));
#13929 = DIRECTION('',(-0.,-0.,-1.));
#13930 = DIRECTION('',(-0.,-1.,0.));
#13931 = ADVANCED_FACE('',(#13932),#13943,.F.);
#13932 = FACE_BOUND('',#13933,.T.);
#13933 = EDGE_LOOP('',(#13934,#13935,#13941,#13942));
#13934 = ORIENTED_EDGE('',*,*,#11850,.T.);
#13935 = ORIENTED_EDGE('',*,*,#13936,.T.);
#13936 = EDGE_CURVE('',#11851,#12848,#13937,.T.);
#13937 = LINE('',#13938,#13939);
#13938 = CARTESIAN_POINT('',(122.,-123.97,-4.6E-02));
#13939 = VECTOR('',#13940,1.);
#13940 = DIRECTION('',(0.,0.,1.));
#13941 = ORIENTED_EDGE('',*,*,#12847,.F.);
#13942 = ORIENTED_EDGE('',*,*,#13936,.F.);
#13943 = CYLINDRICAL_SURFACE('',#13944,0.55);
#13944 = AXIS2_PLACEMENT_3D('',#13945,#13946,#13947);
#13945 = CARTESIAN_POINT('',(122.,-123.42,-4.6E-02));
#13946 = DIRECTION('',(-0.,-0.,-1.));
#13947 = DIRECTION('',(-0.,-1.,0.));
#13948 = ADVANCED_FACE('',(#13949),#13960,.F.);
#13949 = FACE_BOUND('',#13950,.T.);
#13950 = EDGE_LOOP('',(#13951,#13952,#13958,#13959));
#13951 = ORIENTED_EDGE('',*,*,#11861,.T.);
#13952 = ORIENTED_EDGE('',*,*,#13953,.T.);
#13953 = EDGE_CURVE('',#11862,#12859,#13954,.T.);
#13954 = LINE('',#13955,#13956);
#13955 = CARTESIAN_POINT('',(126.,-125.9,-4.6E-02));
#13956 = VECTOR('',#13957,1.);
#13957 = DIRECTION('',(0.,0.,1.));
#13958 = ORIENTED_EDGE('',*,*,#12858,.F.);
#13959 = ORIENTED_EDGE('',*,*,#13953,.F.);
#13960 = CYLINDRICAL_SURFACE('',#13961,0.4);
#13961 = AXIS2_PLACEMENT_3D('',#13962,#13963,#13964);
#13962 = CARTESIAN_POINT('',(126.,-125.5,-4.6E-02));
#13963 = DIRECTION('',(-0.,-0.,-1.));
#13964 = DIRECTION('',(-0.,-1.,0.));
#13965 = ADVANCED_FACE('',(#13966),#13977,.F.);
#13966 = FACE_BOUND('',#13967,.T.);
#13967 = EDGE_LOOP('',(#13968,#13969,#13975,#13976));
#13968 = ORIENTED_EDGE('',*,*,#11872,.T.);
#13969 = ORIENTED_EDGE('',*,*,#13970,.T.);
#13970 = EDGE_CURVE('',#11873,#12870,#13971,.T.);
#13971 = LINE('',#13972,#13973);
#13972 = CARTESIAN_POINT('',(130.,-128.44,-4.6E-02));
#13973 = VECTOR('',#13974,1.);
#13974 = DIRECTION('',(0.,0.,1.));
#13975 = ORIENTED_EDGE('',*,*,#12869,.F.);
#13976 = ORIENTED_EDGE('',*,*,#13970,.F.);
#13977 = CYLINDRICAL_SURFACE('',#13978,0.4);
#13978 = AXIS2_PLACEMENT_3D('',#13979,#13980,#13981);
#13979 = CARTESIAN_POINT('',(130.,-128.04,-4.6E-02));
#13980 = DIRECTION('',(-0.,-0.,-1.));
#13981 = DIRECTION('',(-0.,-1.,0.));
#13982 = ADVANCED_FACE('',(#13983),#13994,.F.);
#13983 = FACE_BOUND('',#13984,.T.);
#13984 = EDGE_LOOP('',(#13985,#13986,#13992,#13993));
#13985 = ORIENTED_EDGE('',*,*,#11883,.T.);
#13986 = ORIENTED_EDGE('',*,*,#13987,.T.);
#13987 = EDGE_CURVE('',#11884,#12881,#13988,.T.);
#13988 = LINE('',#13989,#13990);
#13989 = CARTESIAN_POINT('',(130.,-125.9,-4.6E-02));
#13990 = VECTOR('',#13991,1.);
#13991 = DIRECTION('',(0.,0.,1.));
#13992 = ORIENTED_EDGE('',*,*,#12880,.F.);
#13993 = ORIENTED_EDGE('',*,*,#13987,.F.);
#13994 = CYLINDRICAL_SURFACE('',#13995,0.4);
#13995 = AXIS2_PLACEMENT_3D('',#13996,#13997,#13998);
#13996 = CARTESIAN_POINT('',(130.,-125.5,-4.6E-02));
#13997 = DIRECTION('',(-0.,-0.,-1.));
#13998 = DIRECTION('',(-0.,-1.,0.));
#13999 = ADVANCED_FACE('',(#14000),#14011,.F.);
#14000 = FACE_BOUND('',#14001,.T.);
#14001 = EDGE_LOOP('',(#14002,#14003,#14009,#14010));
#14002 = ORIENTED_EDGE('',*,*,#11894,.T.);
#14003 = ORIENTED_EDGE('',*,*,#14004,.T.);
#14004 = EDGE_CURVE('',#11895,#12892,#14005,.T.);
#14005 = LINE('',#14006,#14007);
#14006 = CARTESIAN_POINT('',(136.,-127.8,-4.6E-02));
#14007 = VECTOR('',#14008,1.);
#14008 = DIRECTION('',(0.,0.,1.));
#14009 = ORIENTED_EDGE('',*,*,#12891,.F.);
#14010 = ORIENTED_EDGE('',*,*,#14004,.F.);
#14011 = CYLINDRICAL_SURFACE('',#14012,0.4);
#14012 = AXIS2_PLACEMENT_3D('',#14013,#14014,#14015);
#14013 = CARTESIAN_POINT('',(136.,-127.4,-4.6E-02));
#14014 = DIRECTION('',(-0.,-0.,-1.));
#14015 = DIRECTION('',(-0.,-1.,0.));
#14016 = ADVANCED_FACE('',(#14017),#14028,.F.);
#14017 = FACE_BOUND('',#14018,.T.);
#14018 = EDGE_LOOP('',(#14019,#14020,#14026,#14027));
#14019 = ORIENTED_EDGE('',*,*,#11905,.T.);
#14020 = ORIENTED_EDGE('',*,*,#14021,.T.);
#14021 = EDGE_CURVE('',#11906,#12903,#14022,.T.);
#14022 = LINE('',#14023,#14024);
#14023 = CARTESIAN_POINT('',(131.,-122.72,-4.6E-02));
#14024 = VECTOR('',#14025,1.);
#14025 = DIRECTION('',(0.,0.,1.));
#14026 = ORIENTED_EDGE('',*,*,#12902,.F.);
#14027 = ORIENTED_EDGE('',*,*,#14021,.F.);
#14028 = CYLINDRICAL_SURFACE('',#14029,0.4);
#14029 = AXIS2_PLACEMENT_3D('',#14030,#14031,#14032);
#14030 = CARTESIAN_POINT('',(131.,-122.32,-4.6E-02));
#14031 = DIRECTION('',(-0.,-0.,-1.));
#14032 = DIRECTION('',(-0.,-1.,0.));
#14033 = ADVANCED_FACE('',(#14034),#14045,.F.);
#14034 = FACE_BOUND('',#14035,.T.);
#14035 = EDGE_LOOP('',(#14036,#14037,#14043,#14044));
#14036 = ORIENTED_EDGE('',*,*,#11916,.T.);
#14037 = ORIENTED_EDGE('',*,*,#14038,.T.);
#14038 = EDGE_CURVE('',#11917,#12914,#14039,.T.);
#14039 = LINE('',#14040,#14041);
#14040 = CARTESIAN_POINT('',(136.,-122.72,-4.6E-02));
#14041 = VECTOR('',#14042,1.);
#14042 = DIRECTION('',(0.,0.,1.));
#14043 = ORIENTED_EDGE('',*,*,#12913,.F.);
#14044 = ORIENTED_EDGE('',*,*,#14038,.F.);
#14045 = CYLINDRICAL_SURFACE('',#14046,0.4);
#14046 = AXIS2_PLACEMENT_3D('',#14047,#14048,#14049);
#14047 = CARTESIAN_POINT('',(136.,-122.32,-4.6E-02));
#14048 = DIRECTION('',(-0.,-0.,-1.));
#14049 = DIRECTION('',(-0.,-1.,0.));
#14050 = ADVANCED_FACE('',(#14051),#14062,.F.);
#14051 = FACE_BOUND('',#14052,.T.);
#14052 = EDGE_LOOP('',(#14053,#14054,#14060,#14061));
#14053 = ORIENTED_EDGE('',*,*,#11927,.T.);
#14054 = ORIENTED_EDGE('',*,*,#14055,.T.);
#14055 = EDGE_CURVE('',#11928,#12925,#14056,.T.);
#14056 = LINE('',#14057,#14058);
#14057 = CARTESIAN_POINT('',(140.,-122.72,-4.6E-02));
#14058 = VECTOR('',#14059,1.);
#14059 = DIRECTION('',(0.,0.,1.));
#14060 = ORIENTED_EDGE('',*,*,#12924,.F.);
#14061 = ORIENTED_EDGE('',*,*,#14055,.F.);
#14062 = CYLINDRICAL_SURFACE('',#14063,0.4);
#14063 = AXIS2_PLACEMENT_3D('',#14064,#14065,#14066);
#14064 = CARTESIAN_POINT('',(140.,-122.32,-4.6E-02));
#14065 = DIRECTION('',(-0.,-0.,-1.));
#14066 = DIRECTION('',(-0.,-1.,0.));
#14067 = ADVANCED_FACE('',(#14068),#14079,.F.);
#14068 = FACE_BOUND('',#14069,.T.);
#14069 = EDGE_LOOP('',(#14070,#14071,#14077,#14078));
#14070 = ORIENTED_EDGE('',*,*,#11938,.T.);
#14071 = ORIENTED_EDGE('',*,*,#14072,.T.);
#14072 = EDGE_CURVE('',#11939,#12936,#14073,.T.);
#14073 = LINE('',#14074,#14075);
#14074 = CARTESIAN_POINT('',(166.5,-138.1,-4.6E-02));
#14075 = VECTOR('',#14076,1.);
#14076 = DIRECTION('',(0.,0.,1.));
#14077 = ORIENTED_EDGE('',*,*,#12935,.F.);
#14078 = ORIENTED_EDGE('',*,*,#14072,.F.);
#14079 = CYLINDRICAL_SURFACE('',#14080,1.6);
#14080 = AXIS2_PLACEMENT_3D('',#14081,#14082,#14083);
#14081 = CARTESIAN_POINT('',(166.5,-136.5,-4.6E-02));
#14082 = DIRECTION('',(-0.,-0.,-1.));
#14083 = DIRECTION('',(-0.,-1.,0.));
#14084 = ADVANCED_FACE('',(#14085),#14096,.F.);
#14085 = FACE_BOUND('',#14086,.T.);
#14086 = EDGE_LOOP('',(#14087,#14088,#14094,#14095));
#14087 = ORIENTED_EDGE('',*,*,#11949,.T.);
#14088 = ORIENTED_EDGE('',*,*,#14089,.T.);
#14089 = EDGE_CURVE('',#11950,#12947,#14090,.T.);
#14090 = LINE('',#14091,#14092);
#14091 = CARTESIAN_POINT('',(144.5,-128.45,-4.6E-02));
#14092 = VECTOR('',#14093,1.);
#14093 = DIRECTION('',(0.,0.,1.));
#14094 = ORIENTED_EDGE('',*,*,#12946,.F.);
#14095 = ORIENTED_EDGE('',*,*,#14089,.F.);
#14096 = CYLINDRICAL_SURFACE('',#14097,0.45);
#14097 = AXIS2_PLACEMENT_3D('',#14098,#14099,#14100);
#14098 = CARTESIAN_POINT('',(144.5,-128.,-4.6E-02));
#14099 = DIRECTION('',(-0.,-0.,-1.));
#14100 = DIRECTION('',(-0.,-1.,0.));
#14101 = ADVANCED_FACE('',(#14102),#14113,.F.);
#14102 = FACE_BOUND('',#14103,.T.);
#14103 = EDGE_LOOP('',(#14104,#14105,#14111,#14112));
#14104 = ORIENTED_EDGE('',*,*,#11960,.T.);
#14105 = ORIENTED_EDGE('',*,*,#14106,.T.);
#14106 = EDGE_CURVE('',#11961,#12958,#14107,.T.);
#14107 = LINE('',#14108,#14109);
#14108 = CARTESIAN_POINT('',(144.5,-125.91,-4.6E-02));
#14109 = VECTOR('',#14110,1.);
#14110 = DIRECTION('',(0.,0.,1.));
#14111 = ORIENTED_EDGE('',*,*,#12957,.F.);
#14112 = ORIENTED_EDGE('',*,*,#14106,.F.);
#14113 = CYLINDRICAL_SURFACE('',#14114,0.45);
#14114 = AXIS2_PLACEMENT_3D('',#14115,#14116,#14117);
#14115 = CARTESIAN_POINT('',(144.5,-125.46,-4.6E-02));
#14116 = DIRECTION('',(-0.,-0.,-1.));
#14117 = DIRECTION('',(-0.,-1.,0.));
#14118 = ADVANCED_FACE('',(#14119),#14130,.F.);
#14119 = FACE_BOUND('',#14120,.T.);
#14120 = EDGE_LOOP('',(#14121,#14122,#14128,#14129));
#14121 = ORIENTED_EDGE('',*,*,#11971,.T.);
#14122 = ORIENTED_EDGE('',*,*,#14123,.T.);
#14123 = EDGE_CURVE('',#11972,#12969,#14124,.T.);
#14124 = LINE('',#14125,#14126);
#14125 = CARTESIAN_POINT('',(144.5,-120.98,-4.6E-02));
#14126 = VECTOR('',#14127,1.);
#14127 = DIRECTION('',(0.,0.,1.));
#14128 = ORIENTED_EDGE('',*,*,#12968,.F.);
#14129 = ORIENTED_EDGE('',*,*,#14123,.F.);
#14130 = CYLINDRICAL_SURFACE('',#14131,0.4);
#14131 = AXIS2_PLACEMENT_3D('',#14132,#14133,#14134);
#14132 = CARTESIAN_POINT('',(144.5,-120.58,-4.6E-02));
#14133 = DIRECTION('',(-0.,-0.,-1.));
#14134 = DIRECTION('',(-0.,-1.,0.));
#14135 = ADVANCED_FACE('',(#14136),#14147,.F.);
#14136 = FACE_BOUND('',#14137,.T.);
#14137 = EDGE_LOOP('',(#14138,#14139,#14145,#14146));
#14138 = ORIENTED_EDGE('',*,*,#11982,.T.);
#14139 = ORIENTED_EDGE('',*,*,#14140,.T.);
#14140 = EDGE_CURVE('',#11983,#12980,#14141,.T.);
#14141 = LINE('',#14142,#14143);
#14142 = CARTESIAN_POINT('',(126.,-117.64,-4.6E-02));
#14143 = VECTOR('',#14144,1.);
#14144 = DIRECTION('',(0.,0.,1.));
#14145 = ORIENTED_EDGE('',*,*,#12979,.F.);
#14146 = ORIENTED_EDGE('',*,*,#14140,.F.);
#14147 = CYLINDRICAL_SURFACE('',#14148,0.4);
#14148 = AXIS2_PLACEMENT_3D('',#14149,#14150,#14151);
#14149 = CARTESIAN_POINT('',(126.,-117.24,-4.6E-02));
#14150 = DIRECTION('',(-0.,-0.,-1.));
#14151 = DIRECTION('',(-0.,-1.,0.));
#14152 = ADVANCED_FACE('',(#14153),#14164,.F.);
#14153 = FACE_BOUND('',#14154,.T.);
#14154 = EDGE_LOOP('',(#14155,#14156,#14162,#14163));
#14155 = ORIENTED_EDGE('',*,*,#11993,.T.);
#14156 = ORIENTED_EDGE('',*,*,#14157,.T.);
#14157 = EDGE_CURVE('',#11994,#12991,#14158,.T.);
#14158 = LINE('',#14159,#14160);
#14159 = CARTESIAN_POINT('',(121.,-112.56,-4.6E-02));
#14160 = VECTOR('',#14161,1.);
#14161 = DIRECTION('',(0.,0.,1.));
#14162 = ORIENTED_EDGE('',*,*,#12990,.F.);
#14163 = ORIENTED_EDGE('',*,*,#14157,.F.);
#14164 = CYLINDRICAL_SURFACE('',#14165,0.4);
#14165 = AXIS2_PLACEMENT_3D('',#14166,#14167,#14168);
#14166 = CARTESIAN_POINT('',(121.,-112.16,-4.6E-02));
#14167 = DIRECTION('',(-0.,-0.,-1.));
#14168 = DIRECTION('',(-0.,-1.,0.));
#14169 = ADVANCED_FACE('',(#14170),#14181,.F.);
#14170 = FACE_BOUND('',#14171,.T.);
#14171 = EDGE_LOOP('',(#14172,#14173,#14179,#14180));
#14172 = ORIENTED_EDGE('',*,*,#12004,.T.);
#14173 = ORIENTED_EDGE('',*,*,#14174,.T.);
#14174 = EDGE_CURVE('',#12005,#13002,#14175,.T.);
#14175 = LINE('',#14176,#14177);
#14176 = CARTESIAN_POINT('',(126.,-112.56,-4.6E-02));
#14177 = VECTOR('',#14178,1.);
#14178 = DIRECTION('',(0.,0.,1.));
#14179 = ORIENTED_EDGE('',*,*,#13001,.F.);
#14180 = ORIENTED_EDGE('',*,*,#14174,.F.);
#14181 = CYLINDRICAL_SURFACE('',#14182,0.4);
#14182 = AXIS2_PLACEMENT_3D('',#14183,#14184,#14185);
#14183 = CARTESIAN_POINT('',(126.,-112.16,-4.6E-02));
#14184 = DIRECTION('',(-0.,-0.,-1.));
#14185 = DIRECTION('',(-0.,-1.,0.));
#14186 = ADVANCED_FACE('',(#14187),#14198,.F.);
#14187 = FACE_BOUND('',#14188,.T.);
#14188 = EDGE_LOOP('',(#14189,#14190,#14196,#14197));
#14189 = ORIENTED_EDGE('',*,*,#12015,.T.);
#14190 = ORIENTED_EDGE('',*,*,#14191,.T.);
#14191 = EDGE_CURVE('',#12016,#13013,#14192,.T.);
#14192 = LINE('',#14193,#14194);
#14193 = CARTESIAN_POINT('',(131.,-117.64,-4.6E-02));
#14194 = VECTOR('',#14195,1.);
#14195 = DIRECTION('',(0.,0.,1.));
#14196 = ORIENTED_EDGE('',*,*,#13012,.F.);
#14197 = ORIENTED_EDGE('',*,*,#14191,.F.);
#14198 = CYLINDRICAL_SURFACE('',#14199,0.4);
#14199 = AXIS2_PLACEMENT_3D('',#14200,#14201,#14202);
#14200 = CARTESIAN_POINT('',(131.,-117.24,-4.6E-02));
#14201 = DIRECTION('',(-0.,-0.,-1.));
#14202 = DIRECTION('',(-0.,-1.,0.));
#14203 = ADVANCED_FACE('',(#14204),#14215,.F.);
#14204 = FACE_BOUND('',#14205,.T.);
#14205 = EDGE_LOOP('',(#14206,#14207,#14213,#14214));
#14206 = ORIENTED_EDGE('',*,*,#12026,.T.);
#14207 = ORIENTED_EDGE('',*,*,#14208,.T.);
#14208 = EDGE_CURVE('',#12027,#13024,#14209,.T.);
#14209 = LINE('',#14210,#14211);
#14210 = CARTESIAN_POINT('',(135.,-117.64,-4.6E-02));
#14211 = VECTOR('',#14212,1.);
#14212 = DIRECTION('',(0.,0.,1.));
#14213 = ORIENTED_EDGE('',*,*,#13023,.F.);
#14214 = ORIENTED_EDGE('',*,*,#14208,.F.);
#14215 = CYLINDRICAL_SURFACE('',#14216,0.4);
#14216 = AXIS2_PLACEMENT_3D('',#14217,#14218,#14219);
#14217 = CARTESIAN_POINT('',(135.,-117.24,-4.6E-02));
#14218 = DIRECTION('',(-0.,-0.,-1.));
#14219 = DIRECTION('',(-0.,-1.,0.));
#14220 = ADVANCED_FACE('',(#14221),#14232,.F.);
#14221 = FACE_BOUND('',#14222,.T.);
#14222 = EDGE_LOOP('',(#14223,#14224,#14230,#14231));
#14223 = ORIENTED_EDGE('',*,*,#12037,.T.);
#14224 = ORIENTED_EDGE('',*,*,#14225,.T.);
#14225 = EDGE_CURVE('',#12038,#13035,#14226,.T.);
#14226 = LINE('',#14227,#14228);
#14227 = CARTESIAN_POINT('',(140.,-117.64,-4.6E-02));
#14228 = VECTOR('',#14229,1.);
#14229 = DIRECTION('',(0.,0.,1.));
#14230 = ORIENTED_EDGE('',*,*,#13034,.F.);
#14231 = ORIENTED_EDGE('',*,*,#14225,.F.);
#14232 = CYLINDRICAL_SURFACE('',#14233,0.4);
#14233 = AXIS2_PLACEMENT_3D('',#14234,#14235,#14236);
#14234 = CARTESIAN_POINT('',(140.,-117.24,-4.6E-02));
#14235 = DIRECTION('',(-0.,-0.,-1.));
#14236 = DIRECTION('',(-0.,-1.,0.));
#14237 = ADVANCED_FACE('',(#14238),#14249,.F.);
#14238 = FACE_BOUND('',#14239,.T.);
#14239 = EDGE_LOOP('',(#14240,#14241,#14247,#14248));
#14240 = ORIENTED_EDGE('',*,*,#12048,.T.);
#14241 = ORIENTED_EDGE('',*,*,#14242,.T.);
#14242 = EDGE_CURVE('',#12049,#13046,#14243,.T.);
#14243 = LINE('',#14244,#14245);
#14244 = CARTESIAN_POINT('',(130.,-112.56,-4.6E-02));
#14245 = VECTOR('',#14246,1.);
#14246 = DIRECTION('',(0.,0.,1.));
#14247 = ORIENTED_EDGE('',*,*,#13045,.F.);
#14248 = ORIENTED_EDGE('',*,*,#14242,.F.);
#14249 = CYLINDRICAL_SURFACE('',#14250,0.4);
#14250 = AXIS2_PLACEMENT_3D('',#14251,#14252,#14253);
#14251 = CARTESIAN_POINT('',(130.,-112.16,-4.6E-02));
#14252 = DIRECTION('',(-0.,-0.,-1.));
#14253 = DIRECTION('',(-0.,-1.,0.));
#14254 = ADVANCED_FACE('',(#14255),#14266,.F.);
#14255 = FACE_BOUND('',#14256,.T.);
#14256 = EDGE_LOOP('',(#14257,#14258,#14264,#14265));
#14257 = ORIENTED_EDGE('',*,*,#12059,.T.);
#14258 = ORIENTED_EDGE('',*,*,#14259,.T.);
#14259 = EDGE_CURVE('',#12060,#13057,#14260,.T.);
#14260 = LINE('',#14261,#14262);
#14261 = CARTESIAN_POINT('',(135.,-112.56,-4.6E-02));
#14262 = VECTOR('',#14263,1.);
#14263 = DIRECTION('',(0.,0.,1.));
#14264 = ORIENTED_EDGE('',*,*,#13056,.F.);
#14265 = ORIENTED_EDGE('',*,*,#14259,.F.);
#14266 = CYLINDRICAL_SURFACE('',#14267,0.4);
#14267 = AXIS2_PLACEMENT_3D('',#14268,#14269,#14270);
#14268 = CARTESIAN_POINT('',(135.,-112.16,-4.6E-02));
#14269 = DIRECTION('',(-0.,-0.,-1.));
#14270 = DIRECTION('',(-0.,-1.,0.));
#14271 = ADVANCED_FACE('',(#14272),#14283,.F.);
#14272 = FACE_BOUND('',#14273,.T.);
#14273 = EDGE_LOOP('',(#14274,#14275,#14281,#14282));
#14274 = ORIENTED_EDGE('',*,*,#12070,.T.);
#14275 = ORIENTED_EDGE('',*,*,#14276,.T.);
#14276 = EDGE_CURVE('',#12071,#13068,#14277,.T.);
#14277 = LINE('',#14278,#14279);
#14278 = CARTESIAN_POINT('',(116.,-107.48,-4.6E-02));
#14279 = VECTOR('',#14280,1.);
#14280 = DIRECTION('',(0.,0.,1.));
#14281 = ORIENTED_EDGE('',*,*,#13067,.F.);
#14282 = ORIENTED_EDGE('',*,*,#14276,.F.);
#14283 = CYLINDRICAL_SURFACE('',#14284,0.4);
#14284 = AXIS2_PLACEMENT_3D('',#14285,#14286,#14287);
#14285 = CARTESIAN_POINT('',(116.,-107.08,-4.6E-02));
#14286 = DIRECTION('',(-0.,-0.,-1.));
#14287 = DIRECTION('',(-0.,-1.,0.));
#14288 = ADVANCED_FACE('',(#14289),#14300,.F.);
#14289 = FACE_BOUND('',#14290,.T.);
#14290 = EDGE_LOOP('',(#14291,#14292,#14298,#14299));
#14291 = ORIENTED_EDGE('',*,*,#12081,.T.);
#14292 = ORIENTED_EDGE('',*,*,#14293,.T.);
#14293 = EDGE_CURVE('',#12082,#13079,#14294,.T.);
#14294 = LINE('',#14295,#14296);
#14295 = CARTESIAN_POINT('',(121.,-107.48,-4.6E-02));
#14296 = VECTOR('',#14297,1.);
#14297 = DIRECTION('',(0.,0.,1.));
#14298 = ORIENTED_EDGE('',*,*,#13078,.F.);
#14299 = ORIENTED_EDGE('',*,*,#14293,.F.);
#14300 = CYLINDRICAL_SURFACE('',#14301,0.4);
#14301 = AXIS2_PLACEMENT_3D('',#14302,#14303,#14304);
#14302 = CARTESIAN_POINT('',(121.,-107.08,-4.6E-02));
#14303 = DIRECTION('',(-0.,-0.,-1.));
#14304 = DIRECTION('',(-0.,-1.,0.));
#14305 = ADVANCED_FACE('',(#14306),#14317,.F.);
#14306 = FACE_BOUND('',#14307,.T.);
#14307 = EDGE_LOOP('',(#14308,#14309,#14315,#14316));
#14308 = ORIENTED_EDGE('',*,*,#12092,.T.);
#14309 = ORIENTED_EDGE('',*,*,#14310,.T.);
#14310 = EDGE_CURVE('',#12093,#13090,#14311,.T.);
#14311 = LINE('',#14312,#14313);
#14312 = CARTESIAN_POINT('',(125.,-107.48,-4.6E-02));
#14313 = VECTOR('',#14314,1.);
#14314 = DIRECTION('',(0.,0.,1.));
#14315 = ORIENTED_EDGE('',*,*,#13089,.F.);
#14316 = ORIENTED_EDGE('',*,*,#14310,.F.);
#14317 = CYLINDRICAL_SURFACE('',#14318,0.4);
#14318 = AXIS2_PLACEMENT_3D('',#14319,#14320,#14321);
#14319 = CARTESIAN_POINT('',(125.,-107.08,-4.6E-02));
#14320 = DIRECTION('',(-0.,-0.,-1.));
#14321 = DIRECTION('',(-0.,-1.,0.));
#14322 = ADVANCED_FACE('',(#14323),#14334,.F.);
#14323 = FACE_BOUND('',#14324,.T.);
#14324 = EDGE_LOOP('',(#14325,#14326,#14332,#14333));
#14325 = ORIENTED_EDGE('',*,*,#12103,.T.);
#14326 = ORIENTED_EDGE('',*,*,#14327,.T.);
#14327 = EDGE_CURVE('',#12104,#13101,#14328,.T.);
#14328 = LINE('',#14329,#14330);
#14329 = CARTESIAN_POINT('',(116.,-102.4,-4.6E-02));
#14330 = VECTOR('',#14331,1.);
#14331 = DIRECTION('',(0.,0.,1.));
#14332 = ORIENTED_EDGE('',*,*,#13100,.F.);
#14333 = ORIENTED_EDGE('',*,*,#14327,.F.);
#14334 = CYLINDRICAL_SURFACE('',#14335,0.4);
#14335 = AXIS2_PLACEMENT_3D('',#14336,#14337,#14338);
#14336 = CARTESIAN_POINT('',(116.,-102.,-4.6E-02));
#14337 = DIRECTION('',(-0.,-0.,-1.));
#14338 = DIRECTION('',(-0.,-1.,0.));
#14339 = ADVANCED_FACE('',(#14340),#14351,.F.);
#14340 = FACE_BOUND('',#14341,.T.);
#14341 = EDGE_LOOP('',(#14342,#14343,#14349,#14350));
#14342 = ORIENTED_EDGE('',*,*,#12114,.T.);
#14343 = ORIENTED_EDGE('',*,*,#14344,.T.);
#14344 = EDGE_CURVE('',#12115,#13112,#14345,.T.);
#14345 = LINE('',#14346,#14347);
#14346 = CARTESIAN_POINT('',(125.,-102.4,-4.6E-02));
#14347 = VECTOR('',#14348,1.);
#14348 = DIRECTION('',(0.,0.,1.));
#14349 = ORIENTED_EDGE('',*,*,#13111,.F.);
#14350 = ORIENTED_EDGE('',*,*,#14344,.F.);
#14351 = CYLINDRICAL_SURFACE('',#14352,0.4);
#14352 = AXIS2_PLACEMENT_3D('',#14353,#14354,#14355);
#14353 = CARTESIAN_POINT('',(125.,-102.,-4.6E-02));
#14354 = DIRECTION('',(-0.,-0.,-1.));
#14355 = DIRECTION('',(-0.,-1.,0.));
#14356 = ADVANCED_FACE('',(#14357),#14368,.F.);
#14357 = FACE_BOUND('',#14358,.T.);
#14358 = EDGE_LOOP('',(#14359,#14360,#14366,#14367));
#14359 = ORIENTED_EDGE('',*,*,#12125,.T.);
#14360 = ORIENTED_EDGE('',*,*,#14361,.T.);
#14361 = EDGE_CURVE('',#12126,#13123,#14362,.T.);
#14362 = LINE('',#14363,#14364);
#14363 = CARTESIAN_POINT('',(130.,-107.48,-4.6E-02));
#14364 = VECTOR('',#14365,1.);
#14365 = DIRECTION('',(0.,0.,1.));
#14366 = ORIENTED_EDGE('',*,*,#13122,.F.);
#14367 = ORIENTED_EDGE('',*,*,#14361,.F.);
#14368 = CYLINDRICAL_SURFACE('',#14369,0.4);
#14369 = AXIS2_PLACEMENT_3D('',#14370,#14371,#14372);
#14370 = CARTESIAN_POINT('',(130.,-107.08,-4.6E-02));
#14371 = DIRECTION('',(-0.,-0.,-1.));
#14372 = DIRECTION('',(-0.,-1.,0.));
#14373 = ADVANCED_FACE('',(#14374),#14385,.F.);
#14374 = FACE_BOUND('',#14375,.T.);
#14375 = EDGE_LOOP('',(#14376,#14377,#14383,#14384));
#14376 = ORIENTED_EDGE('',*,*,#12136,.T.);
#14377 = ORIENTED_EDGE('',*,*,#14378,.T.);
#14378 = EDGE_CURVE('',#12137,#13134,#14379,.T.);
#14379 = LINE('',#14380,#14381);
#14380 = CARTESIAN_POINT('',(144.5,-115.9,-4.6E-02));
#14381 = VECTOR('',#14382,1.);
#14382 = DIRECTION('',(0.,0.,1.));
#14383 = ORIENTED_EDGE('',*,*,#13133,.F.);
#14384 = ORIENTED_EDGE('',*,*,#14378,.F.);
#14385 = CYLINDRICAL_SURFACE('',#14386,0.4);
#14386 = AXIS2_PLACEMENT_3D('',#14387,#14388,#14389);
#14387 = CARTESIAN_POINT('',(144.5,-115.5,-4.6E-02));
#14388 = DIRECTION('',(-0.,-0.,-1.));
#14389 = DIRECTION('',(-0.,-1.,0.));
#14390 = ADVANCED_FACE('',(#14391),#14402,.F.);
#14391 = FACE_BOUND('',#14392,.T.);
#14392 = EDGE_LOOP('',(#14393,#14394,#14400,#14401));
#14393 = ORIENTED_EDGE('',*,*,#12147,.T.);
#14394 = ORIENTED_EDGE('',*,*,#14395,.T.);
#14395 = EDGE_CURVE('',#12148,#13145,#14396,.T.);
#14396 = LINE('',#14397,#14398);
#14397 = CARTESIAN_POINT('',(166.5,-109.6,-4.6E-02));
#14398 = VECTOR('',#14399,1.);
#14399 = DIRECTION('',(0.,0.,1.));
#14400 = ORIENTED_EDGE('',*,*,#13144,.F.);
#14401 = ORIENTED_EDGE('',*,*,#14395,.F.);
#14402 = CYLINDRICAL_SURFACE('',#14403,1.6);
#14403 = AXIS2_PLACEMENT_3D('',#14404,#14405,#14406);
#14404 = CARTESIAN_POINT('',(166.5,-108.,-4.6E-02));
#14405 = DIRECTION('',(-0.,-0.,-1.));
#14406 = DIRECTION('',(-0.,-1.,0.));
#14407 = ADVANCED_FACE('',(#14408),#14419,.F.);
#14408 = FACE_BOUND('',#14409,.T.);
#14409 = EDGE_LOOP('',(#14410,#14411,#14417,#14418));
#14410 = ORIENTED_EDGE('',*,*,#12158,.T.);
#14411 = ORIENTED_EDGE('',*,*,#14412,.T.);
#14412 = EDGE_CURVE('',#12159,#13156,#14413,.T.);
#14413 = LINE('',#14414,#14415);
#14414 = CARTESIAN_POINT('',(150.5,-100.5,-4.6E-02));
#14415 = VECTOR('',#14416,1.);
#14416 = DIRECTION('',(0.,0.,1.));
#14417 = ORIENTED_EDGE('',*,*,#13155,.F.);
#14418 = ORIENTED_EDGE('',*,*,#14412,.F.);
#14419 = CYLINDRICAL_SURFACE('',#14420,0.5);
#14420 = AXIS2_PLACEMENT_3D('',#14421,#14422,#14423);
#14421 = CARTESIAN_POINT('',(150.5,-100.,-4.6E-02));
#14422 = DIRECTION('',(-0.,-0.,-1.));
#14423 = DIRECTION('',(-0.,-1.,0.));
#14424 = ADVANCED_FACE('',(#14425),#14436,.F.);
#14425 = FACE_BOUND('',#14426,.T.);
#14426 = EDGE_LOOP('',(#14427,#14428,#14434,#14435));
#14427 = ORIENTED_EDGE('',*,*,#12169,.T.);
#14428 = ORIENTED_EDGE('',*,*,#14429,.T.);
#14429 = EDGE_CURVE('',#12170,#13167,#14430,.T.);
#14430 = LINE('',#14431,#14432);
#14431 = CARTESIAN_POINT('',(163.,-100.5,-4.6E-02));
#14432 = VECTOR('',#14433,1.);
#14433 = DIRECTION('',(0.,0.,1.));
#14434 = ORIENTED_EDGE('',*,*,#13166,.F.);
#14435 = ORIENTED_EDGE('',*,*,#14429,.F.);
#14436 = CYLINDRICAL_SURFACE('',#14437,0.5);
#14437 = AXIS2_PLACEMENT_3D('',#14438,#14439,#14440);
#14438 = CARTESIAN_POINT('',(163.,-100.,-4.6E-02));
#14439 = DIRECTION('',(-0.,-0.,-1.));
#14440 = DIRECTION('',(-0.,-1.,0.));
#14441 = ADVANCED_FACE('',(#14442),#14453,.F.);
#14442 = FACE_BOUND('',#14443,.T.);
#14443 = EDGE_LOOP('',(#14444,#14445,#14451,#14452));
#14444 = ORIENTED_EDGE('',*,*,#12180,.T.);
#14445 = ORIENTED_EDGE('',*,*,#14446,.T.);
#14446 = EDGE_CURVE('',#12181,#13178,#14447,.T.);
#14447 = LINE('',#14448,#14449);
#14448 = CARTESIAN_POINT('',(65.,-91.175,-4.6E-02));
#14449 = VECTOR('',#14450,1.);
#14450 = DIRECTION('',(0.,0.,1.));
#14451 = ORIENTED_EDGE('',*,*,#13177,.F.);
#14452 = ORIENTED_EDGE('',*,*,#14446,.F.);
#14453 = CYLINDRICAL_SURFACE('',#14454,1.175);
#14454 = AXIS2_PLACEMENT_3D('',#14455,#14456,#14457);
#14455 = CARTESIAN_POINT('',(65.,-90.,-4.6E-02));
#14456 = DIRECTION('',(-0.,-0.,-1.));
#14457 = DIRECTION('',(-0.,-1.,0.));
#14458 = ADVANCED_FACE('',(#14459),#14470,.F.);
#14459 = FACE_BOUND('',#14460,.T.);
#14460 = EDGE_LOOP('',(#14461,#14462,#14468,#14469));
#14461 = ORIENTED_EDGE('',*,*,#12191,.T.);
#14462 = ORIENTED_EDGE('',*,*,#14463,.T.);
#14463 = EDGE_CURVE('',#12192,#13189,#14464,.T.);
#14464 = LINE('',#14465,#14466);
#14465 = CARTESIAN_POINT('',(72.5,-91.7,-4.6E-02));
#14466 = VECTOR('',#14467,1.);
#14467 = DIRECTION('',(0.,0.,1.));
#14468 = ORIENTED_EDGE('',*,*,#13188,.F.);
#14469 = ORIENTED_EDGE('',*,*,#14463,.F.);
#14470 = CYLINDRICAL_SURFACE('',#14471,1.7);
#14471 = AXIS2_PLACEMENT_3D('',#14472,#14473,#14474);
#14472 = CARTESIAN_POINT('',(72.5,-90.,-4.6E-02));
#14473 = DIRECTION('',(-0.,-0.,-1.));
#14474 = DIRECTION('',(-0.,-1.,0.));
#14475 = ADVANCED_FACE('',(#14476),#14487,.F.);
#14476 = FACE_BOUND('',#14477,.T.);
#14477 = EDGE_LOOP('',(#14478,#14479,#14485,#14486));
#14478 = ORIENTED_EDGE('',*,*,#12202,.T.);
#14479 = ORIENTED_EDGE('',*,*,#14480,.T.);
#14480 = EDGE_CURVE('',#12203,#13200,#14481,.T.);
#14481 = LINE('',#14482,#14483);
#14482 = CARTESIAN_POINT('',(80.,-91.175,-4.6E-02));
#14483 = VECTOR('',#14484,1.);
#14484 = DIRECTION('',(0.,0.,1.));
#14485 = ORIENTED_EDGE('',*,*,#13199,.F.);
#14486 = ORIENTED_EDGE('',*,*,#14480,.F.);
#14487 = CYLINDRICAL_SURFACE('',#14488,1.175);
#14488 = AXIS2_PLACEMENT_3D('',#14489,#14490,#14491);
#14489 = CARTESIAN_POINT('',(80.,-90.,-4.6E-02));
#14490 = DIRECTION('',(-0.,-0.,-1.));
#14491 = DIRECTION('',(-0.,-1.,0.));
#14492 = ADVANCED_FACE('',(#14493),#14504,.F.);
#14493 = FACE_BOUND('',#14494,.T.);
#14494 = EDGE_LOOP('',(#14495,#14496,#14502,#14503));
#14495 = ORIENTED_EDGE('',*,*,#12213,.T.);
#14496 = ORIENTED_EDGE('',*,*,#14497,.T.);
#14497 = EDGE_CURVE('',#12214,#13211,#14498,.T.);
#14498 = LINE('',#14499,#14500);
#14499 = CARTESIAN_POINT('',(95.,-91.175,-4.6E-02));
#14500 = VECTOR('',#14501,1.);
#14501 = DIRECTION('',(0.,0.,1.));
#14502 = ORIENTED_EDGE('',*,*,#13210,.F.);
#14503 = ORIENTED_EDGE('',*,*,#14497,.F.);
#14504 = CYLINDRICAL_SURFACE('',#14505,1.175);
#14505 = AXIS2_PLACEMENT_3D('',#14506,#14507,#14508);
#14506 = CARTESIAN_POINT('',(95.,-90.,-4.6E-02));
#14507 = DIRECTION('',(-0.,-0.,-1.));
#14508 = DIRECTION('',(-0.,-1.,0.));
#14509 = ADVANCED_FACE('',(#14510),#14521,.F.);
#14510 = FACE_BOUND('',#14511,.T.);
#14511 = EDGE_LOOP('',(#14512,#14513,#14519,#14520));
#14512 = ORIENTED_EDGE('',*,*,#12224,.T.);
#14513 = ORIENTED_EDGE('',*,*,#14514,.T.);
#14514 = EDGE_CURVE('',#12225,#13222,#14515,.T.);
#14515 = LINE('',#14516,#14517);
#14516 = CARTESIAN_POINT('',(102.5,-91.7,-4.6E-02));
#14517 = VECTOR('',#14518,1.);
#14518 = DIRECTION('',(0.,0.,1.));
#14519 = ORIENTED_EDGE('',*,*,#13221,.F.);
#14520 = ORIENTED_EDGE('',*,*,#14514,.F.);
#14521 = CYLINDRICAL_SURFACE('',#14522,1.7);
#14522 = AXIS2_PLACEMENT_3D('',#14523,#14524,#14525);
#14523 = CARTESIAN_POINT('',(102.5,-90.,-4.6E-02));
#14524 = DIRECTION('',(-0.,-0.,-1.));
#14525 = DIRECTION('',(-0.,-1.,0.));
#14526 = ADVANCED_FACE('',(#14527),#14538,.F.);
#14527 = FACE_BOUND('',#14528,.T.);
#14528 = EDGE_LOOP('',(#14529,#14530,#14536,#14537));
#14529 = ORIENTED_EDGE('',*,*,#12235,.T.);
#14530 = ORIENTED_EDGE('',*,*,#14531,.T.);
#14531 = EDGE_CURVE('',#12236,#13233,#14532,.T.);
#14532 = LINE('',#14533,#14534);
#14533 = CARTESIAN_POINT('',(110.,-91.175,-4.6E-02));
#14534 = VECTOR('',#14535,1.);
#14535 = DIRECTION('',(0.,0.,1.));
#14536 = ORIENTED_EDGE('',*,*,#13232,.F.);
#14537 = ORIENTED_EDGE('',*,*,#14531,.F.);
#14538 = CYLINDRICAL_SURFACE('',#14539,1.175);
#14539 = AXIS2_PLACEMENT_3D('',#14540,#14541,#14542);
#14540 = CARTESIAN_POINT('',(110.,-90.,-4.6E-02));
#14541 = DIRECTION('',(-0.,-0.,-1.));
#14542 = DIRECTION('',(-0.,-1.,0.));
#14543 = ADVANCED_FACE('',(#14544),#14555,.F.);
#14544 = FACE_BOUND('',#14545,.T.);
#14545 = EDGE_LOOP('',(#14546,#14547,#14553,#14554));
#14546 = ORIENTED_EDGE('',*,*,#12246,.T.);
#14547 = ORIENTED_EDGE('',*,*,#14548,.T.);
#14548 = EDGE_CURVE('',#12247,#13244,#14549,.T.);
#14549 = LINE('',#14550,#14551);
#14550 = CARTESIAN_POINT('',(58.,-77.71,-4.6E-02));
#14551 = VECTOR('',#14552,1.);
#14552 = DIRECTION('',(0.,0.,1.));
#14553 = ORIENTED_EDGE('',*,*,#13243,.F.);
#14554 = ORIENTED_EDGE('',*,*,#14548,.F.);
#14555 = CYLINDRICAL_SURFACE('',#14556,0.55);
#14556 = AXIS2_PLACEMENT_3D('',#14557,#14558,#14559);
#14557 = CARTESIAN_POINT('',(58.,-77.16,-4.6E-02));
#14558 = DIRECTION('',(-0.,-0.,-1.));
#14559 = DIRECTION('',(-0.,-1.,0.));
#14560 = ADVANCED_FACE('',(#14561),#14572,.F.);
#14561 = FACE_BOUND('',#14562,.T.);
#14562 = EDGE_LOOP('',(#14563,#14564,#14570,#14571));
#14563 = ORIENTED_EDGE('',*,*,#12257,.T.);
#14564 = ORIENTED_EDGE('',*,*,#14565,.T.);
#14565 = EDGE_CURVE('',#12258,#13255,#14566,.T.);
#14566 = LINE('',#14567,#14568);
#14567 = CARTESIAN_POINT('',(67.52,-77.71,-4.6E-02));
#14568 = VECTOR('',#14569,1.);
#14569 = DIRECTION('',(0.,0.,1.));
#14570 = ORIENTED_EDGE('',*,*,#13254,.F.);
#14571 = ORIENTED_EDGE('',*,*,#14565,.F.);
#14572 = CYLINDRICAL_SURFACE('',#14573,0.55);
#14573 = AXIS2_PLACEMENT_3D('',#14574,#14575,#14576);
#14574 = CARTESIAN_POINT('',(67.52,-77.16,-4.6E-02));
#14575 = DIRECTION('',(-0.,-0.,-1.));
#14576 = DIRECTION('',(-0.,-1.,0.));
#14577 = ADVANCED_FACE('',(#14578),#14589,.F.);
#14578 = FACE_BOUND('',#14579,.T.);
#14579 = EDGE_LOOP('',(#14580,#14581,#14587,#14588));
#14580 = ORIENTED_EDGE('',*,*,#12268,.T.);
#14581 = ORIENTED_EDGE('',*,*,#14582,.T.);
#14582 = EDGE_CURVE('',#12269,#13266,#14583,.T.);
#14583 = LINE('',#14584,#14585);
#14584 = CARTESIAN_POINT('',(78.5,-77.71,-4.6E-02));
#14585 = VECTOR('',#14586,1.);
#14586 = DIRECTION('',(0.,0.,1.));
#14587 = ORIENTED_EDGE('',*,*,#13265,.F.);
#14588 = ORIENTED_EDGE('',*,*,#14582,.F.);
#14589 = CYLINDRICAL_SURFACE('',#14590,0.55);
#14590 = AXIS2_PLACEMENT_3D('',#14591,#14592,#14593);
#14591 = CARTESIAN_POINT('',(78.5,-77.16,-4.6E-02));
#14592 = DIRECTION('',(-0.,-0.,-1.));
#14593 = DIRECTION('',(-0.,-1.,0.));
#14594 = ADVANCED_FACE('',(#14595),#14606,.F.);
#14595 = FACE_BOUND('',#14596,.T.);
#14596 = EDGE_LOOP('',(#14597,#14598,#14604,#14605));
#14597 = ORIENTED_EDGE('',*,*,#12279,.T.);
#14598 = ORIENTED_EDGE('',*,*,#14599,.T.);
#14599 = EDGE_CURVE('',#12280,#13277,#14600,.T.);
#14600 = LINE('',#14601,#14602);
#14601 = CARTESIAN_POINT('',(58.,-67.55,-4.6E-02));
#14602 = VECTOR('',#14603,1.);
#14603 = DIRECTION('',(0.,0.,1.));
#14604 = ORIENTED_EDGE('',*,*,#13276,.F.);
#14605 = ORIENTED_EDGE('',*,*,#14599,.F.);
#14606 = CYLINDRICAL_SURFACE('',#14607,0.55);
#14607 = AXIS2_PLACEMENT_3D('',#14608,#14609,#14610);
#14608 = CARTESIAN_POINT('',(58.,-67.,-4.6E-02));
#14609 = DIRECTION('',(-0.,-0.,-1.));
#14610 = DIRECTION('',(-0.,-1.,0.));
#14611 = ADVANCED_FACE('',(#14612),#14623,.F.);
#14612 = FACE_BOUND('',#14613,.T.);
#14613 = EDGE_LOOP('',(#14614,#14615,#14621,#14622));
#14614 = ORIENTED_EDGE('',*,*,#12290,.T.);
#14615 = ORIENTED_EDGE('',*,*,#14616,.T.);
#14616 = EDGE_CURVE('',#12291,#13288,#14617,.T.);
#14617 = LINE('',#14618,#14619);
#14618 = CARTESIAN_POINT('',(67.52,-67.55,-4.6E-02));
#14619 = VECTOR('',#14620,1.);
#14620 = DIRECTION('',(0.,0.,1.));
#14621 = ORIENTED_EDGE('',*,*,#13287,.F.);
#14622 = ORIENTED_EDGE('',*,*,#14616,.F.);
#14623 = CYLINDRICAL_SURFACE('',#14624,0.55);
#14624 = AXIS2_PLACEMENT_3D('',#14625,#14626,#14627);
#14625 = CARTESIAN_POINT('',(67.52,-67.,-4.6E-02));
#14626 = DIRECTION('',(-0.,-0.,-1.));
#14627 = DIRECTION('',(-0.,-1.,0.));
#14628 = ADVANCED_FACE('',(#14629),#14640,.F.);
#14629 = FACE_BOUND('',#14630,.T.);
#14630 = EDGE_LOOP('',(#14631,#14632,#14638,#14639));
#14631 = ORIENTED_EDGE('',*,*,#12301,.T.);
#14632 = ORIENTED_EDGE('',*,*,#14633,.T.);
#14633 = EDGE_CURVE('',#12302,#13299,#14634,.T.);
#14634 = LINE('',#14635,#14636);
#14635 = CARTESIAN_POINT('',(58.,-59.1,-4.6E-02));
#14636 = VECTOR('',#14637,1.);
#14637 = DIRECTION('',(0.,0.,1.));
#14638 = ORIENTED_EDGE('',*,*,#13298,.F.);
#14639 = ORIENTED_EDGE('',*,*,#14633,.F.);
#14640 = CYLINDRICAL_SURFACE('',#14641,0.7);
#14641 = AXIS2_PLACEMENT_3D('',#14642,#14643,#14644);
#14642 = CARTESIAN_POINT('',(58.,-58.4,-4.6E-02));
#14643 = DIRECTION('',(-0.,-0.,-1.));
#14644 = DIRECTION('',(-0.,-1.,0.));
#14645 = ADVANCED_FACE('',(#14646),#14657,.F.);
#14646 = FACE_BOUND('',#14647,.T.);
#14647 = EDGE_LOOP('',(#14648,#14649,#14655,#14656));
#14648 = ORIENTED_EDGE('',*,*,#12312,.T.);
#14649 = ORIENTED_EDGE('',*,*,#14650,.T.);
#14650 = EDGE_CURVE('',#12313,#13310,#14651,.T.);
#14651 = LINE('',#14652,#14653);
#14652 = CARTESIAN_POINT('',(67.52,-59.1,-4.6E-02));
#14653 = VECTOR('',#14654,1.);
#14654 = DIRECTION('',(0.,0.,1.));
#14655 = ORIENTED_EDGE('',*,*,#13309,.F.);
#14656 = ORIENTED_EDGE('',*,*,#14650,.F.);
#14657 = CYLINDRICAL_SURFACE('',#14658,0.7);
#14658 = AXIS2_PLACEMENT_3D('',#14659,#14660,#14661);
#14659 = CARTESIAN_POINT('',(67.52,-58.4,-4.6E-02));
#14660 = DIRECTION('',(-0.,-0.,-1.));
#14661 = DIRECTION('',(-0.,-1.,0.));
#14662 = ADVANCED_FACE('',(#14663),#14674,.F.);
#14663 = FACE_BOUND('',#14664,.T.);
#14664 = EDGE_LOOP('',(#14665,#14666,#14672,#14673));
#14665 = ORIENTED_EDGE('',*,*,#12323,.T.);
#14666 = ORIENTED_EDGE('',*,*,#14667,.T.);
#14667 = EDGE_CURVE('',#12324,#13321,#14668,.T.);
#14668 = LINE('',#14669,#14670);
#14669 = CARTESIAN_POINT('',(78.5,-67.55,-4.6E-02));
#14670 = VECTOR('',#14671,1.);
#14671 = DIRECTION('',(0.,0.,1.));
#14672 = ORIENTED_EDGE('',*,*,#13320,.F.);
#14673 = ORIENTED_EDGE('',*,*,#14667,.F.);
#14674 = CYLINDRICAL_SURFACE('',#14675,0.55);
#14675 = AXIS2_PLACEMENT_3D('',#14676,#14677,#14678);
#14676 = CARTESIAN_POINT('',(78.5,-67.,-4.6E-02));
#14677 = DIRECTION('',(-0.,-0.,-1.));
#14678 = DIRECTION('',(-0.,-1.,0.));
#14679 = ADVANCED_FACE('',(#14680),#14691,.F.);
#14680 = FACE_BOUND('',#14681,.T.);
#14681 = EDGE_LOOP('',(#14682,#14683,#14689,#14690));
#14682 = ORIENTED_EDGE('',*,*,#12334,.T.);
#14683 = ORIENTED_EDGE('',*,*,#14684,.T.);
#14684 = EDGE_CURVE('',#12335,#13332,#14685,.T.);
#14685 = LINE('',#14686,#14687);
#14686 = CARTESIAN_POINT('',(78.5,-59.1,-4.6E-02));
#14687 = VECTOR('',#14688,1.);
#14688 = DIRECTION('',(0.,0.,1.));
#14689 = ORIENTED_EDGE('',*,*,#13331,.F.);
#14690 = ORIENTED_EDGE('',*,*,#14684,.F.);
#14691 = CYLINDRICAL_SURFACE('',#14692,0.7);
#14692 = AXIS2_PLACEMENT_3D('',#14693,#14694,#14695);
#14693 = CARTESIAN_POINT('',(78.5,-58.4,-4.6E-02));
#14694 = DIRECTION('',(-0.,-0.,-1.));
#14695 = DIRECTION('',(-0.,-1.,0.));
#14696 = ADVANCED_FACE('',(#14697),#14708,.F.);
#14697 = FACE_BOUND('',#14698,.T.);
#14698 = EDGE_LOOP('',(#14699,#14700,#14706,#14707));
#14699 = ORIENTED_EDGE('',*,*,#12345,.T.);
#14700 = ORIENTED_EDGE('',*,*,#14701,.T.);
#14701 = EDGE_CURVE('',#12346,#13343,#14702,.T.);
#14702 = LINE('',#14703,#14704);
#14703 = CARTESIAN_POINT('',(88.02,-77.71,-4.6E-02));
#14704 = VECTOR('',#14705,1.);
#14705 = DIRECTION('',(0.,0.,1.));
#14706 = ORIENTED_EDGE('',*,*,#13342,.F.);
#14707 = ORIENTED_EDGE('',*,*,#14701,.F.);
#14708 = CYLINDRICAL_SURFACE('',#14709,0.55);
#14709 = AXIS2_PLACEMENT_3D('',#14710,#14711,#14712);
#14710 = CARTESIAN_POINT('',(88.02,-77.16,-4.6E-02));
#14711 = DIRECTION('',(-0.,-0.,-1.));
#14712 = DIRECTION('',(-0.,-1.,0.));
#14713 = ADVANCED_FACE('',(#14714),#14725,.F.);
#14714 = FACE_BOUND('',#14715,.T.);
#14715 = EDGE_LOOP('',(#14716,#14717,#14723,#14724));
#14716 = ORIENTED_EDGE('',*,*,#12356,.T.);
#14717 = ORIENTED_EDGE('',*,*,#14718,.T.);
#14718 = EDGE_CURVE('',#12357,#13354,#14719,.T.);
#14719 = LINE('',#14720,#14721);
#14720 = CARTESIAN_POINT('',(100.,-71.6,-4.6E-02));
#14721 = VECTOR('',#14722,1.);
#14722 = DIRECTION('',(0.,0.,1.));
#14723 = ORIENTED_EDGE('',*,*,#13353,.F.);
#14724 = ORIENTED_EDGE('',*,*,#14718,.F.);
#14725 = CYLINDRICAL_SURFACE('',#14726,1.6);
#14726 = AXIS2_PLACEMENT_3D('',#14727,#14728,#14729);
#14727 = CARTESIAN_POINT('',(100.,-70.,-4.6E-02));
#14728 = DIRECTION('',(-0.,-0.,-1.));
#14729 = DIRECTION('',(-0.,-1.,0.));
#14730 = ADVANCED_FACE('',(#14731),#14742,.F.);
#14731 = FACE_BOUND('',#14732,.T.);
#14732 = EDGE_LOOP('',(#14733,#14734,#14740,#14741));
#14733 = ORIENTED_EDGE('',*,*,#12367,.T.);
#14734 = ORIENTED_EDGE('',*,*,#14735,.T.);
#14735 = EDGE_CURVE('',#12368,#13365,#14736,.T.);
#14736 = LINE('',#14737,#14738);
#14737 = CARTESIAN_POINT('',(88.02,-67.55,-4.6E-02));
#14738 = VECTOR('',#14739,1.);
#14739 = DIRECTION('',(0.,0.,1.));
#14740 = ORIENTED_EDGE('',*,*,#13364,.F.);
#14741 = ORIENTED_EDGE('',*,*,#14735,.F.);
#14742 = CYLINDRICAL_SURFACE('',#14743,0.55);
#14743 = AXIS2_PLACEMENT_3D('',#14744,#14745,#14746);
#14744 = CARTESIAN_POINT('',(88.02,-67.,-4.6E-02));
#14745 = DIRECTION('',(-0.,-0.,-1.));
#14746 = DIRECTION('',(-0.,-1.,0.));
#14747 = ADVANCED_FACE('',(#14748),#14759,.F.);
#14748 = FACE_BOUND('',#14749,.T.);
#14749 = EDGE_LOOP('',(#14750,#14751,#14757,#14758));
#14750 = ORIENTED_EDGE('',*,*,#12378,.T.);
#14751 = ORIENTED_EDGE('',*,*,#14752,.T.);
#14752 = EDGE_CURVE('',#12379,#13376,#14753,.T.);
#14753 = LINE('',#14754,#14755);
#14754 = CARTESIAN_POINT('',(88.02,-59.1,-4.6E-02));
#14755 = VECTOR('',#14756,1.);
#14756 = DIRECTION('',(0.,0.,1.));
#14757 = ORIENTED_EDGE('',*,*,#13375,.F.);
#14758 = ORIENTED_EDGE('',*,*,#14752,.F.);
#14759 = CYLINDRICAL_SURFACE('',#14760,0.7);
#14760 = AXIS2_PLACEMENT_3D('',#14761,#14762,#14763);
#14761 = CARTESIAN_POINT('',(88.02,-58.4,-4.6E-02));
#14762 = DIRECTION('',(-0.,-0.,-1.));
#14763 = DIRECTION('',(-0.,-1.,0.));
#14764 = ADVANCED_FACE('',(#14765),#14776,.F.);
#14765 = FACE_BOUND('',#14766,.T.);
#14766 = EDGE_LOOP('',(#14767,#14768,#14774,#14775));
#14767 = ORIENTED_EDGE('',*,*,#12389,.T.);
#14768 = ORIENTED_EDGE('',*,*,#14769,.T.);
#14769 = EDGE_CURVE('',#12390,#13387,#14770,.T.);
#14770 = LINE('',#14771,#14772);
#14771 = CARTESIAN_POINT('',(150.5,-90.34,-4.6E-02));
#14772 = VECTOR('',#14773,1.);
#14773 = DIRECTION('',(0.,0.,1.));
#14774 = ORIENTED_EDGE('',*,*,#13386,.F.);
#14775 = ORIENTED_EDGE('',*,*,#14769,.F.);
#14776 = CYLINDRICAL_SURFACE('',#14777,0.5);
#14777 = AXIS2_PLACEMENT_3D('',#14778,#14779,#14780);
#14778 = CARTESIAN_POINT('',(150.5,-89.84,-4.6E-02));
#14779 = DIRECTION('',(-0.,-0.,-1.));
#14780 = DIRECTION('',(-0.,-1.,0.));
#14781 = ADVANCED_FACE('',(#14782),#14798,.T.);
#14782 = FACE_BOUND('',#14783,.T.);
#14783 = EDGE_LOOP('',(#14784,#14790,#14791,#14797));
#14784 = ORIENTED_EDGE('',*,*,#14785,.T.);
#14785 = EDGE_CURVE('',#12401,#13398,#14786,.T.);
#14786 = LINE('',#14787,#14788);
#14787 = CARTESIAN_POINT('',(145.,-96.5,0.));
#14788 = VECTOR('',#14789,1.);
#14789 = DIRECTION('',(0.,0.,1.));
#14790 = ORIENTED_EDGE('',*,*,#13397,.T.);
#14791 = ORIENTED_EDGE('',*,*,#14792,.F.);
#14792 = EDGE_CURVE('',#12403,#13400,#14793,.T.);
#14793 = LINE('',#14794,#14795);
#14794 = CARTESIAN_POINT('',(168.,-96.5,0.));
#14795 = VECTOR('',#14796,1.);
#14796 = DIRECTION('',(0.,0.,1.));
#14797 = ORIENTED_EDGE('',*,*,#12400,.F.);
#14798 = PLANE('',#14799);
#14799 = AXIS2_PLACEMENT_3D('',#14800,#14801,#14802);
#14800 = CARTESIAN_POINT('',(145.,-96.5,0.));
#14801 = DIRECTION('',(0.,1.,0.));
#14802 = DIRECTION('',(1.,0.,0.));
#14803 = ADVANCED_FACE('',(#14804),#14815,.T.);
#14804 = FACE_BOUND('',#14805,.T.);
#14805 = EDGE_LOOP('',(#14806,#14812,#14813,#14814));
#14806 = ORIENTED_EDGE('',*,*,#14807,.T.);
#14807 = EDGE_CURVE('',#12411,#13408,#14808,.T.);
#14808 = LINE('',#14809,#14810);
#14809 = CARTESIAN_POINT('',(145.,-93.5,0.));
#14810 = VECTOR('',#14811,1.);
#14811 = DIRECTION('',(0.,0.,1.));
#14812 = ORIENTED_EDGE('',*,*,#13407,.T.);
#14813 = ORIENTED_EDGE('',*,*,#14785,.F.);
#14814 = ORIENTED_EDGE('',*,*,#12410,.F.);
#14815 = PLANE('',#14816);
#14816 = AXIS2_PLACEMENT_3D('',#14817,#14818,#14819);
#14817 = CARTESIAN_POINT('',(145.,-93.5,0.));
#14818 = DIRECTION('',(1.,0.,-0.));
#14819 = DIRECTION('',(0.,-1.,0.));
#14820 = ADVANCED_FACE('',(#14821),#14832,.T.);
#14821 = FACE_BOUND('',#14822,.T.);
#14822 = EDGE_LOOP('',(#14823,#14824,#14825,#14831));
#14823 = ORIENTED_EDGE('',*,*,#14792,.T.);
#14824 = ORIENTED_EDGE('',*,*,#13423,.T.);
#14825 = ORIENTED_EDGE('',*,*,#14826,.F.);
#14826 = EDGE_CURVE('',#12419,#13416,#14827,.T.);
#14827 = LINE('',#14828,#14829);
#14828 = CARTESIAN_POINT('',(168.,-93.5,0.));
#14829 = VECTOR('',#14830,1.);
#14830 = DIRECTION('',(0.,0.,1.));
#14831 = ORIENTED_EDGE('',*,*,#12426,.F.);
#14832 = PLANE('',#14833);
#14833 = AXIS2_PLACEMENT_3D('',#14834,#14835,#14836);
#14834 = CARTESIAN_POINT('',(168.,-96.5,0.));
#14835 = DIRECTION('',(-1.,0.,0.));
#14836 = DIRECTION('',(0.,1.,0.));
#14837 = ADVANCED_FACE('',(#14838),#14844,.T.);
#14838 = FACE_BOUND('',#14839,.T.);
#14839 = EDGE_LOOP('',(#14840,#14841,#14842,#14843));
#14840 = ORIENTED_EDGE('',*,*,#14826,.T.);
#14841 = ORIENTED_EDGE('',*,*,#13415,.T.);
#14842 = ORIENTED_EDGE('',*,*,#14807,.F.);
#14843 = ORIENTED_EDGE('',*,*,#12418,.F.);
#14844 = PLANE('',#14845);
#14845 = AXIS2_PLACEMENT_3D('',#14846,#14847,#14848);
#14846 = CARTESIAN_POINT('',(168.,-93.5,0.));
#14847 = DIRECTION('',(0.,-1.,0.));
#14848 = DIRECTION('',(-1.,0.,0.));
#14849 = ADVANCED_FACE('',(#14850),#14861,.F.);
#14850 = FACE_BOUND('',#14851,.T.);
#14851 = EDGE_LOOP('',(#14852,#14853,#14859,#14860));
#14852 = ORIENTED_EDGE('',*,*,#12434,.T.);
#14853 = ORIENTED_EDGE('',*,*,#14854,.T.);
#14854 = EDGE_CURVE('',#12435,#13432,#14855,.T.);
#14855 = LINE('',#14856,#14857);
#14856 = CARTESIAN_POINT('',(163.,-90.34,-4.6E-02));
#14857 = VECTOR('',#14858,1.);
#14858 = DIRECTION('',(0.,0.,1.));
#14859 = ORIENTED_EDGE('',*,*,#13431,.F.);
#14860 = ORIENTED_EDGE('',*,*,#14854,.F.);
#14861 = CYLINDRICAL_SURFACE('',#14862,0.5);
#14862 = AXIS2_PLACEMENT_3D('',#14863,#14864,#14865);
#14863 = CARTESIAN_POINT('',(163.,-89.84,-4.6E-02));
#14864 = DIRECTION('',(-0.,-0.,-1.));
#14865 = DIRECTION('',(-0.,-1.,0.));
#14866 = ADVANCED_FACE('',(#14867),#14878,.F.);
#14867 = FACE_BOUND('',#14868,.T.);
#14868 = EDGE_LOOP('',(#14869,#14870,#14876,#14877));
#14869 = ORIENTED_EDGE('',*,*,#12445,.T.);
#14870 = ORIENTED_EDGE('',*,*,#14871,.T.);
#14871 = EDGE_CURVE('',#12446,#13443,#14872,.T.);
#14872 = LINE('',#14873,#14874);
#14873 = CARTESIAN_POINT('',(152.,-85.4,-4.6E-02));
#14874 = VECTOR('',#14875,1.);
#14875 = DIRECTION('',(0.,0.,1.));
#14876 = ORIENTED_EDGE('',*,*,#13442,.F.);
#14877 = ORIENTED_EDGE('',*,*,#14871,.F.);
#14878 = CYLINDRICAL_SURFACE('',#14879,0.4);
#14879 = AXIS2_PLACEMENT_3D('',#14880,#14881,#14882);
#14880 = CARTESIAN_POINT('',(152.,-85.,-4.6E-02));
#14881 = DIRECTION('',(-0.,-0.,-1.));
#14882 = DIRECTION('',(-0.,-1.,0.));
#14883 = ADVANCED_FACE('',(#14884),#14895,.F.);
#14884 = FACE_BOUND('',#14885,.T.);
#14885 = EDGE_LOOP('',(#14886,#14887,#14893,#14894));
#14886 = ORIENTED_EDGE('',*,*,#12456,.T.);
#14887 = ORIENTED_EDGE('',*,*,#14888,.T.);
#14888 = EDGE_CURVE('',#12457,#13454,#14889,.T.);
#14889 = LINE('',#14890,#14891);
#14890 = CARTESIAN_POINT('',(143.,-81.4,-4.6E-02));
#14891 = VECTOR('',#14892,1.);
#14892 = DIRECTION('',(0.,0.,1.));
#14893 = ORIENTED_EDGE('',*,*,#13453,.F.);
#14894 = ORIENTED_EDGE('',*,*,#14888,.F.);
#14895 = CYLINDRICAL_SURFACE('',#14896,0.4);
#14896 = AXIS2_PLACEMENT_3D('',#14897,#14898,#14899);
#14897 = CARTESIAN_POINT('',(143.,-81.,-4.6E-02));
#14898 = DIRECTION('',(-0.,-0.,-1.));
#14899 = DIRECTION('',(-0.,-1.,0.));
#14900 = ADVANCED_FACE('',(#14901),#14912,.F.);
#14901 = FACE_BOUND('',#14902,.T.);
#14902 = EDGE_LOOP('',(#14903,#14904,#14910,#14911));
#14903 = ORIENTED_EDGE('',*,*,#12467,.T.);
#14904 = ORIENTED_EDGE('',*,*,#14905,.T.);
#14905 = EDGE_CURVE('',#12468,#13465,#14906,.T.);
#14906 = LINE('',#14907,#14908);
#14907 = CARTESIAN_POINT('',(148.,-81.4,-4.6E-02));
#14908 = VECTOR('',#14909,1.);
#14909 = DIRECTION('',(0.,0.,1.));
#14910 = ORIENTED_EDGE('',*,*,#13464,.F.);
#14911 = ORIENTED_EDGE('',*,*,#14905,.F.);
#14912 = CYLINDRICAL_SURFACE('',#14913,0.4);
#14913 = AXIS2_PLACEMENT_3D('',#14914,#14915,#14916);
#14914 = CARTESIAN_POINT('',(148.,-81.,-4.6E-02));
#14915 = DIRECTION('',(-0.,-0.,-1.));
#14916 = DIRECTION('',(-0.,-1.,0.));
#14917 = ADVANCED_FACE('',(#14918),#14929,.F.);
#14918 = FACE_BOUND('',#14919,.T.);
#14919 = EDGE_LOOP('',(#14920,#14921,#14927,#14928));
#14920 = ORIENTED_EDGE('',*,*,#12478,.T.);
#14921 = ORIENTED_EDGE('',*,*,#14922,.T.);
#14922 = EDGE_CURVE('',#12479,#13476,#14923,.T.);
#14923 = LINE('',#14924,#14925);
#14924 = CARTESIAN_POINT('',(152.,-82.86,-4.6E-02));
#14925 = VECTOR('',#14926,1.);
#14926 = DIRECTION('',(0.,0.,1.));
#14927 = ORIENTED_EDGE('',*,*,#13475,.F.);
#14928 = ORIENTED_EDGE('',*,*,#14922,.F.);
#14929 = CYLINDRICAL_SURFACE('',#14930,0.4);
#14930 = AXIS2_PLACEMENT_3D('',#14931,#14932,#14933);
#14931 = CARTESIAN_POINT('',(152.,-82.46,-4.6E-02));
#14932 = DIRECTION('',(-0.,-0.,-1.));
#14933 = DIRECTION('',(-0.,-1.,0.));
#14934 = ADVANCED_FACE('',(#14935),#14946,.F.);
#14935 = FACE_BOUND('',#14936,.T.);
#14936 = EDGE_LOOP('',(#14937,#14938,#14944,#14945));
#14937 = ORIENTED_EDGE('',*,*,#12489,.T.);
#14938 = ORIENTED_EDGE('',*,*,#14939,.T.);
#14939 = EDGE_CURVE('',#12490,#13487,#14940,.T.);
#14940 = LINE('',#14941,#14942);
#14941 = CARTESIAN_POINT('',(155.5,-83.4,-4.6E-02));
#14942 = VECTOR('',#14943,1.);
#14943 = DIRECTION('',(0.,0.,1.));
#14944 = ORIENTED_EDGE('',*,*,#13486,.F.);
#14945 = ORIENTED_EDGE('',*,*,#14939,.F.);
#14946 = CYLINDRICAL_SURFACE('',#14947,0.4);
#14947 = AXIS2_PLACEMENT_3D('',#14948,#14949,#14950);
#14948 = CARTESIAN_POINT('',(155.5,-83.,-4.6E-02));
#14949 = DIRECTION('',(-0.,-0.,-1.));
#14950 = DIRECTION('',(-0.,-1.,0.));
#14951 = ADVANCED_FACE('',(#14952),#14963,.F.);
#14952 = FACE_BOUND('',#14953,.T.);
#14953 = EDGE_LOOP('',(#14954,#14955,#14961,#14962));
#14954 = ORIENTED_EDGE('',*,*,#12500,.T.);
#14955 = ORIENTED_EDGE('',*,*,#14956,.T.);
#14956 = EDGE_CURVE('',#12501,#13498,#14957,.T.);
#14957 = LINE('',#14958,#14959);
#14958 = CARTESIAN_POINT('',(155.5,-80.86,-4.6E-02));
#14959 = VECTOR('',#14960,1.);
#14960 = DIRECTION('',(0.,0.,1.));
#14961 = ORIENTED_EDGE('',*,*,#13497,.F.);
#14962 = ORIENTED_EDGE('',*,*,#14956,.F.);
#14963 = CYLINDRICAL_SURFACE('',#14964,0.4);
#14964 = AXIS2_PLACEMENT_3D('',#14965,#14966,#14967);
#14965 = CARTESIAN_POINT('',(155.5,-80.46,-4.6E-02));
#14966 = DIRECTION('',(-0.,-0.,-1.));
#14967 = DIRECTION('',(-0.,-1.,0.));
#14968 = ADVANCED_FACE('',(#14969),#14980,.F.);
#14969 = FACE_BOUND('',#14970,.T.);
#14970 = EDGE_LOOP('',(#14971,#14972,#14978,#14979));
#14971 = ORIENTED_EDGE('',*,*,#12511,.T.);
#14972 = ORIENTED_EDGE('',*,*,#14973,.T.);
#14973 = EDGE_CURVE('',#12512,#13509,#14974,.T.);
#14974 = LINE('',#14975,#14976);
#14975 = CARTESIAN_POINT('',(159.5,-81.55,-4.6E-02));
#14976 = VECTOR('',#14977,1.);
#14977 = DIRECTION('',(0.,0.,1.));
#14978 = ORIENTED_EDGE('',*,*,#13508,.F.);
#14979 = ORIENTED_EDGE('',*,*,#14973,.F.);
#14980 = CYLINDRICAL_SURFACE('',#14981,0.55);
#14981 = AXIS2_PLACEMENT_3D('',#14982,#14983,#14984);
#14982 = CARTESIAN_POINT('',(159.5,-81.,-4.6E-02));
#14983 = DIRECTION('',(-0.,-0.,-1.));
#14984 = DIRECTION('',(-0.,-1.,0.));
#14985 = ADVANCED_FACE('',(#14986),#14997,.F.);
#14986 = FACE_BOUND('',#14987,.T.);
#14987 = EDGE_LOOP('',(#14988,#14989,#14995,#14996));
#14988 = ORIENTED_EDGE('',*,*,#12522,.T.);
#14989 = ORIENTED_EDGE('',*,*,#14990,.T.);
#14990 = EDGE_CURVE('',#12523,#13520,#14991,.T.);
#14991 = LINE('',#14992,#14993);
#14992 = CARTESIAN_POINT('',(164.58,-81.55,-4.6E-02));
#14993 = VECTOR('',#14994,1.);
#14994 = DIRECTION('',(0.,0.,1.));
#14995 = ORIENTED_EDGE('',*,*,#13519,.F.);
#14996 = ORIENTED_EDGE('',*,*,#14990,.F.);
#14997 = CYLINDRICAL_SURFACE('',#14998,0.55);
#14998 = AXIS2_PLACEMENT_3D('',#14999,#15000,#15001);
#14999 = CARTESIAN_POINT('',(164.58,-81.,-4.6E-02));
#15000 = DIRECTION('',(-0.,0.,-1.));
#15001 = DIRECTION('',(5.167583532801E-14,-1.,-0.));
#15002 = ADVANCED_FACE('',(#15003),#15014,.F.);
#15003 = FACE_BOUND('',#15004,.T.);
#15004 = EDGE_LOOP('',(#15005,#15006,#15012,#15013));
#15005 = ORIENTED_EDGE('',*,*,#12533,.T.);
#15006 = ORIENTED_EDGE('',*,*,#15007,.T.);
#15007 = EDGE_CURVE('',#12534,#13531,#15008,.T.);
#15008 = LINE('',#15009,#15010);
#15009 = CARTESIAN_POINT('',(130.7,-74.6,-4.6E-02));
#15010 = VECTOR('',#15011,1.);
#15011 = DIRECTION('',(0.,0.,1.));
#15012 = ORIENTED_EDGE('',*,*,#13530,.F.);
#15013 = ORIENTED_EDGE('',*,*,#15007,.F.);
#15014 = CYLINDRICAL_SURFACE('',#15015,0.6);
#15015 = AXIS2_PLACEMENT_3D('',#15016,#15017,#15018);
#15016 = CARTESIAN_POINT('',(130.7,-74.,-4.6E-02));
#15017 = DIRECTION('',(-0.,-0.,-1.));
#15018 = DIRECTION('',(-0.,-1.,0.));
#15019 = ADVANCED_FACE('',(#15020),#15031,.F.);
#15020 = FACE_BOUND('',#15021,.T.);
#15021 = EDGE_LOOP('',(#15022,#15023,#15029,#15030));
#15022 = ORIENTED_EDGE('',*,*,#12544,.T.);
#15023 = ORIENTED_EDGE('',*,*,#15024,.T.);
#15024 = EDGE_CURVE('',#12545,#13542,#15025,.T.);
#15025 = LINE('',#15026,#15027);
#15026 = CARTESIAN_POINT('',(135.78,-74.6,-4.6E-02));
#15027 = VECTOR('',#15028,1.);
#15028 = DIRECTION('',(0.,0.,1.));
#15029 = ORIENTED_EDGE('',*,*,#13541,.F.);
#15030 = ORIENTED_EDGE('',*,*,#15024,.F.);
#15031 = CYLINDRICAL_SURFACE('',#15032,0.6);
#15032 = AXIS2_PLACEMENT_3D('',#15033,#15034,#15035);
#15033 = CARTESIAN_POINT('',(135.78,-74.,-4.6E-02));
#15034 = DIRECTION('',(-0.,-0.,-1.));
#15035 = DIRECTION('',(-0.,-1.,0.));
#15036 = ADVANCED_FACE('',(#15037),#15048,.F.);
#15037 = FACE_BOUND('',#15038,.T.);
#15038 = EDGE_LOOP('',(#15039,#15040,#15046,#15047));
#15039 = ORIENTED_EDGE('',*,*,#12555,.T.);
#15040 = ORIENTED_EDGE('',*,*,#15041,.T.);
#15041 = EDGE_CURVE('',#12556,#13553,#15042,.T.);
#15042 = LINE('',#15043,#15044);
#15043 = CARTESIAN_POINT('',(118.,-59.55,-4.6E-02));
#15044 = VECTOR('',#15045,1.);
#15045 = DIRECTION('',(0.,0.,1.));
#15046 = ORIENTED_EDGE('',*,*,#13552,.F.);
#15047 = ORIENTED_EDGE('',*,*,#15041,.F.);
#15048 = CYLINDRICAL_SURFACE('',#15049,0.55);
#15049 = AXIS2_PLACEMENT_3D('',#15050,#15051,#15052);
#15050 = CARTESIAN_POINT('',(118.,-59.,-4.6E-02));
#15051 = DIRECTION('',(-0.,-0.,-1.));
#15052 = DIRECTION('',(-0.,-1.,0.));
#15053 = ADVANCED_FACE('',(#15054),#15065,.F.);
#15054 = FACE_BOUND('',#15055,.T.);
#15055 = EDGE_LOOP('',(#15056,#15057,#15063,#15064));
#15056 = ORIENTED_EDGE('',*,*,#12566,.T.);
#15057 = ORIENTED_EDGE('',*,*,#15058,.T.);
#15058 = EDGE_CURVE('',#12567,#13564,#15059,.T.);
#15059 = LINE('',#15060,#15061);
#15060 = CARTESIAN_POINT('',(135.78,-67.65,-4.6E-02));
#15061 = VECTOR('',#15062,1.);
#15062 = DIRECTION('',(0.,0.,1.));
#15063 = ORIENTED_EDGE('',*,*,#13563,.F.);
#15064 = ORIENTED_EDGE('',*,*,#15058,.F.);
#15065 = CYLINDRICAL_SURFACE('',#15066,0.65);
#15066 = AXIS2_PLACEMENT_3D('',#15067,#15068,#15069);
#15067 = CARTESIAN_POINT('',(135.78,-67.,-4.6E-02));
#15068 = DIRECTION('',(-0.,-0.,-1.));
#15069 = DIRECTION('',(-0.,-1.,0.));
#15070 = ADVANCED_FACE('',(#15071),#15082,.F.);
#15071 = FACE_BOUND('',#15072,.T.);
#15072 = EDGE_LOOP('',(#15073,#15074,#15080,#15081));
#15073 = ORIENTED_EDGE('',*,*,#12577,.T.);
#15074 = ORIENTED_EDGE('',*,*,#15075,.T.);
#15075 = EDGE_CURVE('',#12578,#13575,#15076,.T.);
#15076 = LINE('',#15077,#15078);
#15077 = CARTESIAN_POINT('',(145.46,-76.4,-4.6E-02));
#15078 = VECTOR('',#15079,1.);
#15079 = DIRECTION('',(0.,0.,1.));
#15080 = ORIENTED_EDGE('',*,*,#13574,.F.);
#15081 = ORIENTED_EDGE('',*,*,#15075,.F.);
#15082 = CYLINDRICAL_SURFACE('',#15083,0.4);
#15083 = AXIS2_PLACEMENT_3D('',#15084,#15085,#15086);
#15084 = CARTESIAN_POINT('',(145.46,-76.,-4.6E-02));
#15085 = DIRECTION('',(-0.,-0.,-1.));
#15086 = DIRECTION('',(-0.,-1.,0.));
#15087 = ADVANCED_FACE('',(#15088),#15099,.F.);
#15088 = FACE_BOUND('',#15089,.T.);
#15089 = EDGE_LOOP('',(#15090,#15091,#15097,#15098));
#15090 = ORIENTED_EDGE('',*,*,#12588,.T.);
#15091 = ORIENTED_EDGE('',*,*,#15092,.T.);
#15092 = EDGE_CURVE('',#12589,#13586,#15093,.T.);
#15093 = LINE('',#15094,#15095);
#15094 = CARTESIAN_POINT('',(140.86,-74.6,-4.6E-02));
#15095 = VECTOR('',#15096,1.);
#15096 = DIRECTION('',(0.,0.,1.));
#15097 = ORIENTED_EDGE('',*,*,#13585,.F.);
#15098 = ORIENTED_EDGE('',*,*,#15092,.F.);
#15099 = CYLINDRICAL_SURFACE('',#15100,0.6);
#15100 = AXIS2_PLACEMENT_3D('',#15101,#15102,#15103);
#15101 = CARTESIAN_POINT('',(140.86,-74.,-4.6E-02));
#15102 = DIRECTION('',(-0.,-0.,-1.));
#15103 = DIRECTION('',(-0.,-1.,0.));
#15104 = ADVANCED_FACE('',(#15105),#15116,.F.);
#15105 = FACE_BOUND('',#15106,.T.);
#15106 = EDGE_LOOP('',(#15107,#15108,#15114,#15115));
#15107 = ORIENTED_EDGE('',*,*,#12599,.T.);
#15108 = ORIENTED_EDGE('',*,*,#15109,.T.);
#15109 = EDGE_CURVE('',#12600,#13597,#15110,.T.);
#15110 = LINE('',#15111,#15112);
#15111 = CARTESIAN_POINT('',(148.,-76.4,-4.6E-02));
#15112 = VECTOR('',#15113,1.);
#15113 = DIRECTION('',(0.,0.,1.));
#15114 = ORIENTED_EDGE('',*,*,#13596,.F.);
#15115 = ORIENTED_EDGE('',*,*,#15109,.F.);
#15116 = CYLINDRICAL_SURFACE('',#15117,0.4);
#15117 = AXIS2_PLACEMENT_3D('',#15118,#15119,#15120);
#15118 = CARTESIAN_POINT('',(148.,-76.,-4.6E-02));
#15119 = DIRECTION('',(-0.,-0.,-1.));
#15120 = DIRECTION('',(-0.,-1.,0.));
#15121 = ADVANCED_FACE('',(#15122),#15133,.F.);
#15122 = FACE_BOUND('',#15123,.T.);
#15123 = EDGE_LOOP('',(#15124,#15125,#15131,#15132));
#15124 = ORIENTED_EDGE('',*,*,#12610,.T.);
#15125 = ORIENTED_EDGE('',*,*,#15126,.T.);
#15126 = EDGE_CURVE('',#12611,#13608,#15127,.T.);
#15127 = LINE('',#15128,#15129);
#15128 = CARTESIAN_POINT('',(152.,-76.4,-4.6E-02));
#15129 = VECTOR('',#15130,1.);
#15130 = DIRECTION('',(0.,0.,1.));
#15131 = ORIENTED_EDGE('',*,*,#13607,.F.);
#15132 = ORIENTED_EDGE('',*,*,#15126,.F.);
#15133 = CYLINDRICAL_SURFACE('',#15134,0.4);
#15134 = AXIS2_PLACEMENT_3D('',#15135,#15136,#15137);
#15135 = CARTESIAN_POINT('',(152.,-76.,-4.6E-02));
#15136 = DIRECTION('',(-0.,-0.,-1.));
#15137 = DIRECTION('',(-0.,-1.,0.));
#15138 = ADVANCED_FACE('',(#15139),#15150,.F.);
#15139 = FACE_BOUND('',#15140,.T.);
#15140 = EDGE_LOOP('',(#15141,#15142,#15148,#15149));
#15141 = ORIENTED_EDGE('',*,*,#12621,.T.);
#15142 = ORIENTED_EDGE('',*,*,#15143,.T.);
#15143 = EDGE_CURVE('',#12622,#13619,#15144,.T.);
#15144 = LINE('',#15145,#15146);
#15145 = CARTESIAN_POINT('',(154.54,-76.4,-4.6E-02));
#15146 = VECTOR('',#15147,1.);
#15147 = DIRECTION('',(0.,0.,1.));
#15148 = ORIENTED_EDGE('',*,*,#13618,.F.);
#15149 = ORIENTED_EDGE('',*,*,#15143,.F.);
#15150 = CYLINDRICAL_SURFACE('',#15151,0.4);
#15151 = AXIS2_PLACEMENT_3D('',#15152,#15153,#15154);
#15152 = CARTESIAN_POINT('',(154.54,-76.,-4.6E-02));
#15153 = DIRECTION('',(-0.,-0.,-1.));
#15154 = DIRECTION('',(-0.,-1.,0.));
#15155 = ADVANCED_FACE('',(#15156),#15167,.F.);
#15156 = FACE_BOUND('',#15157,.T.);
#15157 = EDGE_LOOP('',(#15158,#15159,#15165,#15166));
#15158 = ORIENTED_EDGE('',*,*,#12632,.T.);
#15159 = ORIENTED_EDGE('',*,*,#15160,.T.);
#15160 = EDGE_CURVE('',#12633,#13630,#15161,.T.);
#15161 = LINE('',#15162,#15163);
#15162 = CARTESIAN_POINT('',(157.08,-76.4,-4.6E-02));
#15163 = VECTOR('',#15164,1.);
#15164 = DIRECTION('',(0.,0.,1.));
#15165 = ORIENTED_EDGE('',*,*,#13629,.F.);
#15166 = ORIENTED_EDGE('',*,*,#15160,.F.);
#15167 = CYLINDRICAL_SURFACE('',#15168,0.4);
#15168 = AXIS2_PLACEMENT_3D('',#15169,#15170,#15171);
#15169 = CARTESIAN_POINT('',(157.08,-76.,-4.6E-02));
#15170 = DIRECTION('',(-0.,0.,-1.));
#15171 = DIRECTION('',(7.105427357601E-14,-1.,-0.));
#15172 = ADVANCED_FACE('',(#15173),#15184,.F.);
#15173 = FACE_BOUND('',#15174,.T.);
#15174 = EDGE_LOOP('',(#15175,#15176,#15182,#15183));
#15175 = ORIENTED_EDGE('',*,*,#12643,.T.);
#15176 = ORIENTED_EDGE('',*,*,#15177,.T.);
#15177 = EDGE_CURVE('',#12644,#13641,#15178,.T.);
#15178 = LINE('',#15179,#15180);
#15179 = CARTESIAN_POINT('',(158.64,-67.65,-4.6E-02));
#15180 = VECTOR('',#15181,1.);
#15181 = DIRECTION('',(0.,0.,1.));
#15182 = ORIENTED_EDGE('',*,*,#13640,.F.);
#15183 = ORIENTED_EDGE('',*,*,#15177,.F.);
#15184 = CYLINDRICAL_SURFACE('',#15185,0.65);
#15185 = AXIS2_PLACEMENT_3D('',#15186,#15187,#15188);
#15186 = CARTESIAN_POINT('',(158.64,-67.,-4.6E-02));
#15187 = DIRECTION('',(-0.,-0.,-1.));
#15188 = DIRECTION('',(-0.,-1.,0.));
#15189 = ADVANCED_FACE('',(#15190),#15201,.F.);
#15190 = FACE_BOUND('',#15191,.T.);
#15191 = EDGE_LOOP('',(#15192,#15193,#15199,#15200));
#15192 = ORIENTED_EDGE('',*,*,#12654,.T.);
#15193 = ORIENTED_EDGE('',*,*,#15194,.T.);
#15194 = EDGE_CURVE('',#12655,#13652,#15195,.T.);
#15195 = LINE('',#15196,#15197);
#15196 = CARTESIAN_POINT('',(158.64,-59.55,-4.6E-02));
#15197 = VECTOR('',#15198,1.);
#15198 = DIRECTION('',(0.,0.,1.));
#15199 = ORIENTED_EDGE('',*,*,#13651,.F.);
#15200 = ORIENTED_EDGE('',*,*,#15194,.F.);
#15201 = CYLINDRICAL_SURFACE('',#15202,0.55);
#15202 = AXIS2_PLACEMENT_3D('',#15203,#15204,#15205);
#15203 = CARTESIAN_POINT('',(158.64,-59.,-4.6E-02));
#15204 = DIRECTION('',(-0.,-0.,-1.));
#15205 = DIRECTION('',(-0.,-1.,0.));
#15206 = ( GEOMETRIC_REPRESENTATION_CONTEXT(3) 
GLOBAL_UNCERTAINTY_ASSIGNED_CONTEXT((#15210)) 
GLOBAL_UNIT_ASSIGNED_CONTEXT((#15207,#15208,#15209)) 
REPRESENTATION_CONTEXT('Context #1',
  '3D Context with UNIT and UNCERTAINTY') );
#15207 = ( LENGTH_UNIT() NAMED_UNIT(*) SI_UNIT(.MILLI.,.METRE.) );
#15208 = ( NAMED_UNIT(*) PLANE_ANGLE_UNIT() SI_UNIT($,.RADIAN.) );
#15209 = ( NAMED_UNIT(*) SI_UNIT($,.STERADIAN.) SOLID_ANGLE_UNIT() );
#15210 = UNCERTAINTY_MEASURE_WITH_UNIT(LENGTH_MEASURE(1.E-07),#15207,
  'distance_accuracy_value','confusion accuracy');
#15211 = CONTEXT_DEPENDENT_SHAPE_REPRESENTATION(#15212,#15214);
#15212 = ( REPRESENTATION_RELATIONSHIP('','',#11565,#10) 
REPRESENTATION_RELATIONSHIP_WITH_TRANSFORMATION(#15213) 
SHAPE_REPRESENTATION_RELATIONSHIP() );
#15213 = ITEM_DEFINED_TRANSFORMATION('','',#11,#171);
#15214 = PRODUCT_DEFINITION_SHAPE('Placement','Placement of an item',
  #15215);
#15215 = NEXT_ASSEMBLY_USAGE_OCCURRENCE('70','=>[0:1:1:49]','',#5,#11560
  ,$);
#15216 = PRODUCT_RELATED_PRODUCT_CATEGORY('part',$,(#11562));
#15217 = MECHANICAL_DESIGN_GEOMETRIC_PRESENTATION_REPRESENTATION('',(
    #15218),#3660);
#15218 = STYLED_ITEM('color',(#15219),#3445);
#15219 = PRESENTATION_STYLE_ASSIGNMENT((#15220));
#15220 = SURFACE_STYLE_USAGE(.BOTH.,#15221);
#15221 = SURFACE_SIDE_STYLE('',(#15222));
#15222 = SURFACE_STYLE_FILL_AREA(#15223);
#15223 = FILL_AREA_STYLE('',(#15224));
#15224 = FILL_AREA_STYLE_COLOUR('',#15225);
#15225 = COLOUR_RGB('',0.800000010877,0.800000010877,0.819999987296);
#15226 = MECHANICAL_DESIGN_GEOMETRIC_PRESENTATION_REPRESENTATION('',(
    #15227,#15235,#15242,#15249,#15256,#15264,#15271,#15278,#15285,
    #15292,#15299,#15306,#15313,#15320,#15327,#15334,#15341,#15348,
    #15355,#15362,#15369,#15376,#15383,#15390,#15397,#15404,#15411),
  #9055);
#15227 = STYLED_ITEM('color',(#15228),#8281);
#15228 = PRESENTATION_STYLE_ASSIGNMENT((#15229));
#15229 = SURFACE_STYLE_USAGE(.BOTH.,#15230);
#15230 = SURFACE_SIDE_STYLE('',(#15231));
#15231 = SURFACE_STYLE_FILL_AREA(#15232);
#15232 = FILL_AREA_STYLE('',(#15233));
#15233 = FILL_AREA_STYLE_COLOUR('',#15234);
#15234 = COLOUR_RGB('',0.147999998088,0.144999993226,0.144999993226);
#15235 = STYLED_ITEM('color',(#15236),#8321);
#15236 = PRESENTATION_STYLE_ASSIGNMENT((#15237));
#15237 = SURFACE_STYLE_USAGE(.BOTH.,#15238);
#15238 = SURFACE_SIDE_STYLE('',(#15239));
#15239 = SURFACE_STYLE_FILL_AREA(#15240);
#15240 = FILL_AREA_STYLE('',(#15241));
#15241 = FILL_AREA_STYLE_COLOUR('',#15234);
#15242 = STYLED_ITEM('color',(#15243),#8345);
#15243 = PRESENTATION_STYLE_ASSIGNMENT((#15244));
#15244 = SURFACE_STYLE_USAGE(.BOTH.,#15245);
#15245 = SURFACE_SIDE_STYLE('',(#15246));
#15246 = SURFACE_STYLE_FILL_AREA(#15247);
#15247 = FILL_AREA_STYLE('',(#15248));
#15248 = FILL_AREA_STYLE_COLOUR('',#15234);
#15249 = STYLED_ITEM('color',(#15250),#8457);
#15250 = PRESENTATION_STYLE_ASSIGNMENT((#15251));
#15251 = SURFACE_STYLE_USAGE(.BOTH.,#15252);
#15252 = SURFACE_SIDE_STYLE('',(#15253));
#15253 = SURFACE_STYLE_FILL_AREA(#15254);
#15254 = FILL_AREA_STYLE('',(#15255));
#15255 = FILL_AREA_STYLE_COLOUR('',#15234);
#15256 = STYLED_ITEM('color',(#15257),#8467);
#15257 = PRESENTATION_STYLE_ASSIGNMENT((#15258));
#15258 = SURFACE_STYLE_USAGE(.BOTH.,#15259);
#15259 = SURFACE_SIDE_STYLE('',(#15260));
#15260 = SURFACE_STYLE_FILL_AREA(#15261);
#15261 = FILL_AREA_STYLE('',(#15262));
#15262 = FILL_AREA_STYLE_COLOUR('',#15263);
#15263 = COLOUR_RGB('',0.823999987314,0.819999987296,0.781000009244);
#15264 = STYLED_ITEM('color',(#15265),#8498);
#15265 = PRESENTATION_STYLE_ASSIGNMENT((#15266));
#15266 = SURFACE_STYLE_USAGE(.BOTH.,#15267);
#15267 = SURFACE_SIDE_STYLE('',(#15268));
#15268 = SURFACE_STYLE_FILL_AREA(#15269);
#15269 = FILL_AREA_STYLE('',(#15270));
#15270 = FILL_AREA_STYLE_COLOUR('',#15263);
#15271 = STYLED_ITEM('color',(#15272),#8522);
#15272 = PRESENTATION_STYLE_ASSIGNMENT((#15273));
#15273 = SURFACE_STYLE_USAGE(.BOTH.,#15274);
#15274 = SURFACE_SIDE_STYLE('',(#15275));
#15275 = SURFACE_STYLE_FILL_AREA(#15276);
#15276 = FILL_AREA_STYLE('',(#15277));
#15277 = FILL_AREA_STYLE_COLOUR('',#15263);
#15278 = STYLED_ITEM('color',(#15279),#8546);
#15279 = PRESENTATION_STYLE_ASSIGNMENT((#15280));
#15280 = SURFACE_STYLE_USAGE(.BOTH.,#15281);
#15281 = SURFACE_SIDE_STYLE('',(#15282));
#15282 = SURFACE_STYLE_FILL_AREA(#15283);
#15283 = FILL_AREA_STYLE('',(#15284));
#15284 = FILL_AREA_STYLE_COLOUR('',#15263);
#15285 = STYLED_ITEM('color',(#15286),#8563);
#15286 = PRESENTATION_STYLE_ASSIGNMENT((#15287));
#15287 = SURFACE_STYLE_USAGE(.BOTH.,#15288);
#15288 = SURFACE_SIDE_STYLE('',(#15289));
#15289 = SURFACE_STYLE_FILL_AREA(#15290);
#15290 = FILL_AREA_STYLE('',(#15291));
#15291 = FILL_AREA_STYLE_COLOUR('',#15263);
#15292 = STYLED_ITEM('color',(#15293),#8594);
#15293 = PRESENTATION_STYLE_ASSIGNMENT((#15294));
#15294 = SURFACE_STYLE_USAGE(.BOTH.,#15295);
#15295 = SURFACE_SIDE_STYLE('',(#15296));
#15296 = SURFACE_STYLE_FILL_AREA(#15297);
#15297 = FILL_AREA_STYLE('',(#15298));
#15298 = FILL_AREA_STYLE_COLOUR('',#15263);
#15299 = STYLED_ITEM('color',(#15300),#8650);
#15300 = PRESENTATION_STYLE_ASSIGNMENT((#15301));
#15301 = SURFACE_STYLE_USAGE(.BOTH.,#15302);
#15302 = SURFACE_SIDE_STYLE('',(#15303));
#15303 = SURFACE_STYLE_FILL_AREA(#15304);
#15304 = FILL_AREA_STYLE('',(#15305));
#15305 = FILL_AREA_STYLE_COLOUR('',#15263);
#15306 = STYLED_ITEM('color',(#15307),#8674);
#15307 = PRESENTATION_STYLE_ASSIGNMENT((#15308));
#15308 = SURFACE_STYLE_USAGE(.BOTH.,#15309);
#15309 = SURFACE_SIDE_STYLE('',(#15310));
#15310 = SURFACE_STYLE_FILL_AREA(#15311);
#15311 = FILL_AREA_STYLE('',(#15312));
#15312 = FILL_AREA_STYLE_COLOUR('',#15263);
#15313 = STYLED_ITEM('color',(#15314),#8723);
#15314 = PRESENTATION_STYLE_ASSIGNMENT((#15315));
#15315 = SURFACE_STYLE_USAGE(.BOTH.,#15316);
#15316 = SURFACE_SIDE_STYLE('',(#15317));
#15317 = SURFACE_STYLE_FILL_AREA(#15318);
#15318 = FILL_AREA_STYLE('',(#15319));
#15319 = FILL_AREA_STYLE_COLOUR('',#15263);
#15320 = STYLED_ITEM('color',(#15321),#8754);
#15321 = PRESENTATION_STYLE_ASSIGNMENT((#15322));
#15322 = SURFACE_STYLE_USAGE(.BOTH.,#15323);
#15323 = SURFACE_SIDE_STYLE('',(#15324));
#15324 = SURFACE_STYLE_FILL_AREA(#15325);
#15325 = FILL_AREA_STYLE('',(#15326));
#15326 = FILL_AREA_STYLE_COLOUR('',#15263);
#15327 = STYLED_ITEM('color',(#15328),#8810);
#15328 = PRESENTATION_STYLE_ASSIGNMENT((#15329));
#15329 = SURFACE_STYLE_USAGE(.BOTH.,#15330);
#15330 = SURFACE_SIDE_STYLE('',(#15331));
#15331 = SURFACE_STYLE_FILL_AREA(#15332);
#15332 = FILL_AREA_STYLE('',(#15333));
#15333 = FILL_AREA_STYLE_COLOUR('',#15263);
#15334 = STYLED_ITEM('color',(#15335),#8834);
#15335 = PRESENTATION_STYLE_ASSIGNMENT((#15336));
#15336 = SURFACE_STYLE_USAGE(.BOTH.,#15337);
#15337 = SURFACE_SIDE_STYLE('',(#15338));
#15338 = SURFACE_STYLE_FILL_AREA(#15339);
#15339 = FILL_AREA_STYLE('',(#15340));
#15340 = FILL_AREA_STYLE_COLOUR('',#15263);
#15341 = STYLED_ITEM('color',(#15342),#8883);
#15342 = PRESENTATION_STYLE_ASSIGNMENT((#15343));
#15343 = SURFACE_STYLE_USAGE(.BOTH.,#15344);
#15344 = SURFACE_SIDE_STYLE('',(#15345));
#15345 = SURFACE_STYLE_FILL_AREA(#15346);
#15346 = FILL_AREA_STYLE('',(#15347));
#15347 = FILL_AREA_STYLE_COLOUR('',#15263);
#15348 = STYLED_ITEM('color',(#15349),#8895);
#15349 = PRESENTATION_STYLE_ASSIGNMENT((#15350));
#15350 = SURFACE_STYLE_USAGE(.BOTH.,#15351);
#15351 = SURFACE_SIDE_STYLE('',(#15352));
#15352 = SURFACE_STYLE_FILL_AREA(#15353);
#15353 = FILL_AREA_STYLE('',(#15354));
#15354 = FILL_AREA_STYLE_COLOUR('',#15263);
#15355 = STYLED_ITEM('color',(#15356),#8912);
#15356 = PRESENTATION_STYLE_ASSIGNMENT((#15357));
#15357 = SURFACE_STYLE_USAGE(.BOTH.,#15358);
#15358 = SURFACE_SIDE_STYLE('',(#15359));
#15359 = SURFACE_STYLE_FILL_AREA(#15360);
#15360 = FILL_AREA_STYLE('',(#15361));
#15361 = FILL_AREA_STYLE_COLOUR('',#15263);
#15362 = STYLED_ITEM('color',(#15363),#8929);
#15363 = PRESENTATION_STYLE_ASSIGNMENT((#15364));
#15364 = SURFACE_STYLE_USAGE(.BOTH.,#15365);
#15365 = SURFACE_SIDE_STYLE('',(#15366));
#15366 = SURFACE_STYLE_FILL_AREA(#15367);
#15367 = FILL_AREA_STYLE('',(#15368));
#15368 = FILL_AREA_STYLE_COLOUR('',#15263);
#15369 = STYLED_ITEM('color',(#15370),#8946);
#15370 = PRESENTATION_STYLE_ASSIGNMENT((#15371));
#15371 = SURFACE_STYLE_USAGE(.BOTH.,#15372);
#15372 = SURFACE_SIDE_STYLE('',(#15373));
#15373 = SURFACE_STYLE_FILL_AREA(#15374);
#15374 = FILL_AREA_STYLE('',(#15375));
#15375 = FILL_AREA_STYLE_COLOUR('',#15263);
#15376 = STYLED_ITEM('color',(#15377),#8963);
#15377 = PRESENTATION_STYLE_ASSIGNMENT((#15378));
#15378 = SURFACE_STYLE_USAGE(.BOTH.,#15379);
#15379 = SURFACE_SIDE_STYLE('',(#15380));
#15380 = SURFACE_STYLE_FILL_AREA(#15381);
#15381 = FILL_AREA_STYLE('',(#15382));
#15382 = FILL_AREA_STYLE_COLOUR('',#15263);
#15383 = STYLED_ITEM('color',(#15384),#8975);
#15384 = PRESENTATION_STYLE_ASSIGNMENT((#15385));
#15385 = SURFACE_STYLE_USAGE(.BOTH.,#15386);
#15386 = SURFACE_SIDE_STYLE('',(#15387));
#15387 = SURFACE_STYLE_FILL_AREA(#15388);
#15388 = FILL_AREA_STYLE('',(#15389));
#15389 = FILL_AREA_STYLE_COLOUR('',#15263);
#15390 = STYLED_ITEM('color',(#15391),#8992);
#15391 = PRESENTATION_STYLE_ASSIGNMENT((#15392));
#15392 = SURFACE_STYLE_USAGE(.BOTH.,#15393);
#15393 = SURFACE_SIDE_STYLE('',(#15394));
#15394 = SURFACE_STYLE_FILL_AREA(#15395);
#15395 = FILL_AREA_STYLE('',(#15396));
#15396 = FILL_AREA_STYLE_COLOUR('',#15263);
#15397 = STYLED_ITEM('color',(#15398),#9009);
#15398 = PRESENTATION_STYLE_ASSIGNMENT((#15399));
#15399 = SURFACE_STYLE_USAGE(.BOTH.,#15400);
#15400 = SURFACE_SIDE_STYLE('',(#15401));
#15401 = SURFACE_STYLE_FILL_AREA(#15402);
#15402 = FILL_AREA_STYLE('',(#15403));
#15403 = FILL_AREA_STYLE_COLOUR('',#15263);
#15404 = STYLED_ITEM('color',(#15405),#9026);
#15405 = PRESENTATION_STYLE_ASSIGNMENT((#15406));
#15406 = SURFACE_STYLE_USAGE(.BOTH.,#15407);
#15407 = SURFACE_SIDE_STYLE('',(#15408));
#15408 = SURFACE_STYLE_FILL_AREA(#15409);
#15409 = FILL_AREA_STYLE('',(#15410));
#15410 = FILL_AREA_STYLE_COLOUR('',#15263);
#15411 = STYLED_ITEM('color',(#15412),#9043);
#15412 = PRESENTATION_STYLE_ASSIGNMENT((#15413));
#15413 = SURFACE_STYLE_USAGE(.BOTH.,#15414);
#15414 = SURFACE_SIDE_STYLE('',(#15415));
#15415 = SURFACE_STYLE_FILL_AREA(#15416);
#15416 = FILL_AREA_STYLE('',(#15417));
#15417 = FILL_AREA_STYLE_COLOUR('',#15263);
#15418 = MECHANICAL_DESIGN_GEOMETRIC_PRESENTATION_REPRESENTATION('',(
    #15419,#15426,#15433,#15440),#2875);
#15419 = STYLED_ITEM('color',(#15420),#2469);
#15420 = PRESENTATION_STYLE_ASSIGNMENT((#15421));
#15421 = SURFACE_STYLE_USAGE(.BOTH.,#15422);
#15422 = SURFACE_SIDE_STYLE('',(#15423));
#15423 = SURFACE_STYLE_FILL_AREA(#15424);
#15424 = FILL_AREA_STYLE('',(#15425));
#15425 = FILL_AREA_STYLE_COLOUR('',#15225);
#15426 = STYLED_ITEM('color',(#15427),#2522);
#15427 = PRESENTATION_STYLE_ASSIGNMENT((#15428));
#15428 = SURFACE_STYLE_USAGE(.BOTH.,#15429);
#15429 = SURFACE_SIDE_STYLE('',(#15430));
#15430 = SURFACE_STYLE_FILL_AREA(#15431);
#15431 = FILL_AREA_STYLE('',(#15432));
#15432 = FILL_AREA_STYLE_COLOUR('',#15225);
#15433 = STYLED_ITEM('color',(#15434),#2575);
#15434 = PRESENTATION_STYLE_ASSIGNMENT((#15435));
#15435 = SURFACE_STYLE_USAGE(.BOTH.,#15436);
#15436 = SURFACE_SIDE_STYLE('',(#15437));
#15437 = SURFACE_STYLE_FILL_AREA(#15438);
#15438 = FILL_AREA_STYLE('',(#15439));
#15439 = FILL_AREA_STYLE_COLOUR('',#15225);
#15440 = STYLED_ITEM('color',(#15441),#2725);
#15441 = PRESENTATION_STYLE_ASSIGNMENT((#15442));
#15442 = SURFACE_STYLE_USAGE(.BOTH.,#15443);
#15443 = SURFACE_SIDE_STYLE('',(#15444));
#15444 = SURFACE_STYLE_FILL_AREA(#15445);
#15445 = FILL_AREA_STYLE('',(#15446));
#15446 = FILL_AREA_STYLE_COLOUR('',#15225);
#15447 = MECHANICAL_DESIGN_GEOMETRIC_PRESENTATION_REPRESENTATION('',(
    #15448,#15455,#15462,#15469,#15476,#15484,#15491,#15498,#15505,
    #15512),#10048);
#15448 = STYLED_ITEM('color',(#15449),#9568);
#15449 = PRESENTATION_STYLE_ASSIGNMENT((#15450));
#15450 = SURFACE_STYLE_USAGE(.BOTH.,#15451);
#15451 = SURFACE_SIDE_STYLE('',(#15452));
#15452 = SURFACE_STYLE_FILL_AREA(#15453);
#15453 = FILL_AREA_STYLE('',(#15454));
#15454 = FILL_AREA_STYLE_COLOUR('',#15263);
#15455 = STYLED_ITEM('color',(#15456),#9585);
#15456 = PRESENTATION_STYLE_ASSIGNMENT((#15457));
#15457 = SURFACE_STYLE_USAGE(.BOTH.,#15458);
#15458 = SURFACE_SIDE_STYLE('',(#15459));
#15459 = SURFACE_STYLE_FILL_AREA(#15460);
#15460 = FILL_AREA_STYLE('',(#15461));
#15461 = FILL_AREA_STYLE_COLOUR('',#15263);
#15462 = STYLED_ITEM('color',(#15463),#9610);
#15463 = PRESENTATION_STYLE_ASSIGNMENT((#15464));
#15464 = SURFACE_STYLE_USAGE(.BOTH.,#15465);
#15465 = SURFACE_SIDE_STYLE('',(#15466));
#15466 = SURFACE_STYLE_FILL_AREA(#15467);
#15467 = FILL_AREA_STYLE('',(#15468));
#15468 = FILL_AREA_STYLE_COLOUR('',#15263);
#15469 = STYLED_ITEM('color',(#15470),#9640);
#15470 = PRESENTATION_STYLE_ASSIGNMENT((#15471));
#15471 = SURFACE_STYLE_USAGE(.BOTH.,#15472);
#15472 = SURFACE_SIDE_STYLE('',(#15473));
#15473 = SURFACE_STYLE_FILL_AREA(#15474);
#15474 = FILL_AREA_STYLE('',(#15475));
#15475 = FILL_AREA_STYLE_COLOUR('',#15263);
#15476 = STYLED_ITEM('color',(#15477),#9774);
#15477 = PRESENTATION_STYLE_ASSIGNMENT((#15478));
#15478 = SURFACE_STYLE_USAGE(.BOTH.,#15479);
#15479 = SURFACE_SIDE_STYLE('',(#15480));
#15480 = SURFACE_STYLE_FILL_AREA(#15481);
#15481 = FILL_AREA_STYLE('',(#15482));
#15482 = FILL_AREA_STYLE_COLOUR('',#15483);
#15483 = COLOUR_RGB('',0.809000013735,0.426000008053,0.147999998088);
#15484 = STYLED_ITEM('color',(#15485),#9875);
#15485 = PRESENTATION_STYLE_ASSIGNMENT((#15486));
#15486 = SURFACE_STYLE_USAGE(.BOTH.,#15487);
#15487 = SURFACE_SIDE_STYLE('',(#15488));
#15488 = SURFACE_STYLE_FILL_AREA(#15489);
#15489 = FILL_AREA_STYLE('',(#15490));
#15490 = FILL_AREA_STYLE_COLOUR('',#15483);
#15491 = STYLED_ITEM('color',(#15492),#9957);
#15492 = PRESENTATION_STYLE_ASSIGNMENT((#15493));
#15493 = SURFACE_STYLE_USAGE(.BOTH.,#15494);
#15494 = SURFACE_SIDE_STYLE('',(#15495));
#15495 = SURFACE_STYLE_FILL_AREA(#15496);
#15496 = FILL_AREA_STYLE('',(#15497));
#15497 = FILL_AREA_STYLE_COLOUR('',#15263);
#15498 = STYLED_ITEM('color',(#15499),#9984);
#15499 = PRESENTATION_STYLE_ASSIGNMENT((#15500));
#15500 = SURFACE_STYLE_USAGE(.BOTH.,#15501);
#15501 = SURFACE_SIDE_STYLE('',(#15502));
#15502 = SURFACE_STYLE_FILL_AREA(#15503);
#15503 = FILL_AREA_STYLE('',(#15504));
#15504 = FILL_AREA_STYLE_COLOUR('',#15263);
#15505 = STYLED_ITEM('color',(#15506),#10014);
#15506 = PRESENTATION_STYLE_ASSIGNMENT((#15507));
#15507 = SURFACE_STYLE_USAGE(.BOTH.,#15508);
#15508 = SURFACE_SIDE_STYLE('',(#15509));
#15509 = SURFACE_STYLE_FILL_AREA(#15510);
#15510 = FILL_AREA_STYLE('',(#15511));
#15511 = FILL_AREA_STYLE_COLOUR('',#15263);
#15512 = STYLED_ITEM('color',(#15513),#10039);
#15513 = PRESENTATION_STYLE_ASSIGNMENT((#15514));
#15514 = SURFACE_STYLE_USAGE(.BOTH.,#15515);
#15515 = SURFACE_SIDE_STYLE('',(#15516));
#15516 = SURFACE_STYLE_FILL_AREA(#15517);
#15517 = FILL_AREA_STYLE('',(#15518));
#15518 = FILL_AREA_STYLE_COLOUR('',#15263);
#15519 = MECHANICAL_DESIGN_GEOMETRIC_PRESENTATION_REPRESENTATION('',(
    #15520),#5203);
#15520 = STYLED_ITEM('color',(#15521),#5150);
#15521 = PRESENTATION_STYLE_ASSIGNMENT((#15522));
#15522 = SURFACE_STYLE_USAGE(.BOTH.,#15523);
#15523 = SURFACE_SIDE_STYLE('',(#15524));
#15524 = SURFACE_STYLE_FILL_AREA(#15525);
#15525 = FILL_AREA_STYLE('',(#15526));
#15526 = FILL_AREA_STYLE_COLOUR('',#15527);
#15527 = COLOUR_RGB('',0.850000012718,0.800000010877,0.649999988539);
#15528 = MECHANICAL_DESIGN_GEOMETRIC_PRESENTATION_REPRESENTATION('',(
    #15529,#15536,#15543,#15550,#15557,#15564,#15571,#15578,#15585,
    #15592,#15599,#15606,#15613,#15620,#15627,#15634,#15641,#15649,
    #15656,#15663,#15670,#15677,#15684,#15691,#15698,#15705,#15712,
    #15719,#15726,#15733,#15740,#15747,#15754,#15761,#15768,#15775,
    #15782,#15789,#15796,#15803,#15810,#15817,#15824,#15831,#15838,
    #15845,#15852,#15859,#15866,#15873,#15880,#15887),#11542);
#15529 = STYLED_ITEM('color',(#15530),#10112);
#15530 = PRESENTATION_STYLE_ASSIGNMENT((#15531));
#15531 = SURFACE_STYLE_USAGE(.BOTH.,#15532);
#15532 = SURFACE_SIDE_STYLE('',(#15533));
#15533 = SURFACE_STYLE_FILL_AREA(#15534);
#15534 = FILL_AREA_STYLE('',(#15535));
#15535 = FILL_AREA_STYLE_COLOUR('',#15234);
#15536 = STYLED_ITEM('color',(#15537),#10152);
#15537 = PRESENTATION_STYLE_ASSIGNMENT((#15538));
#15538 = SURFACE_STYLE_USAGE(.BOTH.,#15539);
#15539 = SURFACE_SIDE_STYLE('',(#15540));
#15540 = SURFACE_STYLE_FILL_AREA(#15541);
#15541 = FILL_AREA_STYLE('',(#15542));
#15542 = FILL_AREA_STYLE_COLOUR('',#15234);
#15543 = STYLED_ITEM('color',(#15544),#10183);
#15544 = PRESENTATION_STYLE_ASSIGNMENT((#15545));
#15545 = SURFACE_STYLE_USAGE(.BOTH.,#15546);
#15546 = SURFACE_SIDE_STYLE('',(#15547));
#15547 = SURFACE_STYLE_FILL_AREA(#15548);
#15548 = FILL_AREA_STYLE('',(#15549));
#15549 = FILL_AREA_STYLE_COLOUR('',#15234);
#15550 = STYLED_ITEM('color',(#15551),#10214);
#15551 = PRESENTATION_STYLE_ASSIGNMENT((#15552));
#15552 = SURFACE_STYLE_USAGE(.BOTH.,#15553);
#15553 = SURFACE_SIDE_STYLE('',(#15554));
#15554 = SURFACE_STYLE_FILL_AREA(#15555);
#15555 = FILL_AREA_STYLE('',(#15556));
#15556 = FILL_AREA_STYLE_COLOUR('',#15234);
#15557 = STYLED_ITEM('color',(#15558),#10379);
#15558 = PRESENTATION_STYLE_ASSIGNMENT((#15559));
#15559 = SURFACE_STYLE_USAGE(.BOTH.,#15560);
#15560 = SURFACE_SIDE_STYLE('',(#15561));
#15561 = SURFACE_STYLE_FILL_AREA(#15562);
#15562 = FILL_AREA_STYLE('',(#15563));
#15563 = FILL_AREA_STYLE_COLOUR('',#15234);
#15564 = STYLED_ITEM('color',(#15565),#10544);
#15565 = PRESENTATION_STYLE_ASSIGNMENT((#15566));
#15566 = SURFACE_STYLE_USAGE(.BOTH.,#15567);
#15567 = SURFACE_SIDE_STYLE('',(#15568));
#15568 = SURFACE_STYLE_FILL_AREA(#15569);
#15569 = FILL_AREA_STYLE('',(#15570));
#15570 = FILL_AREA_STYLE_COLOUR('',#15234);
#15571 = STYLED_ITEM('color',(#15572),#10561);
#15572 = PRESENTATION_STYLE_ASSIGNMENT((#15573));
#15573 = SURFACE_STYLE_USAGE(.BOTH.,#15574);
#15574 = SURFACE_SIDE_STYLE('',(#15575));
#15575 = SURFACE_STYLE_FILL_AREA(#15576);
#15576 = FILL_AREA_STYLE('',(#15577));
#15577 = FILL_AREA_STYLE_COLOUR('',#15234);
#15578 = STYLED_ITEM('color',(#15579),#10578);
#15579 = PRESENTATION_STYLE_ASSIGNMENT((#15580));
#15580 = SURFACE_STYLE_USAGE(.BOTH.,#15581);
#15581 = SURFACE_SIDE_STYLE('',(#15582));
#15582 = SURFACE_STYLE_FILL_AREA(#15583);
#15583 = FILL_AREA_STYLE('',(#15584));
#15584 = FILL_AREA_STYLE_COLOUR('',#15234);
#15585 = STYLED_ITEM('color',(#15586),#10595);
#15586 = PRESENTATION_STYLE_ASSIGNMENT((#15587));
#15587 = SURFACE_STYLE_USAGE(.BOTH.,#15588);
#15588 = SURFACE_SIDE_STYLE('',(#15589));
#15589 = SURFACE_STYLE_FILL_AREA(#15590);
#15590 = FILL_AREA_STYLE('',(#15591));
#15591 = FILL_AREA_STYLE_COLOUR('',#15234);
#15592 = STYLED_ITEM('color',(#15593),#10612);
#15593 = PRESENTATION_STYLE_ASSIGNMENT((#15594));
#15594 = SURFACE_STYLE_USAGE(.BOTH.,#15595);
#15595 = SURFACE_SIDE_STYLE('',(#15596));
#15596 = SURFACE_STYLE_FILL_AREA(#15597);
#15597 = FILL_AREA_STYLE('',(#15598));
#15598 = FILL_AREA_STYLE_COLOUR('',#15234);
#15599 = STYLED_ITEM('color',(#15600),#10629);
#15600 = PRESENTATION_STYLE_ASSIGNMENT((#15601));
#15601 = SURFACE_STYLE_USAGE(.BOTH.,#15602);
#15602 = SURFACE_SIDE_STYLE('',(#15603));
#15603 = SURFACE_STYLE_FILL_AREA(#15604);
#15604 = FILL_AREA_STYLE('',(#15605));
#15605 = FILL_AREA_STYLE_COLOUR('',#15234);
#15606 = STYLED_ITEM('color',(#15607),#10646);
#15607 = PRESENTATION_STYLE_ASSIGNMENT((#15608));
#15608 = SURFACE_STYLE_USAGE(.BOTH.,#15609);
#15609 = SURFACE_SIDE_STYLE('',(#15610));
#15610 = SURFACE_STYLE_FILL_AREA(#15611);
#15611 = FILL_AREA_STYLE('',(#15612));
#15612 = FILL_AREA_STYLE_COLOUR('',#15234);
#15613 = STYLED_ITEM('color',(#15614),#10663);
#15614 = PRESENTATION_STYLE_ASSIGNMENT((#15615));
#15615 = SURFACE_STYLE_USAGE(.BOTH.,#15616);
#15616 = SURFACE_SIDE_STYLE('',(#15617));
#15617 = SURFACE_STYLE_FILL_AREA(#15618);
#15618 = FILL_AREA_STYLE('',(#15619));
#15619 = FILL_AREA_STYLE_COLOUR('',#15234);
#15620 = STYLED_ITEM('color',(#15621),#10680);
#15621 = PRESENTATION_STYLE_ASSIGNMENT((#15622));
#15622 = SURFACE_STYLE_USAGE(.BOTH.,#15623);
#15623 = SURFACE_SIDE_STYLE('',(#15624));
#15624 = SURFACE_STYLE_FILL_AREA(#15625);
#15625 = FILL_AREA_STYLE('',(#15626));
#15626 = FILL_AREA_STYLE_COLOUR('',#15234);
#15627 = STYLED_ITEM('color',(#15628),#10697);
#15628 = PRESENTATION_STYLE_ASSIGNMENT((#15629));
#15629 = SURFACE_STYLE_USAGE(.BOTH.,#15630);
#15630 = SURFACE_SIDE_STYLE('',(#15631));
#15631 = SURFACE_STYLE_FILL_AREA(#15632);
#15632 = FILL_AREA_STYLE('',(#15633));
#15633 = FILL_AREA_STYLE_COLOUR('',#15234);
#15634 = STYLED_ITEM('color',(#15635),#10714);
#15635 = PRESENTATION_STYLE_ASSIGNMENT((#15636));
#15636 = SURFACE_STYLE_USAGE(.BOTH.,#15637);
#15637 = SURFACE_SIDE_STYLE('',(#15638));
#15638 = SURFACE_STYLE_FILL_AREA(#15639);
#15639 = FILL_AREA_STYLE('',(#15640));
#15640 = FILL_AREA_STYLE_COLOUR('',#15234);
#15641 = STYLED_ITEM('color',(#15642),#10726);
#15642 = PRESENTATION_STYLE_ASSIGNMENT((#15643));
#15643 = SURFACE_STYLE_USAGE(.BOTH.,#15644);
#15644 = SURFACE_SIDE_STYLE('',(#15645));
#15645 = SURFACE_STYLE_FILL_AREA(#15646);
#15646 = FILL_AREA_STYLE('',(#15647));
#15647 = FILL_AREA_STYLE_COLOUR('',#15648);
#15648 = COLOUR_RGB('',0.859000020776,0.737999965183,0.495999988746);
#15649 = STYLED_ITEM('color',(#15650),#10757);
#15650 = PRESENTATION_STYLE_ASSIGNMENT((#15651));
#15651 = SURFACE_STYLE_USAGE(.BOTH.,#15652);
#15652 = SURFACE_SIDE_STYLE('',(#15653));
#15653 = SURFACE_STYLE_FILL_AREA(#15654);
#15654 = FILL_AREA_STYLE('',(#15655));
#15655 = FILL_AREA_STYLE_COLOUR('',#15648);
#15656 = STYLED_ITEM('color',(#15657),#10781);
#15657 = PRESENTATION_STYLE_ASSIGNMENT((#15658));
#15658 = SURFACE_STYLE_USAGE(.BOTH.,#15659);
#15659 = SURFACE_SIDE_STYLE('',(#15660));
#15660 = SURFACE_STYLE_FILL_AREA(#15661);
#15661 = FILL_AREA_STYLE('',(#15662));
#15662 = FILL_AREA_STYLE_COLOUR('',#15648);
#15663 = STYLED_ITEM('color',(#15664),#10805);
#15664 = PRESENTATION_STYLE_ASSIGNMENT((#15665));
#15665 = SURFACE_STYLE_USAGE(.BOTH.,#15666);
#15666 = SURFACE_SIDE_STYLE('',(#15667));
#15667 = SURFACE_STYLE_FILL_AREA(#15668);
#15668 = FILL_AREA_STYLE('',(#15669));
#15669 = FILL_AREA_STYLE_COLOUR('',#15648);
#15670 = STYLED_ITEM('color',(#15671),#10822);
#15671 = PRESENTATION_STYLE_ASSIGNMENT((#15672));
#15672 = SURFACE_STYLE_USAGE(.BOTH.,#15673);
#15673 = SURFACE_SIDE_STYLE('',(#15674));
#15674 = SURFACE_STYLE_FILL_AREA(#15675);
#15675 = FILL_AREA_STYLE('',(#15676));
#15676 = FILL_AREA_STYLE_COLOUR('',#15648);
#15677 = STYLED_ITEM('color',(#15678),#10853);
#15678 = PRESENTATION_STYLE_ASSIGNMENT((#15679));
#15679 = SURFACE_STYLE_USAGE(.BOTH.,#15680);
#15680 = SURFACE_SIDE_STYLE('',(#15681));
#15681 = SURFACE_STYLE_FILL_AREA(#15682);
#15682 = FILL_AREA_STYLE('',(#15683));
#15683 = FILL_AREA_STYLE_COLOUR('',#15648);
#15684 = STYLED_ITEM('color',(#15685),#10877);
#15685 = PRESENTATION_STYLE_ASSIGNMENT((#15686));
#15686 = SURFACE_STYLE_USAGE(.BOTH.,#15687);
#15687 = SURFACE_SIDE_STYLE('',(#15688));
#15688 = SURFACE_STYLE_FILL_AREA(#15689);
#15689 = FILL_AREA_STYLE('',(#15690));
#15690 = FILL_AREA_STYLE_COLOUR('',#15648);
#15691 = STYLED_ITEM('color',(#15692),#10901);
#15692 = PRESENTATION_STYLE_ASSIGNMENT((#15693));
#15693 = SURFACE_STYLE_USAGE(.BOTH.,#15694);
#15694 = SURFACE_SIDE_STYLE('',(#15695));
#15695 = SURFACE_STYLE_FILL_AREA(#15696);
#15696 = FILL_AREA_STYLE('',(#15697));
#15697 = FILL_AREA_STYLE_COLOUR('',#15648);
#15698 = STYLED_ITEM('color',(#15699),#10918);
#15699 = PRESENTATION_STYLE_ASSIGNMENT((#15700));
#15700 = SURFACE_STYLE_USAGE(.BOTH.,#15701);
#15701 = SURFACE_SIDE_STYLE('',(#15702));
#15702 = SURFACE_STYLE_FILL_AREA(#15703);
#15703 = FILL_AREA_STYLE('',(#15704));
#15704 = FILL_AREA_STYLE_COLOUR('',#15648);
#15705 = STYLED_ITEM('color',(#15706),#10949);
#15706 = PRESENTATION_STYLE_ASSIGNMENT((#15707));
#15707 = SURFACE_STYLE_USAGE(.BOTH.,#15708);
#15708 = SURFACE_SIDE_STYLE('',(#15709));
#15709 = SURFACE_STYLE_FILL_AREA(#15710);
#15710 = FILL_AREA_STYLE('',(#15711));
#15711 = FILL_AREA_STYLE_COLOUR('',#15648);
#15712 = STYLED_ITEM('color',(#15713),#10973);
#15713 = PRESENTATION_STYLE_ASSIGNMENT((#15714));
#15714 = SURFACE_STYLE_USAGE(.BOTH.,#15715);
#15715 = SURFACE_SIDE_STYLE('',(#15716));
#15716 = SURFACE_STYLE_FILL_AREA(#15717);
#15717 = FILL_AREA_STYLE('',(#15718));
#15718 = FILL_AREA_STYLE_COLOUR('',#15648);
#15719 = STYLED_ITEM('color',(#15720),#10997);
#15720 = PRESENTATION_STYLE_ASSIGNMENT((#15721));
#15721 = SURFACE_STYLE_USAGE(.BOTH.,#15722);
#15722 = SURFACE_SIDE_STYLE('',(#15723));
#15723 = SURFACE_STYLE_FILL_AREA(#15724);
#15724 = FILL_AREA_STYLE('',(#15725));
#15725 = FILL_AREA_STYLE_COLOUR('',#15648);
#15726 = STYLED_ITEM('color',(#15727),#11014);
#15727 = PRESENTATION_STYLE_ASSIGNMENT((#15728));
#15728 = SURFACE_STYLE_USAGE(.BOTH.,#15729);
#15729 = SURFACE_SIDE_STYLE('',(#15730));
#15730 = SURFACE_STYLE_FILL_AREA(#15731);
#15731 = FILL_AREA_STYLE('',(#15732));
#15732 = FILL_AREA_STYLE_COLOUR('',#15648);
#15733 = STYLED_ITEM('color',(#15734),#11045);
#15734 = PRESENTATION_STYLE_ASSIGNMENT((#15735));
#15735 = SURFACE_STYLE_USAGE(.BOTH.,#15736);
#15736 = SURFACE_SIDE_STYLE('',(#15737));
#15737 = SURFACE_STYLE_FILL_AREA(#15738);
#15738 = FILL_AREA_STYLE('',(#15739));
#15739 = FILL_AREA_STYLE_COLOUR('',#15648);
#15740 = STYLED_ITEM('color',(#15741),#11069);
#15741 = PRESENTATION_STYLE_ASSIGNMENT((#15742));
#15742 = SURFACE_STYLE_USAGE(.BOTH.,#15743);
#15743 = SURFACE_SIDE_STYLE('',(#15744));
#15744 = SURFACE_STYLE_FILL_AREA(#15745);
#15745 = FILL_AREA_STYLE('',(#15746));
#15746 = FILL_AREA_STYLE_COLOUR('',#15648);
#15747 = STYLED_ITEM('color',(#15748),#11093);
#15748 = PRESENTATION_STYLE_ASSIGNMENT((#15749));
#15749 = SURFACE_STYLE_USAGE(.BOTH.,#15750);
#15750 = SURFACE_SIDE_STYLE('',(#15751));
#15751 = SURFACE_STYLE_FILL_AREA(#15752);
#15752 = FILL_AREA_STYLE('',(#15753));
#15753 = FILL_AREA_STYLE_COLOUR('',#15648);
#15754 = STYLED_ITEM('color',(#15755),#11110);
#15755 = PRESENTATION_STYLE_ASSIGNMENT((#15756));
#15756 = SURFACE_STYLE_USAGE(.BOTH.,#15757);
#15757 = SURFACE_SIDE_STYLE('',(#15758));
#15758 = SURFACE_STYLE_FILL_AREA(#15759);
#15759 = FILL_AREA_STYLE('',(#15760));
#15760 = FILL_AREA_STYLE_COLOUR('',#15648);
#15761 = STYLED_ITEM('color',(#15762),#11141);
#15762 = PRESENTATION_STYLE_ASSIGNMENT((#15763));
#15763 = SURFACE_STYLE_USAGE(.BOTH.,#15764);
#15764 = SURFACE_SIDE_STYLE('',(#15765));
#15765 = SURFACE_STYLE_FILL_AREA(#15766);
#15766 = FILL_AREA_STYLE('',(#15767));
#15767 = FILL_AREA_STYLE_COLOUR('',#15648);
#15768 = STYLED_ITEM('color',(#15769),#11165);
#15769 = PRESENTATION_STYLE_ASSIGNMENT((#15770));
#15770 = SURFACE_STYLE_USAGE(.BOTH.,#15771);
#15771 = SURFACE_SIDE_STYLE('',(#15772));
#15772 = SURFACE_STYLE_FILL_AREA(#15773);
#15773 = FILL_AREA_STYLE('',(#15774));
#15774 = FILL_AREA_STYLE_COLOUR('',#15648);
#15775 = STYLED_ITEM('color',(#15776),#11189);
#15776 = PRESENTATION_STYLE_ASSIGNMENT((#15777));
#15777 = SURFACE_STYLE_USAGE(.BOTH.,#15778);
#15778 = SURFACE_SIDE_STYLE('',(#15779));
#15779 = SURFACE_STYLE_FILL_AREA(#15780);
#15780 = FILL_AREA_STYLE('',(#15781));
#15781 = FILL_AREA_STYLE_COLOUR('',#15648);
#15782 = STYLED_ITEM('color',(#15783),#11206);
#15783 = PRESENTATION_STYLE_ASSIGNMENT((#15784));
#15784 = SURFACE_STYLE_USAGE(.BOTH.,#15785);
#15785 = SURFACE_SIDE_STYLE('',(#15786));
#15786 = SURFACE_STYLE_FILL_AREA(#15787);
#15787 = FILL_AREA_STYLE('',(#15788));
#15788 = FILL_AREA_STYLE_COLOUR('',#15648);
#15789 = STYLED_ITEM('color',(#15790),#11237);
#15790 = PRESENTATION_STYLE_ASSIGNMENT((#15791));
#15791 = SURFACE_STYLE_USAGE(.BOTH.,#15792);
#15792 = SURFACE_SIDE_STYLE('',(#15793));
#15793 = SURFACE_STYLE_FILL_AREA(#15794);
#15794 = FILL_AREA_STYLE('',(#15795));
#15795 = FILL_AREA_STYLE_COLOUR('',#15648);
#15796 = STYLED_ITEM('color',(#15797),#11261);
#15797 = PRESENTATION_STYLE_ASSIGNMENT((#15798));
#15798 = SURFACE_STYLE_USAGE(.BOTH.,#15799);
#15799 = SURFACE_SIDE_STYLE('',(#15800));
#15800 = SURFACE_STYLE_FILL_AREA(#15801);
#15801 = FILL_AREA_STYLE('',(#15802));
#15802 = FILL_AREA_STYLE_COLOUR('',#15648);
#15803 = STYLED_ITEM('color',(#15804),#11285);
#15804 = PRESENTATION_STYLE_ASSIGNMENT((#15805));
#15805 = SURFACE_STYLE_USAGE(.BOTH.,#15806);
#15806 = SURFACE_SIDE_STYLE('',(#15807));
#15807 = SURFACE_STYLE_FILL_AREA(#15808);
#15808 = FILL_AREA_STYLE('',(#15809));
#15809 = FILL_AREA_STYLE_COLOUR('',#15648);
#15810 = STYLED_ITEM('color',(#15811),#11302);
#15811 = PRESENTATION_STYLE_ASSIGNMENT((#15812));
#15812 = SURFACE_STYLE_USAGE(.BOTH.,#15813);
#15813 = SURFACE_SIDE_STYLE('',(#15814));
#15814 = SURFACE_STYLE_FILL_AREA(#15815);
#15815 = FILL_AREA_STYLE('',(#15816));
#15816 = FILL_AREA_STYLE_COLOUR('',#15648);
#15817 = STYLED_ITEM('color',(#15818),#11333);
#15818 = PRESENTATION_STYLE_ASSIGNMENT((#15819));
#15819 = SURFACE_STYLE_USAGE(.BOTH.,#15820);
#15820 = SURFACE_SIDE_STYLE('',(#15821));
#15821 = SURFACE_STYLE_FILL_AREA(#15822);
#15822 = FILL_AREA_STYLE('',(#15823));
#15823 = FILL_AREA_STYLE_COLOUR('',#15648);
#15824 = STYLED_ITEM('color',(#15825),#11357);
#15825 = PRESENTATION_STYLE_ASSIGNMENT((#15826));
#15826 = SURFACE_STYLE_USAGE(.BOTH.,#15827);
#15827 = SURFACE_SIDE_STYLE('',(#15828));
#15828 = SURFACE_STYLE_FILL_AREA(#15829);
#15829 = FILL_AREA_STYLE('',(#15830));
#15830 = FILL_AREA_STYLE_COLOUR('',#15648);
#15831 = STYLED_ITEM('color',(#15832),#11381);
#15832 = PRESENTATION_STYLE_ASSIGNMENT((#15833));
#15833 = SURFACE_STYLE_USAGE(.BOTH.,#15834);
#15834 = SURFACE_SIDE_STYLE('',(#15835));
#15835 = SURFACE_STYLE_FILL_AREA(#15836);
#15836 = FILL_AREA_STYLE('',(#15837));
#15837 = FILL_AREA_STYLE_COLOUR('',#15648);
#15838 = STYLED_ITEM('color',(#15839),#11398);
#15839 = PRESENTATION_STYLE_ASSIGNMENT((#15840));
#15840 = SURFACE_STYLE_USAGE(.BOTH.,#15841);
#15841 = SURFACE_SIDE_STYLE('',(#15842));
#15842 = SURFACE_STYLE_FILL_AREA(#15843);
#15843 = FILL_AREA_STYLE('',(#15844));
#15844 = FILL_AREA_STYLE_COLOUR('',#15648);
#15845 = STYLED_ITEM('color',(#15846),#11429);
#15846 = PRESENTATION_STYLE_ASSIGNMENT((#15847));
#15847 = SURFACE_STYLE_USAGE(.BOTH.,#15848);
#15848 = SURFACE_SIDE_STYLE('',(#15849));
#15849 = SURFACE_STYLE_FILL_AREA(#15850);
#15850 = FILL_AREA_STYLE('',(#15851));
#15851 = FILL_AREA_STYLE_COLOUR('',#15648);
#15852 = STYLED_ITEM('color',(#15853),#11453);
#15853 = PRESENTATION_STYLE_ASSIGNMENT((#15854));
#15854 = SURFACE_STYLE_USAGE(.BOTH.,#15855);
#15855 = SURFACE_SIDE_STYLE('',(#15856));
#15856 = SURFACE_STYLE_FILL_AREA(#15857);
#15857 = FILL_AREA_STYLE('',(#15858));
#15858 = FILL_AREA_STYLE_COLOUR('',#15648);
#15859 = STYLED_ITEM('color',(#15860),#11477);
#15860 = PRESENTATION_STYLE_ASSIGNMENT((#15861));
#15861 = SURFACE_STYLE_USAGE(.BOTH.,#15862);
#15862 = SURFACE_SIDE_STYLE('',(#15863));
#15863 = SURFACE_STYLE_FILL_AREA(#15864);
#15864 = FILL_AREA_STYLE('',(#15865));
#15865 = FILL_AREA_STYLE_COLOUR('',#15648);
#15866 = STYLED_ITEM('color',(#15867),#11494);
#15867 = PRESENTATION_STYLE_ASSIGNMENT((#15868));
#15868 = SURFACE_STYLE_USAGE(.BOTH.,#15869);
#15869 = SURFACE_SIDE_STYLE('',(#15870));
#15870 = SURFACE_STYLE_FILL_AREA(#15871);
#15871 = FILL_AREA_STYLE('',(#15872));
#15872 = FILL_AREA_STYLE_COLOUR('',#15648);
#15873 = STYLED_ITEM('color',(#15874),#11506);
#15874 = PRESENTATION_STYLE_ASSIGNMENT((#15875));
#15875 = SURFACE_STYLE_USAGE(.BOTH.,#15876);
#15876 = SURFACE_SIDE_STYLE('',(#15877));
#15877 = SURFACE_STYLE_FILL_AREA(#15878);
#15878 = FILL_AREA_STYLE('',(#15879));
#15879 = FILL_AREA_STYLE_COLOUR('',#15648);
#15880 = STYLED_ITEM('color',(#15881),#11518);
#15881 = PRESENTATION_STYLE_ASSIGNMENT((#15882));
#15882 = SURFACE_STYLE_USAGE(.BOTH.,#15883);
#15883 = SURFACE_SIDE_STYLE('',(#15884));
#15884 = SURFACE_STYLE_FILL_AREA(#15885);
#15885 = FILL_AREA_STYLE('',(#15886));
#15886 = FILL_AREA_STYLE_COLOUR('',#15648);
#15887 = STYLED_ITEM('color',(#15888),#11530);
#15888 = PRESENTATION_STYLE_ASSIGNMENT((#15889));
#15889 = SURFACE_STYLE_USAGE(.BOTH.,#15890);
#15890 = SURFACE_SIDE_STYLE('',(#15891));
#15891 = SURFACE_STYLE_FILL_AREA(#15892);
#15892 = FILL_AREA_STYLE('',(#15893));
#15893 = FILL_AREA_STYLE_COLOUR('',#15648);
#15894 = MECHANICAL_DESIGN_GEOMETRIC_PRESENTATION_REPRESENTATION('',(
    #15895,#15902),#8237);
#15895 = STYLED_ITEM('color',(#15896),#7969);
#15896 = PRESENTATION_STYLE_ASSIGNMENT((#15897));
#15897 = SURFACE_STYLE_USAGE(.BOTH.,#15898);
#15898 = SURFACE_SIDE_STYLE('',(#15899));
#15899 = SURFACE_STYLE_FILL_AREA(#15900);
#15900 = FILL_AREA_STYLE('',(#15901));
#15901 = FILL_AREA_STYLE_COLOUR('',#15225);
#15902 = STYLED_ITEM('color',(#15903),#8108);
#15903 = PRESENTATION_STYLE_ASSIGNMENT((#15904));
#15904 = SURFACE_STYLE_USAGE(.BOTH.,#15905);
#15905 = SURFACE_SIDE_STYLE('',(#15906));
#15906 = SURFACE_STYLE_FILL_AREA(#15907);
#15907 = FILL_AREA_STYLE('',(#15908));
#15908 = FILL_AREA_STYLE_COLOUR('',#15225);
#15909 = MECHANICAL_DESIGN_GEOMETRIC_PRESENTATION_REPRESENTATION('',(
    #15910),#15206);
#15910 = STYLED_ITEM('color',(#15911),#11566);
#15911 = PRESENTATION_STYLE_ASSIGNMENT((#15912));
#15912 = SURFACE_STYLE_USAGE(.BOTH.,#15913);
#15913 = SURFACE_SIDE_STYLE('',(#15914));
#15914 = SURFACE_STYLE_FILL_AREA(#15915);
#15915 = FILL_AREA_STYLE('',(#15916));
#15916 = FILL_AREA_STYLE_COLOUR('',#15917);
#15917 = COLOUR_RGB('',0.313304153717,0.484529207832,0.410020903123);
#15918 = MECHANICAL_DESIGN_GEOMETRIC_PRESENTATION_REPRESENTATION('',(
    #15919,#15926),#1857);
#15919 = STYLED_ITEM('color',(#15920),#1589);
#15920 = PRESENTATION_STYLE_ASSIGNMENT((#15921));
#15921 = SURFACE_STYLE_USAGE(.BOTH.,#15922);
#15922 = SURFACE_SIDE_STYLE('',(#15923));
#15923 = SURFACE_STYLE_FILL_AREA(#15924);
#15924 = FILL_AREA_STYLE('',(#15925));
#15925 = FILL_AREA_STYLE_COLOUR('',#15225);
#15926 = STYLED_ITEM('color',(#15927),#1728);
#15927 = PRESENTATION_STYLE_ASSIGNMENT((#15928));
#15928 = SURFACE_STYLE_USAGE(.BOTH.,#15929);
#15929 = SURFACE_SIDE_STYLE('',(#15930));
#15930 = SURFACE_STYLE_FILL_AREA(#15931);
#15931 = FILL_AREA_STYLE('',(#15932));
#15932 = FILL_AREA_STYLE_COLOUR('',#15225);
#15933 = MECHANICAL_DESIGN_GEOMETRIC_PRESENTATION_REPRESENTATION('',(
    #15934,#15941),#5490);
#15934 = STYLED_ITEM('color',(#15935),#5222);
#15935 = PRESENTATION_STYLE_ASSIGNMENT((#15936));
#15936 = SURFACE_STYLE_USAGE(.BOTH.,#15937);
#15937 = SURFACE_SIDE_STYLE('',(#15938));
#15938 = SURFACE_STYLE_FILL_AREA(#15939);
#15939 = FILL_AREA_STYLE('',(#15940));
#15940 = FILL_AREA_STYLE_COLOUR('',#15225);
#15941 = STYLED_ITEM('color',(#15942),#5361);
#15942 = PRESENTATION_STYLE_ASSIGNMENT((#15943));
#15943 = SURFACE_STYLE_USAGE(.BOTH.,#15944);
#15944 = SURFACE_SIDE_STYLE('',(#15945));
#15945 = SURFACE_STYLE_FILL_AREA(#15946);
#15946 = FILL_AREA_STYLE('',(#15947));
#15947 = FILL_AREA_STYLE_COLOUR('',#15225);
#15948 = MECHANICAL_DESIGN_GEOMETRIC_PRESENTATION_REPRESENTATION('',(
    #15949,#15957,#15964,#15971,#15978,#15985,#15992,#15999,#16006,
    #16013,#16020,#16027,#16034,#16041,#16048,#16055),#1066);
#15949 = STYLED_ITEM('color',(#15950),#643);
#15950 = PRESENTATION_STYLE_ASSIGNMENT((#15951));
#15951 = SURFACE_STYLE_USAGE(.BOTH.,#15952);
#15952 = SURFACE_SIDE_STYLE('',(#15953));
#15953 = SURFACE_STYLE_FILL_AREA(#15954);
#15954 = FILL_AREA_STYLE('',(#15955));
#15955 = FILL_AREA_STYLE_COLOUR('',#15956);
#15956 = COLOUR_RGB('',0.699999984889,9.999999991362E-02,
  5.000000142576E-02);
#15957 = STYLED_ITEM('color',(#15958),#670);
#15958 = PRESENTATION_STYLE_ASSIGNMENT((#15959));
#15959 = SURFACE_STYLE_USAGE(.BOTH.,#15960);
#15960 = SURFACE_SIDE_STYLE('',(#15961));
#15961 = SURFACE_STYLE_FILL_AREA(#15962);
#15962 = FILL_AREA_STYLE('',(#15963));
#15963 = FILL_AREA_STYLE_COLOUR('',#15956);
#15964 = STYLED_ITEM('color',(#15965),#695);
#15965 = PRESENTATION_STYLE_ASSIGNMENT((#15966));
#15966 = SURFACE_STYLE_USAGE(.BOTH.,#15967);
#15967 = SURFACE_SIDE_STYLE('',(#15968));
#15968 = SURFACE_STYLE_FILL_AREA(#15969);
#15969 = FILL_AREA_STYLE('',(#15970));
#15970 = FILL_AREA_STYLE_COLOUR('',#15956);
#15971 = STYLED_ITEM('color',(#15972),#723);
#15972 = PRESENTATION_STYLE_ASSIGNMENT((#15973));
#15973 = SURFACE_STYLE_USAGE(.BOTH.,#15974);
#15974 = SURFACE_SIDE_STYLE('',(#15975));
#15975 = SURFACE_STYLE_FILL_AREA(#15976);
#15976 = FILL_AREA_STYLE('',(#15977));
#15977 = FILL_AREA_STYLE_COLOUR('',#15956);
#15978 = STYLED_ITEM('color',(#15979),#755);
#15979 = PRESENTATION_STYLE_ASSIGNMENT((#15980));
#15980 = SURFACE_STYLE_USAGE(.BOTH.,#15981);
#15981 = SURFACE_SIDE_STYLE('',(#15982));
#15982 = SURFACE_STYLE_FILL_AREA(#15983);
#15983 = FILL_AREA_STYLE('',(#15984));
#15984 = FILL_AREA_STYLE_COLOUR('',#15956);
#15985 = STYLED_ITEM('color',(#15986),#772);
#15986 = PRESENTATION_STYLE_ASSIGNMENT((#15987));
#15987 = SURFACE_STYLE_USAGE(.BOTH.,#15988);
#15988 = SURFACE_SIDE_STYLE('',(#15989));
#15989 = SURFACE_STYLE_FILL_AREA(#15990);
#15990 = FILL_AREA_STYLE('',(#15991));
#15991 = FILL_AREA_STYLE_COLOUR('',#15956);
#15992 = STYLED_ITEM('color',(#15993),#850);
#15993 = PRESENTATION_STYLE_ASSIGNMENT((#15994));
#15994 = SURFACE_STYLE_USAGE(.BOTH.,#15995);
#15995 = SURFACE_SIDE_STYLE('',(#15996));
#15996 = SURFACE_STYLE_FILL_AREA(#15997);
#15997 = FILL_AREA_STYLE('',(#15998));
#15998 = FILL_AREA_STYLE_COLOUR('',#15263);
#15999 = STYLED_ITEM('color',(#16000),#881);
#16000 = PRESENTATION_STYLE_ASSIGNMENT((#16001));
#16001 = SURFACE_STYLE_USAGE(.BOTH.,#16002);
#16002 = SURFACE_SIDE_STYLE('',(#16003));
#16003 = SURFACE_STYLE_FILL_AREA(#16004);
#16004 = FILL_AREA_STYLE('',(#16005));
#16005 = FILL_AREA_STYLE_COLOUR('',#15263);
#16006 = STYLED_ITEM('color',(#16007),#905);
#16007 = PRESENTATION_STYLE_ASSIGNMENT((#16008));
#16008 = SURFACE_STYLE_USAGE(.BOTH.,#16009);
#16009 = SURFACE_SIDE_STYLE('',(#16010));
#16010 = SURFACE_STYLE_FILL_AREA(#16011);
#16011 = FILL_AREA_STYLE('',(#16012));
#16012 = FILL_AREA_STYLE_COLOUR('',#15263);
#16013 = STYLED_ITEM('color',(#16014),#929);
#16014 = PRESENTATION_STYLE_ASSIGNMENT((#16015));
#16015 = SURFACE_STYLE_USAGE(.BOTH.,#16016);
#16016 = SURFACE_SIDE_STYLE('',(#16017));
#16017 = SURFACE_STYLE_FILL_AREA(#16018);
#16018 = FILL_AREA_STYLE('',(#16019));
#16019 = FILL_AREA_STYLE_COLOUR('',#15263);
#16020 = STYLED_ITEM('color',(#16021),#946);
#16021 = PRESENTATION_STYLE_ASSIGNMENT((#16022));
#16022 = SURFACE_STYLE_USAGE(.BOTH.,#16023);
#16023 = SURFACE_SIDE_STYLE('',(#16024));
#16024 = SURFACE_STYLE_FILL_AREA(#16025);
#16025 = FILL_AREA_STYLE('',(#16026));
#16026 = FILL_AREA_STYLE_COLOUR('',#15263);
#16027 = STYLED_ITEM('color',(#16028),#977);
#16028 = PRESENTATION_STYLE_ASSIGNMENT((#16029));
#16029 = SURFACE_STYLE_USAGE(.BOTH.,#16030);
#16030 = SURFACE_SIDE_STYLE('',(#16031));
#16031 = SURFACE_STYLE_FILL_AREA(#16032);
#16032 = FILL_AREA_STYLE('',(#16033));
#16033 = FILL_AREA_STYLE_COLOUR('',#15263);
#16034 = STYLED_ITEM('color',(#16035),#1001);
#16035 = PRESENTATION_STYLE_ASSIGNMENT((#16036));
#16036 = SURFACE_STYLE_USAGE(.BOTH.,#16037);
#16037 = SURFACE_SIDE_STYLE('',(#16038));
#16038 = SURFACE_STYLE_FILL_AREA(#16039);
#16039 = FILL_AREA_STYLE('',(#16040));
#16040 = FILL_AREA_STYLE_COLOUR('',#15263);
#16041 = STYLED_ITEM('color',(#16042),#1025);
#16042 = PRESENTATION_STYLE_ASSIGNMENT((#16043));
#16043 = SURFACE_STYLE_USAGE(.BOTH.,#16044);
#16044 = SURFACE_SIDE_STYLE('',(#16045));
#16045 = SURFACE_STYLE_FILL_AREA(#16046);
#16046 = FILL_AREA_STYLE('',(#16047));
#16047 = FILL_AREA_STYLE_COLOUR('',#15263);
#16048 = STYLED_ITEM('color',(#16049),#1042);
#16049 = PRESENTATION_STYLE_ASSIGNMENT((#16050));
#16050 = SURFACE_STYLE_USAGE(.BOTH.,#16051);
#16051 = SURFACE_SIDE_STYLE('',(#16052));
#16052 = SURFACE_STYLE_FILL_AREA(#16053);
#16053 = FILL_AREA_STYLE('',(#16054));
#16054 = FILL_AREA_STYLE_COLOUR('',#15263);
#16055 = STYLED_ITEM('color',(#16056),#1054);
#16056 = PRESENTATION_STYLE_ASSIGNMENT((#16057));
#16057 = SURFACE_STYLE_USAGE(.BOTH.,#16058);
#16058 = SURFACE_SIDE_STYLE('',(#16059));
#16059 = SURFACE_STYLE_FILL_AREA(#16060);
#16060 = FILL_AREA_STYLE('',(#16061));
#16061 = FILL_AREA_STYLE_COLOUR('',#15263);
#16062 = MECHANICAL_DESIGN_GEOMETRIC_PRESENTATION_REPRESENTATION('',(
    #16063),#3426);
#16063 = STYLED_ITEM('color',(#16064),#3373);
#16064 = PRESENTATION_STYLE_ASSIGNMENT((#16065));
#16065 = SURFACE_STYLE_USAGE(.BOTH.,#16066);
#16066 = SURFACE_SIDE_STYLE('',(#16067));
#16067 = SURFACE_STYLE_FILL_AREA(#16068);
#16068 = FILL_AREA_STYLE('',(#16069));
#16069 = FILL_AREA_STYLE_COLOUR('',#16070);
#16070 = COLOUR_RGB('',0.250000000672,0.45000000386,0.750000000934);
#16071 = MECHANICAL_DESIGN_GEOMETRIC_PRESENTATION_REPRESENTATION('',(
    #16072),#7950);
#16072 = STYLED_ITEM('color',(#16073),#7897);
#16073 = PRESENTATION_STYLE_ASSIGNMENT((#16074));
#16074 = SURFACE_STYLE_USAGE(.BOTH.,#16075);
#16075 = SURFACE_SIDE_STYLE('',(#16076));
#16076 = SURFACE_STYLE_FILL_AREA(#16077);
#16077 = FILL_AREA_STYLE('',(#16078));
#16078 = FILL_AREA_STYLE_COLOUR('',#15225);
#16079 = MECHANICAL_DESIGN_GEOMETRIC_PRESENTATION_REPRESENTATION('',(
    #16080),#7813);
#16080 = STYLED_ITEM('color',(#16081),#7531);
#16081 = PRESENTATION_STYLE_ASSIGNMENT((#16082));
#16082 = SURFACE_STYLE_USAGE(.BOTH.,#16083);
#16083 = SURFACE_SIDE_STYLE('',(#16084));
#16084 = SURFACE_STYLE_FILL_AREA(#16085);
#16085 = FILL_AREA_STYLE('',(#16086));
#16086 = FILL_AREA_STYLE_COLOUR('',#16087);
#16087 = COLOUR_RGB('',0.149999997808,0.149999997808,0.149999997808);
#16088 = MECHANICAL_DESIGN_GEOMETRIC_PRESENTATION_REPRESENTATION('',(
    #16089,#16097,#16104,#16111,#16118,#16125,#16132,#16139,#16146,
    #16153,#16160,#16167,#16174,#16181,#16188,#16195,#16202),#3304);
#16089 = STYLED_ITEM('color',(#16090),#2919);
#16090 = PRESENTATION_STYLE_ASSIGNMENT((#16091));
#16091 = SURFACE_STYLE_USAGE(.BOTH.,#16092);
#16092 = SURFACE_SIDE_STYLE('',(#16093));
#16093 = SURFACE_STYLE_FILL_AREA(#16094);
#16094 = FILL_AREA_STYLE('',(#16095));
#16095 = FILL_AREA_STYLE_COLOUR('',#16096);
#16096 = COLOUR_RGB('',0.883000012551,0.711000022565,0.492000011028);
#16097 = STYLED_ITEM('color',(#16098),#2952);
#16098 = PRESENTATION_STYLE_ASSIGNMENT((#16099));
#16099 = SURFACE_STYLE_USAGE(.BOTH.,#16100);
#16100 = SURFACE_SIDE_STYLE('',(#16101));
#16101 = SURFACE_STYLE_FILL_AREA(#16102);
#16102 = FILL_AREA_STYLE('',(#16103));
#16103 = FILL_AREA_STYLE_COLOUR('',#16096);
#16104 = STYLED_ITEM('color',(#16105),#2978);
#16105 = PRESENTATION_STYLE_ASSIGNMENT((#16106));
#16106 = SURFACE_STYLE_USAGE(.BOTH.,#16107);
#16107 = SURFACE_SIDE_STYLE('',(#16108));
#16108 = SURFACE_STYLE_FILL_AREA(#16109);
#16109 = FILL_AREA_STYLE('',(#16110));
#16110 = FILL_AREA_STYLE_COLOUR('',#16096);
#16111 = STYLED_ITEM('color',(#16112),#2998);
#16112 = PRESENTATION_STYLE_ASSIGNMENT((#16113));
#16113 = SURFACE_STYLE_USAGE(.BOTH.,#16114);
#16114 = SURFACE_SIDE_STYLE('',(#16115));
#16115 = SURFACE_STYLE_FILL_AREA(#16116);
#16116 = FILL_AREA_STYLE('',(#16117));
#16117 = FILL_AREA_STYLE_COLOUR('',#16096);
#16118 = STYLED_ITEM('color',(#16119),#3018);
#16119 = PRESENTATION_STYLE_ASSIGNMENT((#16120));
#16120 = SURFACE_STYLE_USAGE(.BOTH.,#16121);
#16121 = SURFACE_SIDE_STYLE('',(#16122));
#16122 = SURFACE_STYLE_FILL_AREA(#16123);
#16123 = FILL_AREA_STYLE('',(#16124));
#16124 = FILL_AREA_STYLE_COLOUR('',#16096);
#16125 = STYLED_ITEM('color',(#16126),#3043);
#16126 = PRESENTATION_STYLE_ASSIGNMENT((#16127));
#16127 = SURFACE_STYLE_USAGE(.BOTH.,#16128);
#16128 = SURFACE_SIDE_STYLE('',(#16129));
#16129 = SURFACE_STYLE_FILL_AREA(#16130);
#16130 = FILL_AREA_STYLE('',(#16131));
#16131 = FILL_AREA_STYLE_COLOUR('',#15263);
#16132 = STYLED_ITEM('color',(#16133),#3068);
#16133 = PRESENTATION_STYLE_ASSIGNMENT((#16134));
#16134 = SURFACE_STYLE_USAGE(.BOTH.,#16135);
#16135 = SURFACE_SIDE_STYLE('',(#16136));
#16136 = SURFACE_STYLE_FILL_AREA(#16137);
#16137 = FILL_AREA_STYLE('',(#16138));
#16138 = FILL_AREA_STYLE_COLOUR('',#16096);
#16139 = STYLED_ITEM('color',(#16140),#3088);
#16140 = PRESENTATION_STYLE_ASSIGNMENT((#16141));
#16141 = SURFACE_STYLE_USAGE(.BOTH.,#16142);
#16142 = SURFACE_SIDE_STYLE('',(#16143));
#16143 = SURFACE_STYLE_FILL_AREA(#16144);
#16144 = FILL_AREA_STYLE('',(#16145));
#16145 = FILL_AREA_STYLE_COLOUR('',#15263);
#16146 = STYLED_ITEM('color',(#16147),#3097);
#16147 = PRESENTATION_STYLE_ASSIGNMENT((#16148));
#16148 = SURFACE_STYLE_USAGE(.BOTH.,#16149);
#16149 = SURFACE_SIDE_STYLE('',(#16150));
#16150 = SURFACE_STYLE_FILL_AREA(#16151);
#16151 = FILL_AREA_STYLE('',(#16152));
#16152 = FILL_AREA_STYLE_COLOUR('',#16096);
#16153 = STYLED_ITEM('color',(#16154),#3122);
#16154 = PRESENTATION_STYLE_ASSIGNMENT((#16155));
#16155 = SURFACE_STYLE_USAGE(.BOTH.,#16156);
#16156 = SURFACE_SIDE_STYLE('',(#16157));
#16157 = SURFACE_STYLE_FILL_AREA(#16158);
#16158 = FILL_AREA_STYLE('',(#16159));
#16159 = FILL_AREA_STYLE_COLOUR('',#16096);
#16160 = STYLED_ITEM('color',(#16161),#3148);
#16161 = PRESENTATION_STYLE_ASSIGNMENT((#16162));
#16162 = SURFACE_STYLE_USAGE(.BOTH.,#16163);
#16163 = SURFACE_SIDE_STYLE('',(#16164));
#16164 = SURFACE_STYLE_FILL_AREA(#16165);
#16165 = FILL_AREA_STYLE('',(#16166));
#16166 = FILL_AREA_STYLE_COLOUR('',#16096);
#16167 = STYLED_ITEM('color',(#16168),#3168);
#16168 = PRESENTATION_STYLE_ASSIGNMENT((#16169));
#16169 = SURFACE_STYLE_USAGE(.BOTH.,#16170);
#16170 = SURFACE_SIDE_STYLE('',(#16171));
#16171 = SURFACE_STYLE_FILL_AREA(#16172);
#16172 = FILL_AREA_STYLE('',(#16173));
#16173 = FILL_AREA_STYLE_COLOUR('',#15263);
#16174 = STYLED_ITEM('color',(#16175),#3193);
#16175 = PRESENTATION_STYLE_ASSIGNMENT((#16176));
#16176 = SURFACE_STYLE_USAGE(.BOTH.,#16177);
#16177 = SURFACE_SIDE_STYLE('',(#16178));
#16178 = SURFACE_STYLE_FILL_AREA(#16179);
#16179 = FILL_AREA_STYLE('',(#16180));
#16180 = FILL_AREA_STYLE_COLOUR('',#15263);
#16181 = STYLED_ITEM('color',(#16182),#3219);
#16182 = PRESENTATION_STYLE_ASSIGNMENT((#16183));
#16183 = SURFACE_STYLE_USAGE(.BOTH.,#16184);
#16184 = SURFACE_SIDE_STYLE('',(#16185));
#16185 = SURFACE_STYLE_FILL_AREA(#16186);
#16186 = FILL_AREA_STYLE('',(#16187));
#16187 = FILL_AREA_STYLE_COLOUR('',#15263);
#16188 = STYLED_ITEM('color',(#16189),#3244);
#16189 = PRESENTATION_STYLE_ASSIGNMENT((#16190));
#16190 = SURFACE_STYLE_USAGE(.BOTH.,#16191);
#16191 = SURFACE_SIDE_STYLE('',(#16192));
#16192 = SURFACE_STYLE_FILL_AREA(#16193);
#16193 = FILL_AREA_STYLE('',(#16194));
#16194 = FILL_AREA_STYLE_COLOUR('',#15263);
#16195 = STYLED_ITEM('color',(#16196),#3270);
#16196 = PRESENTATION_STYLE_ASSIGNMENT((#16197));
#16197 = SURFACE_STYLE_USAGE(.BOTH.,#16198);
#16198 = SURFACE_SIDE_STYLE('',(#16199));
#16199 = SURFACE_STYLE_FILL_AREA(#16200);
#16200 = FILL_AREA_STYLE('',(#16201));
#16201 = FILL_AREA_STYLE_COLOUR('',#15263);
#16202 = STYLED_ITEM('color',(#16203),#3295);
#16203 = PRESENTATION_STYLE_ASSIGNMENT((#16204));
#16204 = SURFACE_STYLE_USAGE(.BOTH.,#16205);
#16205 = SURFACE_SIDE_STYLE('',(#16206));
#16206 = SURFACE_STYLE_FILL_AREA(#16207);
#16207 = FILL_AREA_STYLE('',(#16208));
#16208 = FILL_AREA_STYLE_COLOUR('',#15263);
#16209 = MECHANICAL_DESIGN_GEOMETRIC_PRESENTATION_REPRESENTATION('',(
    #16210,#16218,#16225,#16232,#16239,#16246,#16253,#16260,#16267,
    #16274,#16281,#16288,#16295,#16302,#16309),#1443);
#16210 = STYLED_ITEM('color',(#16211),#1110);
#16211 = PRESENTATION_STYLE_ASSIGNMENT((#16212));
#16212 = SURFACE_STYLE_USAGE(.BOTH.,#16213);
#16213 = SURFACE_SIDE_STYLE('',(#16214));
#16214 = SURFACE_STYLE_FILL_AREA(#16215);
#16215 = FILL_AREA_STYLE('',(#16216));
#16216 = FILL_AREA_STYLE_COLOUR('',#16217);
#16217 = COLOUR_RGB('',0.894999966383,0.890999961016,0.813000030345);
#16218 = STYLED_ITEM('color',(#16219),#1143);
#16219 = PRESENTATION_STYLE_ASSIGNMENT((#16220));
#16220 = SURFACE_STYLE_USAGE(.BOTH.,#16221);
#16221 = SURFACE_SIDE_STYLE('',(#16222));
#16222 = SURFACE_STYLE_FILL_AREA(#16223);
#16223 = FILL_AREA_STYLE('',(#16224));
#16224 = FILL_AREA_STYLE_COLOUR('',#16217);
#16225 = STYLED_ITEM('color',(#16226),#1163);
#16226 = PRESENTATION_STYLE_ASSIGNMENT((#16227));
#16227 = SURFACE_STYLE_USAGE(.BOTH.,#16228);
#16228 = SURFACE_SIDE_STYLE('',(#16229));
#16229 = SURFACE_STYLE_FILL_AREA(#16230);
#16230 = FILL_AREA_STYLE('',(#16231));
#16231 = FILL_AREA_STYLE_COLOUR('',#16217);
#16232 = STYLED_ITEM('color',(#16233),#1183);
#16233 = PRESENTATION_STYLE_ASSIGNMENT((#16234));
#16234 = SURFACE_STYLE_USAGE(.BOTH.,#16235);
#16235 = SURFACE_SIDE_STYLE('',(#16236));
#16236 = SURFACE_STYLE_FILL_AREA(#16237);
#16237 = FILL_AREA_STYLE('',(#16238));
#16238 = FILL_AREA_STYLE_COLOUR('',#15234);
#16239 = STYLED_ITEM('color',(#16240),#1208);
#16240 = PRESENTATION_STYLE_ASSIGNMENT((#16241));
#16241 = SURFACE_STYLE_USAGE(.BOTH.,#16242);
#16242 = SURFACE_SIDE_STYLE('',(#16243));
#16243 = SURFACE_STYLE_FILL_AREA(#16244);
#16244 = FILL_AREA_STYLE('',(#16245));
#16245 = FILL_AREA_STYLE_COLOUR('',#15234);
#16246 = STYLED_ITEM('color',(#16247),#1233);
#16247 = PRESENTATION_STYLE_ASSIGNMENT((#16248));
#16248 = SURFACE_STYLE_USAGE(.BOTH.,#16249);
#16249 = SURFACE_SIDE_STYLE('',(#16250));
#16250 = SURFACE_STYLE_FILL_AREA(#16251);
#16251 = FILL_AREA_STYLE('',(#16252));
#16252 = FILL_AREA_STYLE_COLOUR('',#15234);
#16253 = STYLED_ITEM('color',(#16254),#1253);
#16254 = PRESENTATION_STYLE_ASSIGNMENT((#16255));
#16255 = SURFACE_STYLE_USAGE(.BOTH.,#16256);
#16256 = SURFACE_SIDE_STYLE('',(#16257));
#16257 = SURFACE_STYLE_FILL_AREA(#16258);
#16258 = FILL_AREA_STYLE('',(#16259));
#16259 = FILL_AREA_STYLE_COLOUR('',#15234);
#16260 = STYLED_ITEM('color',(#16261),#1273);
#16261 = PRESENTATION_STYLE_ASSIGNMENT((#16262));
#16262 = SURFACE_STYLE_USAGE(.BOTH.,#16263);
#16263 = SURFACE_SIDE_STYLE('',(#16264));
#16264 = SURFACE_STYLE_FILL_AREA(#16265);
#16265 = FILL_AREA_STYLE('',(#16266));
#16266 = FILL_AREA_STYLE_COLOUR('',#15263);
#16267 = STYLED_ITEM('color',(#16268),#1298);
#16268 = PRESENTATION_STYLE_ASSIGNMENT((#16269));
#16269 = SURFACE_STYLE_USAGE(.BOTH.,#16270);
#16270 = SURFACE_SIDE_STYLE('',(#16271));
#16271 = SURFACE_STYLE_FILL_AREA(#16272);
#16272 = FILL_AREA_STYLE('',(#16273));
#16273 = FILL_AREA_STYLE_COLOUR('',#15263);
#16274 = STYLED_ITEM('color',(#16275),#1323);
#16275 = PRESENTATION_STYLE_ASSIGNMENT((#16276));
#16276 = SURFACE_STYLE_USAGE(.BOTH.,#16277);
#16277 = SURFACE_SIDE_STYLE('',(#16278));
#16278 = SURFACE_STYLE_FILL_AREA(#16279);
#16279 = FILL_AREA_STYLE('',(#16280));
#16280 = FILL_AREA_STYLE_COLOUR('',#15263);
#16281 = STYLED_ITEM('color',(#16282),#1349);
#16282 = PRESENTATION_STYLE_ASSIGNMENT((#16283));
#16283 = SURFACE_STYLE_USAGE(.BOTH.,#16284);
#16284 = SURFACE_SIDE_STYLE('',(#16285));
#16285 = SURFACE_STYLE_FILL_AREA(#16286);
#16286 = FILL_AREA_STYLE('',(#16287));
#16287 = FILL_AREA_STYLE_COLOUR('',#15263);
#16288 = STYLED_ITEM('color',(#16289),#1375);
#16289 = PRESENTATION_STYLE_ASSIGNMENT((#16290));
#16290 = SURFACE_STYLE_USAGE(.BOTH.,#16291);
#16291 = SURFACE_SIDE_STYLE('',(#16292));
#16292 = SURFACE_STYLE_FILL_AREA(#16293);
#16293 = FILL_AREA_STYLE('',(#16294));
#16294 = FILL_AREA_STYLE_COLOUR('',#15263);
#16295 = STYLED_ITEM('color',(#16296),#1400);
#16296 = PRESENTATION_STYLE_ASSIGNMENT((#16297));
#16297 = SURFACE_STYLE_USAGE(.BOTH.,#16298);
#16298 = SURFACE_SIDE_STYLE('',(#16299));
#16299 = SURFACE_STYLE_FILL_AREA(#16300);
#16300 = FILL_AREA_STYLE('',(#16301));
#16301 = FILL_AREA_STYLE_COLOUR('',#15263);
#16302 = STYLED_ITEM('color',(#16303),#1425);
#16303 = PRESENTATION_STYLE_ASSIGNMENT((#16304));
#16304 = SURFACE_STYLE_USAGE(.BOTH.,#16305);
#16305 = SURFACE_SIDE_STYLE('',(#16306));
#16306 = SURFACE_STYLE_FILL_AREA(#16307);
#16307 = FILL_AREA_STYLE('',(#16308));
#16308 = FILL_AREA_STYLE_COLOUR('',#15263);
#16309 = STYLED_ITEM('color',(#16310),#1434);
#16310 = PRESENTATION_STYLE_ASSIGNMENT((#16311));
#16311 = SURFACE_STYLE_USAGE(.BOTH.,#16312);
#16312 = SURFACE_SIDE_STYLE('',(#16313));
#16313 = SURFACE_STYLE_FILL_AREA(#16314);
#16314 = FILL_AREA_STYLE('',(#16315));
#16315 = FILL_AREA_STYLE_COLOUR('',#15263);
#16316 = MECHANICAL_DESIGN_GEOMETRIC_PRESENTATION_REPRESENTATION('',(
    #16317,#16324,#16331,#16338,#16345,#16352,#16359,#16366,#16373,
    #16380,#16387,#16394,#16401,#16408,#16415),#5877);
#16317 = STYLED_ITEM('color',(#16318),#5544);
#16318 = PRESENTATION_STYLE_ASSIGNMENT((#16319));
#16319 = SURFACE_STYLE_USAGE(.BOTH.,#16320);
#16320 = SURFACE_SIDE_STYLE('',(#16321));
#16321 = SURFACE_STYLE_FILL_AREA(#16322);
#16322 = FILL_AREA_STYLE('',(#16323));
#16323 = FILL_AREA_STYLE_COLOUR('',#15263);
#16324 = STYLED_ITEM('color',(#16325),#5561);
#16325 = PRESENTATION_STYLE_ASSIGNMENT((#16326));
#16326 = SURFACE_STYLE_USAGE(.BOTH.,#16327);
#16327 = SURFACE_SIDE_STYLE('',(#16328));
#16328 = SURFACE_STYLE_FILL_AREA(#16329);
#16329 = FILL_AREA_STYLE('',(#16330));
#16330 = FILL_AREA_STYLE_COLOUR('',#15263);
#16331 = STYLED_ITEM('color',(#16332),#5586);
#16332 = PRESENTATION_STYLE_ASSIGNMENT((#16333));
#16333 = SURFACE_STYLE_USAGE(.BOTH.,#16334);
#16334 = SURFACE_SIDE_STYLE('',(#16335));
#16335 = SURFACE_STYLE_FILL_AREA(#16336);
#16336 = FILL_AREA_STYLE('',(#16337));
#16337 = FILL_AREA_STYLE_COLOUR('',#15234);
#16338 = STYLED_ITEM('color',(#16339),#5606);
#16339 = PRESENTATION_STYLE_ASSIGNMENT((#16340));
#16340 = SURFACE_STYLE_USAGE(.BOTH.,#16341);
#16341 = SURFACE_SIDE_STYLE('',(#16342));
#16342 = SURFACE_STYLE_FILL_AREA(#16343);
#16343 = FILL_AREA_STYLE('',(#16344));
#16344 = FILL_AREA_STYLE_COLOUR('',#15234);
#16345 = STYLED_ITEM('color',(#16346),#5631);
#16346 = PRESENTATION_STYLE_ASSIGNMENT((#16347));
#16347 = SURFACE_STYLE_USAGE(.BOTH.,#16348);
#16348 = SURFACE_SIDE_STYLE('',(#16349));
#16349 = SURFACE_STYLE_FILL_AREA(#16350);
#16350 = FILL_AREA_STYLE('',(#16351));
#16351 = FILL_AREA_STYLE_COLOUR('',#16217);
#16352 = STYLED_ITEM('color',(#16353),#5651);
#16353 = PRESENTATION_STYLE_ASSIGNMENT((#16354));
#16354 = SURFACE_STYLE_USAGE(.BOTH.,#16355);
#16355 = SURFACE_SIDE_STYLE('',(#16356));
#16356 = SURFACE_STYLE_FILL_AREA(#16357);
#16357 = FILL_AREA_STYLE('',(#16358));
#16358 = FILL_AREA_STYLE_COLOUR('',#16217);
#16359 = STYLED_ITEM('color',(#16360),#5676);
#16360 = PRESENTATION_STYLE_ASSIGNMENT((#16361));
#16361 = SURFACE_STYLE_USAGE(.BOTH.,#16362);
#16362 = SURFACE_SIDE_STYLE('',(#16363));
#16363 = SURFACE_STYLE_FILL_AREA(#16364);
#16364 = FILL_AREA_STYLE('',(#16365));
#16365 = FILL_AREA_STYLE_COLOUR('',#16217);
#16366 = STYLED_ITEM('color',(#16367),#5696);
#16367 = PRESENTATION_STYLE_ASSIGNMENT((#16368));
#16368 = SURFACE_STYLE_USAGE(.BOTH.,#16369);
#16369 = SURFACE_SIDE_STYLE('',(#16370));
#16370 = SURFACE_STYLE_FILL_AREA(#16371);
#16371 = FILL_AREA_STYLE('',(#16372));
#16372 = FILL_AREA_STYLE_COLOUR('',#15234);
#16373 = STYLED_ITEM('color',(#16374),#5721);
#16374 = PRESENTATION_STYLE_ASSIGNMENT((#16375));
#16375 = SURFACE_STYLE_USAGE(.BOTH.,#16376);
#16376 = SURFACE_SIDE_STYLE('',(#16377));
#16377 = SURFACE_STYLE_FILL_AREA(#16378);
#16378 = FILL_AREA_STYLE('',(#16379));
#16379 = FILL_AREA_STYLE_COLOUR('',#15234);
#16380 = STYLED_ITEM('color',(#16381),#5741);
#16381 = PRESENTATION_STYLE_ASSIGNMENT((#16382));
#16382 = SURFACE_STYLE_USAGE(.BOTH.,#16383);
#16383 = SURFACE_SIDE_STYLE('',(#16384));
#16384 = SURFACE_STYLE_FILL_AREA(#16385);
#16385 = FILL_AREA_STYLE('',(#16386));
#16386 = FILL_AREA_STYLE_COLOUR('',#15263);
#16387 = STYLED_ITEM('color',(#16388),#5766);
#16388 = PRESENTATION_STYLE_ASSIGNMENT((#16389));
#16389 = SURFACE_STYLE_USAGE(.BOTH.,#16390);
#16390 = SURFACE_SIDE_STYLE('',(#16391));
#16391 = SURFACE_STYLE_FILL_AREA(#16392);
#16392 = FILL_AREA_STYLE('',(#16393));
#16393 = FILL_AREA_STYLE_COLOUR('',#15263);
#16394 = STYLED_ITEM('color',(#16395),#5792);
#16395 = PRESENTATION_STYLE_ASSIGNMENT((#16396));
#16396 = SURFACE_STYLE_USAGE(.BOTH.,#16397);
#16397 = SURFACE_SIDE_STYLE('',(#16398));
#16398 = SURFACE_STYLE_FILL_AREA(#16399);
#16399 = FILL_AREA_STYLE('',(#16400));
#16400 = FILL_AREA_STYLE_COLOUR('',#15263);
#16401 = STYLED_ITEM('color',(#16402),#5817);
#16402 = PRESENTATION_STYLE_ASSIGNMENT((#16403));
#16403 = SURFACE_STYLE_USAGE(.BOTH.,#16404);
#16404 = SURFACE_SIDE_STYLE('',(#16405));
#16405 = SURFACE_STYLE_FILL_AREA(#16406);
#16406 = FILL_AREA_STYLE('',(#16407));
#16407 = FILL_AREA_STYLE_COLOUR('',#15263);
#16408 = STYLED_ITEM('color',(#16409),#5843);
#16409 = PRESENTATION_STYLE_ASSIGNMENT((#16410));
#16410 = SURFACE_STYLE_USAGE(.BOTH.,#16411);
#16411 = SURFACE_SIDE_STYLE('',(#16412));
#16412 = SURFACE_STYLE_FILL_AREA(#16413);
#16413 = FILL_AREA_STYLE('',(#16414));
#16414 = FILL_AREA_STYLE_COLOUR('',#15263);
#16415 = STYLED_ITEM('color',(#16416),#5868);
#16416 = PRESENTATION_STYLE_ASSIGNMENT((#16417));
#16417 = SURFACE_STYLE_USAGE(.BOTH.,#16418);
#16418 = SURFACE_SIDE_STYLE('',(#16419));
#16419 = SURFACE_STYLE_FILL_AREA(#16420);
#16420 = FILL_AREA_STYLE('',(#16421));
#16421 = FILL_AREA_STYLE_COLOUR('',#15263);
#16422 = MECHANICAL_DESIGN_GEOMETRIC_PRESENTATION_REPRESENTATION('',(
    #16423),#2450);
#16423 = STYLED_ITEM('color',(#16424),#1926);
#16424 = PRESENTATION_STYLE_ASSIGNMENT((#16425));
#16425 = SURFACE_STYLE_USAGE(.BOTH.,#16426);
#16426 = SURFACE_SIDE_STYLE('',(#16427));
#16427 = SURFACE_STYLE_FILL_AREA(#16428);
#16428 = FILL_AREA_STYLE('',(#16429));
#16429 = FILL_AREA_STYLE_COLOUR('',#16430);
#16430 = COLOUR_RGB('',0.199999998682,0.45000000386,0.299999996101);
#16431 = MECHANICAL_DESIGN_GEOMETRIC_PRESENTATION_REPRESENTATION('',(
    #16432,#16439,#16446,#16453,#16460,#16467,#16474,#16481,#16488,
    #16495,#16502,#16509,#16516,#16523,#16530,#16537,#16544),#599);
#16432 = STYLED_ITEM('color',(#16433),#214);
#16433 = PRESENTATION_STYLE_ASSIGNMENT((#16434));
#16434 = SURFACE_STYLE_USAGE(.BOTH.,#16435);
#16435 = SURFACE_SIDE_STYLE('',(#16436));
#16436 = SURFACE_STYLE_FILL_AREA(#16437);
#16437 = FILL_AREA_STYLE('',(#16438));
#16438 = FILL_AREA_STYLE_COLOUR('',#16096);
#16439 = STYLED_ITEM('color',(#16440),#247);
#16440 = PRESENTATION_STYLE_ASSIGNMENT((#16441));
#16441 = SURFACE_STYLE_USAGE(.BOTH.,#16442);
#16442 = SURFACE_SIDE_STYLE('',(#16443));
#16443 = SURFACE_STYLE_FILL_AREA(#16444);
#16444 = FILL_AREA_STYLE('',(#16445));
#16445 = FILL_AREA_STYLE_COLOUR('',#16096);
#16446 = STYLED_ITEM('color',(#16447),#273);
#16447 = PRESENTATION_STYLE_ASSIGNMENT((#16448));
#16448 = SURFACE_STYLE_USAGE(.BOTH.,#16449);
#16449 = SURFACE_SIDE_STYLE('',(#16450));
#16450 = SURFACE_STYLE_FILL_AREA(#16451);
#16451 = FILL_AREA_STYLE('',(#16452));
#16452 = FILL_AREA_STYLE_COLOUR('',#16096);
#16453 = STYLED_ITEM('color',(#16454),#293);
#16454 = PRESENTATION_STYLE_ASSIGNMENT((#16455));
#16455 = SURFACE_STYLE_USAGE(.BOTH.,#16456);
#16456 = SURFACE_SIDE_STYLE('',(#16457));
#16457 = SURFACE_STYLE_FILL_AREA(#16458);
#16458 = FILL_AREA_STYLE('',(#16459));
#16459 = FILL_AREA_STYLE_COLOUR('',#16096);
#16460 = STYLED_ITEM('color',(#16461),#313);
#16461 = PRESENTATION_STYLE_ASSIGNMENT((#16462));
#16462 = SURFACE_STYLE_USAGE(.BOTH.,#16463);
#16463 = SURFACE_SIDE_STYLE('',(#16464));
#16464 = SURFACE_STYLE_FILL_AREA(#16465);
#16465 = FILL_AREA_STYLE('',(#16466));
#16466 = FILL_AREA_STYLE_COLOUR('',#16096);
#16467 = STYLED_ITEM('color',(#16468),#338);
#16468 = PRESENTATION_STYLE_ASSIGNMENT((#16469));
#16469 = SURFACE_STYLE_USAGE(.BOTH.,#16470);
#16470 = SURFACE_SIDE_STYLE('',(#16471));
#16471 = SURFACE_STYLE_FILL_AREA(#16472);
#16472 = FILL_AREA_STYLE('',(#16473));
#16473 = FILL_AREA_STYLE_COLOUR('',#15263);
#16474 = STYLED_ITEM('color',(#16475),#363);
#16475 = PRESENTATION_STYLE_ASSIGNMENT((#16476));
#16476 = SURFACE_STYLE_USAGE(.BOTH.,#16477);
#16477 = SURFACE_SIDE_STYLE('',(#16478));
#16478 = SURFACE_STYLE_FILL_AREA(#16479);
#16479 = FILL_AREA_STYLE('',(#16480));
#16480 = FILL_AREA_STYLE_COLOUR('',#16096);
#16481 = STYLED_ITEM('color',(#16482),#383);
#16482 = PRESENTATION_STYLE_ASSIGNMENT((#16483));
#16483 = SURFACE_STYLE_USAGE(.BOTH.,#16484);
#16484 = SURFACE_SIDE_STYLE('',(#16485));
#16485 = SURFACE_STYLE_FILL_AREA(#16486);
#16486 = FILL_AREA_STYLE('',(#16487));
#16487 = FILL_AREA_STYLE_COLOUR('',#15263);
#16488 = STYLED_ITEM('color',(#16489),#392);
#16489 = PRESENTATION_STYLE_ASSIGNMENT((#16490));
#16490 = SURFACE_STYLE_USAGE(.BOTH.,#16491);
#16491 = SURFACE_SIDE_STYLE('',(#16492));
#16492 = SURFACE_STYLE_FILL_AREA(#16493);
#16493 = FILL_AREA_STYLE('',(#16494));
#16494 = FILL_AREA_STYLE_COLOUR('',#16096);
#16495 = STYLED_ITEM('color',(#16496),#417);
#16496 = PRESENTATION_STYLE_ASSIGNMENT((#16497));
#16497 = SURFACE_STYLE_USAGE(.BOTH.,#16498);
#16498 = SURFACE_SIDE_STYLE('',(#16499));
#16499 = SURFACE_STYLE_FILL_AREA(#16500);
#16500 = FILL_AREA_STYLE('',(#16501));
#16501 = FILL_AREA_STYLE_COLOUR('',#16096);
#16502 = STYLED_ITEM('color',(#16503),#443);
#16503 = PRESENTATION_STYLE_ASSIGNMENT((#16504));
#16504 = SURFACE_STYLE_USAGE(.BOTH.,#16505);
#16505 = SURFACE_SIDE_STYLE('',(#16506));
#16506 = SURFACE_STYLE_FILL_AREA(#16507);
#16507 = FILL_AREA_STYLE('',(#16508));
#16508 = FILL_AREA_STYLE_COLOUR('',#16096);
#16509 = STYLED_ITEM('color',(#16510),#463);
#16510 = PRESENTATION_STYLE_ASSIGNMENT((#16511));
#16511 = SURFACE_STYLE_USAGE(.BOTH.,#16512);
#16512 = SURFACE_SIDE_STYLE('',(#16513));
#16513 = SURFACE_STYLE_FILL_AREA(#16514);
#16514 = FILL_AREA_STYLE('',(#16515));
#16515 = FILL_AREA_STYLE_COLOUR('',#15263);
#16516 = STYLED_ITEM('color',(#16517),#488);
#16517 = PRESENTATION_STYLE_ASSIGNMENT((#16518));
#16518 = SURFACE_STYLE_USAGE(.BOTH.,#16519);
#16519 = SURFACE_SIDE_STYLE('',(#16520));
#16520 = SURFACE_STYLE_FILL_AREA(#16521);
#16521 = FILL_AREA_STYLE('',(#16522));
#16522 = FILL_AREA_STYLE_COLOUR('',#15263);
#16523 = STYLED_ITEM('color',(#16524),#514);
#16524 = PRESENTATION_STYLE_ASSIGNMENT((#16525));
#16525 = SURFACE_STYLE_USAGE(.BOTH.,#16526);
#16526 = SURFACE_SIDE_STYLE('',(#16527));
#16527 = SURFACE_STYLE_FILL_AREA(#16528);
#16528 = FILL_AREA_STYLE('',(#16529));
#16529 = FILL_AREA_STYLE_COLOUR('',#15263);
#16530 = STYLED_ITEM('color',(#16531),#539);
#16531 = PRESENTATION_STYLE_ASSIGNMENT((#16532));
#16532 = SURFACE_STYLE_USAGE(.BOTH.,#16533);
#16533 = SURFACE_SIDE_STYLE('',(#16534));
#16534 = SURFACE_STYLE_FILL_AREA(#16535);
#16535 = FILL_AREA_STYLE('',(#16536));
#16536 = FILL_AREA_STYLE_COLOUR('',#15263);
#16537 = STYLED_ITEM('color',(#16538),#565);
#16538 = PRESENTATION_STYLE_ASSIGNMENT((#16539));
#16539 = SURFACE_STYLE_USAGE(.BOTH.,#16540);
#16540 = SURFACE_SIDE_STYLE('',(#16541));
#16541 = SURFACE_STYLE_FILL_AREA(#16542);
#16542 = FILL_AREA_STYLE('',(#16543));
#16543 = FILL_AREA_STYLE_COLOUR('',#15263);
#16544 = STYLED_ITEM('color',(#16545),#590);
#16545 = PRESENTATION_STYLE_ASSIGNMENT((#16546));
#16546 = SURFACE_STYLE_USAGE(.BOTH.,#16547);
#16547 = SURFACE_SIDE_STYLE('',(#16548));
#16548 = SURFACE_STYLE_FILL_AREA(#16549);
#16549 = FILL_AREA_STYLE('',(#16550));
#16550 = FILL_AREA_STYLE_COLOUR('',#15263);
#16551 = MECHANICAL_DESIGN_GEOMETRIC_PRESENTATION_REPRESENTATION('',(
    #16552),#5081);
#16552 = STYLED_ITEM('color',(#16553),#5028);
#16553 = PRESENTATION_STYLE_ASSIGNMENT((#16554));
#16554 = SURFACE_STYLE_USAGE(.BOTH.,#16555);
#16555 = SURFACE_SIDE_STYLE('',(#16556));
#16556 = SURFACE_STYLE_FILL_AREA(#16557);
#16557 = FILL_AREA_STYLE('',(#16558));
#16558 = FILL_AREA_STYLE_COLOUR('',#16559);
#16559 = COLOUR_RGB('',0.930000003373,0.920000012397,0.879999997771);
#16560 = MECHANICAL_DESIGN_GEOMETRIC_PRESENTATION_REPRESENTATION('',(
    #16561,#16568,#16575,#16582,#16589,#16596,#16603,#16610),#5009);
#16561 = STYLED_ITEM('color',(#16562),#3739);
#16562 = PRESENTATION_STYLE_ASSIGNMENT((#16563));
#16563 = SURFACE_STYLE_USAGE(.BOTH.,#16564);
#16564 = SURFACE_SIDE_STYLE('',(#16565));
#16565 = SURFACE_STYLE_FILL_AREA(#16566);
#16566 = FILL_AREA_STYLE('',(#16567));
#16567 = FILL_AREA_STYLE_COLOUR('',#15225);
#16568 = STYLED_ITEM('color',(#16569),#4021);
#16569 = PRESENTATION_STYLE_ASSIGNMENT((#16570));
#16570 = SURFACE_STYLE_USAGE(.BOTH.,#16571);
#16571 = SURFACE_SIDE_STYLE('',(#16572));
#16572 = SURFACE_STYLE_FILL_AREA(#16573);
#16573 = FILL_AREA_STYLE('',(#16574));
#16574 = FILL_AREA_STYLE_COLOUR('',#15225);
#16575 = STYLED_ITEM('color',(#16576),#4171);
#16576 = PRESENTATION_STYLE_ASSIGNMENT((#16577));
#16577 = SURFACE_STYLE_USAGE(.BOTH.,#16578);
#16578 = SURFACE_SIDE_STYLE('',(#16579));
#16579 = SURFACE_STYLE_FILL_AREA(#16580);
#16580 = FILL_AREA_STYLE('',(#16581));
#16581 = FILL_AREA_STYLE_COLOUR('',#15225);
#16582 = STYLED_ITEM('color',(#16583),#4321);
#16583 = PRESENTATION_STYLE_ASSIGNMENT((#16584));
#16584 = SURFACE_STYLE_USAGE(.BOTH.,#16585);
#16585 = SURFACE_SIDE_STYLE('',(#16586));
#16586 = SURFACE_STYLE_FILL_AREA(#16587);
#16587 = FILL_AREA_STYLE('',(#16588));
#16588 = FILL_AREA_STYLE_COLOUR('',#15225);
#16589 = STYLED_ITEM('color',(#16590),#4603);
#16590 = PRESENTATION_STYLE_ASSIGNMENT((#16591));
#16591 = SURFACE_STYLE_USAGE(.BOTH.,#16592);
#16592 = SURFACE_SIDE_STYLE('',(#16593));
#16593 = SURFACE_STYLE_FILL_AREA(#16594);
#16594 = FILL_AREA_STYLE('',(#16595));
#16595 = FILL_AREA_STYLE_COLOUR('',#15225);
#16596 = STYLED_ITEM('color',(#16597),#4753);
#16597 = PRESENTATION_STYLE_ASSIGNMENT((#16598));
#16598 = SURFACE_STYLE_USAGE(.BOTH.,#16599);
#16599 = SURFACE_SIDE_STYLE('',(#16600));
#16600 = SURFACE_STYLE_FILL_AREA(#16601);
#16601 = FILL_AREA_STYLE('',(#16602));
#16602 = FILL_AREA_STYLE_COLOUR('',#15225);
#16603 = STYLED_ITEM('color',(#16604),#4903);
#16604 = PRESENTATION_STYLE_ASSIGNMENT((#16605));
#16605 = SURFACE_STYLE_USAGE(.BOTH.,#16606);
#16606 = SURFACE_SIDE_STYLE('',(#16607));
#16607 = SURFACE_STYLE_FILL_AREA(#16608);
#16608 = FILL_AREA_STYLE('',(#16609));
#16609 = FILL_AREA_STYLE_COLOUR('',#15225);
#16610 = STYLED_ITEM('color',(#16611),#4956);
#16611 = PRESENTATION_STYLE_ASSIGNMENT((#16612));
#16612 = SURFACE_STYLE_USAGE(.BOTH.,#16613);
#16613 = SURFACE_SIDE_STYLE('',(#16614));
#16614 = SURFACE_STYLE_FILL_AREA(#16615);
#16615 = FILL_AREA_STYLE('',(#16616));
#16616 = FILL_AREA_STYLE_COLOUR('',#15225);
#16617 = MECHANICAL_DESIGN_GEOMETRIC_PRESENTATION_REPRESENTATION('',(
    #16618,#16625,#16632,#16640,#16647,#16654,#16661,#16668,#16675,
    #16682,#16689,#16696,#16703,#16710,#16717,#16724,#16731),#9499);
#16618 = STYLED_ITEM('color',(#16619),#9114);
#16619 = PRESENTATION_STYLE_ASSIGNMENT((#16620));
#16620 = SURFACE_STYLE_USAGE(.BOTH.,#16621);
#16621 = SURFACE_SIDE_STYLE('',(#16622));
#16622 = SURFACE_STYLE_FILL_AREA(#16623);
#16623 = FILL_AREA_STYLE('',(#16624));
#16624 = FILL_AREA_STYLE_COLOUR('',#15263);
#16625 = STYLED_ITEM('color',(#16626),#9131);
#16626 = PRESENTATION_STYLE_ASSIGNMENT((#16627));
#16627 = SURFACE_STYLE_USAGE(.BOTH.,#16628);
#16628 = SURFACE_SIDE_STYLE('',(#16629));
#16629 = SURFACE_STYLE_FILL_AREA(#16630);
#16630 = FILL_AREA_STYLE('',(#16631));
#16631 = FILL_AREA_STYLE_COLOUR('',#15263);
#16632 = STYLED_ITEM('color',(#16633),#9156);
#16633 = PRESENTATION_STYLE_ASSIGNMENT((#16634));
#16634 = SURFACE_STYLE_USAGE(.BOTH.,#16635);
#16635 = SURFACE_SIDE_STYLE('',(#16636));
#16636 = SURFACE_STYLE_FILL_AREA(#16637);
#16637 = FILL_AREA_STYLE('',(#16638));
#16638 = FILL_AREA_STYLE_COLOUR('',#16639);
#16639 = COLOUR_RGB('',0.,0.631244006163,0.748016017657);
#16640 = STYLED_ITEM('color',(#16641),#9176);
#16641 = PRESENTATION_STYLE_ASSIGNMENT((#16642));
#16642 = SURFACE_STYLE_USAGE(.BOTH.,#16643);
#16643 = SURFACE_SIDE_STYLE('',(#16644));
#16644 = SURFACE_STYLE_FILL_AREA(#16645);
#16645 = FILL_AREA_STYLE('',(#16646));
#16646 = FILL_AREA_STYLE_COLOUR('',#16639);
#16647 = STYLED_ITEM('color',(#16648),#9202);
#16648 = PRESENTATION_STYLE_ASSIGNMENT((#16649));
#16649 = SURFACE_STYLE_USAGE(.BOTH.,#16650);
#16650 = SURFACE_SIDE_STYLE('',(#16651));
#16651 = SURFACE_STYLE_FILL_AREA(#16652);
#16652 = FILL_AREA_STYLE('',(#16653));
#16653 = FILL_AREA_STYLE_COLOUR('',#16639);
#16654 = STYLED_ITEM('color',(#16655),#9227);
#16655 = PRESENTATION_STYLE_ASSIGNMENT((#16656));
#16656 = SURFACE_STYLE_USAGE(.BOTH.,#16657);
#16657 = SURFACE_SIDE_STYLE('',(#16658));
#16658 = SURFACE_STYLE_FILL_AREA(#16659);
#16659 = FILL_AREA_STYLE('',(#16660));
#16660 = FILL_AREA_STYLE_COLOUR('',#15956);
#16661 = STYLED_ITEM('color',(#16662),#9247);
#16662 = PRESENTATION_STYLE_ASSIGNMENT((#16663));
#16663 = SURFACE_STYLE_USAGE(.BOTH.,#16664);
#16664 = SURFACE_SIDE_STYLE('',(#16665));
#16665 = SURFACE_STYLE_FILL_AREA(#16666);
#16666 = FILL_AREA_STYLE('',(#16667));
#16667 = FILL_AREA_STYLE_COLOUR('',#15956);
#16668 = STYLED_ITEM('color',(#16669),#9272);
#16669 = PRESENTATION_STYLE_ASSIGNMENT((#16670));
#16670 = SURFACE_STYLE_USAGE(.BOTH.,#16671);
#16671 = SURFACE_SIDE_STYLE('',(#16672));
#16672 = SURFACE_STYLE_FILL_AREA(#16673);
#16673 = FILL_AREA_STYLE('',(#16674));
#16674 = FILL_AREA_STYLE_COLOUR('',#15956);
#16675 = STYLED_ITEM('color',(#16676),#9292);
#16676 = PRESENTATION_STYLE_ASSIGNMENT((#16677));
#16677 = SURFACE_STYLE_USAGE(.BOTH.,#16678);
#16678 = SURFACE_SIDE_STYLE('',(#16679));
#16679 = SURFACE_STYLE_FILL_AREA(#16680);
#16680 = FILL_AREA_STYLE('',(#16681));
#16681 = FILL_AREA_STYLE_COLOUR('',#16639);
#16682 = STYLED_ITEM('color',(#16683),#9317);
#16683 = PRESENTATION_STYLE_ASSIGNMENT((#16684));
#16684 = SURFACE_STYLE_USAGE(.BOTH.,#16685);
#16685 = SURFACE_SIDE_STYLE('',(#16686));
#16686 = SURFACE_STYLE_FILL_AREA(#16687);
#16687 = FILL_AREA_STYLE('',(#16688));
#16688 = FILL_AREA_STYLE_COLOUR('',#16639);
#16689 = STYLED_ITEM('color',(#16690),#9343);
#16690 = PRESENTATION_STYLE_ASSIGNMENT((#16691));
#16691 = SURFACE_STYLE_USAGE(.BOTH.,#16692);
#16692 = SURFACE_SIDE_STYLE('',(#16693));
#16693 = SURFACE_STYLE_FILL_AREA(#16694);
#16694 = FILL_AREA_STYLE('',(#16695));
#16695 = FILL_AREA_STYLE_COLOUR('',#16639);
#16696 = STYLED_ITEM('color',(#16697),#9363);
#16697 = PRESENTATION_STYLE_ASSIGNMENT((#16698));
#16698 = SURFACE_STYLE_USAGE(.BOTH.,#16699);
#16699 = SURFACE_SIDE_STYLE('',(#16700));
#16700 = SURFACE_STYLE_FILL_AREA(#16701);
#16701 = FILL_AREA_STYLE('',(#16702));
#16702 = FILL_AREA_STYLE_COLOUR('',#15263);
#16703 = STYLED_ITEM('color',(#16704),#9388);
#16704 = PRESENTATION_STYLE_ASSIGNMENT((#16705));
#16705 = SURFACE_STYLE_USAGE(.BOTH.,#16706);
#16706 = SURFACE_SIDE_STYLE('',(#16707));
#16707 = SURFACE_STYLE_FILL_AREA(#16708);
#16708 = FILL_AREA_STYLE('',(#16709));
#16709 = FILL_AREA_STYLE_COLOUR('',#15263);
#16710 = STYLED_ITEM('color',(#16711),#9414);
#16711 = PRESENTATION_STYLE_ASSIGNMENT((#16712));
#16712 = SURFACE_STYLE_USAGE(.BOTH.,#16713);
#16713 = SURFACE_SIDE_STYLE('',(#16714));
#16714 = SURFACE_STYLE_FILL_AREA(#16715);
#16715 = FILL_AREA_STYLE('',(#16716));
#16716 = FILL_AREA_STYLE_COLOUR('',#15263);
#16717 = STYLED_ITEM('color',(#16718),#9439);
#16718 = PRESENTATION_STYLE_ASSIGNMENT((#16719));
#16719 = SURFACE_STYLE_USAGE(.BOTH.,#16720);
#16720 = SURFACE_SIDE_STYLE('',(#16721));
#16721 = SURFACE_STYLE_FILL_AREA(#16722);
#16722 = FILL_AREA_STYLE('',(#16723));
#16723 = FILL_AREA_STYLE_COLOUR('',#15263);
#16724 = STYLED_ITEM('color',(#16725),#9465);
#16725 = PRESENTATION_STYLE_ASSIGNMENT((#16726));
#16726 = SURFACE_STYLE_USAGE(.BOTH.,#16727);
#16727 = SURFACE_SIDE_STYLE('',(#16728));
#16728 = SURFACE_STYLE_FILL_AREA(#16729);
#16729 = FILL_AREA_STYLE('',(#16730));
#16730 = FILL_AREA_STYLE_COLOUR('',#15263);
#16731 = STYLED_ITEM('color',(#16732),#9490);
#16732 = PRESENTATION_STYLE_ASSIGNMENT((#16733));
#16733 = SURFACE_STYLE_USAGE(.BOTH.,#16734);
#16734 = SURFACE_SIDE_STYLE('',(#16735));
#16735 = SURFACE_STYLE_FILL_AREA(#16736);
#16736 = FILL_AREA_STYLE('',(#16737));
#16737 = FILL_AREA_STYLE_COLOUR('',#15263);
#16738 = MECHANICAL_DESIGN_GEOMETRIC_PRESENTATION_REPRESENTATION('',(
    #16739),#1570);
#16739 = STYLED_ITEM('color',(#16740),#1517);
#16740 = PRESENTATION_STYLE_ASSIGNMENT((#16741));
#16741 = SURFACE_STYLE_USAGE(.BOTH.,#16742);
#16742 = SURFACE_SIDE_STYLE('',(#16743));
#16743 = SURFACE_STYLE_FILL_AREA(#16744);
#16744 = FILL_AREA_STYLE('',(#16745));
#16745 = FILL_AREA_STYLE_COLOUR('',#15527);
#16746 = MECHANICAL_DESIGN_GEOMETRIC_PRESENTATION_REPRESENTATION('',(
    #16747,#16754,#16761,#16768,#16775,#16782,#16789,#16796,#16803,
    #16810,#16817,#16824,#16831,#16838,#16845,#16852,#16859,#16866,
    #16873,#16880,#16887,#16894,#16901,#16908,#16915,#16922,#16929,
    #16936,#16943,#16950,#16957,#16964,#16971,#16978,#16985,#16992,
    #16999,#17006,#17013,#17020,#17027,#17034,#17041,#17048,#17055,
    #17062,#17069,#17076),#7466);
#16747 = STYLED_ITEM('color',(#16748),#5926);
#16748 = PRESENTATION_STYLE_ASSIGNMENT((#16749));
#16749 = SURFACE_STYLE_USAGE(.BOTH.,#16750);
#16750 = SURFACE_SIDE_STYLE('',(#16751));
#16751 = SURFACE_STYLE_FILL_AREA(#16752);
#16752 = FILL_AREA_STYLE('',(#16753));
#16753 = FILL_AREA_STYLE_COLOUR('',#15234);
#16754 = STYLED_ITEM('color',(#16755),#5982);
#16755 = PRESENTATION_STYLE_ASSIGNMENT((#16756));
#16756 = SURFACE_STYLE_USAGE(.BOTH.,#16757);
#16757 = SURFACE_SIDE_STYLE('',(#16758));
#16758 = SURFACE_STYLE_FILL_AREA(#16759);
#16759 = FILL_AREA_STYLE('',(#16760));
#16760 = FILL_AREA_STYLE_COLOUR('',#15234);
#16761 = STYLED_ITEM('color',(#16762),#6109);
#16762 = PRESENTATION_STYLE_ASSIGNMENT((#16763));
#16763 = SURFACE_STYLE_USAGE(.BOTH.,#16764);
#16764 = SURFACE_SIDE_STYLE('',(#16765));
#16765 = SURFACE_STYLE_FILL_AREA(#16766);
#16766 = FILL_AREA_STYLE('',(#16767));
#16767 = FILL_AREA_STYLE_COLOUR('',#15234);
#16768 = STYLED_ITEM('color',(#16769),#6133);
#16769 = PRESENTATION_STYLE_ASSIGNMENT((#16770));
#16770 = SURFACE_STYLE_USAGE(.BOTH.,#16771);
#16771 = SURFACE_SIDE_STYLE('',(#16772));
#16772 = SURFACE_STYLE_FILL_AREA(#16773);
#16773 = FILL_AREA_STYLE('',(#16774));
#16774 = FILL_AREA_STYLE_COLOUR('',#15234);
#16775 = STYLED_ITEM('color',(#16776),#6157);
#16776 = PRESENTATION_STYLE_ASSIGNMENT((#16777));
#16777 = SURFACE_STYLE_USAGE(.BOTH.,#16778);
#16778 = SURFACE_SIDE_STYLE('',(#16779));
#16779 = SURFACE_STYLE_FILL_AREA(#16780);
#16780 = FILL_AREA_STYLE('',(#16781));
#16781 = FILL_AREA_STYLE_COLOUR('',#15234);
#16782 = STYLED_ITEM('color',(#16783),#6213);
#16783 = PRESENTATION_STYLE_ASSIGNMENT((#16784));
#16784 = SURFACE_STYLE_USAGE(.BOTH.,#16785);
#16785 = SURFACE_SIDE_STYLE('',(#16786));
#16786 = SURFACE_STYLE_FILL_AREA(#16787);
#16787 = FILL_AREA_STYLE('',(#16788));
#16788 = FILL_AREA_STYLE_COLOUR('',#15234);
#16789 = STYLED_ITEM('color',(#16790),#6260);
#16790 = PRESENTATION_STYLE_ASSIGNMENT((#16791));
#16791 = SURFACE_STYLE_USAGE(.BOTH.,#16792);
#16792 = SURFACE_SIDE_STYLE('',(#16793));
#16793 = SURFACE_STYLE_FILL_AREA(#16794);
#16794 = FILL_AREA_STYLE('',(#16795));
#16795 = FILL_AREA_STYLE_COLOUR('',#15234);
#16796 = STYLED_ITEM('color',(#16797),#6346);
#16797 = PRESENTATION_STYLE_ASSIGNMENT((#16798));
#16798 = SURFACE_STYLE_USAGE(.BOTH.,#16799);
#16799 = SURFACE_SIDE_STYLE('',(#16800));
#16800 = SURFACE_STYLE_FILL_AREA(#16801);
#16801 = FILL_AREA_STYLE('',(#16802));
#16802 = FILL_AREA_STYLE_COLOUR('',#15234);
#16803 = STYLED_ITEM('color',(#16804),#6360);
#16804 = PRESENTATION_STYLE_ASSIGNMENT((#16805));
#16805 = SURFACE_STYLE_USAGE(.BOTH.,#16806);
#16806 = SURFACE_SIDE_STYLE('',(#16807));
#16807 = SURFACE_STYLE_FILL_AREA(#16808);
#16808 = FILL_AREA_STYLE('',(#16809));
#16809 = FILL_AREA_STYLE_COLOUR('',#15263);
#16810 = STYLED_ITEM('color',(#16811),#6400);
#16811 = PRESENTATION_STYLE_ASSIGNMENT((#16812));
#16812 = SURFACE_STYLE_USAGE(.BOTH.,#16813);
#16813 = SURFACE_SIDE_STYLE('',(#16814));
#16814 = SURFACE_STYLE_FILL_AREA(#16815);
#16815 = FILL_AREA_STYLE('',(#16816));
#16816 = FILL_AREA_STYLE_COLOUR('',#15263);
#16817 = STYLED_ITEM('color',(#16818),#6424);
#16818 = PRESENTATION_STYLE_ASSIGNMENT((#16819));
#16819 = SURFACE_STYLE_USAGE(.BOTH.,#16820);
#16820 = SURFACE_SIDE_STYLE('',(#16821));
#16821 = SURFACE_STYLE_FILL_AREA(#16822);
#16822 = FILL_AREA_STYLE('',(#16823));
#16823 = FILL_AREA_STYLE_COLOUR('',#15263);
#16824 = STYLED_ITEM('color',(#16825),#6457);
#16825 = PRESENTATION_STYLE_ASSIGNMENT((#16826));
#16826 = SURFACE_STYLE_USAGE(.BOTH.,#16827);
#16827 = SURFACE_SIDE_STYLE('',(#16828));
#16828 = SURFACE_STYLE_FILL_AREA(#16829);
#16829 = FILL_AREA_STYLE('',(#16830));
#16830 = FILL_AREA_STYLE_COLOUR('',#15263);
#16831 = STYLED_ITEM('color',(#16832),#6497);
#16832 = PRESENTATION_STYLE_ASSIGNMENT((#16833));
#16833 = SURFACE_STYLE_USAGE(.BOTH.,#16834);
#16834 = SURFACE_SIDE_STYLE('',(#16835));
#16835 = SURFACE_STYLE_FILL_AREA(#16836);
#16836 = FILL_AREA_STYLE('',(#16837));
#16837 = FILL_AREA_STYLE_COLOUR('',#15263);
#16838 = STYLED_ITEM('color',(#16839),#6521);
#16839 = PRESENTATION_STYLE_ASSIGNMENT((#16840));
#16840 = SURFACE_STYLE_USAGE(.BOTH.,#16841);
#16841 = SURFACE_SIDE_STYLE('',(#16842));
#16842 = SURFACE_STYLE_FILL_AREA(#16843);
#16843 = FILL_AREA_STYLE('',(#16844));
#16844 = FILL_AREA_STYLE_COLOUR('',#15263);
#16845 = STYLED_ITEM('color',(#16846),#6554);
#16846 = PRESENTATION_STYLE_ASSIGNMENT((#16847));
#16847 = SURFACE_STYLE_USAGE(.BOTH.,#16848);
#16848 = SURFACE_SIDE_STYLE('',(#16849));
#16849 = SURFACE_STYLE_FILL_AREA(#16850);
#16850 = FILL_AREA_STYLE('',(#16851));
#16851 = FILL_AREA_STYLE_COLOUR('',#15263);
#16852 = STYLED_ITEM('color',(#16853),#6594);
#16853 = PRESENTATION_STYLE_ASSIGNMENT((#16854));
#16854 = SURFACE_STYLE_USAGE(.BOTH.,#16855);
#16855 = SURFACE_SIDE_STYLE('',(#16856));
#16856 = SURFACE_STYLE_FILL_AREA(#16857);
#16857 = FILL_AREA_STYLE('',(#16858));
#16858 = FILL_AREA_STYLE_COLOUR('',#15263);
#16859 = STYLED_ITEM('color',(#16860),#6618);
#16860 = PRESENTATION_STYLE_ASSIGNMENT((#16861));
#16861 = SURFACE_STYLE_USAGE(.BOTH.,#16862);
#16862 = SURFACE_SIDE_STYLE('',(#16863));
#16863 = SURFACE_STYLE_FILL_AREA(#16864);
#16864 = FILL_AREA_STYLE('',(#16865));
#16865 = FILL_AREA_STYLE_COLOUR('',#15263);
#16866 = STYLED_ITEM('color',(#16867),#6651);
#16867 = PRESENTATION_STYLE_ASSIGNMENT((#16868));
#16868 = SURFACE_STYLE_USAGE(.BOTH.,#16869);
#16869 = SURFACE_SIDE_STYLE('',(#16870));
#16870 = SURFACE_STYLE_FILL_AREA(#16871);
#16871 = FILL_AREA_STYLE('',(#16872));
#16872 = FILL_AREA_STYLE_COLOUR('',#15263);
#16873 = STYLED_ITEM('color',(#16874),#6691);
#16874 = PRESENTATION_STYLE_ASSIGNMENT((#16875));
#16875 = SURFACE_STYLE_USAGE(.BOTH.,#16876);
#16876 = SURFACE_SIDE_STYLE('',(#16877));
#16877 = SURFACE_STYLE_FILL_AREA(#16878);
#16878 = FILL_AREA_STYLE('',(#16879));
#16879 = FILL_AREA_STYLE_COLOUR('',#15263);
#16880 = STYLED_ITEM('color',(#16881),#6726);
#16881 = PRESENTATION_STYLE_ASSIGNMENT((#16882));
#16882 = SURFACE_STYLE_USAGE(.BOTH.,#16883);
#16883 = SURFACE_SIDE_STYLE('',(#16884));
#16884 = SURFACE_STYLE_FILL_AREA(#16885);
#16885 = FILL_AREA_STYLE('',(#16886));
#16886 = FILL_AREA_STYLE_COLOUR('',#15263);
#16887 = STYLED_ITEM('color',(#16888),#6759);
#16888 = PRESENTATION_STYLE_ASSIGNMENT((#16889));
#16889 = SURFACE_STYLE_USAGE(.BOTH.,#16890);
#16890 = SURFACE_SIDE_STYLE('',(#16891));
#16891 = SURFACE_STYLE_FILL_AREA(#16892);
#16892 = FILL_AREA_STYLE('',(#16893));
#16893 = FILL_AREA_STYLE_COLOUR('',#15263);
#16894 = STYLED_ITEM('color',(#16895),#6776);
#16895 = PRESENTATION_STYLE_ASSIGNMENT((#16896));
#16896 = SURFACE_STYLE_USAGE(.BOTH.,#16897);
#16897 = SURFACE_SIDE_STYLE('',(#16898));
#16898 = SURFACE_STYLE_FILL_AREA(#16899);
#16899 = FILL_AREA_STYLE('',(#16900));
#16900 = FILL_AREA_STYLE_COLOUR('',#15263);
#16901 = STYLED_ITEM('color',(#16902),#6833);
#16902 = PRESENTATION_STYLE_ASSIGNMENT((#16903));
#16903 = SURFACE_STYLE_USAGE(.BOTH.,#16904);
#16904 = SURFACE_SIDE_STYLE('',(#16905));
#16905 = SURFACE_STYLE_FILL_AREA(#16906);
#16906 = FILL_AREA_STYLE('',(#16907));
#16907 = FILL_AREA_STYLE_COLOUR('',#15263);
#16908 = STYLED_ITEM('color',(#16909),#6890);
#16909 = PRESENTATION_STYLE_ASSIGNMENT((#16910));
#16910 = SURFACE_STYLE_USAGE(.BOTH.,#16911);
#16911 = SURFACE_SIDE_STYLE('',(#16912));
#16912 = SURFACE_STYLE_FILL_AREA(#16913);
#16913 = FILL_AREA_STYLE('',(#16914));
#16914 = FILL_AREA_STYLE_COLOUR('',#15263);
#16915 = STYLED_ITEM('color',(#16916),#6947);
#16916 = PRESENTATION_STYLE_ASSIGNMENT((#16917));
#16917 = SURFACE_STYLE_USAGE(.BOTH.,#16918);
#16918 = SURFACE_SIDE_STYLE('',(#16919));
#16919 = SURFACE_STYLE_FILL_AREA(#16920);
#16920 = FILL_AREA_STYLE('',(#16921));
#16921 = FILL_AREA_STYLE_COLOUR('',#15263);
#16922 = STYLED_ITEM('color',(#16923),#7004);
#16923 = PRESENTATION_STYLE_ASSIGNMENT((#16924));
#16924 = SURFACE_STYLE_USAGE(.BOTH.,#16925);
#16925 = SURFACE_SIDE_STYLE('',(#16926));
#16926 = SURFACE_STYLE_FILL_AREA(#16927);
#16927 = FILL_AREA_STYLE('',(#16928));
#16928 = FILL_AREA_STYLE_COLOUR('',#15263);
#16929 = STYLED_ITEM('color',(#16930),#7021);
#16930 = PRESENTATION_STYLE_ASSIGNMENT((#16931));
#16931 = SURFACE_STYLE_USAGE(.BOTH.,#16932);
#16932 = SURFACE_SIDE_STYLE('',(#16933));
#16933 = SURFACE_STYLE_FILL_AREA(#16934);
#16934 = FILL_AREA_STYLE('',(#16935));
#16935 = FILL_AREA_STYLE_COLOUR('',#15263);
#16936 = STYLED_ITEM('color',(#16937),#7038);
#16937 = PRESENTATION_STYLE_ASSIGNMENT((#16938));
#16938 = SURFACE_STYLE_USAGE(.BOTH.,#16939);
#16939 = SURFACE_SIDE_STYLE('',(#16940));
#16940 = SURFACE_STYLE_FILL_AREA(#16941);
#16941 = FILL_AREA_STYLE('',(#16942));
#16942 = FILL_AREA_STYLE_COLOUR('',#15263);
#16943 = STYLED_ITEM('color',(#16944),#7095);
#16944 = PRESENTATION_STYLE_ASSIGNMENT((#16945));
#16945 = SURFACE_STYLE_USAGE(.BOTH.,#16946);
#16946 = SURFACE_SIDE_STYLE('',(#16947));
#16947 = SURFACE_STYLE_FILL_AREA(#16948);
#16948 = FILL_AREA_STYLE('',(#16949));
#16949 = FILL_AREA_STYLE_COLOUR('',#15263);
#16950 = STYLED_ITEM('color',(#16951),#7112);
#16951 = PRESENTATION_STYLE_ASSIGNMENT((#16952));
#16952 = SURFACE_STYLE_USAGE(.BOTH.,#16953);
#16953 = SURFACE_SIDE_STYLE('',(#16954));
#16954 = SURFACE_STYLE_FILL_AREA(#16955);
#16955 = FILL_AREA_STYLE('',(#16956));
#16956 = FILL_AREA_STYLE_COLOUR('',#15263);
#16957 = STYLED_ITEM('color',(#16958),#7129);
#16958 = PRESENTATION_STYLE_ASSIGNMENT((#16959));
#16959 = SURFACE_STYLE_USAGE(.BOTH.,#16960);
#16960 = SURFACE_SIDE_STYLE('',(#16961));
#16961 = SURFACE_STYLE_FILL_AREA(#16962);
#16962 = FILL_AREA_STYLE('',(#16963));
#16963 = FILL_AREA_STYLE_COLOUR('',#15263);
#16964 = STYLED_ITEM('color',(#16965),#7186);
#16965 = PRESENTATION_STYLE_ASSIGNMENT((#16966));
#16966 = SURFACE_STYLE_USAGE(.BOTH.,#16967);
#16967 = SURFACE_SIDE_STYLE('',(#16968));
#16968 = SURFACE_STYLE_FILL_AREA(#16969);
#16969 = FILL_AREA_STYLE('',(#16970));
#16970 = FILL_AREA_STYLE_COLOUR('',#15263);
#16971 = STYLED_ITEM('color',(#16972),#7203);
#16972 = PRESENTATION_STYLE_ASSIGNMENT((#16973));
#16973 = SURFACE_STYLE_USAGE(.BOTH.,#16974);
#16974 = SURFACE_SIDE_STYLE('',(#16975));
#16975 = SURFACE_STYLE_FILL_AREA(#16976);
#16976 = FILL_AREA_STYLE('',(#16977));
#16977 = FILL_AREA_STYLE_COLOUR('',#15263);
#16978 = STYLED_ITEM('color',(#16979),#7220);
#16979 = PRESENTATION_STYLE_ASSIGNMENT((#16980));
#16980 = SURFACE_STYLE_USAGE(.BOTH.,#16981);
#16981 = SURFACE_SIDE_STYLE('',(#16982));
#16982 = SURFACE_STYLE_FILL_AREA(#16983);
#16983 = FILL_AREA_STYLE('',(#16984));
#16984 = FILL_AREA_STYLE_COLOUR('',#15263);
#16985 = STYLED_ITEM('color',(#16986),#7248);
#16986 = PRESENTATION_STYLE_ASSIGNMENT((#16987));
#16987 = SURFACE_STYLE_USAGE(.BOTH.,#16988);
#16988 = SURFACE_SIDE_STYLE('',(#16989));
#16989 = SURFACE_STYLE_FILL_AREA(#16990);
#16990 = FILL_AREA_STYLE('',(#16991));
#16991 = FILL_AREA_STYLE_COLOUR('',#15263);
#16992 = STYLED_ITEM('color',(#16993),#7260);
#16993 = PRESENTATION_STYLE_ASSIGNMENT((#16994));
#16994 = SURFACE_STYLE_USAGE(.BOTH.,#16995);
#16995 = SURFACE_SIDE_STYLE('',(#16996));
#16996 = SURFACE_STYLE_FILL_AREA(#16997);
#16997 = FILL_AREA_STYLE('',(#16998));
#16998 = FILL_AREA_STYLE_COLOUR('',#15263);
#16999 = STYLED_ITEM('color',(#17000),#7277);
#17000 = PRESENTATION_STYLE_ASSIGNMENT((#17001));
#17001 = SURFACE_STYLE_USAGE(.BOTH.,#17002);
#17002 = SURFACE_SIDE_STYLE('',(#17003));
#17003 = SURFACE_STYLE_FILL_AREA(#17004);
#17004 = FILL_AREA_STYLE('',(#17005));
#17005 = FILL_AREA_STYLE_COLOUR('',#15263);
#17006 = STYLED_ITEM('color',(#17007),#7294);
#17007 = PRESENTATION_STYLE_ASSIGNMENT((#17008));
#17008 = SURFACE_STYLE_USAGE(.BOTH.,#17009);
#17009 = SURFACE_SIDE_STYLE('',(#17010));
#17010 = SURFACE_STYLE_FILL_AREA(#17011);
#17011 = FILL_AREA_STYLE('',(#17012));
#17012 = FILL_AREA_STYLE_COLOUR('',#15263);
#17013 = STYLED_ITEM('color',(#17014),#7311);
#17014 = PRESENTATION_STYLE_ASSIGNMENT((#17015));
#17015 = SURFACE_STYLE_USAGE(.BOTH.,#17016);
#17016 = SURFACE_SIDE_STYLE('',(#17017));
#17017 = SURFACE_STYLE_FILL_AREA(#17018);
#17018 = FILL_AREA_STYLE('',(#17019));
#17019 = FILL_AREA_STYLE_COLOUR('',#15263);
#17020 = STYLED_ITEM('color',(#17021),#7328);
#17021 = PRESENTATION_STYLE_ASSIGNMENT((#17022));
#17022 = SURFACE_STYLE_USAGE(.BOTH.,#17023);
#17023 = SURFACE_SIDE_STYLE('',(#17024));
#17024 = SURFACE_STYLE_FILL_AREA(#17025);
#17025 = FILL_AREA_STYLE('',(#17026));
#17026 = FILL_AREA_STYLE_COLOUR('',#15263);
#17027 = STYLED_ITEM('color',(#17028),#7340);
#17028 = PRESENTATION_STYLE_ASSIGNMENT((#17029));
#17029 = SURFACE_STYLE_USAGE(.BOTH.,#17030);
#17030 = SURFACE_SIDE_STYLE('',(#17031));
#17031 = SURFACE_STYLE_FILL_AREA(#17032);
#17032 = FILL_AREA_STYLE('',(#17033));
#17033 = FILL_AREA_STYLE_COLOUR('',#15263);
#17034 = STYLED_ITEM('color',(#17035),#7357);
#17035 = PRESENTATION_STYLE_ASSIGNMENT((#17036));
#17036 = SURFACE_STYLE_USAGE(.BOTH.,#17037);
#17037 = SURFACE_SIDE_STYLE('',(#17038));
#17038 = SURFACE_STYLE_FILL_AREA(#17039);
#17039 = FILL_AREA_STYLE('',(#17040));
#17040 = FILL_AREA_STYLE_COLOUR('',#15263);
#17041 = STYLED_ITEM('color',(#17042),#7374);
#17042 = PRESENTATION_STYLE_ASSIGNMENT((#17043));
#17043 = SURFACE_STYLE_USAGE(.BOTH.,#17044);
#17044 = SURFACE_SIDE_STYLE('',(#17045));
#17045 = SURFACE_STYLE_FILL_AREA(#17046);
#17046 = FILL_AREA_STYLE('',(#17047));
#17047 = FILL_AREA_STYLE_COLOUR('',#15263);
#17048 = STYLED_ITEM('color',(#17049),#7391);
#17049 = PRESENTATION_STYLE_ASSIGNMENT((#17050));
#17050 = SURFACE_STYLE_USAGE(.BOTH.,#17051);
#17051 = SURFACE_SIDE_STYLE('',(#17052));
#17052 = SURFACE_STYLE_FILL_AREA(#17053);
#17053 = FILL_AREA_STYLE('',(#17054));
#17054 = FILL_AREA_STYLE_COLOUR('',#15263);
#17055 = STYLED_ITEM('color',(#17056),#7403);
#17056 = PRESENTATION_STYLE_ASSIGNMENT((#17057));
#17057 = SURFACE_STYLE_USAGE(.BOTH.,#17058);
#17058 = SURFACE_SIDE_STYLE('',(#17059));
#17059 = SURFACE_STYLE_FILL_AREA(#17060);
#17060 = FILL_AREA_STYLE('',(#17061));
#17061 = FILL_AREA_STYLE_COLOUR('',#15263);
#17062 = STYLED_ITEM('color',(#17063),#7420);
#17063 = PRESENTATION_STYLE_ASSIGNMENT((#17064));
#17064 = SURFACE_STYLE_USAGE(.BOTH.,#17065);
#17065 = SURFACE_SIDE_STYLE('',(#17066));
#17066 = SURFACE_STYLE_FILL_AREA(#17067);
#17067 = FILL_AREA_STYLE('',(#17068));
#17068 = FILL_AREA_STYLE_COLOUR('',#15263);
#17069 = STYLED_ITEM('color',(#17070),#7437);
#17070 = PRESENTATION_STYLE_ASSIGNMENT((#17071));
#17071 = SURFACE_STYLE_USAGE(.BOTH.,#17072);
#17072 = SURFACE_SIDE_STYLE('',(#17073));
#17073 = SURFACE_STYLE_FILL_AREA(#17074);
#17074 = FILL_AREA_STYLE('',(#17075));
#17075 = FILL_AREA_STYLE_COLOUR('',#15263);
#17076 = STYLED_ITEM('color',(#17077),#7454);
#17077 = PRESENTATION_STYLE_ASSIGNMENT((#17078));
#17078 = SURFACE_STYLE_USAGE(.BOTH.,#17079);
#17079 = SURFACE_SIDE_STYLE('',(#17080));
#17080 = SURFACE_STYLE_FILL_AREA(#17081);
#17081 = FILL_AREA_STYLE('',(#17082));
#17082 = FILL_AREA_STYLE_COLOUR('',#15263);
ENDSEC;
END-ISO-10303-21;
