ISO-10303-21;
HEADER;
FILE_DESCRIPTION(('KiCad electronic assembly'),'2;1');
FILE_NAME('CapacitorDischarger_1S.step','2026-10-01T15:07:13',('Pcbnew')
  ,('Kicad'),'Open CASCADE STEP processor 7.9','KiCad to STEP converter'
  ,'Unknown');
FILE_SCHEMA(('AUTOMOTIVE_DESIGN { 1 0 10303 214 1 1 1 1 }'));
ENDSEC;
DATA;
#1 = APPLICATION_PROTOCOL_DEFINITION('international standard',
  'automotive_design',2000,#2);
#2 = APPLICATION_CONTEXT(
  'core data for automotive mechanical design processes');
#3 = SHAPE_DEFINITION_REPRESENTATION(#4,#10);
#4 = PRODUCT_DEFINITION_SHAPE('','',#5);
#5 = PRODUCT_DEFINITION('design','',#6,#9);
#6 = PRODUCT_DEFINITION_FORMATION('','',#7);
#7 = PRODUCT('CapacitorDischarger_1S 1','CapacitorDischarger_1S 1','',(
    #8));
#8 = PRODUCT_CONTEXT('',#2,'mechanical');
#9 = PRODUCT_DEFINITION_CONTEXT('part definition',#2,'design');
#10 = SHAPE_REPRESENTATION('',(#11,#15,#19,#23,#27,#31,#35,#39,#43,#47,
    #51,#55,#59,#63,#67,#71,#75,#79,#83,#87,#91,#95,#99,#103,#107,#111,
    #115,#119,#123,#127,#131,#135,#139,#143,#147,#151,#155,#159,#163,
    #167,#171),#175);
#11 = AXIS2_PLACEMENT_3D('',#12,#13,#14);
#12 = CARTESIAN_POINT('',(0.,0.,0.));
#13 = DIRECTION('',(0.,0.,1.));
#14 = DIRECTION('',(1.,0.,-0.));
#15 = AXIS2_PLACEMENT_3D('',#16,#17,#18);
#16 = CARTESIAN_POINT('',(126.,-104.16,1.595));
#17 = DIRECTION('',(-0.,0.,1.));
#18 = DIRECTION('',(1.110223024625E-16,-1.,0.));
#19 = AXIS2_PLACEMENT_3D('',#20,#21,#22);
#20 = CARTESIAN_POINT('',(131.,-109.24,1.595));
#21 = DIRECTION('',(-0.,0.,1.));
#22 = DIRECTION('',(1.110223024625E-16,-1.,0.));
#23 = AXIS2_PLACEMENT_3D('',#24,#25,#26);
#24 = CARTESIAN_POINT('',(136.,-114.32,1.595));
#25 = DIRECTION('',(-0.,0.,1.));
#26 = DIRECTION('',(1.110223024625E-16,-1.,0.));
#27 = AXIS2_PLACEMENT_3D('',#28,#29,#30);
#28 = CARTESIAN_POINT('',(135.,-104.16,1.595));
#29 = DIRECTION('',(-0.,0.,1.));
#30 = DIRECTION('',(1.110223024625E-16,-1.,0.));
#31 = AXIS2_PLACEMENT_3D('',#32,#33,#34);
#32 = CARTESIAN_POINT('',(144.5,-107.5,1.595));
#33 = DIRECTION('',(-0.,0.,1.));
#34 = DIRECTION('',(1.110223024625E-16,-1.,0.));
#35 = AXIS2_PLACEMENT_3D('',#36,#37,#38);
#36 = CARTESIAN_POINT('',(116.,-60.,1.595));
#37 = DIRECTION('',(0.,0.,1.));
#38 = DIRECTION('',(1.,0.,0.));
#39 = AXIS2_PLACEMENT_3D('',#40,#41,#42);
#40 = CARTESIAN_POINT('',(130.,-99.08,1.595));
#41 = DIRECTION('',(-0.,0.,1.));
#42 = DIRECTION('',(1.110223024625E-16,-1.,0.));
#43 = AXIS2_PLACEMENT_3D('',#44,#45,#46);
#44 = CARTESIAN_POINT('',(129.,-59.,1.595));
#45 = DIRECTION('',(0.,-0.,1.));
#46 = DIRECTION('',(1.110223024625E-16,1.,0.));
#47 = AXIS2_PLACEMENT_3D('',#48,#49,#50);
#48 = CARTESIAN_POINT('',(124.5,-62.5,1.595));
#49 = DIRECTION('',(0.,-0.,1.));
#50 = DIRECTION('',(1.110223024625E-16,1.,0.));
#51 = AXIS2_PLACEMENT_3D('',#52,#53,#54);
#52 = CARTESIAN_POINT('',(128.34,-74.,1.595));
#53 = DIRECTION('',(0.,0.,1.));
#54 = DIRECTION('',(1.,0.,0.));
#55 = AXIS2_PLACEMENT_3D('',#56,#57,#58);
#56 = CARTESIAN_POINT('',(58.,-67.,1.595));
#57 = DIRECTION('',(-0.,0.,1.));
#58 = DIRECTION('',(1.110223024625E-16,-1.,0.));
#59 = AXIS2_PLACEMENT_3D('',#60,#61,#62);
#60 = CARTESIAN_POINT('',(86.,-105.,1.595));
#61 = DIRECTION('',(-0.,0.,1.));
#62 = DIRECTION('',(1.110223024625E-16,-1.,0.));
#63 = AXIS2_PLACEMENT_3D('',#64,#65,#66);
#64 = CARTESIAN_POINT('',(140.,-109.24,1.595));
#65 = DIRECTION('',(-0.,0.,1.));
#66 = DIRECTION('',(1.110223024625E-16,-1.,0.));
#67 = AXIS2_PLACEMENT_3D('',#68,#69,#70);
#68 = CARTESIAN_POINT('',(130.,-117.5,1.595));
#69 = DIRECTION('',(-0.,0.,1.));
#70 = DIRECTION('',(1.110223024625E-16,-1.,0.));
#71 = AXIS2_PLACEMENT_3D('',#72,#73,#74);
#72 = CARTESIAN_POINT('',(108.,-105.,1.595));
#73 = DIRECTION('',(-0.,0.,1.));
#74 = DIRECTION('',(1.110223024625E-16,-1.,0.));
#75 = AXIS2_PLACEMENT_3D('',#76,#77,#78);
#76 = CARTESIAN_POINT('',(116.,-120.,1.595));
#77 = DIRECTION('',(0.,-0.,1.));
#78 = DIRECTION('',(1.110223024625E-16,1.,0.));
#79 = AXIS2_PLACEMENT_3D('',#80,#81,#82);
#80 = CARTESIAN_POINT('',(116.,-94.,1.595));
#81 = DIRECTION('',(-0.,0.,1.));
#82 = DIRECTION('',(1.110223024625E-16,-1.,0.));
#83 = AXIS2_PLACEMENT_3D('',#84,#85,#86);
#84 = CARTESIAN_POINT('',(108.,-59.,1.595));
#85 = DIRECTION('',(0.,0.,1.));
#86 = DIRECTION('',(1.,0.,0.));
#87 = AXIS2_PLACEMENT_3D('',#88,#89,#90);
#88 = CARTESIAN_POINT('',(135.96,-64.,1.595));
#89 = DIRECTION('',(0.,0.,1.));
#90 = DIRECTION('',(1.,0.,0.));
#91 = AXIS2_PLACEMENT_3D('',#92,#93,#94);
#92 = CARTESIAN_POINT('',(138.5,-64.,1.595));
#93 = DIRECTION('',(0.,0.,1.));
#94 = DIRECTION('',(1.,0.,0.));
#95 = AXIS2_PLACEMENT_3D('',#96,#97,#98);
#96 = CARTESIAN_POINT('',(78.5,-58.4,1.595));
#97 = DIRECTION('',(0.,0.,1.));
#98 = DIRECTION('',(1.,0.,0.));
#99 = AXIS2_PLACEMENT_3D('',#100,#101,#102);
#100 = CARTESIAN_POINT('',(87.5,-90.,1.595));
#101 = DIRECTION('',(0.,0.,1.));
#102 = DIRECTION('',(1.,0.,0.));
#103 = AXIS2_PLACEMENT_3D('',#104,#105,#106);
#104 = CARTESIAN_POINT('',(144.5,-120.,1.595));
#105 = DIRECTION('',(0.,-0.,1.));
#106 = DIRECTION('',(1.110223024625E-16,1.,0.));
#107 = AXIS2_PLACEMENT_3D('',#108,#109,#110);
#108 = CARTESIAN_POINT('',(106.,-76.,1.595));
#109 = DIRECTION('',(0.,-0.,1.));
#110 = DIRECTION('',(1.110223024625E-16,1.,0.));
#111 = AXIS2_PLACEMENT_3D('',#112,#113,#114);
#112 = CARTESIAN_POINT('',(120.84,-74.,1.595));
#113 = DIRECTION('',(-0.,0.,1.));
#114 = DIRECTION('',(1.110223024625E-16,-1.,0.));
#115 = AXIS2_PLACEMENT_3D('',#116,#117,#118);
#116 = CARTESIAN_POINT('',(75.,-105.,1.595));
#117 = DIRECTION('',(-0.,0.,1.));
#118 = DIRECTION('',(1.110223024625E-16,-1.,0.));
#119 = AXIS2_PLACEMENT_3D('',#120,#121,#122);
#120 = CARTESIAN_POINT('',(64.,-105.,1.595));
#121 = DIRECTION('',(-0.,0.,1.));
#122 = DIRECTION('',(1.110223024625E-16,-1.,0.));
#123 = AXIS2_PLACEMENT_3D('',#124,#125,#126);
#124 = CARTESIAN_POINT('',(102.,-60.,1.595));
#125 = DIRECTION('',(0.,-0.,1.));
#126 = DIRECTION('',(1.110223024625E-16,1.,0.));
#127 = AXIS2_PLACEMENT_3D('',#128,#129,#130);
#128 = CARTESIAN_POINT('',(122.,-120.5,1.595));
#129 = DIRECTION('',(0.,-0.,1.));
#130 = DIRECTION('',(1.110223024625E-16,1.,0.));
#131 = AXIS2_PLACEMENT_3D('',#132,#133,#134);
#132 = CARTESIAN_POINT('',(127.,-65.84,1.595));
#133 = DIRECTION('',(0.,0.,1.));
#134 = DIRECTION('',(1.,0.,0.));
#135 = AXIS2_PLACEMENT_3D('',#136,#137,#138);
#136 = CARTESIAN_POINT('',(125.,-94.,1.595));
#137 = DIRECTION('',(-0.,0.,1.));
#138 = DIRECTION('',(1.110223024625E-16,-1.,0.));
#139 = AXIS2_PLACEMENT_3D('',#140,#141,#142);
#140 = CARTESIAN_POINT('',(126.,-117.5,1.595));
#141 = DIRECTION('',(-0.,0.,1.));
#142 = DIRECTION('',(1.110223024625E-16,-1.,0.));
#143 = AXIS2_PLACEMENT_3D('',#144,#145,#146);
#144 = CARTESIAN_POINT('',(88.02,-67.,1.595));
#145 = DIRECTION('',(-0.,0.,1.));
#146 = DIRECTION('',(1.110223024625E-16,-1.,0.));
#147 = AXIS2_PLACEMENT_3D('',#148,#149,#150);
#148 = CARTESIAN_POINT('',(67.52,-77.16,1.595));
#149 = DIRECTION('',(0.,-0.,1.));
#150 = DIRECTION('',(1.110223024625E-16,1.,0.));
#151 = AXIS2_PLACEMENT_3D('',#152,#153,#154);
#152 = CARTESIAN_POINT('',(78.5,-77.16,1.595));
#153 = DIRECTION('',(0.,-0.,1.));
#154 = DIRECTION('',(1.110223024625E-16,1.,0.));
#155 = AXIS2_PLACEMENT_3D('',#156,#157,#158);
#156 = CARTESIAN_POINT('',(112.,-76.,1.595));
#157 = DIRECTION('',(0.,-0.,1.));
#158 = DIRECTION('',(1.110223024625E-16,1.,0.));
#159 = AXIS2_PLACEMENT_3D('',#160,#161,#162);
#160 = CARTESIAN_POINT('',(58.,-58.4,1.595));
#161 = DIRECTION('',(0.,0.,1.));
#162 = DIRECTION('',(1.,0.,0.));
#163 = AXIS2_PLACEMENT_3D('',#164,#165,#166);
#164 = CARTESIAN_POINT('',(97.,-105.,1.595));
#165 = DIRECTION('',(-0.,0.,1.));
#166 = DIRECTION('',(1.110223024625E-16,-1.,0.));
#167 = AXIS2_PLACEMENT_3D('',#168,#169,#170);
#168 = CARTESIAN_POINT('',(121.,-99.08,1.595));
#169 = DIRECTION('',(-0.,0.,1.));
#170 = DIRECTION('',(1.110223024625E-16,-1.,0.));
#171 = AXIS2_PLACEMENT_3D('',#172,#173,#174);
#172 = CARTESIAN_POINT('',(0.,0.,0.));
#173 = DIRECTION('',(0.,0.,1.));
#174 = DIRECTION('',(1.,0.,-0.));
#175 = ( GEOMETRIC_REPRESENTATION_CONTEXT(3) 
GLOBAL_UNCERTAINTY_ASSIGNED_CONTEXT((#179)) GLOBAL_UNIT_ASSIGNED_CONTEXT
((#176,#177,#178)) REPRESENTATION_CONTEXT('Context #1',
  '3D Context with UNIT and UNCERTAINTY') );
#176 = ( LENGTH_UNIT() NAMED_UNIT(*) SI_UNIT(.MILLI.,.METRE.) );
#177 = ( NAMED_UNIT(*) PLANE_ANGLE_UNIT() SI_UNIT($,.RADIAN.) );
#178 = ( NAMED_UNIT(*) SI_UNIT($,.STERADIAN.) SOLID_ANGLE_UNIT() );
#179 = UNCERTAINTY_MEASURE_WITH_UNIT(LENGTH_MEASURE(1.E-07),#176,
  'distance_accuracy_value','confusion accuracy');
#180 = PRODUCT_RELATED_PRODUCT_CATEGORY('part',$,(#7));
#181 = SHAPE_DEFINITION_REPRESENTATION(#182,#188);
#182 = PRODUCT_DEFINITION_SHAPE('','',#183);
#183 = PRODUCT_DEFINITION('design','',#184,#187);
#184 = PRODUCT_DEFINITION_FORMATION('','',#185);
#185 = PRODUCT('R_Axial_DIN0207_L6.3mm_D2.5mm_P5.08mm_Vertical',
  'R_Axial_DIN0207_L6.3mm_D2.5mm_P5.08mm_Vertical','',(#186));
#186 = PRODUCT_CONTEXT('',#2,'mechanical');
#187 = PRODUCT_DEFINITION_CONTEXT('part definition',#2,'design');
#188 = SHAPE_REPRESENTATION('',(#11,#189),#193);
#189 = AXIS2_PLACEMENT_3D('',#190,#191,#192);
#190 = CARTESIAN_POINT('',(0.,0.,0.));
#191 = DIRECTION('',(0.,0.,1.));
#192 = DIRECTION('',(1.,0.,-0.));
#193 = ( GEOMETRIC_REPRESENTATION_CONTEXT(3) 
GLOBAL_UNCERTAINTY_ASSIGNED_CONTEXT((#197)) GLOBAL_UNIT_ASSIGNED_CONTEXT
((#194,#195,#196)) REPRESENTATION_CONTEXT('Context #1',
  '3D Context with UNIT and UNCERTAINTY') );
#194 = ( LENGTH_UNIT() NAMED_UNIT(*) SI_UNIT(.MILLI.,.METRE.) );
#195 = ( NAMED_UNIT(*) PLANE_ANGLE_UNIT() SI_UNIT($,.RADIAN.) );
#196 = ( NAMED_UNIT(*) SI_UNIT($,.STERADIAN.) SOLID_ANGLE_UNIT() );
#197 = UNCERTAINTY_MEASURE_WITH_UNIT(LENGTH_MEASURE(1.E-07),#194,
  'distance_accuracy_value','confusion accuracy');
#198 = CONTEXT_DEPENDENT_SHAPE_REPRESENTATION(#199,#201);
#199 = ( REPRESENTATION_RELATIONSHIP('','',#188,#10) 
REPRESENTATION_RELATIONSHIP_WITH_TRANSFORMATION(#200) 
SHAPE_REPRESENTATION_RELATIONSHIP() );
#200 = ITEM_DEFINED_TRANSFORMATION('','',#11,#15);
#201 = PRODUCT_DEFINITION_SHAPE('Placement','Placement of an item',#202
  );
#202 = NEXT_ASSEMBLY_USAGE_OCCURRENCE('2','R_sig3','',#5,#183,$);
#203 = PRODUCT_RELATED_PRODUCT_CATEGORY('part',$,(#185));
#204 = SHAPE_DEFINITION_REPRESENTATION(#205,#211);
#205 = PRODUCT_DEFINITION_SHAPE('','',#206);
#206 = PRODUCT_DEFINITION('design','',#207,#210);
#207 = PRODUCT_DEFINITION_FORMATION('','',#208);
#208 = PRODUCT('R_Axial_DIN0207_L63mm_D25mm_P508mm_Vertical',
  'R_Axial_DIN0207_L63mm_D25mm_P508mm_Vertical','',(#209));
#209 = PRODUCT_CONTEXT('',#2,'mechanical');
#210 = PRODUCT_DEFINITION_CONTEXT('part definition',#2,'design');
#211 = ADVANCED_BREP_SHAPE_REPRESENTATION('',(#11,#212),#599);
#212 = MANIFOLD_SOLID_BREP('',#213);
#213 = CLOSED_SHELL('',(#214,#247,#273,#293,#313,#338,#363,#383,#392,
    #417,#443,#463,#488,#514,#539,#565,#590));
#214 = ADVANCED_FACE('',(#215),#242,.T.);
#215 = FACE_BOUND('',#216,.T.);
#216 = EDGE_LOOP('',(#217,#226,#234,#241));
#217 = ORIENTED_EDGE('',*,*,#218,.T.);
#218 = EDGE_CURVE('',#219,#219,#221,.T.);
#219 = VERTEX_POINT('',#220);
#220 = CARTESIAN_POINT('',(1.25,0.,1.625));
#221 = CIRCLE('',#222,1.25);
#222 = AXIS2_PLACEMENT_3D('',#223,#224,#225);
#223 = CARTESIAN_POINT('',(0.,0.,1.625));
#224 = DIRECTION('',(0.,0.,1.));
#225 = DIRECTION('',(1.,0.,-0.));
#226 = ORIENTED_EDGE('',*,*,#227,.T.);
#227 = EDGE_CURVE('',#219,#228,#230,.T.);
#228 = VERTEX_POINT('',#229);
#229 = CARTESIAN_POINT('',(1.25,0.,2.575));
#230 = LINE('',#231,#232);
#231 = CARTESIAN_POINT('',(1.25,0.,1.));
#232 = VECTOR('',#233,1.);
#233 = DIRECTION('',(0.,0.,1.));
#234 = ORIENTED_EDGE('',*,*,#235,.F.);
#235 = EDGE_CURVE('',#228,#228,#236,.T.);
#236 = CIRCLE('',#237,1.25);
#237 = AXIS2_PLACEMENT_3D('',#238,#239,#240);
#238 = CARTESIAN_POINT('',(0.,0.,2.575));
#239 = DIRECTION('',(0.,0.,1.));
#240 = DIRECTION('',(1.,0.,-0.));
#241 = ORIENTED_EDGE('',*,*,#227,.F.);
#242 = CYLINDRICAL_SURFACE('',#243,1.25);
#243 = AXIS2_PLACEMENT_3D('',#244,#245,#246);
#244 = CARTESIAN_POINT('',(0.,0.,1.));
#245 = DIRECTION('',(-0.,-0.,-1.));
#246 = DIRECTION('',(1.,0.,0.));
#247 = ADVANCED_FACE('',(#248),#268,.T.);
#248 = FACE_BOUND('',#249,.T.);
#249 = EDGE_LOOP('',(#250,#259,#266,#267));
#250 = ORIENTED_EDGE('',*,*,#251,.T.);
#251 = EDGE_CURVE('',#252,#252,#254,.T.);
#252 = VERTEX_POINT('',#253);
#253 = CARTESIAN_POINT('',(0.625,0.,1.));
#254 = CIRCLE('',#255,0.625);
#255 = AXIS2_PLACEMENT_3D('',#256,#257,#258);
#256 = CARTESIAN_POINT('',(0.,0.,1.));
#257 = DIRECTION('',(0.,0.,1.));
#258 = DIRECTION('',(1.,0.,-0.));
#259 = ORIENTED_EDGE('',*,*,#260,.F.);
#260 = EDGE_CURVE('',#219,#252,#261,.T.);
#261 = CIRCLE('',#262,0.625);
#262 = AXIS2_PLACEMENT_3D('',#263,#264,#265);
#263 = CARTESIAN_POINT('',(0.625,0.,1.625));
#264 = DIRECTION('',(-0.,1.,0.));
#265 = DIRECTION('',(1.,0.,0.));
#266 = ORIENTED_EDGE('',*,*,#218,.F.);
#267 = ORIENTED_EDGE('',*,*,#260,.T.);
#268 = TOROIDAL_SURFACE('',#269,0.625,0.625);
#269 = AXIS2_PLACEMENT_3D('',#270,#271,#272);
#270 = CARTESIAN_POINT('',(0.,0.,1.625));
#271 = DIRECTION('',(0.,0.,-1.));
#272 = DIRECTION('',(1.,0.,0.));
#273 = ADVANCED_FACE('',(#274,#277),#288,.F.);
#274 = FACE_BOUND('',#275,.F.);
#275 = EDGE_LOOP('',(#276));
#276 = ORIENTED_EDGE('',*,*,#235,.F.);
#277 = FACE_BOUND('',#278,.F.);
#278 = EDGE_LOOP('',(#279));
#279 = ORIENTED_EDGE('',*,*,#280,.F.);
#280 = EDGE_CURVE('',#281,#281,#283,.T.);
#281 = VERTEX_POINT('',#282);
#282 = CARTESIAN_POINT('',(1.125,0.,2.575));
#283 = CIRCLE('',#284,1.125);
#284 = AXIS2_PLACEMENT_3D('',#285,#286,#287);
#285 = CARTESIAN_POINT('',(0.,0.,2.575));
#286 = DIRECTION('',(0.,0.,-1.));
#287 = DIRECTION('',(1.,0.,0.));
#288 = PLANE('',#289);
#289 = AXIS2_PLACEMENT_3D('',#290,#291,#292);
#290 = CARTESIAN_POINT('',(1.25,0.,2.575));
#291 = DIRECTION('',(0.,0.,-1.));
#292 = DIRECTION('',(-1.,0.,0.));
#293 = ADVANCED_FACE('',(#294,#297),#308,.T.);
#294 = FACE_BOUND('',#295,.T.);
#295 = EDGE_LOOP('',(#296));
#296 = ORIENTED_EDGE('',*,*,#251,.F.);
#297 = FACE_BOUND('',#298,.T.);
#298 = EDGE_LOOP('',(#299));
#299 = ORIENTED_EDGE('',*,*,#300,.T.);
#300 = EDGE_CURVE('',#301,#301,#303,.T.);
#301 = VERTEX_POINT('',#302);
#302 = CARTESIAN_POINT('',(0.3,0.,1.));
#303 = CIRCLE('',#304,0.3);
#304 = AXIS2_PLACEMENT_3D('',#305,#306,#307);
#305 = CARTESIAN_POINT('',(0.,0.,1.));
#306 = DIRECTION('',(0.,0.,1.));
#307 = DIRECTION('',(1.,0.,-0.));
#308 = PLANE('',#309);
#309 = AXIS2_PLACEMENT_3D('',#310,#311,#312);
#310 = CARTESIAN_POINT('',(1.25,0.,1.));
#311 = DIRECTION('',(0.,0.,-1.));
#312 = DIRECTION('',(-1.,0.,0.));
#313 = ADVANCED_FACE('',(#314),#333,.T.);
#314 = FACE_BOUND('',#315,.T.);
#315 = EDGE_LOOP('',(#316,#325,#331,#332));
#316 = ORIENTED_EDGE('',*,*,#317,.T.);
#317 = EDGE_CURVE('',#318,#318,#320,.T.);
#318 = VERTEX_POINT('',#319);
#319 = CARTESIAN_POINT('',(1.125,0.,5.725));
#320 = CIRCLE('',#321,1.125);
#321 = AXIS2_PLACEMENT_3D('',#322,#323,#324);
#322 = CARTESIAN_POINT('',(0.,0.,5.725));
#323 = DIRECTION('',(0.,0.,-1.));
#324 = DIRECTION('',(1.,0.,0.));
#325 = ORIENTED_EDGE('',*,*,#326,.F.);
#326 = EDGE_CURVE('',#281,#318,#327,.T.);
#327 = LINE('',#328,#329);
#328 = CARTESIAN_POINT('',(1.125,0.,1.));
#329 = VECTOR('',#330,1.);
#330 = DIRECTION('',(0.,0.,1.));
#331 = ORIENTED_EDGE('',*,*,#280,.F.);
#332 = ORIENTED_EDGE('',*,*,#326,.T.);
#333 = CYLINDRICAL_SURFACE('',#334,1.125);
#334 = AXIS2_PLACEMENT_3D('',#335,#336,#337);
#335 = CARTESIAN_POINT('',(0.,0.,1.));
#336 = DIRECTION('',(-0.,-0.,-1.));
#337 = DIRECTION('',(1.,0.,0.));
#338 = ADVANCED_FACE('',(#339),#358,.T.);
#339 = FACE_BOUND('',#340,.T.);
#340 = EDGE_LOOP('',(#341,#350,#356,#357));
#341 = ORIENTED_EDGE('',*,*,#342,.T.);
#342 = EDGE_CURVE('',#343,#343,#345,.T.);
#343 = VERTEX_POINT('',#344);
#344 = CARTESIAN_POINT('',(0.3,-7.347880794884E-17,-3.));
#345 = CIRCLE('',#346,0.3);
#346 = AXIS2_PLACEMENT_3D('',#347,#348,#349);
#347 = CARTESIAN_POINT('',(0.,0.,-3.));
#348 = DIRECTION('',(0.,0.,1.));
#349 = DIRECTION('',(1.,0.,-0.));
#350 = ORIENTED_EDGE('',*,*,#351,.T.);
#351 = EDGE_CURVE('',#343,#301,#352,.T.);
#352 = LINE('',#353,#354);
#353 = CARTESIAN_POINT('',(0.3,0.,-3.));
#354 = VECTOR('',#355,1.);
#355 = DIRECTION('',(0.,0.,1.));
#356 = ORIENTED_EDGE('',*,*,#300,.F.);
#357 = ORIENTED_EDGE('',*,*,#351,.F.);
#358 = CYLINDRICAL_SURFACE('',#359,0.3);
#359 = AXIS2_PLACEMENT_3D('',#360,#361,#362);
#360 = CARTESIAN_POINT('',(0.,0.,-3.));
#361 = DIRECTION('',(0.,0.,1.));
#362 = DIRECTION('',(1.,0.,-0.));
#363 = ADVANCED_FACE('',(#364,#375),#378,.T.);
#364 = FACE_BOUND('',#365,.T.);
#365 = EDGE_LOOP('',(#366));
#366 = ORIENTED_EDGE('',*,*,#367,.F.);
#367 = EDGE_CURVE('',#368,#368,#370,.T.);
#368 = VERTEX_POINT('',#369);
#369 = CARTESIAN_POINT('',(1.25,0.,5.725));
#370 = CIRCLE('',#371,1.25);
#371 = AXIS2_PLACEMENT_3D('',#372,#373,#374);
#372 = CARTESIAN_POINT('',(0.,0.,5.725));
#373 = DIRECTION('',(0.,0.,1.));
#374 = DIRECTION('',(1.,0.,-0.));
#375 = FACE_BOUND('',#376,.T.);
#376 = EDGE_LOOP('',(#377));
#377 = ORIENTED_EDGE('',*,*,#317,.F.);
#378 = PLANE('',#379);
#379 = AXIS2_PLACEMENT_3D('',#380,#381,#382);
#380 = CARTESIAN_POINT('',(1.25,0.,5.725));
#381 = DIRECTION('',(0.,0.,-1.));
#382 = DIRECTION('',(-1.,0.,0.));
#383 = ADVANCED_FACE('',(#384),#387,.T.);
#384 = FACE_BOUND('',#385,.F.);
#385 = EDGE_LOOP('',(#386));
#386 = ORIENTED_EDGE('',*,*,#342,.T.);
#387 = PLANE('',#388);
#388 = AXIS2_PLACEMENT_3D('',#389,#390,#391);
#389 = CARTESIAN_POINT('',(0.3,0.,-3.));
#390 = DIRECTION('',(0.,0.,-1.));
#391 = DIRECTION('',(-1.,0.,0.));
#392 = ADVANCED_FACE('',(#393),#412,.T.);
#393 = FACE_BOUND('',#394,.T.);
#394 = EDGE_LOOP('',(#395,#396,#404,#411));
#395 = ORIENTED_EDGE('',*,*,#367,.T.);
#396 = ORIENTED_EDGE('',*,*,#397,.T.);
#397 = EDGE_CURVE('',#368,#398,#400,.T.);
#398 = VERTEX_POINT('',#399);
#399 = CARTESIAN_POINT('',(1.25,0.,6.675));
#400 = LINE('',#401,#402);
#401 = CARTESIAN_POINT('',(1.25,0.,5.725));
#402 = VECTOR('',#403,1.);
#403 = DIRECTION('',(0.,0.,1.));
#404 = ORIENTED_EDGE('',*,*,#405,.F.);
#405 = EDGE_CURVE('',#398,#398,#406,.T.);
#406 = CIRCLE('',#407,1.25);
#407 = AXIS2_PLACEMENT_3D('',#408,#409,#410);
#408 = CARTESIAN_POINT('',(0.,0.,6.675));
#409 = DIRECTION('',(0.,0.,1.));
#410 = DIRECTION('',(1.,0.,-0.));
#411 = ORIENTED_EDGE('',*,*,#397,.F.);
#412 = CYLINDRICAL_SURFACE('',#413,1.25);
#413 = AXIS2_PLACEMENT_3D('',#414,#415,#416);
#414 = CARTESIAN_POINT('',(0.,0.,5.725));
#415 = DIRECTION('',(-0.,-0.,-1.));
#416 = DIRECTION('',(1.,0.,0.));
#417 = ADVANCED_FACE('',(#418),#438,.T.);
#418 = FACE_BOUND('',#419,.T.);
#419 = EDGE_LOOP('',(#420,#429,#430,#431));
#420 = ORIENTED_EDGE('',*,*,#421,.F.);
#421 = EDGE_CURVE('',#398,#422,#424,.T.);
#422 = VERTEX_POINT('',#423);
#423 = CARTESIAN_POINT('',(0.625,0.,7.3));
#424 = CIRCLE('',#425,0.625);
#425 = AXIS2_PLACEMENT_3D('',#426,#427,#428);
#426 = CARTESIAN_POINT('',(0.625,0.,6.675));
#427 = DIRECTION('',(0.,-1.,0.));
#428 = DIRECTION('',(1.,0.,0.));
#429 = ORIENTED_EDGE('',*,*,#405,.T.);
#430 = ORIENTED_EDGE('',*,*,#421,.T.);
#431 = ORIENTED_EDGE('',*,*,#432,.F.);
#432 = EDGE_CURVE('',#422,#422,#433,.T.);
#433 = CIRCLE('',#434,0.625);
#434 = AXIS2_PLACEMENT_3D('',#435,#436,#437);
#435 = CARTESIAN_POINT('',(0.,0.,7.3));
#436 = DIRECTION('',(0.,0.,1.));
#437 = DIRECTION('',(1.,0.,-0.));
#438 = TOROIDAL_SURFACE('',#439,0.625,0.625);
#439 = AXIS2_PLACEMENT_3D('',#440,#441,#442);
#440 = CARTESIAN_POINT('',(0.,0.,6.675));
#441 = DIRECTION('',(0.,0.,1.));
#442 = DIRECTION('',(1.,0.,-0.));
#443 = ADVANCED_FACE('',(#444,#447),#458,.F.);
#444 = FACE_BOUND('',#445,.F.);
#445 = EDGE_LOOP('',(#446));
#446 = ORIENTED_EDGE('',*,*,#432,.F.);
#447 = FACE_BOUND('',#448,.F.);
#448 = EDGE_LOOP('',(#449));
#449 = ORIENTED_EDGE('',*,*,#450,.T.);
#450 = EDGE_CURVE('',#451,#451,#453,.T.);
#451 = VERTEX_POINT('',#452);
#452 = CARTESIAN_POINT('',(0.3,0.,7.3));
#453 = CIRCLE('',#454,0.3);
#454 = AXIS2_PLACEMENT_3D('',#455,#456,#457);
#455 = CARTESIAN_POINT('',(0.,0.,7.3));
#456 = DIRECTION('',(0.,0.,1.));
#457 = DIRECTION('',(1.,0.,-0.));
#458 = PLANE('',#459);
#459 = AXIS2_PLACEMENT_3D('',#460,#461,#462);
#460 = CARTESIAN_POINT('',(1.25,0.,7.3));
#461 = DIRECTION('',(0.,0.,-1.));
#462 = DIRECTION('',(-1.,0.,0.));
#463 = ADVANCED_FACE('',(#464),#483,.T.);
#464 = FACE_BOUND('',#465,.T.);
#465 = EDGE_LOOP('',(#466,#467,#475,#482));
#466 = ORIENTED_EDGE('',*,*,#450,.T.);
#467 = ORIENTED_EDGE('',*,*,#468,.T.);
#468 = EDGE_CURVE('',#451,#469,#471,.T.);
#469 = VERTEX_POINT('',#470);
#470 = CARTESIAN_POINT('',(0.3,0.,8.3));
#471 = LINE('',#472,#473);
#472 = CARTESIAN_POINT('',(0.3,0.,-3.));
#473 = VECTOR('',#474,1.);
#474 = DIRECTION('',(0.,0.,1.));
#475 = ORIENTED_EDGE('',*,*,#476,.F.);
#476 = EDGE_CURVE('',#469,#469,#477,.T.);
#477 = CIRCLE('',#478,0.3);
#478 = AXIS2_PLACEMENT_3D('',#479,#480,#481);
#479 = CARTESIAN_POINT('',(0.,0.,8.3));
#480 = DIRECTION('',(0.,0.,1.));
#481 = DIRECTION('',(1.,0.,-0.));
#482 = ORIENTED_EDGE('',*,*,#468,.F.);
#483 = CYLINDRICAL_SURFACE('',#484,0.3);
#484 = AXIS2_PLACEMENT_3D('',#485,#486,#487);
#485 = CARTESIAN_POINT('',(0.,0.,-3.));
#486 = DIRECTION('',(0.,0.,1.));
#487 = DIRECTION('',(1.,0.,-0.));
#488 = ADVANCED_FACE('',(#489),#509,.T.);
#489 = FACE_BOUND('',#490,.T.);
#490 = EDGE_LOOP('',(#491,#500,#507,#508));
#491 = ORIENTED_EDGE('',*,*,#492,.T.);
#492 = EDGE_CURVE('',#469,#493,#495,.T.);
#493 = VERTEX_POINT('',#494);
#494 = CARTESIAN_POINT('',(0.9,0.,8.9));
#495 = CIRCLE('',#496,0.6);
#496 = AXIS2_PLACEMENT_3D('',#497,#498,#499);
#497 = CARTESIAN_POINT('',(0.9,1.102182119233E-16,8.3));
#498 = DIRECTION('',(0.,1.,0.));
#499 = DIRECTION('',(-1.,0.,-1.973729821556E-15));
#500 = ORIENTED_EDGE('',*,*,#501,.T.);
#501 = EDGE_CURVE('',#493,#493,#502,.T.);
#502 = CIRCLE('',#503,0.3);
#503 = AXIS2_PLACEMENT_3D('',#504,#505,#506);
#504 = CARTESIAN_POINT('',(0.9,0.,9.2));
#505 = DIRECTION('',(-1.,0.,6.295730975872E-16));
#506 = DIRECTION('',(6.295730975872E-16,0.,1.));
#507 = ORIENTED_EDGE('',*,*,#492,.F.);
#508 = ORIENTED_EDGE('',*,*,#476,.T.);
#509 = TOROIDAL_SURFACE('',#510,0.9,0.3);
#510 = AXIS2_PLACEMENT_3D('',#511,#512,#513);
#511 = CARTESIAN_POINT('',(0.9,0.,8.3));
#512 = DIRECTION('',(0.,1.,0.));
#513 = DIRECTION('',(-1.,0.,-1.973729821556E-15));
#514 = ADVANCED_FACE('',(#515),#534,.T.);
#515 = FACE_BOUND('',#516,.T.);
#516 = EDGE_LOOP('',(#517,#525,#532,#533));
#517 = ORIENTED_EDGE('',*,*,#518,.T.);
#518 = EDGE_CURVE('',#493,#519,#521,.T.);
#519 = VERTEX_POINT('',#520);
#520 = CARTESIAN_POINT('',(4.18,0.,8.9));
#521 = LINE('',#522,#523);
#522 = CARTESIAN_POINT('',(0.9,0.,8.9));
#523 = VECTOR('',#524,1.);
#524 = DIRECTION('',(1.,0.,0.));
#525 = ORIENTED_EDGE('',*,*,#526,.F.);
#526 = EDGE_CURVE('',#519,#519,#527,.T.);
#527 = CIRCLE('',#528,0.3);
#528 = AXIS2_PLACEMENT_3D('',#529,#530,#531);
#529 = CARTESIAN_POINT('',(4.18,0.,9.2));
#530 = DIRECTION('',(1.,-0.,0.));
#531 = DIRECTION('',(0.,0.,-1.));
#532 = ORIENTED_EDGE('',*,*,#518,.F.);
#533 = ORIENTED_EDGE('',*,*,#501,.F.);
#534 = CYLINDRICAL_SURFACE('',#535,0.3);
#535 = AXIS2_PLACEMENT_3D('',#536,#537,#538);
#536 = CARTESIAN_POINT('',(0.9,0.,9.2));
#537 = DIRECTION('',(1.,0.,0.));
#538 = DIRECTION('',(0.,0.,-1.));
#539 = ADVANCED_FACE('',(#540),#560,.T.);
#540 = FACE_BOUND('',#541,.T.);
#541 = EDGE_LOOP('',(#542,#551,#558,#559));
#542 = ORIENTED_EDGE('',*,*,#543,.T.);
#543 = EDGE_CURVE('',#519,#544,#546,.T.);
#544 = VERTEX_POINT('',#545);
#545 = CARTESIAN_POINT('',(4.78,0.,8.3));
#546 = CIRCLE('',#547,0.6);
#547 = AXIS2_PLACEMENT_3D('',#548,#549,#550);
#548 = CARTESIAN_POINT('',(4.18,1.102182119233E-16,8.3));
#549 = DIRECTION('',(0.,1.,-0.));
#550 = DIRECTION('',(-9.868649107779E-16,0.,1.));
#551 = ORIENTED_EDGE('',*,*,#552,.T.);
#552 = EDGE_CURVE('',#544,#544,#553,.T.);
#553 = CIRCLE('',#554,0.3);
#554 = AXIS2_PLACEMENT_3D('',#555,#556,#557);
#555 = CARTESIAN_POINT('',(5.08,0.,8.3));
#556 = DIRECTION('',(2.060527218215E-15,-0.,1.));
#557 = DIRECTION('',(1.,0.,-2.060527218215E-15));
#558 = ORIENTED_EDGE('',*,*,#543,.F.);
#559 = ORIENTED_EDGE('',*,*,#526,.T.);
#560 = TOROIDAL_SURFACE('',#561,0.9,0.3);
#561 = AXIS2_PLACEMENT_3D('',#562,#563,#564);
#562 = CARTESIAN_POINT('',(4.18,0.,8.3));
#563 = DIRECTION('',(0.,1.,0.));
#564 = DIRECTION('',(-9.868649107779E-16,0.,1.));
#565 = ADVANCED_FACE('',(#566),#585,.T.);
#566 = FACE_BOUND('',#567,.T.);
#567 = EDGE_LOOP('',(#568,#576,#583,#584));
#568 = ORIENTED_EDGE('',*,*,#569,.T.);
#569 = EDGE_CURVE('',#544,#570,#572,.T.);
#570 = VERTEX_POINT('',#571);
#571 = CARTESIAN_POINT('',(4.78,-7.347880794884E-17,-3.));
#572 = LINE('',#573,#574);
#573 = CARTESIAN_POINT('',(4.78,0.,8.3));
#574 = VECTOR('',#575,1.);
#575 = DIRECTION('',(0.,0.,-1.));
#576 = ORIENTED_EDGE('',*,*,#577,.F.);
#577 = EDGE_CURVE('',#570,#570,#578,.T.);
#578 = CIRCLE('',#579,0.3);
#579 = AXIS2_PLACEMENT_3D('',#580,#581,#582);
#580 = CARTESIAN_POINT('',(5.08,0.,-3.));
#581 = DIRECTION('',(0.,0.,-1.));
#582 = DIRECTION('',(-1.,0.,0.));
#583 = ORIENTED_EDGE('',*,*,#569,.F.);
#584 = ORIENTED_EDGE('',*,*,#552,.F.);
#585 = CYLINDRICAL_SURFACE('',#586,0.3);
#586 = AXIS2_PLACEMENT_3D('',#587,#588,#589);
#587 = CARTESIAN_POINT('',(5.08,0.,8.3));
#588 = DIRECTION('',(0.,0.,-1.));
#589 = DIRECTION('',(-1.,0.,0.));
#590 = ADVANCED_FACE('',(#591),#594,.F.);
#591 = FACE_BOUND('',#592,.T.);
#592 = EDGE_LOOP('',(#593));
#593 = ORIENTED_EDGE('',*,*,#577,.T.);
#594 = PLANE('',#595);
#595 = AXIS2_PLACEMENT_3D('',#596,#597,#598);
#596 = CARTESIAN_POINT('',(4.78,0.,-3.));
#597 = DIRECTION('',(0.,0.,1.));
#598 = DIRECTION('',(1.,0.,-0.));
#599 = ( GEOMETRIC_REPRESENTATION_CONTEXT(3) 
GLOBAL_UNCERTAINTY_ASSIGNED_CONTEXT((#603)) GLOBAL_UNIT_ASSIGNED_CONTEXT
((#600,#601,#602)) REPRESENTATION_CONTEXT('Context #1',
  '3D Context with UNIT and UNCERTAINTY') );
#600 = ( LENGTH_UNIT() NAMED_UNIT(*) SI_UNIT(.MILLI.,.METRE.) );
#601 = ( NAMED_UNIT(*) PLANE_ANGLE_UNIT() SI_UNIT($,.RADIAN.) );
#602 = ( NAMED_UNIT(*) SI_UNIT($,.STERADIAN.) SOLID_ANGLE_UNIT() );
#603 = UNCERTAINTY_MEASURE_WITH_UNIT(LENGTH_MEASURE(1.E-07),#600,
  'distance_accuracy_value','confusion accuracy');
#604 = CONTEXT_DEPENDENT_SHAPE_REPRESENTATION(#605,#607);
#605 = ( REPRESENTATION_RELATIONSHIP('','',#211,#188) 
REPRESENTATION_RELATIONSHIP_WITH_TRANSFORMATION(#606) 
SHAPE_REPRESENTATION_RELATIONSHIP() );
#606 = ITEM_DEFINED_TRANSFORMATION('','',#11,#189);
#607 = PRODUCT_DEFINITION_SHAPE('Placement','Placement of an item',#608
  );
#608 = NEXT_ASSEMBLY_USAGE_OCCURRENCE('1','=>[0:1:1:3]','',#183,#206,$);
#609 = PRODUCT_RELATED_PRODUCT_CATEGORY('part',$,(#208));
#610 = CONTEXT_DEPENDENT_SHAPE_REPRESENTATION(#611,#613);
#611 = ( REPRESENTATION_RELATIONSHIP('','',#188,#10) 
REPRESENTATION_RELATIONSHIP_WITH_TRANSFORMATION(#612) 
SHAPE_REPRESENTATION_RELATIONSHIP() );
#612 = ITEM_DEFINED_TRANSFORMATION('','',#11,#19);
#613 = PRODUCT_DEFINITION_SHAPE('Placement','Placement of an item',#614
  );
#614 = NEXT_ASSEMBLY_USAGE_OCCURRENCE('3','R_sig4','',#5,#183,$);
#615 = CONTEXT_DEPENDENT_SHAPE_REPRESENTATION(#616,#618);
#616 = ( REPRESENTATION_RELATIONSHIP('','',#188,#10) 
REPRESENTATION_RELATIONSHIP_WITH_TRANSFORMATION(#617) 
SHAPE_REPRESENTATION_RELATIONSHIP() );
#617 = ITEM_DEFINED_TRANSFORMATION('','',#11,#23);
#618 = PRODUCT_DEFINITION_SHAPE('Placement','Placement of an item',#619
  );
#619 = NEXT_ASSEMBLY_USAGE_OCCURRENCE('4','R_sig5','',#5,#183,$);
#620 = CONTEXT_DEPENDENT_SHAPE_REPRESENTATION(#621,#623);
#621 = ( REPRESENTATION_RELATIONSHIP('','',#188,#10) 
REPRESENTATION_RELATIONSHIP_WITH_TRANSFORMATION(#622) 
SHAPE_REPRESENTATION_RELATIONSHIP() );
#622 = ITEM_DEFINED_TRANSFORMATION('','',#11,#27);
#623 = PRODUCT_DEFINITION_SHAPE('Placement','Placement of an item',#624
  );
#624 = NEXT_ASSEMBLY_USAGE_OCCURRENCE('5','R_LED3','',#5,#183,$);
#625 = SHAPE_DEFINITION_REPRESENTATION(#626,#632);
#626 = PRODUCT_DEFINITION_SHAPE('','',#627);
#627 = PRODUCT_DEFINITION('design','',#628,#631);
#628 = PRODUCT_DEFINITION_FORMATION('','',#629);
#629 = PRODUCT('D_DO-35_SOD27_P5.08mm_Vertical_AnodeUp',
  'D_DO-35_SOD27_P5.08mm_Vertical_AnodeUp','',(#630));
#630 = PRODUCT_CONTEXT('',#2,'mechanical');
#631 = PRODUCT_DEFINITION_CONTEXT('part definition',#2,'design');
#632 = SHAPE_REPRESENTATION('',(#11,#633),#637);
#633 = AXIS2_PLACEMENT_3D('',#634,#635,#636);
#634 = CARTESIAN_POINT('',(0.,0.,0.));
#635 = DIRECTION('',(0.,0.,1.));
#636 = DIRECTION('',(1.,0.,-0.));
#637 = ( GEOMETRIC_REPRESENTATION_CONTEXT(3) 
GLOBAL_UNCERTAINTY_ASSIGNED_CONTEXT((#641)) GLOBAL_UNIT_ASSIGNED_CONTEXT
((#638,#639,#640)) REPRESENTATION_CONTEXT('Context #1',
  '3D Context with UNIT and UNCERTAINTY') );
#638 = ( LENGTH_UNIT() NAMED_UNIT(*) SI_UNIT(.MILLI.,.METRE.) );
#639 = ( NAMED_UNIT(*) PLANE_ANGLE_UNIT() SI_UNIT($,.RADIAN.) );
#640 = ( NAMED_UNIT(*) SI_UNIT($,.STERADIAN.) SOLID_ANGLE_UNIT() );
#641 = UNCERTAINTY_MEASURE_WITH_UNIT(LENGTH_MEASURE(1.E-07),#638,
  'distance_accuracy_value','confusion accuracy');
#642 = CONTEXT_DEPENDENT_SHAPE_REPRESENTATION(#643,#645);
#643 = ( REPRESENTATION_RELATIONSHIP('','',#632,#10) 
REPRESENTATION_RELATIONSHIP_WITH_TRANSFORMATION(#644) 
SHAPE_REPRESENTATION_RELATIONSHIP() );
#644 = ITEM_DEFINED_TRANSFORMATION('','',#11,#31);
#645 = PRODUCT_DEFINITION_SHAPE('Placement','Placement of an item',#646
  );
#646 = NEXT_ASSEMBLY_USAGE_OCCURRENCE('7','D_LED1','',#5,#627,$);
#647 = PRODUCT_RELATED_PRODUCT_CATEGORY('part',$,(#629));
#648 = SHAPE_DEFINITION_REPRESENTATION(#649,#655);
#649 = PRODUCT_DEFINITION_SHAPE('','',#650);
#650 = PRODUCT_DEFINITION('design','',#651,#654);
#651 = PRODUCT_DEFINITION_FORMATION('','',#652);
#652 = PRODUCT('D_DO-35_SOD27_P5.08mm_Vertical_AnodeUp',
  'D_DO-35_SOD27_P5.08mm_Vertical_AnodeUp','',(#653));
#653 = PRODUCT_CONTEXT('',#2,'mechanical');
#654 = PRODUCT_DEFINITION_CONTEXT('part definition',#2,'design');
#655 = ADVANCED_BREP_SHAPE_REPRESENTATION('',(#11,#656),#1043);
#656 = MANIFOLD_SOLID_BREP('',#657);
#657 = CLOSED_SHELL('',(#658,#675,#700,#720,#746,#771,#791,#816,#836,
    #861,#887,#907,#932,#958,#983,#1009,#1034));
#658 = ADVANCED_FACE('',(#659),#670,.T.);
#659 = FACE_BOUND('',#660,.F.);
#660 = EDGE_LOOP('',(#661));
#661 = ORIENTED_EDGE('',*,*,#662,.T.);
#662 = EDGE_CURVE('',#663,#663,#665,.T.);
#663 = VERTEX_POINT('',#664);
#664 = CARTESIAN_POINT('',(0.25,-7.273661547325E-16,-3.));
#665 = CIRCLE('',#666,0.25);
#666 = AXIS2_PLACEMENT_3D('',#667,#668,#669);
#667 = CARTESIAN_POINT('',(0.,-6.661338147751E-16,-3.));
#668 = DIRECTION('',(-0.,2.22044604925E-16,1.));
#669 = DIRECTION('',(1.,0.,0.));
#670 = PLANE('',#671);
#671 = AXIS2_PLACEMENT_3D('',#672,#673,#674);
#672 = CARTESIAN_POINT('',(0.25,-6.661338147751E-16,-3.));
#673 = DIRECTION('',(0.,0.,-1.));
#674 = DIRECTION('',(-1.,0.,0.));
#675 = ADVANCED_FACE('',(#676),#695,.T.);
#676 = FACE_BOUND('',#677,.T.);
#677 = EDGE_LOOP('',(#678,#679,#687,#694));
#678 = ORIENTED_EDGE('',*,*,#662,.T.);
#679 = ORIENTED_EDGE('',*,*,#680,.T.);
#680 = EDGE_CURVE('',#663,#681,#683,.T.);
#681 = VERTEX_POINT('',#682);
#682 = CARTESIAN_POINT('',(0.25,1.110223024625E-16,0.5));
#683 = LINE('',#684,#685);
#684 = CARTESIAN_POINT('',(0.25,-6.661338147751E-16,-3.));
#685 = VECTOR('',#686,1.);
#686 = DIRECTION('',(0.,2.22044604925E-16,1.));
#687 = ORIENTED_EDGE('',*,*,#688,.F.);
#688 = EDGE_CURVE('',#681,#681,#689,.T.);
#689 = CIRCLE('',#690,0.25);
#690 = AXIS2_PLACEMENT_3D('',#691,#692,#693);
#691 = CARTESIAN_POINT('',(0.,1.110223024625E-16,0.5));
#692 = DIRECTION('',(-0.,2.22044604925E-16,1.));
#693 = DIRECTION('',(1.,0.,0.));
#694 = ORIENTED_EDGE('',*,*,#680,.F.);
#695 = CYLINDRICAL_SURFACE('',#696,0.25);
#696 = AXIS2_PLACEMENT_3D('',#697,#698,#699);
#697 = CARTESIAN_POINT('',(0.,-6.661338147751E-16,-3.));
#698 = DIRECTION('',(0.,2.22044604925E-16,1.));
#699 = DIRECTION('',(1.,0.,-0.));
#700 = ADVANCED_FACE('',(#701,#712),#715,.T.);
#701 = FACE_BOUND('',#702,.T.);
#702 = EDGE_LOOP('',(#703));
#703 = ORIENTED_EDGE('',*,*,#704,.T.);
#704 = EDGE_CURVE('',#705,#705,#707,.T.);
#705 = VERTEX_POINT('',#706);
#706 = CARTESIAN_POINT('',(0.8,3.10862446895E-16,0.5));
#707 = CIRCLE('',#708,0.8);
#708 = AXIS2_PLACEMENT_3D('',#709,#710,#711);
#709 = CARTESIAN_POINT('',(0.,2.22044604925E-16,0.5));
#710 = DIRECTION('',(0.,-4.440892098501E-16,-1.));
#711 = DIRECTION('',(1.,1.110223024625E-16,-4.930380657631E-32));
#712 = FACE_BOUND('',#713,.T.);
#713 = EDGE_LOOP('',(#714));
#714 = ORIENTED_EDGE('',*,*,#688,.T.);
#715 = PLANE('',#716);
#716 = AXIS2_PLACEMENT_3D('',#717,#718,#719);
#717 = CARTESIAN_POINT('',(0.,2.22044604925E-16,0.5));
#718 = DIRECTION('',(0.,-4.440892098501E-16,-1.));
#719 = DIRECTION('',(1.,1.110223024625E-16,-4.930380657631E-32));
#720 = ADVANCED_FACE('',(#721),#741,.T.);
#721 = FACE_BOUND('',#722,.T.);
#722 = EDGE_LOOP('',(#723,#732,#739,#740));
#723 = ORIENTED_EDGE('',*,*,#724,.F.);
#724 = EDGE_CURVE('',#725,#705,#727,.T.);
#725 = VERTEX_POINT('',#726);
#726 = CARTESIAN_POINT('',(1.,4.218847493576E-16,0.7));
#727 = CIRCLE('',#728,0.2);
#728 = AXIS2_PLACEMENT_3D('',#729,#730,#731);
#729 = CARTESIAN_POINT('',(0.8,1.110223024625E-15,0.7));
#730 = DIRECTION('',(-9.992007221626E-16,1.,-4.440892098501E-16));
#731 = DIRECTION('',(1.,9.992007221626E-16,-4.437342591868E-31));
#732 = ORIENTED_EDGE('',*,*,#733,.T.);
#733 = EDGE_CURVE('',#725,#725,#734,.T.);
#734 = CIRCLE('',#735,1.);
#735 = AXIS2_PLACEMENT_3D('',#736,#737,#738);
#736 = CARTESIAN_POINT('',(0.,3.10862446895E-16,0.7));
#737 = DIRECTION('',(0.,-4.440892098501E-16,-1.));
#738 = DIRECTION('',(1.,1.110223024625E-16,-4.930380657631E-32));
#739 = ORIENTED_EDGE('',*,*,#724,.T.);
#740 = ORIENTED_EDGE('',*,*,#704,.F.);
#741 = TOROIDAL_SURFACE('',#742,0.8,0.2);
#742 = AXIS2_PLACEMENT_3D('',#743,#744,#745);
#743 = CARTESIAN_POINT('',(0.,3.10862446895E-16,0.7));
#744 = DIRECTION('',(0.,-4.440892098501E-16,-1.));
#745 = DIRECTION('',(1.,1.110223024625E-16,-4.930380657631E-32));
#746 = ADVANCED_FACE('',(#747),#766,.T.);
#747 = FACE_BOUND('',#748,.T.);
#748 = EDGE_LOOP('',(#749,#758,#764,#765));
#749 = ORIENTED_EDGE('',*,*,#750,.T.);
#750 = EDGE_CURVE('',#751,#751,#753,.T.);
#751 = VERTEX_POINT('',#752);
#752 = CARTESIAN_POINT('',(1.,7.327471962526E-16,1.1));
#753 = CIRCLE('',#754,1.);
#754 = AXIS2_PLACEMENT_3D('',#755,#756,#757);
#755 = CARTESIAN_POINT('',(0.,4.884981308351E-16,1.1));
#756 = DIRECTION('',(0.,-4.440892098501E-16,-1.));
#757 = DIRECTION('',(1.,9.992007221626E-16,-4.437342591868E-31));
#758 = ORIENTED_EDGE('',*,*,#759,.T.);
#759 = EDGE_CURVE('',#751,#725,#760,.T.);
#760 = LINE('',#761,#762);
#761 = CARTESIAN_POINT('',(1.,2.997602166488E-15,4.5));
#762 = VECTOR('',#763,1.);
#763 = DIRECTION('',(0.,-6.661338147751E-16,-1.));
#764 = ORIENTED_EDGE('',*,*,#733,.F.);
#765 = ORIENTED_EDGE('',*,*,#759,.F.);
#766 = CYLINDRICAL_SURFACE('',#767,1.);
#767 = AXIS2_PLACEMENT_3D('',#768,#769,#770);
#768 = CARTESIAN_POINT('',(0.,1.998401444325E-15,4.5));
#769 = DIRECTION('',(0.,-4.440892098501E-16,-1.));
#770 = DIRECTION('',(1.,9.992007221626E-16,-4.437342591868E-31));
#771 = ADVANCED_FACE('',(#772,#783),#786,.T.);
#772 = FACE_BOUND('',#773,.F.);
#773 = EDGE_LOOP('',(#774));
#774 = ORIENTED_EDGE('',*,*,#775,.F.);
#775 = EDGE_CURVE('',#776,#776,#778,.T.);
#776 = VERTEX_POINT('',#777);
#777 = CARTESIAN_POINT('',(1.01,7.327471962526E-16,1.1));
#778 = CIRCLE('',#779,1.01);
#779 = AXIS2_PLACEMENT_3D('',#780,#781,#782);
#780 = CARTESIAN_POINT('',(0.,4.884981308351E-16,1.1));
#781 = DIRECTION('',(0.,-4.440892098501E-16,-1.));
#782 = DIRECTION('',(1.,2.418307578391E-16,-1.073944301662E-31));
#783 = FACE_BOUND('',#784,.F.);
#784 = EDGE_LOOP('',(#785));
#785 = ORIENTED_EDGE('',*,*,#750,.T.);
#786 = PLANE('',#787);
#787 = AXIS2_PLACEMENT_3D('',#788,#789,#790);
#788 = CARTESIAN_POINT('',(0.,4.884981308351E-16,1.1));
#789 = DIRECTION('',(0.,-4.440892098501E-16,-1.));
#790 = DIRECTION('',(1.,2.467162276945E-16,-1.09564014614E-31));
#791 = ADVANCED_FACE('',(#792),#811,.T.);
#792 = FACE_BOUND('',#793,.T.);
#793 = EDGE_LOOP('',(#794,#803,#809,#810));
#794 = ORIENTED_EDGE('',*,*,#795,.T.);
#795 = EDGE_CURVE('',#796,#796,#798,.T.);
#796 = VERTEX_POINT('',#797);
#797 = CARTESIAN_POINT('',(1.01,1.398881011028E-15,2.1));
#798 = CIRCLE('',#799,1.01);
#799 = AXIS2_PLACEMENT_3D('',#800,#801,#802);
#800 = CARTESIAN_POINT('',(0.,9.325873406851E-16,2.1));
#801 = DIRECTION('',(0.,-4.440892098501E-16,-1.));
#802 = DIRECTION('',(1.,4.616769013293E-16,-2.050257303174E-31));
#803 = ORIENTED_EDGE('',*,*,#804,.T.);
#804 = EDGE_CURVE('',#796,#776,#805,.T.);
#805 = LINE('',#806,#807);
#806 = CARTESIAN_POINT('',(1.01,1.398881011028E-15,2.1));
#807 = VECTOR('',#808,1.);
#808 = DIRECTION('',(0.,-6.661338147751E-16,-1.));
#809 = ORIENTED_EDGE('',*,*,#775,.F.);
#810 = ORIENTED_EDGE('',*,*,#804,.F.);
#811 = CYLINDRICAL_SURFACE('',#812,1.01);
#812 = AXIS2_PLACEMENT_3D('',#813,#814,#815);
#813 = CARTESIAN_POINT('',(0.,9.325873406851E-16,2.1));
#814 = DIRECTION('',(0.,-4.440892098501E-16,-1.));
#815 = DIRECTION('',(1.,4.616769013293E-16,-2.050257303174E-31));
#816 = ADVANCED_FACE('',(#817,#820),#831,.F.);
#817 = FACE_BOUND('',#818,.T.);
#818 = EDGE_LOOP('',(#819));
#819 = ORIENTED_EDGE('',*,*,#795,.F.);
#820 = FACE_BOUND('',#821,.T.);
#821 = EDGE_LOOP('',(#822));
#822 = ORIENTED_EDGE('',*,*,#823,.T.);
#823 = EDGE_CURVE('',#824,#824,#826,.T.);
#824 = VERTEX_POINT('',#825);
#825 = CARTESIAN_POINT('',(1.,1.398881011028E-15,2.1));
#826 = CIRCLE('',#827,1.);
#827 = AXIS2_PLACEMENT_3D('',#828,#829,#830);
#828 = CARTESIAN_POINT('',(0.,9.325873406851E-16,2.1));
#829 = DIRECTION('',(0.,-4.440892098501E-16,-1.));
#830 = DIRECTION('',(1.,9.992007221626E-16,-4.437342591868E-31));
#831 = PLANE('',#832);
#832 = AXIS2_PLACEMENT_3D('',#833,#834,#835);
#833 = CARTESIAN_POINT('',(0.,9.325873406851E-16,2.1));
#834 = DIRECTION('',(0.,-4.440892098501E-16,-1.));
#835 = DIRECTION('',(1.,4.710037074167E-16,-2.091676642631E-31));
#836 = ADVANCED_FACE('',(#837),#856,.T.);
#837 = FACE_BOUND('',#838,.T.);
#838 = EDGE_LOOP('',(#839,#848,#854,#855));
#839 = ORIENTED_EDGE('',*,*,#840,.T.);
#840 = EDGE_CURVE('',#841,#841,#843,.T.);
#841 = VERTEX_POINT('',#842);
#842 = CARTESIAN_POINT('',(1.,2.908784324518E-15,4.3));
#843 = CIRCLE('',#844,1.);
#844 = AXIS2_PLACEMENT_3D('',#845,#846,#847);
#845 = CARTESIAN_POINT('',(0.,1.909583602355E-15,4.3));
#846 = DIRECTION('',(0.,-4.440892098501E-16,-1.));
#847 = DIRECTION('',(1.,9.992007221626E-16,-4.437342591868E-31));
#848 = ORIENTED_EDGE('',*,*,#849,.T.);
#849 = EDGE_CURVE('',#841,#824,#850,.T.);
#850 = LINE('',#851,#852);
#851 = CARTESIAN_POINT('',(1.,2.997602166488E-15,4.5));
#852 = VECTOR('',#853,1.);
#853 = DIRECTION('',(0.,-6.661338147751E-16,-1.));
#854 = ORIENTED_EDGE('',*,*,#823,.F.);
#855 = ORIENTED_EDGE('',*,*,#849,.F.);
#856 = CYLINDRICAL_SURFACE('',#857,1.);
#857 = AXIS2_PLACEMENT_3D('',#858,#859,#860);
#858 = CARTESIAN_POINT('',(0.,1.998401444325E-15,4.5));
#859 = DIRECTION('',(0.,-4.440892098501E-16,-1.));
#860 = DIRECTION('',(1.,9.992007221626E-16,-4.437342591868E-31));
#861 = ADVANCED_FACE('',(#862),#882,.T.);
#862 = FACE_BOUND('',#863,.T.);
#863 = EDGE_LOOP('',(#864,#873,#880,#881));
#864 = ORIENTED_EDGE('',*,*,#865,.F.);
#865 = EDGE_CURVE('',#866,#841,#868,.T.);
#866 = VERTEX_POINT('',#867);
#867 = CARTESIAN_POINT('',(0.8,2.797762022055E-15,4.5));
#868 = CIRCLE('',#869,0.2);
#869 = AXIS2_PLACEMENT_3D('',#870,#871,#872);
#870 = CARTESIAN_POINT('',(0.8,2.708944180085E-15,4.3));
#871 = DIRECTION('',(-9.992007221626E-16,1.,-4.440892098501E-16));
#872 = DIRECTION('',(1.,9.992007221626E-16,-4.437342591868E-31));
#873 = ORIENTED_EDGE('',*,*,#874,.T.);
#874 = EDGE_CURVE('',#866,#866,#875,.T.);
#875 = CIRCLE('',#876,0.8);
#876 = AXIS2_PLACEMENT_3D('',#877,#878,#879);
#877 = CARTESIAN_POINT('',(0.,1.998401444325E-15,4.5));
#878 = DIRECTION('',(0.,-4.440892098501E-16,-1.));
#879 = DIRECTION('',(1.,9.992007221626E-16,-4.437342591868E-31));
#880 = ORIENTED_EDGE('',*,*,#865,.T.);
#881 = ORIENTED_EDGE('',*,*,#840,.F.);
#882 = TOROIDAL_SURFACE('',#883,0.8,0.2);
#883 = AXIS2_PLACEMENT_3D('',#884,#885,#886);
#884 = CARTESIAN_POINT('',(0.,1.909583602355E-15,4.3));
#885 = DIRECTION('',(0.,-4.440892098501E-16,-1.));
#886 = DIRECTION('',(1.,9.992007221626E-16,-4.437342591868E-31));
#887 = ADVANCED_FACE('',(#888,#891),#902,.F.);
#888 = FACE_BOUND('',#889,.T.);
#889 = EDGE_LOOP('',(#890));
#890 = ORIENTED_EDGE('',*,*,#874,.F.);
#891 = FACE_BOUND('',#892,.T.);
#892 = EDGE_LOOP('',(#893));
#893 = ORIENTED_EDGE('',*,*,#894,.F.);
#894 = EDGE_CURVE('',#895,#895,#897,.T.);
#895 = VERTEX_POINT('',#896);
#896 = CARTESIAN_POINT('',(0.25,9.992007221626E-16,4.5));
#897 = CIRCLE('',#898,0.25);
#898 = AXIS2_PLACEMENT_3D('',#899,#900,#901);
#899 = CARTESIAN_POINT('',(0.,9.992007221626E-16,4.5));
#900 = DIRECTION('',(-0.,2.22044604925E-16,1.));
#901 = DIRECTION('',(1.,0.,0.));
#902 = PLANE('',#903);
#903 = AXIS2_PLACEMENT_3D('',#904,#905,#906);
#904 = CARTESIAN_POINT('',(0.,1.998401444325E-15,4.5));
#905 = DIRECTION('',(0.,-4.440892098501E-16,-1.));
#906 = DIRECTION('',(1.,9.992007221626E-16,-4.437342591868E-31));
#907 = ADVANCED_FACE('',(#908),#927,.T.);
#908 = FACE_BOUND('',#909,.T.);
#909 = EDGE_LOOP('',(#910,#911,#919,#926));
#910 = ORIENTED_EDGE('',*,*,#894,.T.);
#911 = ORIENTED_EDGE('',*,*,#912,.T.);
#912 = EDGE_CURVE('',#895,#913,#915,.T.);
#913 = VERTEX_POINT('',#914);
#914 = CARTESIAN_POINT('',(0.25,1.110223024625E-15,5.));
#915 = LINE('',#916,#917);
#916 = CARTESIAN_POINT('',(0.25,-6.661338147751E-16,-3.));
#917 = VECTOR('',#918,1.);
#918 = DIRECTION('',(0.,2.22044604925E-16,1.));
#919 = ORIENTED_EDGE('',*,*,#920,.F.);
#920 = EDGE_CURVE('',#913,#913,#921,.T.);
#921 = CIRCLE('',#922,0.25);
#922 = AXIS2_PLACEMENT_3D('',#923,#924,#925);
#923 = CARTESIAN_POINT('',(0.,1.110223024625E-15,5.));
#924 = DIRECTION('',(-0.,2.22044604925E-16,1.));
#925 = DIRECTION('',(1.,0.,0.));
#926 = ORIENTED_EDGE('',*,*,#912,.F.);
#927 = CYLINDRICAL_SURFACE('',#928,0.25);
#928 = AXIS2_PLACEMENT_3D('',#929,#930,#931);
#929 = CARTESIAN_POINT('',(0.,-6.661338147751E-16,-3.));
#930 = DIRECTION('',(0.,2.22044604925E-16,1.));
#931 = DIRECTION('',(1.,0.,-0.));
#932 = ADVANCED_FACE('',(#933),#953,.T.);
#933 = FACE_BOUND('',#934,.T.);
#934 = EDGE_LOOP('',(#935,#944,#951,#952));
#935 = ORIENTED_EDGE('',*,*,#936,.T.);
#936 = EDGE_CURVE('',#913,#937,#939,.T.);
#937 = VERTEX_POINT('',#938);
#938 = CARTESIAN_POINT('',(0.5,1.165734175856E-15,5.25));
#939 = CIRCLE('',#940,0.25);
#940 = AXIS2_PLACEMENT_3D('',#941,#942,#943);
#941 = CARTESIAN_POINT('',(0.5,1.202071534561E-15,5.));
#942 = DIRECTION('',(0.,1.,-2.22044604925E-16));
#943 = DIRECTION('',(1.,0.,0.));
#944 = ORIENTED_EDGE('',*,*,#945,.T.);
#945 = EDGE_CURVE('',#937,#937,#946,.T.);
#946 = CIRCLE('',#947,0.25);
#947 = AXIS2_PLACEMENT_3D('',#948,#949,#950);
#948 = CARTESIAN_POINT('',(0.5,1.221245327088E-15,5.5));
#949 = DIRECTION('',(-1.,-4.078893220341E-32,-1.836970198721E-16));
#950 = DIRECTION('',(-1.836970198721E-16,2.22044604925E-16,1.));
#951 = ORIENTED_EDGE('',*,*,#936,.F.);
#952 = ORIENTED_EDGE('',*,*,#920,.T.);
#953 = TOROIDAL_SURFACE('',#954,0.5,0.25);
#954 = AXIS2_PLACEMENT_3D('',#955,#956,#957);
#955 = CARTESIAN_POINT('',(0.5,1.110223024625E-15,5.));
#956 = DIRECTION('',(0.,1.,-2.22044604925E-16));
#957 = DIRECTION('',(1.,0.,0.));
#958 = ADVANCED_FACE('',(#959),#978,.T.);
#959 = FACE_BOUND('',#960,.T.);
#960 = EDGE_LOOP('',(#961,#969,#976,#977));
#961 = ORIENTED_EDGE('',*,*,#962,.T.);
#962 = EDGE_CURVE('',#937,#963,#965,.T.);
#963 = VERTEX_POINT('',#964);
#964 = CARTESIAN_POINT('',(4.58,1.165734175856E-15,5.25));
#965 = LINE('',#966,#967);
#966 = CARTESIAN_POINT('',(0.5,1.165734175856E-15,5.25));
#967 = VECTOR('',#968,1.);
#968 = DIRECTION('',(1.,0.,0.));
#969 = ORIENTED_EDGE('',*,*,#970,.F.);
#970 = EDGE_CURVE('',#963,#963,#971,.T.);
#971 = CIRCLE('',#972,0.25);
#972 = AXIS2_PLACEMENT_3D('',#973,#974,#975);
#973 = CARTESIAN_POINT('',(4.58,1.221245327088E-15,5.5));
#974 = DIRECTION('',(1.,0.,0.));
#975 = DIRECTION('',(0.,-2.22044604925E-16,-1.));
#976 = ORIENTED_EDGE('',*,*,#962,.F.);
#977 = ORIENTED_EDGE('',*,*,#945,.F.);
#978 = CYLINDRICAL_SURFACE('',#979,0.25);
#979 = AXIS2_PLACEMENT_3D('',#980,#981,#982);
#980 = CARTESIAN_POINT('',(0.5,1.221245327088E-15,5.5));
#981 = DIRECTION('',(1.,0.,0.));
#982 = DIRECTION('',(0.,-2.22044604925E-16,-1.));
#983 = ADVANCED_FACE('',(#984),#1004,.T.);
#984 = FACE_BOUND('',#985,.T.);
#985 = EDGE_LOOP('',(#986,#995,#1002,#1003));
#986 = ORIENTED_EDGE('',*,*,#987,.T.);
#987 = EDGE_CURVE('',#963,#988,#990,.T.);
#988 = VERTEX_POINT('',#989);
#989 = CARTESIAN_POINT('',(4.83,1.110223024625E-15,5.));
#990 = CIRCLE('',#991,0.25);
#991 = AXIS2_PLACEMENT_3D('',#992,#993,#994);
#992 = CARTESIAN_POINT('',(4.58,1.202071534561E-15,5.));
#993 = DIRECTION('',(0.,1.,-2.22044604925E-16));
#994 = DIRECTION('',(1.,0.,0.));
#995 = ORIENTED_EDGE('',*,*,#996,.T.);
#996 = EDGE_CURVE('',#988,#988,#997,.T.);
#997 = CIRCLE('',#998,0.25);
#998 = AXIS2_PLACEMENT_3D('',#999,#1000,#1001);
#999 = CARTESIAN_POINT('',(5.08,1.110223024625E-15,5.));
#1000 = DIRECTION('',(-2.449293598295E-16,2.22044604925E-16,1.));
#1001 = DIRECTION('',(1.,5.438524293788E-32,2.449293598295E-16));
#1002 = ORIENTED_EDGE('',*,*,#987,.F.);
#1003 = ORIENTED_EDGE('',*,*,#970,.T.);
#1004 = TOROIDAL_SURFACE('',#1005,0.5,0.25);
#1005 = AXIS2_PLACEMENT_3D('',#1006,#1007,#1008);
#1006 = CARTESIAN_POINT('',(4.58,1.110223024625E-15,5.));
#1007 = DIRECTION('',(0.,1.,-2.22044604925E-16));
#1008 = DIRECTION('',(1.,0.,0.));
#1009 = ADVANCED_FACE('',(#1010),#1029,.T.);
#1010 = FACE_BOUND('',#1011,.T.);
#1011 = EDGE_LOOP('',(#1012,#1020,#1027,#1028));
#1012 = ORIENTED_EDGE('',*,*,#1013,.T.);
#1013 = EDGE_CURVE('',#988,#1014,#1016,.T.);
#1014 = VERTEX_POINT('',#1015);
#1015 = CARTESIAN_POINT('',(4.83,-7.273661547325E-16,-3.));
#1016 = LINE('',#1017,#1018);
#1017 = CARTESIAN_POINT('',(4.83,-6.661338147751E-16,-3.));
#1018 = VECTOR('',#1019,1.);
#1019 = DIRECTION('',(0.,-2.22044604925E-16,-1.));
#1020 = ORIENTED_EDGE('',*,*,#1021,.F.);
#1021 = EDGE_CURVE('',#1014,#1014,#1022,.T.);
#1022 = CIRCLE('',#1023,0.25);
#1023 = AXIS2_PLACEMENT_3D('',#1024,#1025,#1026);
#1024 = CARTESIAN_POINT('',(5.08,-6.661338147751E-16,-3.));
#1025 = DIRECTION('',(0.,-2.22044604925E-16,-1.));
#1026 = DIRECTION('',(-1.,5.473822126269E-48,-1.215432671457E-63));
#1027 = ORIENTED_EDGE('',*,*,#1013,.F.);
#1028 = ORIENTED_EDGE('',*,*,#996,.F.);
#1029 = CYLINDRICAL_SURFACE('',#1030,0.25);
#1030 = AXIS2_PLACEMENT_3D('',#1031,#1032,#1033);
#1031 = CARTESIAN_POINT('',(5.08,-6.661338147751E-16,-3.));
#1032 = DIRECTION('',(0.,-2.22044604925E-16,-1.));
#1033 = DIRECTION('',(-1.,5.473822126269E-48,-1.215432671457E-63));
#1034 = ADVANCED_FACE('',(#1035),#1038,.F.);
#1035 = FACE_BOUND('',#1036,.T.);
#1036 = EDGE_LOOP('',(#1037));
#1037 = ORIENTED_EDGE('',*,*,#1021,.T.);
#1038 = PLANE('',#1039);
#1039 = AXIS2_PLACEMENT_3D('',#1040,#1041,#1042);
#1040 = CARTESIAN_POINT('',(4.83,-6.661338147751E-16,-3.));
#1041 = DIRECTION('',(0.,0.,1.));
#1042 = DIRECTION('',(1.,0.,-0.));
#1043 = ( GEOMETRIC_REPRESENTATION_CONTEXT(3) 
GLOBAL_UNCERTAINTY_ASSIGNED_CONTEXT((#1047)) 
GLOBAL_UNIT_ASSIGNED_CONTEXT((#1044,#1045,#1046)) REPRESENTATION_CONTEXT
('Context #1','3D Context with UNIT and UNCERTAINTY') );
#1044 = ( LENGTH_UNIT() NAMED_UNIT(*) SI_UNIT(.MILLI.,.METRE.) );
#1045 = ( NAMED_UNIT(*) PLANE_ANGLE_UNIT() SI_UNIT($,.RADIAN.) );
#1046 = ( NAMED_UNIT(*) SI_UNIT($,.STERADIAN.) SOLID_ANGLE_UNIT() );
#1047 = UNCERTAINTY_MEASURE_WITH_UNIT(LENGTH_MEASURE(1.E-07),#1044,
  'distance_accuracy_value','confusion accuracy');
#1048 = CONTEXT_DEPENDENT_SHAPE_REPRESENTATION(#1049,#1051);
#1049 = ( REPRESENTATION_RELATIONSHIP('','',#655,#632) 
REPRESENTATION_RELATIONSHIP_WITH_TRANSFORMATION(#1050) 
SHAPE_REPRESENTATION_RELATIONSHIP() );
#1050 = ITEM_DEFINED_TRANSFORMATION('','',#11,#633);
#1051 = PRODUCT_DEFINITION_SHAPE('Placement','Placement of an item',
  #1052);
#1052 = NEXT_ASSEMBLY_USAGE_OCCURRENCE('6','=>[0:1:1:5]','',#627,#650,$
  );
#1053 = PRODUCT_RELATED_PRODUCT_CATEGORY('part',$,(#652));
#1054 = SHAPE_DEFINITION_REPRESENTATION(#1055,#1061);
#1055 = PRODUCT_DEFINITION_SHAPE('','',#1056);
#1056 = PRODUCT_DEFINITION('design','',#1057,#1060);
#1057 = PRODUCT_DEFINITION_FORMATION('','',#1058);
#1058 = PRODUCT('TO-92_Inline_Wide','TO-92_Inline_Wide','',(#1059));
#1059 = PRODUCT_CONTEXT('',#2,'mechanical');
#1060 = PRODUCT_DEFINITION_CONTEXT('part definition',#2,'design');
#1061 = SHAPE_REPRESENTATION('',(#11,#1062),#1066);
#1062 = AXIS2_PLACEMENT_3D('',#1063,#1064,#1065);
#1063 = CARTESIAN_POINT('',(0.,0.,0.));
#1064 = DIRECTION('',(0.,0.,1.));
#1065 = DIRECTION('',(1.,0.,-0.));
#1066 = ( GEOMETRIC_REPRESENTATION_CONTEXT(3) 
GLOBAL_UNCERTAINTY_ASSIGNED_CONTEXT((#1070)) 
GLOBAL_UNIT_ASSIGNED_CONTEXT((#1067,#1068,#1069)) REPRESENTATION_CONTEXT
('Context #1','3D Context with UNIT and UNCERTAINTY') );
#1067 = ( LENGTH_UNIT() NAMED_UNIT(*) SI_UNIT(.MILLI.,.METRE.) );
#1068 = ( NAMED_UNIT(*) PLANE_ANGLE_UNIT() SI_UNIT($,.RADIAN.) );
#1069 = ( NAMED_UNIT(*) SI_UNIT($,.STERADIAN.) SOLID_ANGLE_UNIT() );
#1070 = UNCERTAINTY_MEASURE_WITH_UNIT(LENGTH_MEASURE(1.E-07),#1067,
  'distance_accuracy_value','confusion accuracy');
#1071 = CONTEXT_DEPENDENT_SHAPE_REPRESENTATION(#1072,#1074);
#1072 = ( REPRESENTATION_RELATIONSHIP('','',#1061,#10) 
REPRESENTATION_RELATIONSHIP_WITH_TRANSFORMATION(#1073) 
SHAPE_REPRESENTATION_RELATIONSHIP() );
#1073 = ITEM_DEFINED_TRANSFORMATION('','',#11,#35);
#1074 = PRODUCT_DEFINITION_SHAPE('Placement','Placement of an item',
  #1075);
#1075 = NEXT_ASSEMBLY_USAGE_OCCURRENCE('9','Q1','',#5,#1056,$);
#1076 = PRODUCT_RELATED_PRODUCT_CATEGORY('part',$,(#1058));
#1077 = SHAPE_DEFINITION_REPRESENTATION(#1078,#1084);
#1078 = PRODUCT_DEFINITION_SHAPE('','',#1079);
#1079 = PRODUCT_DEFINITION('design','',#1080,#1083);
#1080 = PRODUCT_DEFINITION_FORMATION('','',#1081);
#1081 = PRODUCT('TO-92_Inline_Wide','TO-92_Inline_Wide','',(#1082));
#1082 = PRODUCT_CONTEXT('',#2,'mechanical');
#1083 = PRODUCT_DEFINITION_CONTEXT('part definition',#2,'design');
#1084 = ADVANCED_BREP_SHAPE_REPRESENTATION('',(#11,#1085),#1861);
#1085 = MANIFOLD_SOLID_BREP('',#1086);
#1086 = CLOSED_SHELL('',(#1087,#1127,#1151,#1263,#1273,#1304,#1328,#1352
    ,#1369,#1400,#1456,#1480,#1529,#1560,#1616,#1640,#1689,#1701,#1718,
    #1735,#1752,#1769,#1781,#1798,#1815,#1832,#1849));
#1087 = ADVANCED_FACE('',(#1088),#1122,.F.);
#1088 = FACE_BOUND('',#1089,.F.);
#1089 = EDGE_LOOP('',(#1090,#1100,#1108,#1116));
#1090 = ORIENTED_EDGE('',*,*,#1091,.T.);
#1091 = EDGE_CURVE('',#1092,#1094,#1096,.T.);
#1092 = VERTEX_POINT('',#1093);
#1093 = CARTESIAN_POINT('',(0.524230916003,-1.33,2.5));
#1094 = VERTEX_POINT('',#1095);
#1095 = CARTESIAN_POINT('',(0.524230916003,-1.33,7.3));
#1096 = LINE('',#1097,#1098);
#1097 = CARTESIAN_POINT('',(0.524230916003,-1.33,2.5));
#1098 = VECTOR('',#1099,1.);
#1099 = DIRECTION('',(0.,0.,1.));
#1100 = ORIENTED_EDGE('',*,*,#1101,.T.);
#1101 = EDGE_CURVE('',#1094,#1102,#1104,.T.);
#1102 = VERTEX_POINT('',#1103);
#1103 = CARTESIAN_POINT('',(4.555769083998,-1.33,7.3));
#1104 = LINE('',#1105,#1106);
#1105 = CARTESIAN_POINT('',(0.524230916003,-1.33,7.3));
#1106 = VECTOR('',#1107,1.);
#1107 = DIRECTION('',(1.,0.,0.));
#1108 = ORIENTED_EDGE('',*,*,#1109,.F.);
#1109 = EDGE_CURVE('',#1110,#1102,#1112,.T.);
#1110 = VERTEX_POINT('',#1111);
#1111 = CARTESIAN_POINT('',(4.555769083998,-1.33,2.5));
#1112 = LINE('',#1113,#1114);
#1113 = CARTESIAN_POINT('',(4.555769083998,-1.33,2.5));
#1114 = VECTOR('',#1115,1.);
#1115 = DIRECTION('',(0.,0.,1.));
#1116 = ORIENTED_EDGE('',*,*,#1117,.F.);
#1117 = EDGE_CURVE('',#1092,#1110,#1118,.T.);
#1118 = LINE('',#1119,#1120);
#1119 = CARTESIAN_POINT('',(0.524230916003,-1.33,2.5));
#1120 = VECTOR('',#1121,1.);
#1121 = DIRECTION('',(1.,0.,0.));
#1122 = PLANE('',#1123);
#1123 = AXIS2_PLACEMENT_3D('',#1124,#1125,#1126);
#1124 = CARTESIAN_POINT('',(0.524230916003,-1.33,2.5));
#1125 = DIRECTION('',(0.,1.,0.));
#1126 = DIRECTION('',(1.,0.,0.));
#1127 = ADVANCED_FACE('',(#1128),#1146,.T.);
#1128 = FACE_BOUND('',#1129,.T.);
#1129 = EDGE_LOOP('',(#1130,#1137,#1138,#1145));
#1130 = ORIENTED_EDGE('',*,*,#1131,.T.);
#1131 = EDGE_CURVE('',#1110,#1092,#1132,.T.);
#1132 = CIRCLE('',#1133,2.415);
#1133 = AXIS2_PLACEMENT_3D('',#1134,#1135,#1136);
#1134 = CARTESIAN_POINT('',(2.54,0.,2.5));
#1135 = DIRECTION('',(0.,0.,1.));
#1136 = DIRECTION('',(1.,0.,-0.));
#1137 = ORIENTED_EDGE('',*,*,#1091,.T.);
#1138 = ORIENTED_EDGE('',*,*,#1139,.F.);
#1139 = EDGE_CURVE('',#1102,#1094,#1140,.T.);
#1140 = CIRCLE('',#1141,2.415);
#1141 = AXIS2_PLACEMENT_3D('',#1142,#1143,#1144);
#1142 = CARTESIAN_POINT('',(2.54,0.,7.3));
#1143 = DIRECTION('',(0.,0.,1.));
#1144 = DIRECTION('',(1.,0.,-0.));
#1145 = ORIENTED_EDGE('',*,*,#1109,.F.);
#1146 = CYLINDRICAL_SURFACE('',#1147,2.415);
#1147 = AXIS2_PLACEMENT_3D('',#1148,#1149,#1150);
#1148 = CARTESIAN_POINT('',(2.54,0.,2.5));
#1149 = DIRECTION('',(-0.,-0.,-1.));
#1150 = DIRECTION('',(1.,0.,0.));
#1151 = ADVANCED_FACE('',(#1152,#1156,#1190,#1224),#1258,.T.);
#1152 = FACE_BOUND('',#1153,.T.);
#1153 = EDGE_LOOP('',(#1154,#1155));
#1154 = ORIENTED_EDGE('',*,*,#1117,.F.);
#1155 = ORIENTED_EDGE('',*,*,#1131,.F.);
#1156 = FACE_BOUND('',#1157,.T.);
#1157 = EDGE_LOOP('',(#1158,#1168,#1176,#1184));
#1158 = ORIENTED_EDGE('',*,*,#1159,.F.);
#1159 = EDGE_CURVE('',#1160,#1162,#1164,.T.);
#1160 = VERTEX_POINT('',#1161);
#1161 = CARTESIAN_POINT('',(2.79,0.19,2.5));
#1162 = VERTEX_POINT('',#1163);
#1163 = CARTESIAN_POINT('',(2.79,-0.19,2.5));
#1164 = LINE('',#1165,#1166);
#1165 = CARTESIAN_POINT('',(2.79,-0.57,2.5));
#1166 = VECTOR('',#1167,1.);
#1167 = DIRECTION('',(0.,-1.,0.));
#1168 = ORIENTED_EDGE('',*,*,#1169,.T.);
#1169 = EDGE_CURVE('',#1160,#1170,#1172,.T.);
#1170 = VERTEX_POINT('',#1171);
#1171 = CARTESIAN_POINT('',(2.29,0.19,2.5));
#1172 = LINE('',#1173,#1174);
#1173 = CARTESIAN_POINT('',(1.407115458001,0.19,2.5));
#1174 = VECTOR('',#1175,1.);
#1175 = DIRECTION('',(-1.,-0.,-0.));
#1176 = ORIENTED_EDGE('',*,*,#1177,.F.);
#1177 = EDGE_CURVE('',#1178,#1170,#1180,.T.);
#1178 = VERTEX_POINT('',#1179);
#1179 = CARTESIAN_POINT('',(2.29,-0.19,2.5));
#1180 = LINE('',#1181,#1182);
#1181 = CARTESIAN_POINT('',(2.29,-0.57,2.5));
#1182 = VECTOR('',#1183,1.);
#1183 = DIRECTION('',(0.,1.,0.));
#1184 = ORIENTED_EDGE('',*,*,#1185,.F.);
#1185 = EDGE_CURVE('',#1162,#1178,#1186,.T.);
#1186 = LINE('',#1187,#1188);
#1187 = CARTESIAN_POINT('',(1.407115458001,-0.19,2.5));
#1188 = VECTOR('',#1189,1.);
#1189 = DIRECTION('',(-1.,-0.,-0.));
#1190 = FACE_BOUND('',#1191,.T.);
#1191 = EDGE_LOOP('',(#1192,#1202,#1210,#1218));
#1192 = ORIENTED_EDGE('',*,*,#1193,.F.);
#1193 = EDGE_CURVE('',#1194,#1196,#1198,.T.);
#1194 = VERTEX_POINT('',#1195);
#1195 = CARTESIAN_POINT('',(4.06,0.19,2.5));
#1196 = VERTEX_POINT('',#1197);
#1197 = CARTESIAN_POINT('',(4.06,-0.19,2.5));
#1198 = LINE('',#1199,#1200);
#1199 = CARTESIAN_POINT('',(4.06,-0.57,2.5));
#1200 = VECTOR('',#1201,1.);
#1201 = DIRECTION('',(0.,-1.,0.));
#1202 = ORIENTED_EDGE('',*,*,#1203,.T.);
#1203 = EDGE_CURVE('',#1194,#1204,#1206,.T.);
#1204 = VERTEX_POINT('',#1205);
#1205 = CARTESIAN_POINT('',(3.56,0.19,2.5));
#1206 = LINE('',#1207,#1208);
#1207 = CARTESIAN_POINT('',(2.927115458001,0.19,2.5));
#1208 = VECTOR('',#1209,1.);
#1209 = DIRECTION('',(-1.,-0.,-0.));
#1210 = ORIENTED_EDGE('',*,*,#1211,.F.);
#1211 = EDGE_CURVE('',#1212,#1204,#1214,.T.);
#1212 = VERTEX_POINT('',#1213);
#1213 = CARTESIAN_POINT('',(3.56,-0.19,2.5));
#1214 = LINE('',#1215,#1216);
#1215 = CARTESIAN_POINT('',(3.56,-0.57,2.5));
#1216 = VECTOR('',#1217,1.);
#1217 = DIRECTION('',(0.,1.,0.));
#1218 = ORIENTED_EDGE('',*,*,#1219,.F.);
#1219 = EDGE_CURVE('',#1196,#1212,#1220,.T.);
#1220 = LINE('',#1221,#1222);
#1221 = CARTESIAN_POINT('',(2.927115458001,-0.19,2.5));
#1222 = VECTOR('',#1223,1.);
#1223 = DIRECTION('',(-1.,-0.,-0.));
#1224 = FACE_BOUND('',#1225,.T.);
#1225 = EDGE_LOOP('',(#1226,#1236,#1244,#1252));
#1226 = ORIENTED_EDGE('',*,*,#1227,.F.);
#1227 = EDGE_CURVE('',#1228,#1230,#1232,.T.);
#1228 = VERTEX_POINT('',#1229);
#1229 = CARTESIAN_POINT('',(1.52,0.19,2.5));
#1230 = VERTEX_POINT('',#1231);
#1231 = CARTESIAN_POINT('',(1.52,-0.19,2.5));
#1232 = LINE('',#1233,#1234);
#1233 = CARTESIAN_POINT('',(1.52,-0.57,2.5));
#1234 = VECTOR('',#1235,1.);
#1235 = DIRECTION('',(0.,-1.,0.));
#1236 = ORIENTED_EDGE('',*,*,#1237,.T.);
#1237 = EDGE_CURVE('',#1228,#1238,#1240,.T.);
#1238 = VERTEX_POINT('',#1239);
#1239 = CARTESIAN_POINT('',(1.02,0.19,2.5));
#1240 = LINE('',#1241,#1242);
#1241 = CARTESIAN_POINT('',(0.387115458001,0.19,2.5));
#1242 = VECTOR('',#1243,1.);
#1243 = DIRECTION('',(-1.,-0.,-0.));
#1244 = ORIENTED_EDGE('',*,*,#1245,.F.);
#1245 = EDGE_CURVE('',#1246,#1238,#1248,.T.);
#1246 = VERTEX_POINT('',#1247);
#1247 = CARTESIAN_POINT('',(1.02,-0.19,2.5));
#1248 = LINE('',#1249,#1250);
#1249 = CARTESIAN_POINT('',(1.02,-0.57,2.5));
#1250 = VECTOR('',#1251,1.);
#1251 = DIRECTION('',(0.,1.,0.));
#1252 = ORIENTED_EDGE('',*,*,#1253,.F.);
#1253 = EDGE_CURVE('',#1230,#1246,#1254,.T.);
#1254 = LINE('',#1255,#1256);
#1255 = CARTESIAN_POINT('',(0.387115458001,-0.19,2.5));
#1256 = VECTOR('',#1257,1.);
#1257 = DIRECTION('',(-1.,-0.,-0.));
#1258 = PLANE('',#1259);
#1259 = AXIS2_PLACEMENT_3D('',#1260,#1261,#1262);
#1260 = CARTESIAN_POINT('',(0.524230916003,-1.33,2.5));
#1261 = DIRECTION('',(0.,0.,-1.));
#1262 = DIRECTION('',(-1.,0.,0.));
#1263 = ADVANCED_FACE('',(#1264),#1268,.F.);
#1264 = FACE_BOUND('',#1265,.T.);
#1265 = EDGE_LOOP('',(#1266,#1267));
#1266 = ORIENTED_EDGE('',*,*,#1101,.T.);
#1267 = ORIENTED_EDGE('',*,*,#1139,.T.);
#1268 = PLANE('',#1269);
#1269 = AXIS2_PLACEMENT_3D('',#1270,#1271,#1272);
#1270 = CARTESIAN_POINT('',(0.524230916003,-1.33,7.3));
#1271 = DIRECTION('',(0.,0.,-1.));
#1272 = DIRECTION('',(-1.,0.,0.));
#1273 = ADVANCED_FACE('',(#1274),#1299,.T.);
#1274 = FACE_BOUND('',#1275,.T.);
#1275 = EDGE_LOOP('',(#1276,#1284,#1285,#1293));
#1276 = ORIENTED_EDGE('',*,*,#1277,.F.);
#1277 = EDGE_CURVE('',#1160,#1278,#1280,.T.);
#1278 = VERTEX_POINT('',#1279);
#1279 = CARTESIAN_POINT('',(2.79,0.19,-2.7));
#1280 = LINE('',#1281,#1282);
#1281 = CARTESIAN_POINT('',(2.79,0.19,2.8));
#1282 = VECTOR('',#1283,1.);
#1283 = DIRECTION('',(0.,-6.661338147751E-16,-1.));
#1284 = ORIENTED_EDGE('',*,*,#1159,.T.);
#1285 = ORIENTED_EDGE('',*,*,#1286,.T.);
#1286 = EDGE_CURVE('',#1162,#1287,#1289,.T.);
#1287 = VERTEX_POINT('',#1288);
#1288 = CARTESIAN_POINT('',(2.79,-0.19,-2.7));
#1289 = LINE('',#1290,#1291);
#1290 = CARTESIAN_POINT('',(2.79,-0.19,2.8));
#1291 = VECTOR('',#1292,1.);
#1292 = DIRECTION('',(0.,-6.661338147751E-16,-1.));
#1293 = ORIENTED_EDGE('',*,*,#1294,.F.);
#1294 = EDGE_CURVE('',#1278,#1287,#1295,.T.);
#1295 = LINE('',#1296,#1297);
#1296 = CARTESIAN_POINT('',(2.79,0.19,-2.7));
#1297 = VECTOR('',#1298,1.);
#1298 = DIRECTION('',(0.,-1.,4.440892098501E-16));
#1299 = PLANE('',#1300);
#1300 = AXIS2_PLACEMENT_3D('',#1301,#1302,#1303);
#1301 = CARTESIAN_POINT('',(2.79,0.19,2.8));
#1302 = DIRECTION('',(1.,0.,0.));
#1303 = DIRECTION('',(0.,-6.661338147751E-16,-1.));
#1304 = ADVANCED_FACE('',(#1305),#1323,.T.);
#1305 = FACE_BOUND('',#1306,.T.);
#1306 = EDGE_LOOP('',(#1307,#1308,#1316,#1322));
#1307 = ORIENTED_EDGE('',*,*,#1185,.T.);
#1308 = ORIENTED_EDGE('',*,*,#1309,.F.);
#1309 = EDGE_CURVE('',#1310,#1178,#1312,.T.);
#1310 = VERTEX_POINT('',#1311);
#1311 = CARTESIAN_POINT('',(2.29,-0.19,-2.7));
#1312 = LINE('',#1313,#1314);
#1313 = CARTESIAN_POINT('',(2.29,-0.19,-2.7));
#1314 = VECTOR('',#1315,1.);
#1315 = DIRECTION('',(0.,6.661338147751E-16,1.));
#1316 = ORIENTED_EDGE('',*,*,#1317,.F.);
#1317 = EDGE_CURVE('',#1287,#1310,#1318,.T.);
#1318 = LINE('',#1319,#1320);
#1319 = CARTESIAN_POINT('',(2.79,-0.19,-2.7));
#1320 = VECTOR('',#1321,1.);
#1321 = DIRECTION('',(-1.,0.,0.));
#1322 = ORIENTED_EDGE('',*,*,#1286,.F.);
#1323 = PLANE('',#1324);
#1324 = AXIS2_PLACEMENT_3D('',#1325,#1326,#1327);
#1325 = CARTESIAN_POINT('',(2.29,-0.19,2.8));
#1326 = DIRECTION('',(0.,-1.,6.661338147751E-16));
#1327 = DIRECTION('',(0.,-6.661338147751E-16,-1.));
#1328 = ADVANCED_FACE('',(#1329),#1347,.T.);
#1329 = FACE_BOUND('',#1330,.T.);
#1330 = EDGE_LOOP('',(#1331,#1339,#1345,#1346));
#1331 = ORIENTED_EDGE('',*,*,#1332,.F.);
#1332 = EDGE_CURVE('',#1333,#1170,#1335,.T.);
#1333 = VERTEX_POINT('',#1334);
#1334 = CARTESIAN_POINT('',(2.29,0.19,-2.7));
#1335 = LINE('',#1336,#1337);
#1336 = CARTESIAN_POINT('',(2.29,0.19,-2.7));
#1337 = VECTOR('',#1338,1.);
#1338 = DIRECTION('',(0.,6.661338147751E-16,1.));
#1339 = ORIENTED_EDGE('',*,*,#1340,.T.);
#1340 = EDGE_CURVE('',#1333,#1310,#1341,.T.);
#1341 = LINE('',#1342,#1343);
#1342 = CARTESIAN_POINT('',(2.29,0.19,-2.7));
#1343 = VECTOR('',#1344,1.);
#1344 = DIRECTION('',(0.,-1.,4.440892098501E-16));
#1345 = ORIENTED_EDGE('',*,*,#1309,.T.);
#1346 = ORIENTED_EDGE('',*,*,#1177,.T.);
#1347 = PLANE('',#1348);
#1348 = AXIS2_PLACEMENT_3D('',#1349,#1350,#1351);
#1349 = CARTESIAN_POINT('',(2.29,0.19,-2.7));
#1350 = DIRECTION('',(-1.,0.,0.));
#1351 = DIRECTION('',(0.,6.661338147751E-16,1.));
#1352 = ADVANCED_FACE('',(#1353),#1364,.F.);
#1353 = FACE_BOUND('',#1354,.F.);
#1354 = EDGE_LOOP('',(#1355,#1356,#1357,#1363));
#1355 = ORIENTED_EDGE('',*,*,#1169,.T.);
#1356 = ORIENTED_EDGE('',*,*,#1332,.F.);
#1357 = ORIENTED_EDGE('',*,*,#1358,.F.);
#1358 = EDGE_CURVE('',#1278,#1333,#1359,.T.);
#1359 = LINE('',#1360,#1361);
#1360 = CARTESIAN_POINT('',(2.79,0.19,-2.7));
#1361 = VECTOR('',#1362,1.);
#1362 = DIRECTION('',(-1.,0.,0.));
#1363 = ORIENTED_EDGE('',*,*,#1277,.F.);
#1364 = PLANE('',#1365);
#1365 = AXIS2_PLACEMENT_3D('',#1366,#1367,#1368);
#1366 = CARTESIAN_POINT('',(2.29,0.19,2.8));
#1367 = DIRECTION('',(0.,-1.,6.661338147751E-16));
#1368 = DIRECTION('',(0.,-6.661338147751E-16,-1.));
#1369 = ADVANCED_FACE('',(#1370),#1395,.T.);
#1370 = FACE_BOUND('',#1371,.T.);
#1371 = EDGE_LOOP('',(#1372,#1380,#1381,#1389));
#1372 = ORIENTED_EDGE('',*,*,#1373,.F.);
#1373 = EDGE_CURVE('',#1194,#1374,#1376,.T.);
#1374 = VERTEX_POINT('',#1375);
#1375 = CARTESIAN_POINT('',(4.06,0.19,2.16));
#1376 = LINE('',#1377,#1378);
#1377 = CARTESIAN_POINT('',(4.06,0.19,2.8));
#1378 = VECTOR('',#1379,1.);
#1379 = DIRECTION('',(0.,-6.661338147751E-16,-1.));
#1380 = ORIENTED_EDGE('',*,*,#1193,.T.);
#1381 = ORIENTED_EDGE('',*,*,#1382,.T.);
#1382 = EDGE_CURVE('',#1196,#1383,#1385,.T.);
#1383 = VERTEX_POINT('',#1384);
#1384 = CARTESIAN_POINT('',(4.06,-0.19,2.16));
#1385 = LINE('',#1386,#1387);
#1386 = CARTESIAN_POINT('',(4.06,-0.19,2.8));
#1387 = VECTOR('',#1388,1.);
#1388 = DIRECTION('',(0.,-6.661338147751E-16,-1.));
#1389 = ORIENTED_EDGE('',*,*,#1390,.F.);
#1390 = EDGE_CURVE('',#1374,#1383,#1391,.T.);
#1391 = LINE('',#1392,#1393);
#1392 = CARTESIAN_POINT('',(4.06,0.19,2.16));
#1393 = VECTOR('',#1394,1.);
#1394 = DIRECTION('',(0.,-1.,4.440892098501E-16));
#1395 = PLANE('',#1396);
#1396 = AXIS2_PLACEMENT_3D('',#1397,#1398,#1399);
#1397 = CARTESIAN_POINT('',(4.06,0.19,2.8));
#1398 = DIRECTION('',(1.,0.,0.));
#1399 = DIRECTION('',(0.,-6.661338147751E-16,-1.));
#1400 = ADVANCED_FACE('',(#1401),#1451,.T.);
#1401 = FACE_BOUND('',#1402,.T.);
#1402 = EDGE_LOOP('',(#1403,#1413,#1419,#1420,#1421,#1429,#1437,#1445));
#1403 = ORIENTED_EDGE('',*,*,#1404,.F.);
#1404 = EDGE_CURVE('',#1405,#1407,#1409,.T.);
#1405 = VERTEX_POINT('',#1406);
#1406 = CARTESIAN_POINT('',(5.33,-0.19,0.26));
#1407 = VERTEX_POINT('',#1408);
#1408 = CARTESIAN_POINT('',(5.33,-0.19,-2.7));
#1409 = LINE('',#1410,#1411);
#1410 = CARTESIAN_POINT('',(5.33,-0.19,0.26));
#1411 = VECTOR('',#1412,1.);
#1412 = DIRECTION('',(0.,-6.661338147751E-16,-1.));
#1413 = ORIENTED_EDGE('',*,*,#1414,.T.);
#1414 = EDGE_CURVE('',#1405,#1383,#1415,.T.);
#1415 = LINE('',#1416,#1417);
#1416 = CARTESIAN_POINT('',(5.33,-0.19,0.26));
#1417 = VECTOR('',#1418,1.);
#1418 = DIRECTION('',(-0.555709556774,5.538080009649E-16,0.83137650226)
  );
#1419 = ORIENTED_EDGE('',*,*,#1382,.F.);
#1420 = ORIENTED_EDGE('',*,*,#1219,.T.);
#1421 = ORIENTED_EDGE('',*,*,#1422,.F.);
#1422 = EDGE_CURVE('',#1423,#1212,#1425,.T.);
#1423 = VERTEX_POINT('',#1424);
#1424 = CARTESIAN_POINT('',(3.56,-0.19,2.16));
#1425 = LINE('',#1426,#1427);
#1426 = CARTESIAN_POINT('',(3.56,-0.19,2.16));
#1427 = VECTOR('',#1428,1.);
#1428 = DIRECTION('',(0.,6.661338147751E-16,1.));
#1429 = ORIENTED_EDGE('',*,*,#1430,.T.);
#1430 = EDGE_CURVE('',#1423,#1431,#1433,.T.);
#1431 = VERTEX_POINT('',#1432);
#1432 = CARTESIAN_POINT('',(4.83,-0.19,0.26));
#1433 = LINE('',#1434,#1435);
#1434 = CARTESIAN_POINT('',(3.56,-0.19,2.16));
#1435 = VECTOR('',#1436,1.);
#1436 = DIRECTION('',(0.555709556774,-5.538080009649E-16,-0.83137650226)
  );
#1437 = ORIENTED_EDGE('',*,*,#1438,.F.);
#1438 = EDGE_CURVE('',#1439,#1431,#1441,.T.);
#1439 = VERTEX_POINT('',#1440);
#1440 = CARTESIAN_POINT('',(4.83,-0.19,-2.7));
#1441 = LINE('',#1442,#1443);
#1442 = CARTESIAN_POINT('',(4.83,-0.19,-2.7));
#1443 = VECTOR('',#1444,1.);
#1444 = DIRECTION('',(0.,6.661338147751E-16,1.));
#1445 = ORIENTED_EDGE('',*,*,#1446,.F.);
#1446 = EDGE_CURVE('',#1407,#1439,#1447,.T.);
#1447 = LINE('',#1448,#1449);
#1448 = CARTESIAN_POINT('',(5.33,-0.19,-2.7));
#1449 = VECTOR('',#1450,1.);
#1450 = DIRECTION('',(-1.,0.,0.));
#1451 = PLANE('',#1452);
#1452 = AXIS2_PLACEMENT_3D('',#1453,#1454,#1455);
#1453 = CARTESIAN_POINT('',(5.33,-0.19,0.26));
#1454 = DIRECTION('',(0.,-1.,6.661338147751E-16));
#1455 = DIRECTION('',(0.,-6.661338147751E-16,-1.));
#1456 = ADVANCED_FACE('',(#1457),#1475,.T.);
#1457 = FACE_BOUND('',#1458,.T.);
#1458 = EDGE_LOOP('',(#1459,#1467,#1473,#1474));
#1459 = ORIENTED_EDGE('',*,*,#1460,.F.);
#1460 = EDGE_CURVE('',#1461,#1204,#1463,.T.);
#1461 = VERTEX_POINT('',#1462);
#1462 = CARTESIAN_POINT('',(3.56,0.19,2.16));
#1463 = LINE('',#1464,#1465);
#1464 = CARTESIAN_POINT('',(3.56,0.19,2.16));
#1465 = VECTOR('',#1466,1.);
#1466 = DIRECTION('',(0.,6.661338147751E-16,1.));
#1467 = ORIENTED_EDGE('',*,*,#1468,.T.);
#1468 = EDGE_CURVE('',#1461,#1423,#1469,.T.);
#1469 = LINE('',#1470,#1471);
#1470 = CARTESIAN_POINT('',(3.56,0.19,2.16));
#1471 = VECTOR('',#1472,1.);
#1472 = DIRECTION('',(0.,-1.,4.440892098501E-16));
#1473 = ORIENTED_EDGE('',*,*,#1422,.T.);
#1474 = ORIENTED_EDGE('',*,*,#1211,.T.);
#1475 = PLANE('',#1476);
#1476 = AXIS2_PLACEMENT_3D('',#1477,#1478,#1479);
#1477 = CARTESIAN_POINT('',(3.56,0.19,2.16));
#1478 = DIRECTION('',(-1.,0.,0.));
#1479 = DIRECTION('',(0.,6.661338147751E-16,1.));
#1480 = ADVANCED_FACE('',(#1481),#1524,.F.);
#1481 = FACE_BOUND('',#1482,.F.);
#1482 = EDGE_LOOP('',(#1483,#1493,#1499,#1500,#1501,#1502,#1510,#1518));
#1483 = ORIENTED_EDGE('',*,*,#1484,.F.);
#1484 = EDGE_CURVE('',#1485,#1487,#1489,.T.);
#1485 = VERTEX_POINT('',#1486);
#1486 = CARTESIAN_POINT('',(5.33,0.19,0.26));
#1487 = VERTEX_POINT('',#1488);
#1488 = CARTESIAN_POINT('',(5.33,0.19,-2.7));
#1489 = LINE('',#1490,#1491);
#1490 = CARTESIAN_POINT('',(5.33,0.19,0.26));
#1491 = VECTOR('',#1492,1.);
#1492 = DIRECTION('',(0.,-6.661338147751E-16,-1.));
#1493 = ORIENTED_EDGE('',*,*,#1494,.T.);
#1494 = EDGE_CURVE('',#1485,#1374,#1495,.T.);
#1495 = LINE('',#1496,#1497);
#1496 = CARTESIAN_POINT('',(5.33,0.19,0.26));
#1497 = VECTOR('',#1498,1.);
#1498 = DIRECTION('',(-0.555709556774,5.538080009649E-16,0.83137650226)
  );
#1499 = ORIENTED_EDGE('',*,*,#1373,.F.);
#1500 = ORIENTED_EDGE('',*,*,#1203,.T.);
#1501 = ORIENTED_EDGE('',*,*,#1460,.F.);
#1502 = ORIENTED_EDGE('',*,*,#1503,.T.);
#1503 = EDGE_CURVE('',#1461,#1504,#1506,.T.);
#1504 = VERTEX_POINT('',#1505);
#1505 = CARTESIAN_POINT('',(4.83,0.19,0.26));
#1506 = LINE('',#1507,#1508);
#1507 = CARTESIAN_POINT('',(3.56,0.19,2.16));
#1508 = VECTOR('',#1509,1.);
#1509 = DIRECTION('',(0.555709556774,-5.538080009649E-16,-0.83137650226)
  );
#1510 = ORIENTED_EDGE('',*,*,#1511,.F.);
#1511 = EDGE_CURVE('',#1512,#1504,#1514,.T.);
#1512 = VERTEX_POINT('',#1513);
#1513 = CARTESIAN_POINT('',(4.83,0.19,-2.7));
#1514 = LINE('',#1515,#1516);
#1515 = CARTESIAN_POINT('',(4.83,0.19,-2.7));
#1516 = VECTOR('',#1517,1.);
#1517 = DIRECTION('',(0.,6.661338147751E-16,1.));
#1518 = ORIENTED_EDGE('',*,*,#1519,.F.);
#1519 = EDGE_CURVE('',#1487,#1512,#1520,.T.);
#1520 = LINE('',#1521,#1522);
#1521 = CARTESIAN_POINT('',(5.33,0.19,-2.7));
#1522 = VECTOR('',#1523,1.);
#1523 = DIRECTION('',(-1.,0.,0.));
#1524 = PLANE('',#1525);
#1525 = AXIS2_PLACEMENT_3D('',#1526,#1527,#1528);
#1526 = CARTESIAN_POINT('',(5.33,0.19,0.26));
#1527 = DIRECTION('',(0.,-1.,6.661338147751E-16));
#1528 = DIRECTION('',(0.,-6.661338147751E-16,-1.));
#1529 = ADVANCED_FACE('',(#1530),#1555,.T.);
#1530 = FACE_BOUND('',#1531,.T.);
#1531 = EDGE_LOOP('',(#1532,#1540,#1541,#1549));
#1532 = ORIENTED_EDGE('',*,*,#1533,.F.);
#1533 = EDGE_CURVE('',#1228,#1534,#1536,.T.);
#1534 = VERTEX_POINT('',#1535);
#1535 = CARTESIAN_POINT('',(1.52,0.19,2.16));
#1536 = LINE('',#1537,#1538);
#1537 = CARTESIAN_POINT('',(1.52,0.19,2.8));
#1538 = VECTOR('',#1539,1.);
#1539 = DIRECTION('',(0.,-6.661338147751E-16,-1.));
#1540 = ORIENTED_EDGE('',*,*,#1227,.T.);
#1541 = ORIENTED_EDGE('',*,*,#1542,.T.);
#1542 = EDGE_CURVE('',#1230,#1543,#1545,.T.);
#1543 = VERTEX_POINT('',#1544);
#1544 = CARTESIAN_POINT('',(1.52,-0.19,2.16));
#1545 = LINE('',#1546,#1547);
#1546 = CARTESIAN_POINT('',(1.52,-0.19,2.8));
#1547 = VECTOR('',#1548,1.);
#1548 = DIRECTION('',(0.,-6.661338147751E-16,-1.));
#1549 = ORIENTED_EDGE('',*,*,#1550,.F.);
#1550 = EDGE_CURVE('',#1534,#1543,#1551,.T.);
#1551 = LINE('',#1552,#1553);
#1552 = CARTESIAN_POINT('',(1.52,0.19,2.16));
#1553 = VECTOR('',#1554,1.);
#1554 = DIRECTION('',(0.,-1.,4.440892098501E-16));
#1555 = PLANE('',#1556);
#1556 = AXIS2_PLACEMENT_3D('',#1557,#1558,#1559);
#1557 = CARTESIAN_POINT('',(1.52,0.19,2.8));
#1558 = DIRECTION('',(1.,0.,0.));
#1559 = DIRECTION('',(0.,-6.661338147751E-16,-1.));
#1560 = ADVANCED_FACE('',(#1561),#1611,.T.);
#1561 = FACE_BOUND('',#1562,.T.);
#1562 = EDGE_LOOP('',(#1563,#1573,#1579,#1580,#1581,#1589,#1597,#1605));
#1563 = ORIENTED_EDGE('',*,*,#1564,.F.);
#1564 = EDGE_CURVE('',#1565,#1567,#1569,.T.);
#1565 = VERTEX_POINT('',#1566);
#1566 = CARTESIAN_POINT('',(0.25,-0.19,0.26));
#1567 = VERTEX_POINT('',#1568);
#1568 = CARTESIAN_POINT('',(0.25,-0.19,-2.7));
#1569 = LINE('',#1570,#1571);
#1570 = CARTESIAN_POINT('',(0.25,-0.19,0.26));
#1571 = VECTOR('',#1572,1.);
#1572 = DIRECTION('',(0.,-6.661338147751E-16,-1.));
#1573 = ORIENTED_EDGE('',*,*,#1574,.T.);
#1574 = EDGE_CURVE('',#1565,#1543,#1575,.T.);
#1575 = LINE('',#1576,#1577);
#1576 = CARTESIAN_POINT('',(0.25,-0.19,0.26));
#1577 = VECTOR('',#1578,1.);
#1578 = DIRECTION('',(0.555709556774,5.538080009649E-16,0.83137650226));
#1579 = ORIENTED_EDGE('',*,*,#1542,.F.);
#1580 = ORIENTED_EDGE('',*,*,#1253,.T.);
#1581 = ORIENTED_EDGE('',*,*,#1582,.F.);
#1582 = EDGE_CURVE('',#1583,#1246,#1585,.T.);
#1583 = VERTEX_POINT('',#1584);
#1584 = CARTESIAN_POINT('',(1.02,-0.19,2.16));
#1585 = LINE('',#1586,#1587);
#1586 = CARTESIAN_POINT('',(1.02,-0.19,2.16));
#1587 = VECTOR('',#1588,1.);
#1588 = DIRECTION('',(0.,6.661338147751E-16,1.));
#1589 = ORIENTED_EDGE('',*,*,#1590,.F.);
#1590 = EDGE_CURVE('',#1591,#1583,#1593,.T.);
#1591 = VERTEX_POINT('',#1592);
#1592 = CARTESIAN_POINT('',(-0.25,-0.19,0.26));
#1593 = LINE('',#1594,#1595);
#1594 = CARTESIAN_POINT('',(-0.25,-0.19,0.26));
#1595 = VECTOR('',#1596,1.);
#1596 = DIRECTION('',(0.555709556774,5.538080009649E-16,0.83137650226));
#1597 = ORIENTED_EDGE('',*,*,#1598,.F.);
#1598 = EDGE_CURVE('',#1599,#1591,#1601,.T.);
#1599 = VERTEX_POINT('',#1600);
#1600 = CARTESIAN_POINT('',(-0.25,-0.19,-2.7));
#1601 = LINE('',#1602,#1603);
#1602 = CARTESIAN_POINT('',(-0.25,-0.19,-2.7));
#1603 = VECTOR('',#1604,1.);
#1604 = DIRECTION('',(0.,6.661338147751E-16,1.));
#1605 = ORIENTED_EDGE('',*,*,#1606,.F.);
#1606 = EDGE_CURVE('',#1567,#1599,#1607,.T.);
#1607 = LINE('',#1608,#1609);
#1608 = CARTESIAN_POINT('',(0.25,-0.19,-2.7));
#1609 = VECTOR('',#1610,1.);
#1610 = DIRECTION('',(-1.,0.,0.));
#1611 = PLANE('',#1612);
#1612 = AXIS2_PLACEMENT_3D('',#1613,#1614,#1615);
#1613 = CARTESIAN_POINT('',(0.25,-0.19,0.26));
#1614 = DIRECTION('',(0.,-1.,6.661338147751E-16));
#1615 = DIRECTION('',(0.,-6.661338147751E-16,-1.));
#1616 = ADVANCED_FACE('',(#1617),#1635,.T.);
#1617 = FACE_BOUND('',#1618,.T.);
#1618 = EDGE_LOOP('',(#1619,#1627,#1633,#1634));
#1619 = ORIENTED_EDGE('',*,*,#1620,.F.);
#1620 = EDGE_CURVE('',#1621,#1238,#1623,.T.);
#1621 = VERTEX_POINT('',#1622);
#1622 = CARTESIAN_POINT('',(1.02,0.19,2.16));
#1623 = LINE('',#1624,#1625);
#1624 = CARTESIAN_POINT('',(1.02,0.19,2.16));
#1625 = VECTOR('',#1626,1.);
#1626 = DIRECTION('',(0.,6.661338147751E-16,1.));
#1627 = ORIENTED_EDGE('',*,*,#1628,.T.);
#1628 = EDGE_CURVE('',#1621,#1583,#1629,.T.);
#1629 = LINE('',#1630,#1631);
#1630 = CARTESIAN_POINT('',(1.02,0.19,2.16));
#1631 = VECTOR('',#1632,1.);
#1632 = DIRECTION('',(0.,-1.,4.440892098501E-16));
#1633 = ORIENTED_EDGE('',*,*,#1582,.T.);
#1634 = ORIENTED_EDGE('',*,*,#1245,.T.);
#1635 = PLANE('',#1636);
#1636 = AXIS2_PLACEMENT_3D('',#1637,#1638,#1639);
#1637 = CARTESIAN_POINT('',(1.02,0.19,2.16));
#1638 = DIRECTION('',(-1.,0.,0.));
#1639 = DIRECTION('',(0.,6.661338147751E-16,1.));
#1640 = ADVANCED_FACE('',(#1641),#1684,.F.);
#1641 = FACE_BOUND('',#1642,.F.);
#1642 = EDGE_LOOP('',(#1643,#1653,#1659,#1660,#1661,#1662,#1670,#1678));
#1643 = ORIENTED_EDGE('',*,*,#1644,.F.);
#1644 = EDGE_CURVE('',#1645,#1647,#1649,.T.);
#1645 = VERTEX_POINT('',#1646);
#1646 = CARTESIAN_POINT('',(0.25,0.19,0.26));
#1647 = VERTEX_POINT('',#1648);
#1648 = CARTESIAN_POINT('',(0.25,0.19,-2.7));
#1649 = LINE('',#1650,#1651);
#1650 = CARTESIAN_POINT('',(0.25,0.19,0.26));
#1651 = VECTOR('',#1652,1.);
#1652 = DIRECTION('',(0.,-6.661338147751E-16,-1.));
#1653 = ORIENTED_EDGE('',*,*,#1654,.T.);
#1654 = EDGE_CURVE('',#1645,#1534,#1655,.T.);
#1655 = LINE('',#1656,#1657);
#1656 = CARTESIAN_POINT('',(0.25,0.19,0.26));
#1657 = VECTOR('',#1658,1.);
#1658 = DIRECTION('',(0.555709556774,5.538080009649E-16,0.83137650226));
#1659 = ORIENTED_EDGE('',*,*,#1533,.F.);
#1660 = ORIENTED_EDGE('',*,*,#1237,.T.);
#1661 = ORIENTED_EDGE('',*,*,#1620,.F.);
#1662 = ORIENTED_EDGE('',*,*,#1663,.F.);
#1663 = EDGE_CURVE('',#1664,#1621,#1666,.T.);
#1664 = VERTEX_POINT('',#1665);
#1665 = CARTESIAN_POINT('',(-0.25,0.19,0.26));
#1666 = LINE('',#1667,#1668);
#1667 = CARTESIAN_POINT('',(-0.25,0.19,0.26));
#1668 = VECTOR('',#1669,1.);
#1669 = DIRECTION('',(0.555709556774,5.538080009649E-16,0.83137650226));
#1670 = ORIENTED_EDGE('',*,*,#1671,.F.);
#1671 = EDGE_CURVE('',#1672,#1664,#1674,.T.);
#1672 = VERTEX_POINT('',#1673);
#1673 = CARTESIAN_POINT('',(-0.25,0.19,-2.7));
#1674 = LINE('',#1675,#1676);
#1675 = CARTESIAN_POINT('',(-0.25,0.19,-2.7));
#1676 = VECTOR('',#1677,1.);
#1677 = DIRECTION('',(0.,6.661338147751E-16,1.));
#1678 = ORIENTED_EDGE('',*,*,#1679,.F.);
#1679 = EDGE_CURVE('',#1647,#1672,#1680,.T.);
#1680 = LINE('',#1681,#1682);
#1681 = CARTESIAN_POINT('',(0.25,0.19,-2.7));
#1682 = VECTOR('',#1683,1.);
#1683 = DIRECTION('',(-1.,0.,0.));
#1684 = PLANE('',#1685);
#1685 = AXIS2_PLACEMENT_3D('',#1686,#1687,#1688);
#1686 = CARTESIAN_POINT('',(0.25,0.19,0.26));
#1687 = DIRECTION('',(0.,-1.,6.661338147751E-16));
#1688 = DIRECTION('',(0.,-6.661338147751E-16,-1.));
#1689 = ADVANCED_FACE('',(#1690),#1696,.T.);
#1690 = FACE_BOUND('',#1691,.T.);
#1691 = EDGE_LOOP('',(#1692,#1693,#1694,#1695));
#1692 = ORIENTED_EDGE('',*,*,#1294,.T.);
#1693 = ORIENTED_EDGE('',*,*,#1317,.T.);
#1694 = ORIENTED_EDGE('',*,*,#1340,.F.);
#1695 = ORIENTED_EDGE('',*,*,#1358,.F.);
#1696 = PLANE('',#1697);
#1697 = AXIS2_PLACEMENT_3D('',#1698,#1699,#1700);
#1698 = CARTESIAN_POINT('',(2.79,0.19,-2.7));
#1699 = DIRECTION('',(0.,-4.440892098501E-16,-1.));
#1700 = DIRECTION('',(-1.,-0.,0.));
#1701 = ADVANCED_FACE('',(#1702),#1713,.F.);
#1702 = FACE_BOUND('',#1703,.F.);
#1703 = EDGE_LOOP('',(#1704,#1710,#1711,#1712));
#1704 = ORIENTED_EDGE('',*,*,#1705,.T.);
#1705 = EDGE_CURVE('',#1485,#1405,#1706,.T.);
#1706 = LINE('',#1707,#1708);
#1707 = CARTESIAN_POINT('',(5.33,0.19,0.26));
#1708 = VECTOR('',#1709,1.);
#1709 = DIRECTION('',(0.,-1.,4.440892098501E-16));
#1710 = ORIENTED_EDGE('',*,*,#1414,.T.);
#1711 = ORIENTED_EDGE('',*,*,#1390,.F.);
#1712 = ORIENTED_EDGE('',*,*,#1494,.F.);
#1713 = PLANE('',#1714);
#1714 = AXIS2_PLACEMENT_3D('',#1715,#1716,#1717);
#1715 = CARTESIAN_POINT('',(5.33,0.19,0.26));
#1716 = DIRECTION('',(-0.83137650226,-2.467846179738E-16,-0.555709556774
    ));
#1717 = DIRECTION('',(-0.555709556774,5.538080009649E-16,0.83137650226)
  );
#1718 = ADVANCED_FACE('',(#1719),#1730,.T.);
#1719 = FACE_BOUND('',#1720,.T.);
#1720 = EDGE_LOOP('',(#1721,#1722,#1723,#1729));
#1721 = ORIENTED_EDGE('',*,*,#1705,.T.);
#1722 = ORIENTED_EDGE('',*,*,#1404,.T.);
#1723 = ORIENTED_EDGE('',*,*,#1724,.F.);
#1724 = EDGE_CURVE('',#1487,#1407,#1725,.T.);
#1725 = LINE('',#1726,#1727);
#1726 = CARTESIAN_POINT('',(5.33,0.19,-2.7));
#1727 = VECTOR('',#1728,1.);
#1728 = DIRECTION('',(0.,-1.,4.440892098501E-16));
#1729 = ORIENTED_EDGE('',*,*,#1484,.F.);
#1730 = PLANE('',#1731);
#1731 = AXIS2_PLACEMENT_3D('',#1732,#1733,#1734);
#1732 = CARTESIAN_POINT('',(5.33,0.19,0.26));
#1733 = DIRECTION('',(1.,0.,0.));
#1734 = DIRECTION('',(0.,-6.661338147751E-16,-1.));
#1735 = ADVANCED_FACE('',(#1736),#1747,.T.);
#1736 = FACE_BOUND('',#1737,.T.);
#1737 = EDGE_LOOP('',(#1738,#1739,#1740,#1746));
#1738 = ORIENTED_EDGE('',*,*,#1724,.T.);
#1739 = ORIENTED_EDGE('',*,*,#1446,.T.);
#1740 = ORIENTED_EDGE('',*,*,#1741,.F.);
#1741 = EDGE_CURVE('',#1512,#1439,#1742,.T.);
#1742 = LINE('',#1743,#1744);
#1743 = CARTESIAN_POINT('',(4.83,0.19,-2.7));
#1744 = VECTOR('',#1745,1.);
#1745 = DIRECTION('',(0.,-1.,4.440892098501E-16));
#1746 = ORIENTED_EDGE('',*,*,#1519,.F.);
#1747 = PLANE('',#1748);
#1748 = AXIS2_PLACEMENT_3D('',#1749,#1750,#1751);
#1749 = CARTESIAN_POINT('',(5.33,0.19,-2.7));
#1750 = DIRECTION('',(0.,-4.440892098501E-16,-1.));
#1751 = DIRECTION('',(-1.,-0.,0.));
#1752 = ADVANCED_FACE('',(#1753),#1764,.T.);
#1753 = FACE_BOUND('',#1754,.T.);
#1754 = EDGE_LOOP('',(#1755,#1756,#1757,#1763));
#1755 = ORIENTED_EDGE('',*,*,#1741,.T.);
#1756 = ORIENTED_EDGE('',*,*,#1438,.T.);
#1757 = ORIENTED_EDGE('',*,*,#1758,.F.);
#1758 = EDGE_CURVE('',#1504,#1431,#1759,.T.);
#1759 = LINE('',#1760,#1761);
#1760 = CARTESIAN_POINT('',(4.83,0.19,0.26));
#1761 = VECTOR('',#1762,1.);
#1762 = DIRECTION('',(0.,-1.,4.440892098501E-16));
#1763 = ORIENTED_EDGE('',*,*,#1511,.F.);
#1764 = PLANE('',#1765);
#1765 = AXIS2_PLACEMENT_3D('',#1766,#1767,#1768);
#1766 = CARTESIAN_POINT('',(4.83,0.19,-2.7));
#1767 = DIRECTION('',(-1.,0.,0.));
#1768 = DIRECTION('',(0.,6.661338147751E-16,1.));
#1769 = ADVANCED_FACE('',(#1770),#1776,.F.);
#1770 = FACE_BOUND('',#1771,.F.);
#1771 = EDGE_LOOP('',(#1772,#1773,#1774,#1775));
#1772 = ORIENTED_EDGE('',*,*,#1468,.T.);
#1773 = ORIENTED_EDGE('',*,*,#1430,.T.);
#1774 = ORIENTED_EDGE('',*,*,#1758,.F.);
#1775 = ORIENTED_EDGE('',*,*,#1503,.F.);
#1776 = PLANE('',#1777);
#1777 = AXIS2_PLACEMENT_3D('',#1778,#1779,#1780);
#1778 = CARTESIAN_POINT('',(3.56,0.19,2.16));
#1779 = DIRECTION('',(0.83137650226,2.467846179738E-16,0.555709556774));
#1780 = DIRECTION('',(0.555709556774,-5.538080009649E-16,-0.83137650226)
  );
#1781 = ADVANCED_FACE('',(#1782),#1793,.F.);
#1782 = FACE_BOUND('',#1783,.F.);
#1783 = EDGE_LOOP('',(#1784,#1790,#1791,#1792));
#1784 = ORIENTED_EDGE('',*,*,#1785,.T.);
#1785 = EDGE_CURVE('',#1645,#1565,#1786,.T.);
#1786 = LINE('',#1787,#1788);
#1787 = CARTESIAN_POINT('',(0.25,0.19,0.26));
#1788 = VECTOR('',#1789,1.);
#1789 = DIRECTION('',(0.,-1.,4.440892098501E-16));
#1790 = ORIENTED_EDGE('',*,*,#1574,.T.);
#1791 = ORIENTED_EDGE('',*,*,#1550,.F.);
#1792 = ORIENTED_EDGE('',*,*,#1654,.F.);
#1793 = PLANE('',#1794);
#1794 = AXIS2_PLACEMENT_3D('',#1795,#1796,#1797);
#1795 = CARTESIAN_POINT('',(0.25,0.19,0.26));
#1796 = DIRECTION('',(-0.83137650226,2.467846179738E-16,0.555709556774)
  );
#1797 = DIRECTION('',(0.555709556774,5.538080009649E-16,0.83137650226));
#1798 = ADVANCED_FACE('',(#1799),#1810,.T.);
#1799 = FACE_BOUND('',#1800,.T.);
#1800 = EDGE_LOOP('',(#1801,#1802,#1803,#1809));
#1801 = ORIENTED_EDGE('',*,*,#1785,.T.);
#1802 = ORIENTED_EDGE('',*,*,#1564,.T.);
#1803 = ORIENTED_EDGE('',*,*,#1804,.F.);
#1804 = EDGE_CURVE('',#1647,#1567,#1805,.T.);
#1805 = LINE('',#1806,#1807);
#1806 = CARTESIAN_POINT('',(0.25,0.19,-2.7));
#1807 = VECTOR('',#1808,1.);
#1808 = DIRECTION('',(0.,-1.,4.440892098501E-16));
#1809 = ORIENTED_EDGE('',*,*,#1644,.F.);
#1810 = PLANE('',#1811);
#1811 = AXIS2_PLACEMENT_3D('',#1812,#1813,#1814);
#1812 = CARTESIAN_POINT('',(0.25,0.19,0.26));
#1813 = DIRECTION('',(1.,0.,0.));
#1814 = DIRECTION('',(0.,-6.661338147751E-16,-1.));
#1815 = ADVANCED_FACE('',(#1816),#1827,.T.);
#1816 = FACE_BOUND('',#1817,.T.);
#1817 = EDGE_LOOP('',(#1818,#1819,#1820,#1826));
#1818 = ORIENTED_EDGE('',*,*,#1804,.T.);
#1819 = ORIENTED_EDGE('',*,*,#1606,.T.);
#1820 = ORIENTED_EDGE('',*,*,#1821,.F.);
#1821 = EDGE_CURVE('',#1672,#1599,#1822,.T.);
#1822 = LINE('',#1823,#1824);
#1823 = CARTESIAN_POINT('',(-0.25,0.19,-2.7));
#1824 = VECTOR('',#1825,1.);
#1825 = DIRECTION('',(0.,-1.,4.440892098501E-16));
#1826 = ORIENTED_EDGE('',*,*,#1679,.F.);
#1827 = PLANE('',#1828);
#1828 = AXIS2_PLACEMENT_3D('',#1829,#1830,#1831);
#1829 = CARTESIAN_POINT('',(0.25,0.19,-2.7));
#1830 = DIRECTION('',(0.,-4.440892098501E-16,-1.));
#1831 = DIRECTION('',(-1.,-0.,0.));
#1832 = ADVANCED_FACE('',(#1833),#1844,.T.);
#1833 = FACE_BOUND('',#1834,.T.);
#1834 = EDGE_LOOP('',(#1835,#1836,#1837,#1843));
#1835 = ORIENTED_EDGE('',*,*,#1821,.T.);
#1836 = ORIENTED_EDGE('',*,*,#1598,.T.);
#1837 = ORIENTED_EDGE('',*,*,#1838,.F.);
#1838 = EDGE_CURVE('',#1664,#1591,#1839,.T.);
#1839 = LINE('',#1840,#1841);
#1840 = CARTESIAN_POINT('',(-0.25,0.19,0.26));
#1841 = VECTOR('',#1842,1.);
#1842 = DIRECTION('',(0.,-1.,4.440892098501E-16));
#1843 = ORIENTED_EDGE('',*,*,#1671,.F.);
#1844 = PLANE('',#1845);
#1845 = AXIS2_PLACEMENT_3D('',#1846,#1847,#1848);
#1846 = CARTESIAN_POINT('',(-0.25,0.19,-2.7));
#1847 = DIRECTION('',(-1.,0.,0.));
#1848 = DIRECTION('',(0.,6.661338147751E-16,1.));
#1849 = ADVANCED_FACE('',(#1850),#1856,.T.);
#1850 = FACE_BOUND('',#1851,.T.);
#1851 = EDGE_LOOP('',(#1852,#1853,#1854,#1855));
#1852 = ORIENTED_EDGE('',*,*,#1838,.T.);
#1853 = ORIENTED_EDGE('',*,*,#1590,.T.);
#1854 = ORIENTED_EDGE('',*,*,#1628,.F.);
#1855 = ORIENTED_EDGE('',*,*,#1663,.F.);
#1856 = PLANE('',#1857);
#1857 = AXIS2_PLACEMENT_3D('',#1858,#1859,#1860);
#1858 = CARTESIAN_POINT('',(-0.25,0.19,0.26));
#1859 = DIRECTION('',(-0.83137650226,2.467846179738E-16,0.555709556774)
  );
#1860 = DIRECTION('',(0.555709556774,5.538080009649E-16,0.83137650226));
#1861 = ( GEOMETRIC_REPRESENTATION_CONTEXT(3) 
GLOBAL_UNCERTAINTY_ASSIGNED_CONTEXT((#1865)) 
GLOBAL_UNIT_ASSIGNED_CONTEXT((#1862,#1863,#1864)) REPRESENTATION_CONTEXT
('Context #1','3D Context with UNIT and UNCERTAINTY') );
#1862 = ( LENGTH_UNIT() NAMED_UNIT(*) SI_UNIT(.MILLI.,.METRE.) );
#1863 = ( NAMED_UNIT(*) PLANE_ANGLE_UNIT() SI_UNIT($,.RADIAN.) );
#1864 = ( NAMED_UNIT(*) SI_UNIT($,.STERADIAN.) SOLID_ANGLE_UNIT() );
#1865 = UNCERTAINTY_MEASURE_WITH_UNIT(LENGTH_MEASURE(1.E-07),#1862,
  'distance_accuracy_value','confusion accuracy');
#1866 = CONTEXT_DEPENDENT_SHAPE_REPRESENTATION(#1867,#1869);
#1867 = ( REPRESENTATION_RELATIONSHIP('','',#1084,#1061) 
REPRESENTATION_RELATIONSHIP_WITH_TRANSFORMATION(#1868) 
SHAPE_REPRESENTATION_RELATIONSHIP() );
#1868 = ITEM_DEFINED_TRANSFORMATION('','',#11,#1062);
#1869 = PRODUCT_DEFINITION_SHAPE('Placement','Placement of an item',
  #1870);
#1870 = NEXT_ASSEMBLY_USAGE_OCCURRENCE('8','=>[0:1:1:7]','',#1056,#1079,
  $);
#1871 = PRODUCT_RELATED_PRODUCT_CATEGORY('part',$,(#1081));
#1872 = CONTEXT_DEPENDENT_SHAPE_REPRESENTATION(#1873,#1875);
#1873 = ( REPRESENTATION_RELATIONSHIP('','',#188,#10) 
REPRESENTATION_RELATIONSHIP_WITH_TRANSFORMATION(#1874) 
SHAPE_REPRESENTATION_RELATIONSHIP() );
#1874 = ITEM_DEFINED_TRANSFORMATION('','',#11,#39);
#1875 = PRODUCT_DEFINITION_SHAPE('Placement','Placement of an item',
  #1876);
#1876 = NEXT_ASSEMBLY_USAGE_OCCURRENCE('10','R_LED2','',#5,#183,$);
#1877 = SHAPE_DEFINITION_REPRESENTATION(#1878,#1884);
#1878 = PRODUCT_DEFINITION_SHAPE('','',#1879);
#1879 = PRODUCT_DEFINITION('design','',#1880,#1883);
#1880 = PRODUCT_DEFINITION_FORMATION('','',#1881);
#1881 = PRODUCT('C_Disc_D5.0mm_W2.5mm_P5.00mm',
  'C_Disc_D5.0mm_W2.5mm_P5.00mm','',(#1882));
#1882 = PRODUCT_CONTEXT('',#2,'mechanical');
#1883 = PRODUCT_DEFINITION_CONTEXT('part definition',#2,'design');
#1884 = SHAPE_REPRESENTATION('',(#11,#1885),#1889);
#1885 = AXIS2_PLACEMENT_3D('',#1886,#1887,#1888);
#1886 = CARTESIAN_POINT('',(0.,0.,0.));
#1887 = DIRECTION('',(0.,0.,1.));
#1888 = DIRECTION('',(1.,0.,-0.));
#1889 = ( GEOMETRIC_REPRESENTATION_CONTEXT(3) 
GLOBAL_UNCERTAINTY_ASSIGNED_CONTEXT((#1893)) 
GLOBAL_UNIT_ASSIGNED_CONTEXT((#1890,#1891,#1892)) REPRESENTATION_CONTEXT
('Context #1','3D Context with UNIT and UNCERTAINTY') );
#1890 = ( LENGTH_UNIT() NAMED_UNIT(*) SI_UNIT(.MILLI.,.METRE.) );
#1891 = ( NAMED_UNIT(*) PLANE_ANGLE_UNIT() SI_UNIT($,.RADIAN.) );
#1892 = ( NAMED_UNIT(*) SI_UNIT($,.STERADIAN.) SOLID_ANGLE_UNIT() );
#1893 = UNCERTAINTY_MEASURE_WITH_UNIT(LENGTH_MEASURE(2.E-07),#1890,
  'distance_accuracy_value','confusion accuracy');
#1894 = CONTEXT_DEPENDENT_SHAPE_REPRESENTATION(#1895,#1897);
#1895 = ( REPRESENTATION_RELATIONSHIP('','',#1884,#10) 
REPRESENTATION_RELATIONSHIP_WITH_TRANSFORMATION(#1896) 
SHAPE_REPRESENTATION_RELATIONSHIP() );
#1896 = ITEM_DEFINED_TRANSFORMATION('','',#11,#43);
#1897 = PRODUCT_DEFINITION_SHAPE('Placement','Placement of an item',
  #1898);
#1898 = NEXT_ASSEMBLY_USAGE_OCCURRENCE('12','C_byp2','',#5,#1879,$);
#1899 = PRODUCT_RELATED_PRODUCT_CATEGORY('part',$,(#1881));
#1900 = SHAPE_DEFINITION_REPRESENTATION(#1901,#1907);
#1901 = PRODUCT_DEFINITION_SHAPE('','',#1902);
#1902 = PRODUCT_DEFINITION('design','',#1903,#1906);
#1903 = PRODUCT_DEFINITION_FORMATION('','',#1904);
#1904 = PRODUCT('C_Disc_D50mm_W25mm_P500mm','C_Disc_D50mm_W25mm_P500mm',
  '',(#1905));
#1905 = PRODUCT_CONTEXT('',#2,'mechanical');
#1906 = PRODUCT_DEFINITION_CONTEXT('part definition',#2,'design');
#1907 = ADVANCED_BREP_SHAPE_REPRESENTATION('',(#11,#1908),#2390);
#1908 = MANIFOLD_SOLID_BREP('',#1909);
#1909 = CLOSED_SHELL('',(#1910,#1927,#1952,#1982,#2116,#2217,#2299,#2326
    ,#2356,#2381));
#1910 = ADVANCED_FACE('',(#1911),#1922,.T.);
#1911 = FACE_BOUND('',#1912,.F.);
#1912 = EDGE_LOOP('',(#1913));
#1913 = ORIENTED_EDGE('',*,*,#1914,.T.);
#1914 = EDGE_CURVE('',#1915,#1915,#1917,.T.);
#1915 = VERTEX_POINT('',#1916);
#1916 = CARTESIAN_POINT('',(5.,0.25,-2.));
#1917 = CIRCLE('',#1918,0.25);
#1918 = AXIS2_PLACEMENT_3D('',#1919,#1920,#1921);
#1919 = CARTESIAN_POINT('',(5.,0.,-2.));
#1920 = DIRECTION('',(0.,-0.,1.));
#1921 = DIRECTION('',(1.144237745222E-17,1.,0.));
#1922 = PLANE('',#1923);
#1923 = AXIS2_PLACEMENT_3D('',#1924,#1925,#1926);
#1924 = CARTESIAN_POINT('',(5.,0.25,-2.));
#1925 = DIRECTION('',(-0.,0.,-1.));
#1926 = DIRECTION('',(-1.144237745222E-17,-1.,0.));
#1927 = ADVANCED_FACE('',(#1928),#1947,.T.);
#1928 = FACE_BOUND('',#1929,.T.);
#1929 = EDGE_LOOP('',(#1930,#1938,#1945,#1946));
#1930 = ORIENTED_EDGE('',*,*,#1931,.T.);
#1931 = EDGE_CURVE('',#1915,#1932,#1934,.T.);
#1932 = VERTEX_POINT('',#1933);
#1933 = CARTESIAN_POINT('',(5.,0.25,0.85));
#1934 = LINE('',#1935,#1936);
#1935 = CARTESIAN_POINT('',(5.,0.25,-2.));
#1936 = VECTOR('',#1937,1.);
#1937 = DIRECTION('',(0.,0.,1.));
#1938 = ORIENTED_EDGE('',*,*,#1939,.F.);
#1939 = EDGE_CURVE('',#1932,#1932,#1940,.T.);
#1940 = CIRCLE('',#1941,0.25);
#1941 = AXIS2_PLACEMENT_3D('',#1942,#1943,#1944);
#1942 = CARTESIAN_POINT('',(5.,0.,0.85));
#1943 = DIRECTION('',(0.,-0.,1.));
#1944 = DIRECTION('',(1.144237745222E-17,1.,0.));
#1945 = ORIENTED_EDGE('',*,*,#1931,.F.);
#1946 = ORIENTED_EDGE('',*,*,#1914,.T.);
#1947 = CYLINDRICAL_SURFACE('',#1948,0.25);
#1948 = AXIS2_PLACEMENT_3D('',#1949,#1950,#1951);
#1949 = CARTESIAN_POINT('',(5.,0.,-2.));
#1950 = DIRECTION('',(0.,-0.,-1.));
#1951 = DIRECTION('',(1.144237745222E-17,1.,0.));
#1952 = ADVANCED_FACE('',(#1953),#1973,.F.);
#1953 = FACE_BOUND('',#1954,.F.);
#1954 = EDGE_LOOP('',(#1955,#1964,#1965,#1966));
#1955 = ORIENTED_EDGE('',*,*,#1956,.F.);
#1956 = EDGE_CURVE('',#1932,#1957,#1959,.T.);
#1957 = VERTEX_POINT('',#1958);
#1958 = CARTESIAN_POINT('',(4.933012701892,0.25,1.1));
#1959 = CIRCLE('',#1960,0.5);
#1960 = AXIS2_PLACEMENT_3D('',#1961,#1962,#1963);
#1961 = CARTESIAN_POINT('',(4.5,0.25,0.85));
#1962 = DIRECTION('',(-1.144237745222E-17,-1.,0.));
#1963 = DIRECTION('',(1.,-1.144237745222E-17,0.));
#1964 = ORIENTED_EDGE('',*,*,#1939,.F.);
#1965 = ORIENTED_EDGE('',*,*,#1956,.T.);
#1966 = ORIENTED_EDGE('',*,*,#1967,.T.);
#1967 = EDGE_CURVE('',#1957,#1957,#1968,.T.);
#1968 = CIRCLE('',#1969,0.25);
#1969 = AXIS2_PLACEMENT_3D('',#1970,#1971,#1972);
#1970 = CARTESIAN_POINT('',(4.933012701892,5.500816221034E-34,1.1));
#1971 = DIRECTION('',(-0.5,5.721188726112E-18,0.866025403784));
#1972 = DIRECTION('',(1.144237745222E-17,1.,0.));
#1973 = SURFACE_OF_REVOLUTION('',#1974,#1979);
#1974 = CIRCLE('',#1975,0.25);
#1975 = AXIS2_PLACEMENT_3D('',#1976,#1977,#1978);
#1976 = CARTESIAN_POINT('',(5.,0.,0.85));
#1977 = DIRECTION('',(0.,-0.,1.));
#1978 = DIRECTION('',(1.144237745222E-17,1.,0.));
#1979 = AXIS1_PLACEMENT('',#1980,#1981);
#1980 = CARTESIAN_POINT('',(4.5,-4.,0.85));
#1981 = DIRECTION('',(-1.144237745222E-17,-1.,0.));
#1982 = ADVANCED_FACE('',(#1983),#2111,.T.);
#1983 = FACE_BOUND('',#1984,.T.);
#1984 = EDGE_LOOP('',(#1985,#1993,#2030,#2086,#2109,#2110));
#1985 = ORIENTED_EDGE('',*,*,#1986,.T.);
#1986 = EDGE_CURVE('',#1957,#1987,#1989,.T.);
#1987 = VERTEX_POINT('',#1988);
#1988 = CARTESIAN_POINT('',(4.598334876348,0.25,1.67967899801));
#1989 = LINE('',#1990,#1991);
#1990 = CARTESIAN_POINT('',(4.933012701892,0.25,1.1));
#1991 = VECTOR('',#1992,1.);
#1992 = DIRECTION('',(-0.5,5.721188726112E-18,0.866025403784));
#1993 = ORIENTED_EDGE('',*,*,#1994,.F.);
#1994 = EDGE_CURVE('',#1995,#1987,#1997,.T.);
#1995 = VERTEX_POINT('',#1996);
#1996 = CARTESIAN_POINT('',(4.849268064747,2.22044604925E-16,
    1.745049966396));
#1997 = B_SPLINE_CURVE_WITH_KNOTS('',7,(#1998,#1999,#2000,#2001,#2002,
    #2003,#2004,#2005,#2006,#2007,#2008,#2009,#2010,#2011,#2012,#2013,
    #2014,#2015,#2016,#2017,#2018,#2019,#2020,#2021,#2022,#2023,#2024,
    #2025,#2026,#2027,#2028,#2029),.UNSPECIFIED.,.F.,.F.,(8,6,6,6,6,8),(
    0.,0.241763709565,0.410219393977,0.53652090117,0.746819928834,1.),
  .UNSPECIFIED.);
#1998 = CARTESIAN_POINT('',(4.849268064747,2.22044604925E-16,
    1.745049966396));
#1999 = CARTESIAN_POINT('',(4.844364001498,1.001758874615E-02,
    1.753544053108));
#2000 = CARTESIAN_POINT('',(4.839050542048,2.032222277663E-02,
    1.761810882376));
#2001 = CARTESIAN_POINT('',(4.833282119644,3.09553234543E-02,
    1.769830860094));
#2002 = CARTESIAN_POINT('',(4.827007808277,4.19533636841E-02,
    1.777563706468));
#2003 = CARTESIAN_POINT('',(4.820156869887,5.335972239721E-02,
    1.784937757425));
#2004 = CARTESIAN_POINT('',(4.812654445026,6.521344490044E-02,
    1.791860790374));
#2005 = CARTESIAN_POINT('',(4.798541655418,8.626048624641E-02,
    1.802556496601));
#2006 = CARTESIAN_POINT('',(4.792502758244,9.494432076344E-02,
    1.80653384436));
#2007 = CARTESIAN_POINT('',(4.786214684815,0.103658414056,1.810054547962
    ));
#2008 = CARTESIAN_POINT('',(4.779676548822,0.112384519975,1.813070715723
    ));
#2009 = CARTESIAN_POINT('',(4.772892242487,0.121096801108,1.815528388152
    ));
#2010 = CARTESIAN_POINT('',(4.765870436561,0.129761828785,1.817367537947
    ));
#2011 = CARTESIAN_POINT('',(4.753191919698,0.144769099183,1.819387693132
    ));
#2012 = CARTESIAN_POINT('',(4.747633142674,0.151151003548,1.819870466346
    ));
#2013 = CARTESIAN_POINT('',(4.741957304551,0.157462287585,1.819940124931
    ));
#2014 = CARTESIAN_POINT('',(4.736177207874,0.16367854908,1.819570425239)
  );
#2015 = CARTESIAN_POINT('',(4.730309402433,0.169772992177,1.818739144678
    ));
#2016 = CARTESIAN_POINT('',(4.724374185264,0.175716427387,1.817428081711
    ));
#2017 = CARTESIAN_POINT('',(4.708440925053,0.191069397272,1.812617587517
    ));
#2018 = CARTESIAN_POINT('',(4.698342251762,0.200179567672,1.808239048518
    ));
#2019 = CARTESIAN_POINT('',(4.688276068011,0.208600246808,1.802446960471
    ));
#2020 = CARTESIAN_POINT('',(4.678382446843,0.216203663219,1.795293526394
    ));
#2021 = CARTESIAN_POINT('',(4.668780572755,0.222911046087,1.786901062703
    ));
#2022 = CARTESIAN_POINT('',(4.659576067045,0.228682208447,1.777454057665
    ));
#2023 = CARTESIAN_POINT('',(4.640366931202,0.239356313732,1.754867994485
    ));
#2024 = CARTESIAN_POINT('',(4.631423567489,0.24337539305,1.742360451828)
  );
#2025 = CARTESIAN_POINT('',(4.623444904041,0.246276217548,1.729806365285
    ));
#2026 = CARTESIAN_POINT('',(4.616297148448,0.248221538981,1.717250157528
    ));
#2027 = CARTESIAN_POINT('',(4.60978615485,0.249434404961,1.704718873159)
  );
#2028 = CARTESIAN_POINT('',(4.603828651289,0.249999998934,1.692204820721
    ));
#2029 = CARTESIAN_POINT('',(4.598334876348,0.25,1.67967899801));
#2030 = ORIENTED_EDGE('',*,*,#2031,.F.);
#2031 = EDGE_CURVE('',#2032,#1995,#2034,.T.);
#2032 = VERTEX_POINT('',#2033);
#2033 = CARTESIAN_POINT('',(4.579497089263,2.22044604925E-16,
    1.212307002343));
#2034 = B_SPLINE_CURVE_WITH_KNOTS('',8,(#2035,#2036,#2037,#2038,#2039,
    #2040,#2041,#2042,#2043,#2044,#2045,#2046,#2047,#2048,#2049,#2050,
    #2051,#2052,#2053,#2054,#2055,#2056,#2057,#2058,#2059,#2060,#2061,
    #2062,#2063,#2064,#2065,#2066,#2067,#2068,#2069,#2070,#2071,#2072,
    #2073,#2074,#2075,#2076,#2077,#2078,#2079,#2080,#2081,#2082,#2083,
    #2084,#2085),.UNSPECIFIED.,.F.,.F.,(9,7,7,7,7,7,7,9),(0.,
    0.19078736286,0.369786424479,0.513703292981,0.651485740399,
    0.719841574329,0.850671073529,1.),.UNSPECIFIED.);
#2035 = CARTESIAN_POINT('',(4.579497089263,2.498001805407E-16,
    1.212307002343));
#2036 = CARTESIAN_POINT('',(4.573387972941,-1.460665884341E-02,
    1.222888302202));
#2037 = CARTESIAN_POINT('',(4.567872793808,-2.901585421323E-02,
    1.234391492263));
#2038 = CARTESIAN_POINT('',(4.562924967853,-4.321614467519E-02,
    1.246770598809));
#2039 = CARTESIAN_POINT('',(4.558529269717,-5.719266388664E-02,
    1.259994825522));
#2040 = CARTESIAN_POINT('',(4.554678380237,-7.092786565873E-02,
    1.274043557557));
#2041 = CARTESIAN_POINT('',(4.551371358063,-8.440178729829E-02,
    1.288904308098));
#2042 = CARTESIAN_POINT('',(4.54861403534,-9.75918312297E-02,
    1.304573607428));
#2043 = CARTESIAN_POINT('',(4.544364121213,-0.122556459299,
    1.336529354653));
#2044 = CARTESIAN_POINT('',(4.54280525738,-0.134360058047,1.352707443955
    ));
#2045 = CARTESIAN_POINT('',(4.541755282839,-0.145866851387,
    1.369607709551));
#2046 = CARTESIAN_POINT('',(4.541233573854,-0.157050082566,
    1.387243425374));
#2047 = CARTESIAN_POINT('',(4.541269384929,-0.167871628778,
    1.405629460697));
#2048 = CARTESIAN_POINT('',(4.541900768006,-0.178282922567,
    1.424780748836));
#2049 = CARTESIAN_POINT('',(4.543178413136,-0.188223408141,
    1.444716731634));
#2050 = CARTESIAN_POINT('',(4.546791913086,-0.205161463833,
    1.482174244549));
#2051 = CARTESIAN_POINT('',(4.548867568358,-0.212336815491,
    1.499365112402));
#2052 = CARTESIAN_POINT('',(4.551449322994,-0.21911262951,1.517101248612
    ));
#2053 = CARTESIAN_POINT('',(4.554588949033,-0.225434790367,
    1.535405455025));
#2054 = CARTESIAN_POINT('',(4.558351203287,-0.23121980149,1.554273840107
    ));
#2055 = CARTESIAN_POINT('',(4.562809380792,-0.236360279408,1.57367194637
    ));
#2056 = CARTESIAN_POINT('',(4.56804938678,-0.240723818141,1.593536348114
    ));
#2057 = CARTESIAN_POINT('',(4.580083375897,-0.247394677691,
    1.633180338834));
#2058 = CARTESIAN_POINT('',(4.586845109335,-0.249805464857,1.65307009704
    ));
#2059 = CARTESIAN_POINT('',(4.594548081019,-0.25114837322,1.673181590757
    ));
#2060 = CARTESIAN_POINT('',(4.603234095602,-0.251199397317,
    1.693144207547));
#2061 = CARTESIAN_POINT('',(4.612904709005,-0.249766604459,
    1.712525487432));
#2062 = CARTESIAN_POINT('',(4.623510669589,-0.246703489644,
    1.730835828697));
#2063 = CARTESIAN_POINT('',(4.634913431764,-0.241958998128,
    1.747561890486));
#2064 = CARTESIAN_POINT('',(4.652674340329,-0.232636318869,
    1.769587500065));
#2065 = CARTESIAN_POINT('',(4.658793561142,-0.229121074946,
    1.776545002843));
#2066 = CARTESIAN_POINT('',(4.665132494898,-0.225165084099,1.78308873275
    ));
#2067 = CARTESIAN_POINT('',(4.671673437455,-0.220762392381,
    1.789157782984));
#2068 = CARTESIAN_POINT('',(4.678390938392,-0.215918012519,
    1.794697882872));
#2069 = CARTESIAN_POINT('',(4.685251801011,-0.210647923916,1.79966139787
    ));
#2070 = CARTESIAN_POINT('',(4.692215082337,-0.204979072648,1.80400732956
    ));
#2071 = CARTESIAN_POINT('',(4.712662285579,-0.187408838047,
    1.814771412284));
#2072 = CARTESIAN_POINT('',(4.725089984166,-0.175584738619,
    1.818840798146));
#2073 = CARTESIAN_POINT('',(4.736706919844,-0.16366938184,1.820787771474
    ));
#2074 = CARTESIAN_POINT('',(4.747577380936,-0.151759451498,
    1.821004004895));
#2075 = CARTESIAN_POINT('',(4.757786419455,-0.13992141729,1.819855513126
    ));
#2076 = CARTESIAN_POINT('',(4.767404145421,-0.128164571922,
    1.817548969936));
#2077 = CARTESIAN_POINT('',(4.776513227192,-0.116465113698,
    1.814245747812));
#2078 = CARTESIAN_POINT('',(4.795110133981,-9.138315207225E-02,
    1.805184241801));
#2079 = CARTESIAN_POINT('',(4.804401047084,-7.808906169928E-02,
    1.79917878212));
#2080 = CARTESIAN_POINT('',(4.813131750415,-6.487082818957E-02,
    1.792169953268));
#2081 = CARTESIAN_POINT('',(4.821336999308,-5.173108947652E-02,
    1.784267640052));
#2082 = CARTESIAN_POINT('',(4.829040151353,-3.867252726795E-02,
    1.77555243203));
#2083 = CARTESIAN_POINT('',(4.836257613555,-2.569717297862E-02,
    1.766085410303));
#2084 = CARTESIAN_POINT('',(4.842998828532,-1.280624391766E-02,
    1.755908602047));
#2085 = CARTESIAN_POINT('',(4.849268064747,2.498001805407E-16,
    1.745049966396));
#2086 = ORIENTED_EDGE('',*,*,#2087,.F.);
#2087 = EDGE_CURVE('',#1987,#2032,#2088,.T.);
#2088 = B_SPLINE_CURVE_WITH_KNOTS('',7,(#2089,#2090,#2091,#2092,#2093,
    #2094,#2095,#2096,#2097,#2098,#2099,#2100,#2101,#2102,#2103,#2104,
    #2105,#2106,#2107,#2108),.UNSPECIFIED.,.F.,.F.,(8,6,6,8),(0.,
    0.281994812219,0.607907449028,1.),.UNSPECIFIED.);
#2089 = CARTESIAN_POINT('',(4.598334876348,0.25,1.67967899801));
#2090 = CARTESIAN_POINT('',(4.59140316225,0.249999998655,1.663874664792)
  );
#2091 = CARTESIAN_POINT('',(4.584779319419,0.249097702928,1.647066430358
    ));
#2092 = CARTESIAN_POINT('',(4.57848797922,0.247237965056,1.629245900853)
  );
#2093 = CARTESIAN_POINT('',(4.572567416869,0.244351132052,1.610414633265
    ));
#2094 = CARTESIAN_POINT('',(4.567069136716,0.240354966676,1.590588712837
    ));
#2095 = CARTESIAN_POINT('',(4.562056059024,0.235162078935,1.569806567483
    ));
#2096 = CARTESIAN_POINT('',(4.552465184222,0.221156737986,1.523036611148
    ));
#2097 = CARTESIAN_POINT('',(4.548017978227,0.211820586954,1.496455272772
    ));
#2098 = CARTESIAN_POINT('',(4.544499521247,0.2005382536,1.468779146536)
  );
#2099 = CARTESIAN_POINT('',(4.542122564392,0.187310533223,1.440582892474
    ));
#2100 = CARTESIAN_POINT('',(4.541040445648,0.172323535548,1.41259935383)
  );
#2101 = CARTESIAN_POINT('',(4.541313919702,0.156017752716,1.385700124238
    ));
#2102 = CARTESIAN_POINT('',(4.54438761915,0.119293483306,1.331066240948)
  );
#2103 = CARTESIAN_POINT('',(4.547692372034,9.868060220454E-02,
    1.304224275262));
#2104 = CARTESIAN_POINT('',(4.552320107241,7.804002353955E-02,
    1.280481999293));
#2105 = CARTESIAN_POINT('',(4.557990364705,5.773102402524E-02,
    1.259686288118));
#2106 = CARTESIAN_POINT('',(4.564484824922,3.794535222575E-02,
    1.241582242932));
#2107 = CARTESIAN_POINT('',(4.571664728431,1.872686925256E-02,
    1.225873049248));
#2108 = CARTESIAN_POINT('',(4.579497089263,2.22044604925E-16,
    1.212307002343));
#2109 = ORIENTED_EDGE('',*,*,#1986,.F.);
#2110 = ORIENTED_EDGE('',*,*,#1967,.T.);
#2111 = CYLINDRICAL_SURFACE('',#2112,0.25);
#2112 = AXIS2_PLACEMENT_3D('',#2113,#2114,#2115);
#2113 = CARTESIAN_POINT('',(4.933012701892,0.,1.1));
#2114 = DIRECTION('',(0.5,-5.721188726112E-18,-0.866025403784));
#2115 = DIRECTION('',(1.144237745222E-17,1.,0.));
#2116 = ADVANCED_FACE('',(#2117),#2212,.T.);
#2117 = FACE_BOUND('',#2118,.T.);
#2118 = EDGE_LOOP('',(#2119,#2130,#2131,#2138,#2139,#2140,#2149,#2205));
#2119 = ORIENTED_EDGE('',*,*,#2120,.F.);
#2120 = EDGE_CURVE('',#2121,#2123,#2125,.T.);
#2121 = VERTEX_POINT('',#2122);
#2122 = CARTESIAN_POINT('',(2.5,1.25,2.6));
#2123 = VERTEX_POINT('',#2124);
#2124 = CARTESIAN_POINT('',(-8.881784197001E-16,2.22044604925E-16,2.6));
#2125 = CIRCLE('',#2126,3.125);
#2126 = AXIS2_PLACEMENT_3D('',#2127,#2128,#2129);
#2127 = CARTESIAN_POINT('',(2.5,-1.875,2.6));
#2128 = DIRECTION('',(0.,0.,1.));
#2129 = DIRECTION('',(-7.105427357601E-16,1.,0.));
#2130 = ORIENTED_EDGE('',*,*,#2120,.T.);
#2131 = ORIENTED_EDGE('',*,*,#2132,.F.);
#2132 = EDGE_CURVE('',#1995,#2123,#2133,.T.);
#2133 = CIRCLE('',#2134,2.5);
#2134 = AXIS2_PLACEMENT_3D('',#2135,#2136,#2137);
#2135 = CARTESIAN_POINT('',(2.5,2.22044604925E-16,2.6));
#2136 = DIRECTION('',(0.,-1.,0.));
#2137 = DIRECTION('',(-1.,0.,0.));
#2138 = ORIENTED_EDGE('',*,*,#1994,.T.);
#2139 = ORIENTED_EDGE('',*,*,#2087,.T.);
#2140 = ORIENTED_EDGE('',*,*,#2141,.F.);
#2141 = EDGE_CURVE('',#2142,#2032,#2144,.T.);
#2142 = VERTEX_POINT('',#2143);
#2143 = CARTESIAN_POINT('',(0.420502910737,2.22044604925E-16,
    1.212307002343));
#2144 = CIRCLE('',#2145,2.5);
#2145 = AXIS2_PLACEMENT_3D('',#2146,#2147,#2148);
#2146 = CARTESIAN_POINT('',(2.5,2.22044604925E-16,2.6));
#2147 = DIRECTION('',(0.,-1.,0.));
#2148 = DIRECTION('',(-1.,0.,0.));
#2149 = ORIENTED_EDGE('',*,*,#2150,.T.);
#2150 = EDGE_CURVE('',#2142,#2151,#2153,.T.);
#2151 = VERTEX_POINT('',#2152);
#2152 = CARTESIAN_POINT('',(0.150731935253,2.22044604925E-16,
    1.745049966396));
#2153 = B_SPLINE_CURVE_WITH_KNOTS('',8,(#2154,#2155,#2156,#2157,#2158,
    #2159,#2160,#2161,#2162,#2163,#2164,#2165,#2166,#2167,#2168,#2169,
    #2170,#2171,#2172,#2173,#2174,#2175,#2176,#2177,#2178,#2179,#2180,
    #2181,#2182,#2183,#2184,#2185,#2186,#2187,#2188,#2189,#2190,#2191,
    #2192,#2193,#2194,#2195,#2196,#2197,#2198,#2199,#2200,#2201,#2202,
    #2203,#2204),.UNSPECIFIED.,.F.,.F.,(9,7,7,7,7,7,7,9),(0.,
    0.190787362857,0.369786424466,0.513703292965,0.651485740381,
    0.719841574311,0.85067107352,1.),.UNSPECIFIED.);
#2154 = CARTESIAN_POINT('',(0.420502910737,2.22044604925E-16,
    1.212307002343));
#2155 = CARTESIAN_POINT('',(0.426612027059,1.460665884349E-02,
    1.222888302202));
#2156 = CARTESIAN_POINT('',(0.432127206192,2.90158542134E-02,
    1.234391492264));
#2157 = CARTESIAN_POINT('',(0.437075032147,4.321614467543E-02,
    1.246770598809));
#2158 = CARTESIAN_POINT('',(0.441470730283,5.719266388696E-02,
    1.259994825523));
#2159 = CARTESIAN_POINT('',(0.445321619763,7.092786565911E-02,
    1.274043557557));
#2160 = CARTESIAN_POINT('',(0.448628641937,8.440178729875E-02,
    1.288904308099));
#2161 = CARTESIAN_POINT('',(0.45138596466,9.759183123022E-02,
    1.304573607429));
#2162 = CARTESIAN_POINT('',(0.455635878787,0.122556459299,1.336529354654
    ));
#2163 = CARTESIAN_POINT('',(0.45719474262,0.134360058047,1.352707443955)
  );
#2164 = CARTESIAN_POINT('',(0.458244717161,0.145866851387,1.36960770955)
  );
#2165 = CARTESIAN_POINT('',(0.458766426146,0.157050082565,1.387243425373
    ));
#2166 = CARTESIAN_POINT('',(0.458730615071,0.167871628776,1.405629460695
    ));
#2167 = CARTESIAN_POINT('',(0.458099231994,0.178282922565,1.424780748833
    ));
#2168 = CARTESIAN_POINT('',(0.456821586864,0.188223408139,1.444716731629
    ));
#2169 = CARTESIAN_POINT('',(0.453208086915,0.205161463831,1.482174244543
    ));
#2170 = CARTESIAN_POINT('',(0.451132431643,0.212336815489,1.499365112397
    ));
#2171 = CARTESIAN_POINT('',(0.448550677007,0.219112629508,1.517101248607
    ));
#2172 = CARTESIAN_POINT('',(0.445411050968,0.225434790365,1.535405455019
    ));
#2173 = CARTESIAN_POINT('',(0.441648796714,0.231219801489,1.554273840102
    ));
#2174 = CARTESIAN_POINT('',(0.437190619209,0.236360279407,1.573671946365
    ));
#2175 = CARTESIAN_POINT('',(0.431950613221,0.24072381814,1.593536348108)
  );
#2176 = CARTESIAN_POINT('',(0.419916624105,0.24739467769,1.633180338828)
  );
#2177 = CARTESIAN_POINT('',(0.413154890668,0.249805464856,1.653070097035
    ));
#2178 = CARTESIAN_POINT('',(0.405451918983,0.25114837322,1.673181590751)
  );
#2179 = CARTESIAN_POINT('',(0.396765904401,0.251199397317,1.693144207542
    ));
#2180 = CARTESIAN_POINT('',(0.387095290998,0.249766604459,1.712525487427
    ));
#2181 = CARTESIAN_POINT('',(0.376489330414,0.246703489645,1.730835828693
    ));
#2182 = CARTESIAN_POINT('',(0.365086568239,0.24195899813,1.747561890482)
  );
#2183 = CARTESIAN_POINT('',(0.347325659674,0.232636318871,1.769587500061
    ));
#2184 = CARTESIAN_POINT('',(0.341206438861,0.229121074948,1.776545002841
    ));
#2185 = CARTESIAN_POINT('',(0.334867505104,0.225165084101,1.783088732748
    ));
#2186 = CARTESIAN_POINT('',(0.328326562548,0.220762392383,1.789157782982
    ));
#2187 = CARTESIAN_POINT('',(0.321609061611,0.215918012521,1.79469788287)
  );
#2188 = CARTESIAN_POINT('',(0.314748198992,0.210647923918,1.799661397867
    ));
#2189 = CARTESIAN_POINT('',(0.307784917667,0.204979072651,1.804007329558
    ));
#2190 = CARTESIAN_POINT('',(0.287337714424,0.187408838051,1.814771412283
    ));
#2191 = CARTESIAN_POINT('',(0.274910015837,0.175584738623,1.818840798145
    ));
#2192 = CARTESIAN_POINT('',(0.263293080159,0.163669381843,1.820787771474
    ));
#2193 = CARTESIAN_POINT('',(0.252422619066,0.151759451501,1.821004004895
    ));
#2194 = CARTESIAN_POINT('',(0.242213580548,0.139921417292,1.819855513126
    ));
#2195 = CARTESIAN_POINT('',(0.23259585458,0.128164571924,1.817548969937)
  );
#2196 = CARTESIAN_POINT('',(0.223486772809,0.1164651137,1.814245747813)
  );
#2197 = CARTESIAN_POINT('',(0.20488986602,9.138315207386E-02,
    1.805184241801));
#2198 = CARTESIAN_POINT('',(0.195598952917,7.808906170067E-02,
    1.799178782121));
#2199 = CARTESIAN_POINT('',(0.186868249586,6.487082819071E-02,
    1.792169953268));
#2200 = CARTESIAN_POINT('',(0.178663000692,5.173108947742E-02,
    1.784267640052));
#2201 = CARTESIAN_POINT('',(0.170959848647,3.867252726864E-02,
    1.775552432031));
#2202 = CARTESIAN_POINT('',(0.163742386445,2.569717297907E-02,
    1.766085410303));
#2203 = CARTESIAN_POINT('',(0.157001171468,1.280624391788E-02,
    1.755908602047));
#2204 = CARTESIAN_POINT('',(0.150731935253,2.22044604925E-16,
    1.745049966396));
#2205 = ORIENTED_EDGE('',*,*,#2206,.F.);
#2206 = EDGE_CURVE('',#2123,#2151,#2207,.T.);
#2207 = CIRCLE('',#2208,2.5);
#2208 = AXIS2_PLACEMENT_3D('',#2209,#2210,#2211);
#2209 = CARTESIAN_POINT('',(2.5,2.22044604925E-16,2.6));
#2210 = DIRECTION('',(0.,-1.,0.));
#2211 = DIRECTION('',(-1.,0.,0.));
#2212 = SPHERICAL_SURFACE('',#2213,3.125);
#2213 = AXIS2_PLACEMENT_3D('',#2214,#2215,#2216);
#2214 = CARTESIAN_POINT('',(2.5,-1.875,2.6));
#2215 = DIRECTION('',(0.,-1.,0.));
#2216 = DIRECTION('',(-1.,0.,0.));
#2217 = ADVANCED_FACE('',(#2218),#2294,.T.);
#2218 = FACE_BOUND('',#2219,.T.);
#2219 = EDGE_LOOP('',(#2220,#2229,#2230,#2267,#2290,#2291,#2292,#2293));
#2220 = ORIENTED_EDGE('',*,*,#2221,.F.);
#2221 = EDGE_CURVE('',#2123,#2222,#2224,.T.);
#2222 = VERTEX_POINT('',#2223);
#2223 = CARTESIAN_POINT('',(2.5,-1.25,2.6));
#2224 = CIRCLE('',#2225,3.125);
#2225 = AXIS2_PLACEMENT_3D('',#2226,#2227,#2228);
#2226 = CARTESIAN_POINT('',(2.5,1.875,2.6));
#2227 = DIRECTION('',(0.,0.,1.));
#2228 = DIRECTION('',(-0.8,-0.6,0.));
#2229 = ORIENTED_EDGE('',*,*,#2206,.T.);
#2230 = ORIENTED_EDGE('',*,*,#2231,.T.);
#2231 = EDGE_CURVE('',#2151,#2232,#2234,.T.);
#2232 = VERTEX_POINT('',#2233);
#2233 = CARTESIAN_POINT('',(0.401665123652,-0.25,1.67967899801));
#2234 = B_SPLINE_CURVE_WITH_KNOTS('',7,(#2235,#2236,#2237,#2238,#2239,
    #2240,#2241,#2242,#2243,#2244,#2245,#2246,#2247,#2248,#2249,#2250,
    #2251,#2252,#2253,#2254,#2255,#2256,#2257,#2258,#2259,#2260,#2261,
    #2262,#2263,#2264,#2265,#2266),.UNSPECIFIED.,.F.,.F.,(8,6,6,6,6,8),(
    0.,0.241763709606,0.410219394067,0.536520901234,0.746819928873,1.),
  .UNSPECIFIED.);
#2235 = CARTESIAN_POINT('',(0.150731935253,1.942890293094E-16,
    1.745049966396));
#2236 = CARTESIAN_POINT('',(0.155635998502,-1.00175887458E-02,
    1.753544053108));
#2237 = CARTESIAN_POINT('',(0.160949457952,-2.032222277588E-02,
    1.761810882375));
#2238 = CARTESIAN_POINT('',(0.166717880356,-3.095532345321E-02,
    1.769830860093));
#2239 = CARTESIAN_POINT('',(0.172992191722,-4.195336368249E-02,
    1.777563706467));
#2240 = CARTESIAN_POINT('',(0.179843130112,-5.335972239521E-02,
    1.784937757424));
#2241 = CARTESIAN_POINT('',(0.187345554972,-6.52134448979E-02,
    1.791860790373));
#2242 = CARTESIAN_POINT('',(0.20145834458,-8.626048624403E-02,
    1.8025564966));
#2243 = CARTESIAN_POINT('',(0.207497241755,-9.494432076174E-02,
    1.806533844359));
#2244 = CARTESIAN_POINT('',(0.213785315184,-0.103658414054,
    1.810054547961));
#2245 = CARTESIAN_POINT('',(0.220323451176,-0.112384519971,
    1.813070715722));
#2246 = CARTESIAN_POINT('',(0.227107757509,-0.121096801103,
    1.815528388151));
#2247 = CARTESIAN_POINT('',(0.234129563435,-0.129761828779,
    1.817367537946));
#2248 = CARTESIAN_POINT('',(0.246808080298,-0.14476909918,1.819387693132
    ));
#2249 = CARTESIAN_POINT('',(0.252366857324,-0.151151003546,
    1.819870466346));
#2250 = CARTESIAN_POINT('',(0.258042695449,-0.157462287585,
    1.819940124931));
#2251 = CARTESIAN_POINT('',(0.263822792127,-0.16367854908,1.819570425239
    ));
#2252 = CARTESIAN_POINT('',(0.269690597568,-0.169772992178,
    1.818739144678));
#2253 = CARTESIAN_POINT('',(0.275625814735,-0.175716427386,
    1.817428081711));
#2254 = CARTESIAN_POINT('',(0.291559074948,-0.191069397273,
    1.812617587517));
#2255 = CARTESIAN_POINT('',(0.301657748239,-0.200179567672,
    1.808239048518));
#2256 = CARTESIAN_POINT('',(0.311723931989,-0.208600246808,
    1.802446960471));
#2257 = CARTESIAN_POINT('',(0.321617553155,-0.216203663218,
    1.795293526394));
#2258 = CARTESIAN_POINT('',(0.331219427242,-0.222911046085,
    1.786901062705));
#2259 = CARTESIAN_POINT('',(0.340423932952,-0.228682208446,
    1.777454057668));
#2260 = CARTESIAN_POINT('',(0.359633068796,-0.239356313731,
    1.754867994488));
#2261 = CARTESIAN_POINT('',(0.368576432509,-0.24337539305,1.74236045183)
  );
#2262 = CARTESIAN_POINT('',(0.376555095958,-0.246276217548,
    1.729806365287));
#2263 = CARTESIAN_POINT('',(0.383702851552,-0.248221538981,
    1.717250157529));
#2264 = CARTESIAN_POINT('',(0.39021384515,-0.249434404961,1.70471887316)
  );
#2265 = CARTESIAN_POINT('',(0.396171348711,-0.249999998934,
    1.692204820721));
#2266 = CARTESIAN_POINT('',(0.401665123652,-0.25,1.67967899801));
#2267 = ORIENTED_EDGE('',*,*,#2268,.T.);
#2268 = EDGE_CURVE('',#2232,#2142,#2269,.T.);
#2269 = B_SPLINE_CURVE_WITH_KNOTS('',7,(#2270,#2271,#2272,#2273,#2274,
    #2275,#2276,#2277,#2278,#2279,#2280,#2281,#2282,#2283,#2284,#2285,
    #2286,#2287,#2288,#2289),.UNSPECIFIED.,.F.,.F.,(8,6,6,8),(0.,
    0.281994812224,0.607907449014,1.),.UNSPECIFIED.);
#2270 = CARTESIAN_POINT('',(0.401665123652,-0.25,1.67967899801));
#2271 = CARTESIAN_POINT('',(0.40859683775,-0.249999998655,1.663874664792
    ));
#2272 = CARTESIAN_POINT('',(0.415220680581,-0.249097702928,
    1.647066430357));
#2273 = CARTESIAN_POINT('',(0.42151202078,-0.247237965056,1.629245900852
    ));
#2274 = CARTESIAN_POINT('',(0.427432583132,-0.244351132051,
    1.610414633263));
#2275 = CARTESIAN_POINT('',(0.432930863285,-0.240354966676,
    1.590588712835));
#2276 = CARTESIAN_POINT('',(0.437943940976,-0.235162078934,
    1.569806567481));
#2277 = CARTESIAN_POINT('',(0.447534815778,-0.221156737985,
    1.523036611146));
#2278 = CARTESIAN_POINT('',(0.451982021773,-0.211820586954,
    1.496455272772));
#2279 = CARTESIAN_POINT('',(0.455500478753,-0.200538253601,
    1.468779146538));
#2280 = CARTESIAN_POINT('',(0.457877435607,-0.187310533225,
    1.440582892477));
#2281 = CARTESIAN_POINT('',(0.458959554352,-0.172323535551,
    1.412599353835));
#2282 = CARTESIAN_POINT('',(0.458686080298,-0.15601775272,1.385700124245
    ));
#2283 = CARTESIAN_POINT('',(0.45561238085,-0.119293483311,1.331066240954
    ));
#2284 = CARTESIAN_POINT('',(0.452307627967,-9.868060220835E-02,
    1.304224275266));
#2285 = CARTESIAN_POINT('',(0.44767989276,-7.804002354262E-02,
    1.280481999297));
#2286 = CARTESIAN_POINT('',(0.442009635296,-5.773102402739E-02,
    1.25968628812));
#2287 = CARTESIAN_POINT('',(0.435515175078,-3.79453522272E-02,
    1.241582242933));
#2288 = CARTESIAN_POINT('',(0.42833527157,-1.872686925325E-02,
    1.225873049248));
#2289 = CARTESIAN_POINT('',(0.420502910737,1.942890293094E-16,
    1.212307002343));
#2290 = ORIENTED_EDGE('',*,*,#2141,.T.);
#2291 = ORIENTED_EDGE('',*,*,#2031,.T.);
#2292 = ORIENTED_EDGE('',*,*,#2132,.T.);
#2293 = ORIENTED_EDGE('',*,*,#2221,.T.);
#2294 = SPHERICAL_SURFACE('',#2295,3.125);
#2295 = AXIS2_PLACEMENT_3D('',#2296,#2297,#2298);
#2296 = CARTESIAN_POINT('',(2.5,1.875,2.6));
#2297 = DIRECTION('',(0.,-1.,0.));
#2298 = DIRECTION('',(-1.,0.,0.));
#2299 = ADVANCED_FACE('',(#2300),#2321,.T.);
#2300 = FACE_BOUND('',#2301,.T.);
#2301 = EDGE_LOOP('',(#2302,#2310,#2311,#2312,#2313,#2314));
#2302 = ORIENTED_EDGE('',*,*,#2303,.T.);
#2303 = EDGE_CURVE('',#2304,#2232,#2306,.T.);
#2304 = VERTEX_POINT('',#2305);
#2305 = CARTESIAN_POINT('',(6.698729810778E-02,-0.25,1.1));
#2306 = LINE('',#2307,#2308);
#2307 = CARTESIAN_POINT('',(6.698729810778E-02,-0.25,1.1));
#2308 = VECTOR('',#2309,1.);
#2309 = DIRECTION('',(0.5,5.551115123128E-17,0.866025403784));
#2310 = ORIENTED_EDGE('',*,*,#2231,.F.);
#2311 = ORIENTED_EDGE('',*,*,#2150,.F.);
#2312 = ORIENTED_EDGE('',*,*,#2268,.F.);
#2313 = ORIENTED_EDGE('',*,*,#2303,.F.);
#2314 = ORIENTED_EDGE('',*,*,#2315,.T.);
#2315 = EDGE_CURVE('',#2304,#2304,#2316,.T.);
#2316 = CIRCLE('',#2317,0.25);
#2317 = AXIS2_PLACEMENT_3D('',#2318,#2319,#2320);
#2318 = CARTESIAN_POINT('',(6.698729810778E-02,5.337293624795E-33,1.1));
#2319 = DIRECTION('',(0.5,5.551115123128E-17,0.866025403784));
#2320 = DIRECTION('',(1.110223024625E-16,-1.,8.646655078321E-30));
#2321 = CYLINDRICAL_SURFACE('',#2322,0.25);
#2322 = AXIS2_PLACEMENT_3D('',#2323,#2324,#2325);
#2323 = CARTESIAN_POINT('',(6.698729810778E-02,0.,1.1));
#2324 = DIRECTION('',(-0.5,-5.551115123128E-17,-0.866025403784));
#2325 = DIRECTION('',(1.110223024625E-16,-1.,8.646655078321E-30));
#2326 = ADVANCED_FACE('',(#2327),#2347,.F.);
#2327 = FACE_BOUND('',#2328,.F.);
#2328 = EDGE_LOOP('',(#2329,#2338,#2345,#2346));
#2329 = ORIENTED_EDGE('',*,*,#2330,.F.);
#2330 = EDGE_CURVE('',#2331,#2304,#2333,.T.);
#2331 = VERTEX_POINT('',#2332);
#2332 = CARTESIAN_POINT('',(1.942890293094E-16,-0.25,0.85));
#2333 = CIRCLE('',#2334,0.5);
#2334 = AXIS2_PLACEMENT_3D('',#2335,#2336,#2337);
#2335 = CARTESIAN_POINT('',(0.5,-0.25,0.85));
#2336 = DIRECTION('',(-1.110223024625E-16,1.,0.));
#2337 = DIRECTION('',(-1.,-1.110223024625E-16,0.));
#2338 = ORIENTED_EDGE('',*,*,#2339,.F.);
#2339 = EDGE_CURVE('',#2331,#2331,#2340,.T.);
#2340 = CIRCLE('',#2341,0.25);
#2341 = AXIS2_PLACEMENT_3D('',#2342,#2343,#2344);
#2342 = CARTESIAN_POINT('',(1.665334536938E-16,0.,0.85));
#2343 = DIRECTION('',(-0.,0.,1.));
#2344 = DIRECTION('',(1.110223024625E-16,-1.,0.));
#2345 = ORIENTED_EDGE('',*,*,#2330,.T.);
#2346 = ORIENTED_EDGE('',*,*,#2315,.T.);
#2347 = SURFACE_OF_REVOLUTION('',#2348,#2353);
#2348 = CIRCLE('',#2349,0.25);
#2349 = AXIS2_PLACEMENT_3D('',#2350,#2351,#2352);
#2350 = CARTESIAN_POINT('',(1.665334536938E-16,0.,0.85));
#2351 = DIRECTION('',(-0.,0.,1.));
#2352 = DIRECTION('',(1.110223024625E-16,-1.,0.));
#2353 = AXIS1_PLACEMENT('',#2354,#2355);
#2354 = CARTESIAN_POINT('',(0.5,4.,0.85));
#2355 = DIRECTION('',(-1.110223024625E-16,1.,0.));
#2356 = ADVANCED_FACE('',(#2357),#2376,.T.);
#2357 = FACE_BOUND('',#2358,.T.);
#2358 = EDGE_LOOP('',(#2359,#2367,#2368,#2369));
#2359 = ORIENTED_EDGE('',*,*,#2360,.T.);
#2360 = EDGE_CURVE('',#2361,#2331,#2363,.T.);
#2361 = VERTEX_POINT('',#2362);
#2362 = CARTESIAN_POINT('',(1.942890293094E-16,-0.25,-2.));
#2363 = LINE('',#2364,#2365);
#2364 = CARTESIAN_POINT('',(1.942890293094E-16,-0.25,-2.));
#2365 = VECTOR('',#2366,1.);
#2366 = DIRECTION('',(0.,0.,1.));
#2367 = ORIENTED_EDGE('',*,*,#2339,.F.);
#2368 = ORIENTED_EDGE('',*,*,#2360,.F.);
#2369 = ORIENTED_EDGE('',*,*,#2370,.T.);
#2370 = EDGE_CURVE('',#2361,#2361,#2371,.T.);
#2371 = CIRCLE('',#2372,0.25);
#2372 = AXIS2_PLACEMENT_3D('',#2373,#2374,#2375);
#2373 = CARTESIAN_POINT('',(1.665334536938E-16,0.,-2.));
#2374 = DIRECTION('',(-0.,0.,1.));
#2375 = DIRECTION('',(1.110223024625E-16,-1.,0.));
#2376 = CYLINDRICAL_SURFACE('',#2377,0.25);
#2377 = AXIS2_PLACEMENT_3D('',#2378,#2379,#2380);
#2378 = CARTESIAN_POINT('',(1.665334536938E-16,0.,-2.));
#2379 = DIRECTION('',(-0.,0.,-1.));
#2380 = DIRECTION('',(1.110223024625E-16,-1.,-0.));
#2381 = ADVANCED_FACE('',(#2382),#2385,.T.);
#2382 = FACE_BOUND('',#2383,.F.);
#2383 = EDGE_LOOP('',(#2384));
#2384 = ORIENTED_EDGE('',*,*,#2370,.T.);
#2385 = PLANE('',#2386);
#2386 = AXIS2_PLACEMENT_3D('',#2387,#2388,#2389);
#2387 = CARTESIAN_POINT('',(1.942890293094E-16,-0.25,-2.));
#2388 = DIRECTION('',(0.,0.,-1.));
#2389 = DIRECTION('',(-1.110223024625E-16,1.,0.));
#2390 = ( GEOMETRIC_REPRESENTATION_CONTEXT(3) 
GLOBAL_UNCERTAINTY_ASSIGNED_CONTEXT((#2394)) 
GLOBAL_UNIT_ASSIGNED_CONTEXT((#2391,#2392,#2393)) REPRESENTATION_CONTEXT
('Context #1','3D Context with UNIT and UNCERTAINTY') );
#2391 = ( LENGTH_UNIT() NAMED_UNIT(*) SI_UNIT(.MILLI.,.METRE.) );
#2392 = ( NAMED_UNIT(*) PLANE_ANGLE_UNIT() SI_UNIT($,.RADIAN.) );
#2393 = ( NAMED_UNIT(*) SI_UNIT($,.STERADIAN.) SOLID_ANGLE_UNIT() );
#2394 = UNCERTAINTY_MEASURE_WITH_UNIT(LENGTH_MEASURE(2.E-07),#2391,
  'distance_accuracy_value','confusion accuracy');
#2395 = CONTEXT_DEPENDENT_SHAPE_REPRESENTATION(#2396,#2398);
#2396 = ( REPRESENTATION_RELATIONSHIP('','',#1907,#1884) 
REPRESENTATION_RELATIONSHIP_WITH_TRANSFORMATION(#2397) 
SHAPE_REPRESENTATION_RELATIONSHIP() );
#2397 = ITEM_DEFINED_TRANSFORMATION('','',#11,#1885);
#2398 = PRODUCT_DEFINITION_SHAPE('Placement','Placement of an item',
  #2399);
#2399 = NEXT_ASSEMBLY_USAGE_OCCURRENCE('11','=>[0:1:1:9]','',#1879,#1902
  ,$);
#2400 = PRODUCT_RELATED_PRODUCT_CATEGORY('part',$,(#1904));
#2401 = SHAPE_DEFINITION_REPRESENTATION(#2402,#2408);
#2402 = PRODUCT_DEFINITION_SHAPE('','',#2403);
#2403 = PRODUCT_DEFINITION('design','',#2404,#2407);
#2404 = PRODUCT_DEFINITION_FORMATION('','',#2405);
#2405 = PRODUCT('D_DO-41_SOD81_P5.08mm_Vertical_AnodeUp',
  'D_DO-41_SOD81_P5.08mm_Vertical_AnodeUp','',(#2406));
#2406 = PRODUCT_CONTEXT('',#2,'mechanical');
#2407 = PRODUCT_DEFINITION_CONTEXT('part definition',#2,'design');
#2408 = SHAPE_REPRESENTATION('',(#11,#2409),#2413);
#2409 = AXIS2_PLACEMENT_3D('',#2410,#2411,#2412);
#2410 = CARTESIAN_POINT('',(0.,0.,0.));
#2411 = DIRECTION('',(0.,0.,1.));
#2412 = DIRECTION('',(1.,0.,-0.));
#2413 = ( GEOMETRIC_REPRESENTATION_CONTEXT(3) 
GLOBAL_UNCERTAINTY_ASSIGNED_CONTEXT((#2417)) 
GLOBAL_UNIT_ASSIGNED_CONTEXT((#2414,#2415,#2416)) REPRESENTATION_CONTEXT
('Context #1','3D Context with UNIT and UNCERTAINTY') );
#2414 = ( LENGTH_UNIT() NAMED_UNIT(*) SI_UNIT(.MILLI.,.METRE.) );
#2415 = ( NAMED_UNIT(*) PLANE_ANGLE_UNIT() SI_UNIT($,.RADIAN.) );
#2416 = ( NAMED_UNIT(*) SI_UNIT($,.STERADIAN.) SOLID_ANGLE_UNIT() );
#2417 = UNCERTAINTY_MEASURE_WITH_UNIT(LENGTH_MEASURE(1.E-07),#2414,
  'distance_accuracy_value','confusion accuracy');
#2418 = CONTEXT_DEPENDENT_SHAPE_REPRESENTATION(#2419,#2421);
#2419 = ( REPRESENTATION_RELATIONSHIP('','',#2408,#10) 
REPRESENTATION_RELATIONSHIP_WITH_TRANSFORMATION(#2420) 
SHAPE_REPRESENTATION_RELATIONSHIP() );
#2420 = ITEM_DEFINED_TRANSFORMATION('','',#11,#47);
#2421 = PRODUCT_DEFINITION_SHAPE('Placement','Placement of an item',
  #2422);
#2422 = NEXT_ASSEMBLY_USAGE_OCCURRENCE('14','D9','',#5,#2403,$);
#2423 = PRODUCT_RELATED_PRODUCT_CATEGORY('part',$,(#2405));
#2424 = SHAPE_DEFINITION_REPRESENTATION(#2425,#2431);
#2425 = PRODUCT_DEFINITION_SHAPE('','',#2426);
#2426 = PRODUCT_DEFINITION('design','',#2427,#2430);
#2427 = PRODUCT_DEFINITION_FORMATION('','',#2428);
#2428 = PRODUCT('D_DO-41_SOD81_P5.08mm_Vertical_AnodeUp',
  'D_DO-41_SOD81_P5.08mm_Vertical_AnodeUp','',(#2429));
#2429 = PRODUCT_CONTEXT('',#2,'mechanical');
#2430 = PRODUCT_DEFINITION_CONTEXT('part definition',#2,'design');
#2431 = ADVANCED_BREP_SHAPE_REPRESENTATION('',(#11,#2432),#2767);
#2432 = MANIFOLD_SOLID_BREP('',#2433);
#2433 = CLOSED_SHELL('',(#2434,#2451,#2476,#2496,#2521,#2541,#2566,#2586
    ,#2611,#2631,#2656,#2682,#2707,#2733,#2758));
#2434 = ADVANCED_FACE('',(#2435),#2446,.T.);
#2435 = FACE_BOUND('',#2436,.F.);
#2436 = EDGE_LOOP('',(#2437));
#2437 = ORIENTED_EDGE('',*,*,#2438,.T.);
#2438 = EDGE_CURVE('',#2439,#2439,#2441,.T.);
#2439 = VERTEX_POINT('',#2440);
#2440 = CARTESIAN_POINT('',(0.4,-7.641055587069E-16,-3.));
#2441 = CIRCLE('',#2442,0.4);
#2442 = AXIS2_PLACEMENT_3D('',#2443,#2444,#2445);
#2443 = CARTESIAN_POINT('',(0.,-6.661338147751E-16,-3.));
#2444 = DIRECTION('',(-0.,2.22044604925E-16,1.));
#2445 = DIRECTION('',(1.,0.,0.));
#2446 = PLANE('',#2447);
#2447 = AXIS2_PLACEMENT_3D('',#2448,#2449,#2450);
#2448 = CARTESIAN_POINT('',(0.4,-6.661338147751E-16,-3.));
#2449 = DIRECTION('',(0.,0.,-1.));
#2450 = DIRECTION('',(-1.,0.,0.));
#2451 = ADVANCED_FACE('',(#2452),#2471,.T.);
#2452 = FACE_BOUND('',#2453,.T.);
#2453 = EDGE_LOOP('',(#2454,#2455,#2463,#2470));
#2454 = ORIENTED_EDGE('',*,*,#2438,.T.);
#2455 = ORIENTED_EDGE('',*,*,#2456,.T.);
#2456 = EDGE_CURVE('',#2439,#2457,#2459,.T.);
#2457 = VERTEX_POINT('',#2458);
#2458 = CARTESIAN_POINT('',(0.4,1.110223024625E-16,0.5));
#2459 = LINE('',#2460,#2461);
#2460 = CARTESIAN_POINT('',(0.4,-6.661338147751E-16,-3.));
#2461 = VECTOR('',#2462,1.);
#2462 = DIRECTION('',(0.,2.22044604925E-16,1.));
#2463 = ORIENTED_EDGE('',*,*,#2464,.F.);
#2464 = EDGE_CURVE('',#2457,#2457,#2465,.T.);
#2465 = CIRCLE('',#2466,0.4);
#2466 = AXIS2_PLACEMENT_3D('',#2467,#2468,#2469);
#2467 = CARTESIAN_POINT('',(0.,1.110223024625E-16,0.5));
#2468 = DIRECTION('',(-0.,2.22044604925E-16,1.));
#2469 = DIRECTION('',(1.,0.,0.));
#2470 = ORIENTED_EDGE('',*,*,#2456,.F.);
#2471 = CYLINDRICAL_SURFACE('',#2472,0.4);
#2472 = AXIS2_PLACEMENT_3D('',#2473,#2474,#2475);
#2473 = CARTESIAN_POINT('',(0.,-6.661338147751E-16,-3.));
#2474 = DIRECTION('',(0.,2.22044604925E-16,1.));
#2475 = DIRECTION('',(1.,0.,-0.));
#2476 = ADVANCED_FACE('',(#2477,#2488),#2491,.T.);
#2477 = FACE_BOUND('',#2478,.T.);
#2478 = EDGE_LOOP('',(#2479));
#2479 = ORIENTED_EDGE('',*,*,#2480,.T.);
#2480 = EDGE_CURVE('',#2481,#2481,#2483,.T.);
#2481 = VERTEX_POINT('',#2482);
#2482 = CARTESIAN_POINT('',(1.35,3.330669073875E-16,0.5));
#2483 = CIRCLE('',#2484,1.35);
#2484 = AXIS2_PLACEMENT_3D('',#2485,#2486,#2487);
#2485 = CARTESIAN_POINT('',(0.,2.22044604925E-16,0.5));
#2486 = DIRECTION('',(0.,-4.440892098501E-16,-1.));
#2487 = DIRECTION('',(1.,8.223874256483E-17,-3.652133820468E-32));
#2488 = FACE_BOUND('',#2489,.T.);
#2489 = EDGE_LOOP('',(#2490));
#2490 = ORIENTED_EDGE('',*,*,#2464,.T.);
#2491 = PLANE('',#2492);
#2492 = AXIS2_PLACEMENT_3D('',#2493,#2494,#2495);
#2493 = CARTESIAN_POINT('',(0.,2.22044604925E-16,0.5));
#2494 = DIRECTION('',(0.,-4.440892098501E-16,-1.));
#2495 = DIRECTION('',(1.,8.223874256483E-17,-3.652133820468E-32));
#2496 = ADVANCED_FACE('',(#2497),#2516,.T.);
#2497 = FACE_BOUND('',#2498,.T.);
#2498 = EDGE_LOOP('',(#2499,#2508,#2514,#2515));
#2499 = ORIENTED_EDGE('',*,*,#2500,.T.);
#2500 = EDGE_CURVE('',#2501,#2501,#2503,.T.);
#2501 = VERTEX_POINT('',#2502);
#2502 = CARTESIAN_POINT('',(1.35,8.526512829121E-16,1.28));
#2503 = CIRCLE('',#2504,1.35);
#2504 = AXIS2_PLACEMENT_3D('',#2505,#2506,#2507);
#2505 = CARTESIAN_POINT('',(0.,5.684341886081E-16,1.28));
#2506 = DIRECTION('',(0.,-4.440892098501E-16,-1.));
#2507 = DIRECTION('',(1.,9.37521665239E-16,-4.163432555333E-31));
#2508 = ORIENTED_EDGE('',*,*,#2509,.T.);
#2509 = EDGE_CURVE('',#2501,#2481,#2510,.T.);
#2510 = LINE('',#2511,#2512);
#2511 = CARTESIAN_POINT('',(1.35,3.796962744218E-15,5.7));
#2512 = VECTOR('',#2513,1.);
#2513 = DIRECTION('',(0.,-6.661338147751E-16,-1.));
#2514 = ORIENTED_EDGE('',*,*,#2480,.F.);
#2515 = ORIENTED_EDGE('',*,*,#2509,.F.);
#2516 = CYLINDRICAL_SURFACE('',#2517,1.35);
#2517 = AXIS2_PLACEMENT_3D('',#2518,#2519,#2520);
#2518 = CARTESIAN_POINT('',(0.,2.531308496145E-15,5.7));
#2519 = DIRECTION('',(0.,-4.440892098501E-16,-1.));
#2520 = DIRECTION('',(1.,9.37521665239E-16,-4.163432555333E-31));
#2521 = ADVANCED_FACE('',(#2522,#2533),#2536,.T.);
#2522 = FACE_BOUND('',#2523,.T.);
#2523 = EDGE_LOOP('',(#2524));
#2524 = ORIENTED_EDGE('',*,*,#2525,.T.);
#2525 = EDGE_CURVE('',#2526,#2526,#2528,.T.);
#2526 = VERTEX_POINT('',#2527);
#2527 = CARTESIAN_POINT('',(1.36,8.526512829121E-16,1.28));
#2528 = CIRCLE('',#2529,1.36);
#2529 = AXIS2_PLACEMENT_3D('',#2530,#2531,#2532);
#2530 = CARTESIAN_POINT('',(0.,5.684341886081E-16,1.28));
#2531 = DIRECTION('',(0.,-4.440892098501E-16,-1.));
#2532 = DIRECTION('',(1.,2.089831575765E-16,-9.280716532013E-32));
#2533 = FACE_BOUND('',#2534,.T.);
#2534 = EDGE_LOOP('',(#2535));
#2535 = ORIENTED_EDGE('',*,*,#2500,.F.);
#2536 = PLANE('',#2537);
#2537 = AXIS2_PLACEMENT_3D('',#2538,#2539,#2540);
#2538 = CARTESIAN_POINT('',(0.,5.684341886081E-16,1.28));
#2539 = DIRECTION('',(0.,-4.440892098501E-16,-1.));
#2540 = DIRECTION('',(1.,2.089831575765E-16,-9.280716532013E-32));
#2541 = ADVANCED_FACE('',(#2542),#2561,.T.);
#2542 = FACE_BOUND('',#2543,.T.);
#2543 = EDGE_LOOP('',(#2544,#2553,#2559,#2560));
#2544 = ORIENTED_EDGE('',*,*,#2545,.T.);
#2545 = EDGE_CURVE('',#2546,#2546,#2548,.T.);
#2546 = VERTEX_POINT('',#2547);
#2547 = CARTESIAN_POINT('',(1.36,1.71862524212E-15,2.58));
#2548 = CIRCLE('',#2549,1.36);
#2549 = AXIS2_PLACEMENT_3D('',#2550,#2551,#2552);
#2550 = CARTESIAN_POINT('',(0.,1.145750161413E-15,2.58));
#2551 = DIRECTION('',(0.,-4.440892098501E-16,-1.));
#2552 = DIRECTION('',(1.,4.212316769901E-16,-1.870644425984E-31));
#2553 = ORIENTED_EDGE('',*,*,#2554,.T.);
#2554 = EDGE_CURVE('',#2546,#2526,#2555,.T.);
#2555 = LINE('',#2556,#2557);
#2556 = CARTESIAN_POINT('',(1.36,1.71862524212E-15,2.58));
#2557 = VECTOR('',#2558,1.);
#2558 = DIRECTION('',(0.,-6.661338147751E-16,-1.));
#2559 = ORIENTED_EDGE('',*,*,#2525,.F.);
#2560 = ORIENTED_EDGE('',*,*,#2554,.F.);
#2561 = CYLINDRICAL_SURFACE('',#2562,1.36);
#2562 = AXIS2_PLACEMENT_3D('',#2563,#2564,#2565);
#2563 = CARTESIAN_POINT('',(0.,1.145750161413E-15,2.58));
#2564 = DIRECTION('',(0.,-4.440892098501E-16,-1.));
#2565 = DIRECTION('',(1.,4.212316769901E-16,-1.870644425984E-31));
#2566 = ADVANCED_FACE('',(#2567,#2570),#2581,.F.);
#2567 = FACE_BOUND('',#2568,.T.);
#2568 = EDGE_LOOP('',(#2569));
#2569 = ORIENTED_EDGE('',*,*,#2545,.F.);
#2570 = FACE_BOUND('',#2571,.T.);
#2571 = EDGE_LOOP('',(#2572));
#2572 = ORIENTED_EDGE('',*,*,#2573,.T.);
#2573 = EDGE_CURVE('',#2574,#2574,#2576,.T.);
#2574 = VERTEX_POINT('',#2575);
#2575 = CARTESIAN_POINT('',(1.35,1.71862524212E-15,2.58));
#2576 = CIRCLE('',#2577,1.35);
#2577 = AXIS2_PLACEMENT_3D('',#2578,#2579,#2580);
#2578 = CARTESIAN_POINT('',(0.,1.145750161413E-15,2.58));
#2579 = DIRECTION('',(0.,-4.440892098501E-16,-1.));
#2580 = DIRECTION('',(1.,9.37521665239E-16,-4.163432555333E-31));
#2581 = PLANE('',#2582);
#2582 = AXIS2_PLACEMENT_3D('',#2583,#2584,#2585);
#2583 = CARTESIAN_POINT('',(0.,1.145750161413E-15,2.58));
#2584 = DIRECTION('',(0.,-4.440892098501E-16,-1.));
#2585 = DIRECTION('',(1.,4.212316769901E-16,-1.870644425984E-31));
#2586 = ADVANCED_FACE('',(#2587),#2606,.T.);
#2587 = FACE_BOUND('',#2588,.T.);
#2588 = EDGE_LOOP('',(#2589,#2597,#2604,#2605));
#2589 = ORIENTED_EDGE('',*,*,#2590,.F.);
#2590 = EDGE_CURVE('',#2591,#2574,#2593,.T.);
#2591 = VERTEX_POINT('',#2592);
#2592 = CARTESIAN_POINT('',(1.35,3.796962744218E-15,5.7));
#2593 = LINE('',#2594,#2595);
#2594 = CARTESIAN_POINT('',(1.35,3.796962744218E-15,5.7));
#2595 = VECTOR('',#2596,1.);
#2596 = DIRECTION('',(0.,-6.661338147751E-16,-1.));
#2597 = ORIENTED_EDGE('',*,*,#2598,.T.);
#2598 = EDGE_CURVE('',#2591,#2591,#2599,.T.);
#2599 = CIRCLE('',#2600,1.35);
#2600 = AXIS2_PLACEMENT_3D('',#2601,#2602,#2603);
#2601 = CARTESIAN_POINT('',(0.,2.531308496145E-15,5.7));
#2602 = DIRECTION('',(0.,-4.440892098501E-16,-1.));
#2603 = DIRECTION('',(1.,9.37521665239E-16,-4.163432555333E-31));
#2604 = ORIENTED_EDGE('',*,*,#2590,.T.);
#2605 = ORIENTED_EDGE('',*,*,#2573,.F.);
#2606 = CYLINDRICAL_SURFACE('',#2607,1.35);
#2607 = AXIS2_PLACEMENT_3D('',#2608,#2609,#2610);
#2608 = CARTESIAN_POINT('',(0.,2.531308496145E-15,5.7));
#2609 = DIRECTION('',(0.,-4.440892098501E-16,-1.));
#2610 = DIRECTION('',(1.,9.37521665239E-16,-4.163432555333E-31));
#2611 = ADVANCED_FACE('',(#2612,#2615),#2626,.F.);
#2612 = FACE_BOUND('',#2613,.T.);
#2613 = EDGE_LOOP('',(#2614));
#2614 = ORIENTED_EDGE('',*,*,#2598,.F.);
#2615 = FACE_BOUND('',#2616,.T.);
#2616 = EDGE_LOOP('',(#2617));
#2617 = ORIENTED_EDGE('',*,*,#2618,.F.);
#2618 = EDGE_CURVE('',#2619,#2619,#2621,.T.);
#2619 = VERTEX_POINT('',#2620);
#2620 = CARTESIAN_POINT('',(0.4,1.265654248073E-15,5.7));
#2621 = CIRCLE('',#2622,0.4);
#2622 = AXIS2_PLACEMENT_3D('',#2623,#2624,#2625);
#2623 = CARTESIAN_POINT('',(0.,1.265654248073E-15,5.7));
#2624 = DIRECTION('',(-0.,2.22044604925E-16,1.));
#2625 = DIRECTION('',(1.,0.,0.));
#2626 = PLANE('',#2627);
#2627 = AXIS2_PLACEMENT_3D('',#2628,#2629,#2630);
#2628 = CARTESIAN_POINT('',(0.,2.531308496145E-15,5.7));
#2629 = DIRECTION('',(0.,-4.440892098501E-16,-1.));
#2630 = DIRECTION('',(1.,9.37521665239E-16,-4.163432555333E-31));
#2631 = ADVANCED_FACE('',(#2632),#2651,.T.);
#2632 = FACE_BOUND('',#2633,.T.);
#2633 = EDGE_LOOP('',(#2634,#2635,#2643,#2650));
#2634 = ORIENTED_EDGE('',*,*,#2618,.T.);
#2635 = ORIENTED_EDGE('',*,*,#2636,.T.);
#2636 = EDGE_CURVE('',#2619,#2637,#2639,.T.);
#2637 = VERTEX_POINT('',#2638);
#2638 = CARTESIAN_POINT('',(0.4,1.376676550535E-15,6.2));
#2639 = LINE('',#2640,#2641);
#2640 = CARTESIAN_POINT('',(0.4,-6.661338147751E-16,-3.));
#2641 = VECTOR('',#2642,1.);
#2642 = DIRECTION('',(0.,2.22044604925E-16,1.));
#2643 = ORIENTED_EDGE('',*,*,#2644,.F.);
#2644 = EDGE_CURVE('',#2637,#2637,#2645,.T.);
#2645 = CIRCLE('',#2646,0.4);
#2646 = AXIS2_PLACEMENT_3D('',#2647,#2648,#2649);
#2647 = CARTESIAN_POINT('',(0.,1.376676550535E-15,6.2));
#2648 = DIRECTION('',(-0.,2.22044604925E-16,1.));
#2649 = DIRECTION('',(1.,0.,0.));
#2650 = ORIENTED_EDGE('',*,*,#2636,.F.);
#2651 = CYLINDRICAL_SURFACE('',#2652,0.4);
#2652 = AXIS2_PLACEMENT_3D('',#2653,#2654,#2655);
#2653 = CARTESIAN_POINT('',(0.,-6.661338147751E-16,-3.));
#2654 = DIRECTION('',(0.,2.22044604925E-16,1.));
#2655 = DIRECTION('',(1.,0.,-0.));
#2656 = ADVANCED_FACE('',(#2657),#2677,.T.);
#2657 = FACE_BOUND('',#2658,.T.);
#2658 = EDGE_LOOP('',(#2659,#2668,#2675,#2676));
#2659 = ORIENTED_EDGE('',*,*,#2660,.T.);
#2660 = EDGE_CURVE('',#2637,#2661,#2663,.T.);
#2661 = VERTEX_POINT('',#2662);
#2662 = CARTESIAN_POINT('',(0.8,1.465494392505E-15,6.6));
#2663 = CIRCLE('',#2664,0.4);
#2664 = AXIS2_PLACEMENT_3D('',#2665,#2666,#2667);
#2665 = CARTESIAN_POINT('',(0.8,1.523634166433E-15,6.2));
#2666 = DIRECTION('',(0.,1.,-2.22044604925E-16));
#2667 = DIRECTION('',(1.,0.,0.));
#2668 = ORIENTED_EDGE('',*,*,#2669,.T.);
#2669 = EDGE_CURVE('',#2661,#2661,#2670,.T.);
#2670 = CIRCLE('',#2671,0.4);
#2671 = AXIS2_PLACEMENT_3D('',#2672,#2673,#2674);
#2672 = CARTESIAN_POINT('',(0.8,1.554312234475E-15,7.));
#2673 = DIRECTION('',(-1.,-4.078893220341E-32,-1.836970198721E-16));
#2674 = DIRECTION('',(-1.836970198721E-16,2.22044604925E-16,1.));
#2675 = ORIENTED_EDGE('',*,*,#2660,.F.);
#2676 = ORIENTED_EDGE('',*,*,#2644,.T.);
#2677 = TOROIDAL_SURFACE('',#2678,0.8,0.4);
#2678 = AXIS2_PLACEMENT_3D('',#2679,#2680,#2681);
#2679 = CARTESIAN_POINT('',(0.8,1.376676550535E-15,6.2));
#2680 = DIRECTION('',(0.,1.,-2.22044604925E-16));
#2681 = DIRECTION('',(1.,0.,0.));
#2682 = ADVANCED_FACE('',(#2683),#2702,.T.);
#2683 = FACE_BOUND('',#2684,.T.);
#2684 = EDGE_LOOP('',(#2685,#2693,#2700,#2701));
#2685 = ORIENTED_EDGE('',*,*,#2686,.T.);
#2686 = EDGE_CURVE('',#2661,#2687,#2689,.T.);
#2687 = VERTEX_POINT('',#2688);
#2688 = CARTESIAN_POINT('',(4.28,1.465494392505E-15,6.6));
#2689 = LINE('',#2690,#2691);
#2690 = CARTESIAN_POINT('',(0.8,1.465494392505E-15,6.6));
#2691 = VECTOR('',#2692,1.);
#2692 = DIRECTION('',(1.,0.,0.));
#2693 = ORIENTED_EDGE('',*,*,#2694,.F.);
#2694 = EDGE_CURVE('',#2687,#2687,#2695,.T.);
#2695 = CIRCLE('',#2696,0.4);
#2696 = AXIS2_PLACEMENT_3D('',#2697,#2698,#2699);
#2697 = CARTESIAN_POINT('',(4.28,1.554312234475E-15,7.));
#2698 = DIRECTION('',(1.,0.,0.));
#2699 = DIRECTION('',(0.,-2.22044604925E-16,-1.));
#2700 = ORIENTED_EDGE('',*,*,#2686,.F.);
#2701 = ORIENTED_EDGE('',*,*,#2669,.F.);
#2702 = CYLINDRICAL_SURFACE('',#2703,0.4);
#2703 = AXIS2_PLACEMENT_3D('',#2704,#2705,#2706);
#2704 = CARTESIAN_POINT('',(0.8,1.554312234475E-15,7.));
#2705 = DIRECTION('',(1.,0.,0.));
#2706 = DIRECTION('',(0.,-2.22044604925E-16,-1.));
#2707 = ADVANCED_FACE('',(#2708),#2728,.T.);
#2708 = FACE_BOUND('',#2709,.T.);
#2709 = EDGE_LOOP('',(#2710,#2719,#2726,#2727));
#2710 = ORIENTED_EDGE('',*,*,#2711,.T.);
#2711 = EDGE_CURVE('',#2687,#2712,#2714,.T.);
#2712 = VERTEX_POINT('',#2713);
#2713 = CARTESIAN_POINT('',(4.68,1.376676550535E-15,6.2));
#2714 = CIRCLE('',#2715,0.4);
#2715 = AXIS2_PLACEMENT_3D('',#2716,#2717,#2718);
#2716 = CARTESIAN_POINT('',(4.28,1.523634166433E-15,6.2));
#2717 = DIRECTION('',(0.,1.,-2.22044604925E-16));
#2718 = DIRECTION('',(1.,0.,0.));
#2719 = ORIENTED_EDGE('',*,*,#2720,.T.);
#2720 = EDGE_CURVE('',#2712,#2712,#2721,.T.);
#2721 = CIRCLE('',#2722,0.4);
#2722 = AXIS2_PLACEMENT_3D('',#2723,#2724,#2725);
#2723 = CARTESIAN_POINT('',(5.08,1.376676550535E-15,6.2));
#2724 = DIRECTION('',(-2.449293598295E-16,2.22044604925E-16,1.));
#2725 = DIRECTION('',(1.,5.438524293788E-32,2.449293598295E-16));
#2726 = ORIENTED_EDGE('',*,*,#2711,.F.);
#2727 = ORIENTED_EDGE('',*,*,#2694,.T.);
#2728 = TOROIDAL_SURFACE('',#2729,0.8,0.4);
#2729 = AXIS2_PLACEMENT_3D('',#2730,#2731,#2732);
#2730 = CARTESIAN_POINT('',(4.28,1.376676550535E-15,6.2));
#2731 = DIRECTION('',(0.,1.,-2.22044604925E-16));
#2732 = DIRECTION('',(1.,0.,0.));
#2733 = ADVANCED_FACE('',(#2734),#2753,.T.);
#2734 = FACE_BOUND('',#2735,.T.);
#2735 = EDGE_LOOP('',(#2736,#2744,#2751,#2752));
#2736 = ORIENTED_EDGE('',*,*,#2737,.T.);
#2737 = EDGE_CURVE('',#2712,#2738,#2740,.T.);
#2738 = VERTEX_POINT('',#2739);
#2739 = CARTESIAN_POINT('',(4.68,-7.641055587069E-16,-3.));
#2740 = LINE('',#2741,#2742);
#2741 = CARTESIAN_POINT('',(4.68,-6.661338147751E-16,-3.));
#2742 = VECTOR('',#2743,1.);
#2743 = DIRECTION('',(0.,-2.22044604925E-16,-1.));
#2744 = ORIENTED_EDGE('',*,*,#2745,.F.);
#2745 = EDGE_CURVE('',#2738,#2738,#2746,.T.);
#2746 = CIRCLE('',#2747,0.4);
#2747 = AXIS2_PLACEMENT_3D('',#2748,#2749,#2750);
#2748 = CARTESIAN_POINT('',(5.08,-6.661338147751E-16,-3.));
#2749 = DIRECTION('',(0.,-2.22044604925E-16,-1.));
#2750 = DIRECTION('',(-1.,5.473822126269E-48,-1.215432671457E-63));
#2751 = ORIENTED_EDGE('',*,*,#2737,.F.);
#2752 = ORIENTED_EDGE('',*,*,#2720,.F.);
#2753 = CYLINDRICAL_SURFACE('',#2754,0.4);
#2754 = AXIS2_PLACEMENT_3D('',#2755,#2756,#2757);
#2755 = CARTESIAN_POINT('',(5.08,-6.661338147751E-16,-3.));
#2756 = DIRECTION('',(0.,-2.22044604925E-16,-1.));
#2757 = DIRECTION('',(-1.,5.473822126269E-48,-1.215432671457E-63));
#2758 = ADVANCED_FACE('',(#2759),#2762,.F.);
#2759 = FACE_BOUND('',#2760,.T.);
#2760 = EDGE_LOOP('',(#2761));
#2761 = ORIENTED_EDGE('',*,*,#2745,.T.);
#2762 = PLANE('',#2763);
#2763 = AXIS2_PLACEMENT_3D('',#2764,#2765,#2766);
#2764 = CARTESIAN_POINT('',(4.68,-6.661338147751E-16,-3.));
#2765 = DIRECTION('',(0.,0.,1.));
#2766 = DIRECTION('',(1.,0.,-0.));
#2767 = ( GEOMETRIC_REPRESENTATION_CONTEXT(3) 
GLOBAL_UNCERTAINTY_ASSIGNED_CONTEXT((#2771)) 
GLOBAL_UNIT_ASSIGNED_CONTEXT((#2768,#2769,#2770)) REPRESENTATION_CONTEXT
('Context #1','3D Context with UNIT and UNCERTAINTY') );
#2768 = ( LENGTH_UNIT() NAMED_UNIT(*) SI_UNIT(.MILLI.,.METRE.) );
#2769 = ( NAMED_UNIT(*) PLANE_ANGLE_UNIT() SI_UNIT($,.RADIAN.) );
#2770 = ( NAMED_UNIT(*) SI_UNIT($,.STERADIAN.) SOLID_ANGLE_UNIT() );
#2771 = UNCERTAINTY_MEASURE_WITH_UNIT(LENGTH_MEASURE(1.E-07),#2768,
  'distance_accuracy_value','confusion accuracy');
#2772 = CONTEXT_DEPENDENT_SHAPE_REPRESENTATION(#2773,#2775);
#2773 = ( REPRESENTATION_RELATIONSHIP('','',#2431,#2408) 
REPRESENTATION_RELATIONSHIP_WITH_TRANSFORMATION(#2774) 
SHAPE_REPRESENTATION_RELATIONSHIP() );
#2774 = ITEM_DEFINED_TRANSFORMATION('','',#11,#2409);
#2775 = PRODUCT_DEFINITION_SHAPE('Placement','Placement of an item',
  #2776);
#2776 = NEXT_ASSEMBLY_USAGE_OCCURRENCE('13','=>[0:1:1:11]','',#2403,
  #2426,$);
#2777 = PRODUCT_RELATED_PRODUCT_CATEGORY('part',$,(#2428));
#2778 = SHAPE_DEFINITION_REPRESENTATION(#2779,#2785);
#2779 = PRODUCT_DEFINITION_SHAPE('','',#2780);
#2780 = PRODUCT_DEFINITION('design','',#2781,#2784);
#2781 = PRODUCT_DEFINITION_FORMATION('','',#2782);
#2782 = PRODUCT('ThermalCutoff_SEFUSE_SF_Vertical',
  'ThermalCutoff_SEFUSE_SF_Vertical','',(#2783));
#2783 = PRODUCT_CONTEXT('',#2,'mechanical');
#2784 = PRODUCT_DEFINITION_CONTEXT('part definition',#2,'design');
#2785 = SHAPE_REPRESENTATION('',(#11,#2786),#2790);
#2786 = AXIS2_PLACEMENT_3D('',#2787,#2788,#2789);
#2787 = CARTESIAN_POINT('',(0.,0.,0.));
#2788 = DIRECTION('',(0.,0.,1.));
#2789 = DIRECTION('',(1.,0.,-0.));
#2790 = ( GEOMETRIC_REPRESENTATION_CONTEXT(3) 
GLOBAL_UNCERTAINTY_ASSIGNED_CONTEXT((#2794)) 
GLOBAL_UNIT_ASSIGNED_CONTEXT((#2791,#2792,#2793)) REPRESENTATION_CONTEXT
('Context #1','3D Context with UNIT and UNCERTAINTY') );
#2791 = ( LENGTH_UNIT() NAMED_UNIT(*) SI_UNIT(.MILLI.,.METRE.) );
#2792 = ( NAMED_UNIT(*) PLANE_ANGLE_UNIT() SI_UNIT($,.RADIAN.) );
#2793 = ( NAMED_UNIT(*) SI_UNIT($,.STERADIAN.) SOLID_ANGLE_UNIT() );
#2794 = UNCERTAINTY_MEASURE_WITH_UNIT(LENGTH_MEASURE(1.E-07),#2791,
  'distance_accuracy_value','confusion accuracy');
#2795 = CONTEXT_DEPENDENT_SHAPE_REPRESENTATION(#2796,#2798);
#2796 = ( REPRESENTATION_RELATIONSHIP('','',#2785,#10) 
REPRESENTATION_RELATIONSHIP_WITH_TRANSFORMATION(#2797) 
SHAPE_REPRESENTATION_RELATIONSHIP() );
#2797 = ITEM_DEFINED_TRANSFORMATION('','',#11,#51);
#2798 = PRODUCT_DEFINITION_SHAPE('Placement','Placement of an item',
  #2799);
#2799 = NEXT_ASSEMBLY_USAGE_OCCURRENCE('18','TF1','',#5,#2780,$);
#2800 = PRODUCT_RELATED_PRODUCT_CATEGORY('part',$,(#2782));
#2801 = SHAPE_DEFINITION_REPRESENTATION(#2802,#2808);
#2802 = PRODUCT_DEFINITION_SHAPE('','',#2803);
#2803 = PRODUCT_DEFINITION('design','',#2804,#2807);
#2804 = PRODUCT_DEFINITION_FORMATION('','',#2805);
#2805 = PRODUCT('ThermalCutoff_SEFUSE_SF_Vertical',
  'ThermalCutoff_SEFUSE_SF_Vertical','',(#2806));
#2806 = PRODUCT_CONTEXT('',#2,'mechanical');
#2807 = PRODUCT_DEFINITION_CONTEXT('part definition',#2,'design');
#2808 = SHAPE_REPRESENTATION('',(#11,#2809,#2813),#2817);
#2809 = AXIS2_PLACEMENT_3D('',#2810,#2811,#2812);
#2810 = CARTESIAN_POINT('',(0.,0.,0.));
#2811 = DIRECTION('',(0.,0.,1.));
#2812 = DIRECTION('',(1.,0.,0.));
#2813 = AXIS2_PLACEMENT_3D('',#2814,#2815,#2816);
#2814 = CARTESIAN_POINT('',(0.,0.,0.));
#2815 = DIRECTION('',(0.,0.,1.));
#2816 = DIRECTION('',(1.,0.,0.));
#2817 = ( GEOMETRIC_REPRESENTATION_CONTEXT(3) 
GLOBAL_UNCERTAINTY_ASSIGNED_CONTEXT((#2821)) 
GLOBAL_UNIT_ASSIGNED_CONTEXT((#2818,#2819,#2820)) REPRESENTATION_CONTEXT
('Context #1','3D Context with UNIT and UNCERTAINTY') );
#2818 = ( LENGTH_UNIT() NAMED_UNIT(*) SI_UNIT(.MILLI.,.METRE.) );
#2819 = ( NAMED_UNIT(*) PLANE_ANGLE_UNIT() SI_UNIT($,.RADIAN.) );
#2820 = ( NAMED_UNIT(*) SI_UNIT($,.STERADIAN.) SOLID_ANGLE_UNIT() );
#2821 = UNCERTAINTY_MEASURE_WITH_UNIT(LENGTH_MEASURE(1.E-07),#2818,
  'distance_accuracy_value','confusion accuracy');
#2822 = CONTEXT_DEPENDENT_SHAPE_REPRESENTATION(#2823,#2825);
#2823 = ( REPRESENTATION_RELATIONSHIP('','',#2808,#2785) 
REPRESENTATION_RELATIONSHIP_WITH_TRANSFORMATION(#2824) 
SHAPE_REPRESENTATION_RELATIONSHIP() );
#2824 = ITEM_DEFINED_TRANSFORMATION('','',#11,#2786);
#2825 = PRODUCT_DEFINITION_SHAPE('Placement','Placement of an item',
  #2826);
#2826 = NEXT_ASSEMBLY_USAGE_OCCURRENCE('17','=>[0:1:1:13]','',#2780,
  #2803,$);
#2827 = PRODUCT_RELATED_PRODUCT_CATEGORY('part',$,(#2805));
#2828 = SHAPE_DEFINITION_REPRESENTATION(#2829,#2835);
#2829 = PRODUCT_DEFINITION_SHAPE('','',#2830);
#2830 = PRODUCT_DEFINITION('design','',#2831,#2834);
#2831 = PRODUCT_DEFINITION_FORMATION('','',#2832);
#2832 = PRODUCT('p0','p0','',(#2833));
#2833 = PRODUCT_CONTEXT('',#2,'mechanical');
#2834 = PRODUCT_DEFINITION_CONTEXT('part definition',#2,'design');
#2835 = ADVANCED_BREP_SHAPE_REPRESENTATION('',(#11,#2836),#2889);
#2836 = MANIFOLD_SOLID_BREP('',#2837);
#2837 = CLOSED_SHELL('',(#2838,#2871,#2880));
#2838 = ADVANCED_FACE('',(#2839),#2866,.T.);
#2839 = FACE_BOUND('',#2840,.T.);
#2840 = EDGE_LOOP('',(#2841,#2850,#2858,#2865));
#2841 = ORIENTED_EDGE('',*,*,#2842,.T.);
#2842 = EDGE_CURVE('',#2843,#2843,#2845,.T.);
#2843 = VERTEX_POINT('',#2844);
#2844 = CARTESIAN_POINT('',(2.,0.,5.));
#2845 = CIRCLE('',#2846,2.);
#2846 = AXIS2_PLACEMENT_3D('',#2847,#2848,#2849);
#2847 = CARTESIAN_POINT('',(0.,0.,5.));
#2848 = DIRECTION('',(0.,0.,1.));
#2849 = DIRECTION('',(1.,0.,-0.));
#2850 = ORIENTED_EDGE('',*,*,#2851,.T.);
#2851 = EDGE_CURVE('',#2843,#2852,#2854,.T.);
#2852 = VERTEX_POINT('',#2853);
#2853 = CARTESIAN_POINT('',(2.,0.,13.5));
#2854 = LINE('',#2855,#2856);
#2855 = CARTESIAN_POINT('',(2.,0.,5.));
#2856 = VECTOR('',#2857,1.);
#2857 = DIRECTION('',(0.,0.,1.));
#2858 = ORIENTED_EDGE('',*,*,#2859,.F.);
#2859 = EDGE_CURVE('',#2852,#2852,#2860,.T.);
#2860 = CIRCLE('',#2861,2.);
#2861 = AXIS2_PLACEMENT_3D('',#2862,#2863,#2864);
#2862 = CARTESIAN_POINT('',(0.,0.,13.5));
#2863 = DIRECTION('',(0.,0.,1.));
#2864 = DIRECTION('',(1.,0.,-0.));
#2865 = ORIENTED_EDGE('',*,*,#2851,.F.);
#2866 = CYLINDRICAL_SURFACE('',#2867,2.);
#2867 = AXIS2_PLACEMENT_3D('',#2868,#2869,#2870);
#2868 = CARTESIAN_POINT('',(0.,0.,5.));
#2869 = DIRECTION('',(-0.,-0.,-1.));
#2870 = DIRECTION('',(1.,0.,0.));
#2871 = ADVANCED_FACE('',(#2872),#2875,.F.);
#2872 = FACE_BOUND('',#2873,.F.);
#2873 = EDGE_LOOP('',(#2874));
#2874 = ORIENTED_EDGE('',*,*,#2842,.T.);
#2875 = PLANE('',#2876);
#2876 = AXIS2_PLACEMENT_3D('',#2877,#2878,#2879);
#2877 = CARTESIAN_POINT('',(-1.281975124256E-16,3.821888340557E-18,5.));
#2878 = DIRECTION('',(0.,0.,1.));
#2879 = DIRECTION('',(1.,0.,-0.));
#2880 = ADVANCED_FACE('',(#2881),#2884,.T.);
#2881 = FACE_BOUND('',#2882,.T.);
#2882 = EDGE_LOOP('',(#2883));
#2883 = ORIENTED_EDGE('',*,*,#2859,.T.);
#2884 = PLANE('',#2885);
#2885 = AXIS2_PLACEMENT_3D('',#2886,#2887,#2888);
#2886 = CARTESIAN_POINT('',(-1.281975124256E-16,3.821888340557E-18,13.5)
  );
#2887 = DIRECTION('',(0.,0.,1.));
#2888 = DIRECTION('',(1.,0.,-0.));
#2889 = ( GEOMETRIC_REPRESENTATION_CONTEXT(3) 
GLOBAL_UNCERTAINTY_ASSIGNED_CONTEXT((#2893)) 
GLOBAL_UNIT_ASSIGNED_CONTEXT((#2890,#2891,#2892)) REPRESENTATION_CONTEXT
('Context #1','3D Context with UNIT and UNCERTAINTY') );
#2890 = ( LENGTH_UNIT() NAMED_UNIT(*) SI_UNIT(.MILLI.,.METRE.) );
#2891 = ( NAMED_UNIT(*) PLANE_ANGLE_UNIT() SI_UNIT($,.RADIAN.) );
#2892 = ( NAMED_UNIT(*) SI_UNIT($,.STERADIAN.) SOLID_ANGLE_UNIT() );
#2893 = UNCERTAINTY_MEASURE_WITH_UNIT(LENGTH_MEASURE(1.E-07),#2890,
  'distance_accuracy_value','confusion accuracy');
#2894 = CONTEXT_DEPENDENT_SHAPE_REPRESENTATION(#2895,#2897);
#2895 = ( REPRESENTATION_RELATIONSHIP('','',#2835,#2808) 
REPRESENTATION_RELATIONSHIP_WITH_TRANSFORMATION(#2896) 
SHAPE_REPRESENTATION_RELATIONSHIP() );
#2896 = ITEM_DEFINED_TRANSFORMATION('','',#11,#2809);
#2897 = PRODUCT_DEFINITION_SHAPE('Placement','Placement of an item',
  #2898);
#2898 = NEXT_ASSEMBLY_USAGE_OCCURRENCE('15','p0','',#2803,#2830,$);
#2899 = PRODUCT_RELATED_PRODUCT_CATEGORY('part',$,(#2832));
#2900 = SHAPE_DEFINITION_REPRESENTATION(#2901,#2907);
#2901 = PRODUCT_DEFINITION_SHAPE('','',#2902);
#2902 = PRODUCT_DEFINITION('design','',#2903,#2906);
#2903 = PRODUCT_DEFINITION_FORMATION('','',#2904);
#2904 = PRODUCT('p1','p1','',(#2905));
#2905 = PRODUCT_CONTEXT('',#2,'mechanical');
#2906 = PRODUCT_DEFINITION_CONTEXT('part definition',#2,'design');
#2907 = ADVANCED_BREP_SHAPE_REPRESENTATION('',(#11,#2908),#3123);
#2908 = MANIFOLD_SOLID_BREP('',#2909);
#2909 = CLOSED_SHELL('',(#2910,#2961,#2970,#3021,#3036,#3078,#3093,#3103
    ,#3112));
#2910 = ADVANCED_FACE('',(#2911),#2956,.T.);
#2911 = FACE_BOUND('',#2912,.T.);
#2912 = EDGE_LOOP('',(#2913,#2923,#2932,#2941,#2948,#2949));
#2913 = ORIENTED_EDGE('',*,*,#2914,.T.);
#2914 = EDGE_CURVE('',#2915,#2917,#2919,.T.);
#2915 = VERTEX_POINT('',#2916);
#2916 = CARTESIAN_POINT('',(0.5,0.,-3.));
#2917 = VERTEX_POINT('',#2918);
#2918 = CARTESIAN_POINT('',(0.5,0.,14.5));
#2919 = LINE('',#2920,#2921);
#2920 = CARTESIAN_POINT('',(0.5,0.,-3.));
#2921 = VECTOR('',#2922,1.);
#2922 = DIRECTION('',(0.,0.,1.));
#2923 = ORIENTED_EDGE('',*,*,#2924,.T.);
#2924 = EDGE_CURVE('',#2917,#2925,#2927,.T.);
#2925 = VERTEX_POINT('',#2926);
#2926 = CARTESIAN_POINT('',(-2.679688598931E-16,-0.5,15.));
#2927 = ELLIPSE('',#2928,0.707106781187,0.5);
#2928 = AXIS2_PLACEMENT_3D('',#2929,#2930,#2931);
#2929 = CARTESIAN_POINT('',(0.,0.,15.));
#2930 = DIRECTION('',(-0.707106781187,-0.,-0.707106781187));
#2931 = DIRECTION('',(0.707106781187,0.,-0.707106781187));
#2932 = ORIENTED_EDGE('',*,*,#2933,.F.);
#2933 = EDGE_CURVE('',#2934,#2925,#2936,.T.);
#2934 = VERTEX_POINT('',#2935);
#2935 = CARTESIAN_POINT('',(0.,0.5,15.));
#2936 = CIRCLE('',#2937,0.5);
#2937 = AXIS2_PLACEMENT_3D('',#2938,#2939,#2940);
#2938 = CARTESIAN_POINT('',(0.,0.,15.));
#2939 = DIRECTION('',(0.,0.,1.));
#2940 = DIRECTION('',(1.,0.,-0.));
#2941 = ORIENTED_EDGE('',*,*,#2942,.T.);
#2942 = EDGE_CURVE('',#2934,#2917,#2943,.T.);
#2943 = ELLIPSE('',#2944,0.707106781187,0.5);
#2944 = AXIS2_PLACEMENT_3D('',#2945,#2946,#2947);
#2945 = CARTESIAN_POINT('',(0.,0.,15.));
#2946 = DIRECTION('',(-0.707106781187,-0.,-0.707106781187));
#2947 = DIRECTION('',(0.707106781187,0.,-0.707106781187));
#2948 = ORIENTED_EDGE('',*,*,#2914,.F.);
#2949 = ORIENTED_EDGE('',*,*,#2950,.T.);
#2950 = EDGE_CURVE('',#2915,#2915,#2951,.T.);
#2951 = CIRCLE('',#2952,0.5);
#2952 = AXIS2_PLACEMENT_3D('',#2953,#2954,#2955);
#2953 = CARTESIAN_POINT('',(0.,0.,-3.));
#2954 = DIRECTION('',(0.,0.,1.));
#2955 = DIRECTION('',(1.,0.,-0.));
#2956 = CYLINDRICAL_SURFACE('',#2957,0.5);
#2957 = AXIS2_PLACEMENT_3D('',#2958,#2959,#2960);
#2958 = CARTESIAN_POINT('',(0.,0.,-3.));
#2959 = DIRECTION('',(-0.,-0.,-1.));
#2960 = DIRECTION('',(1.,0.,0.));
#2961 = ADVANCED_FACE('',(#2962),#2965,.F.);
#2962 = FACE_BOUND('',#2963,.F.);
#2963 = EDGE_LOOP('',(#2964));
#2964 = ORIENTED_EDGE('',*,*,#2950,.T.);
#2965 = PLANE('',#2966);
#2966 = AXIS2_PLACEMENT_3D('',#2967,#2968,#2969);
#2967 = CARTESIAN_POINT('',(-3.204937810639E-17,9.554720851393E-19,-3.)
  );
#2968 = DIRECTION('',(0.,0.,1.));
#2969 = DIRECTION('',(1.,0.,-0.));
#2970 = ADVANCED_FACE('',(#2971),#3016,.T.);
#2971 = FACE_BOUND('',#2972,.T.);
#2972 = EDGE_LOOP('',(#2973,#2984,#2993,#3000,#3006,#3013,#3014,#3015));
#2973 = ORIENTED_EDGE('',*,*,#2974,.T.);
#2974 = EDGE_CURVE('',#2975,#2977,#2979,.T.);
#2975 = VERTEX_POINT('',#2976);
#2976 = CARTESIAN_POINT('',(10.16,0.5,15.));
#2977 = VERTEX_POINT('',#2978);
#2978 = CARTESIAN_POINT('',(9.66,1.224646799147E-16,14.5));
#2979 = ELLIPSE('',#2980,0.707106781187,0.5);
#2980 = AXIS2_PLACEMENT_3D('',#2981,#2982,#2983);
#2981 = CARTESIAN_POINT('',(10.16,0.,15.));
#2982 = DIRECTION('',(-0.707106781187,0.,0.707106781187));
#2983 = DIRECTION('',(-0.707106781187,0.,-0.707106781187));
#2984 = ORIENTED_EDGE('',*,*,#2985,.T.);
#2985 = EDGE_CURVE('',#2977,#2986,#2988,.T.);
#2986 = VERTEX_POINT('',#2987);
#2987 = CARTESIAN_POINT('',(10.16,-0.5,15.));
#2988 = ELLIPSE('',#2989,0.707106781187,0.5);
#2989 = AXIS2_PLACEMENT_3D('',#2990,#2991,#2992);
#2990 = CARTESIAN_POINT('',(10.16,0.,15.));
#2991 = DIRECTION('',(-0.707106781187,0.,0.707106781187));
#2992 = DIRECTION('',(-0.707106781187,0.,-0.707106781187));
#2993 = ORIENTED_EDGE('',*,*,#2994,.F.);
#2994 = EDGE_CURVE('',#2975,#2986,#2995,.T.);
#2995 = CIRCLE('',#2996,0.5);
#2996 = AXIS2_PLACEMENT_3D('',#2997,#2998,#2999);
#2997 = CARTESIAN_POINT('',(10.16,0.,15.));
#2998 = DIRECTION('',(1.,0.,0.));
#2999 = DIRECTION('',(-0.,1.,0.));
#3000 = ORIENTED_EDGE('',*,*,#3001,.F.);
#3001 = EDGE_CURVE('',#2934,#2975,#3002,.T.);
#3002 = LINE('',#3003,#3004);
#3003 = CARTESIAN_POINT('',(0.,0.5,15.));
#3004 = VECTOR('',#3005,1.);
#3005 = DIRECTION('',(1.,0.,0.));
#3006 = ORIENTED_EDGE('',*,*,#3007,.T.);
#3007 = EDGE_CURVE('',#2934,#2925,#3008,.T.);
#3008 = CIRCLE('',#3009,0.5);
#3009 = AXIS2_PLACEMENT_3D('',#3010,#3011,#3012);
#3010 = CARTESIAN_POINT('',(0.,0.,15.));
#3011 = DIRECTION('',(1.,0.,0.));
#3012 = DIRECTION('',(-0.,1.,0.));
#3013 = ORIENTED_EDGE('',*,*,#2924,.F.);
#3014 = ORIENTED_EDGE('',*,*,#2942,.F.);
#3015 = ORIENTED_EDGE('',*,*,#3001,.T.);
#3016 = CYLINDRICAL_SURFACE('',#3017,0.5);
#3017 = AXIS2_PLACEMENT_3D('',#3018,#3019,#3020);
#3018 = CARTESIAN_POINT('',(0.,0.,15.));
#3019 = DIRECTION('',(-1.,-0.,-0.));
#3020 = DIRECTION('',(0.,1.,0.));
#3021 = ADVANCED_FACE('',(#3022),#3031,.T.);
#3022 = FACE_BOUND('',#3023,.T.);
#3023 = EDGE_LOOP('',(#3024,#3030));
#3024 = ORIENTED_EDGE('',*,*,#3025,.T.);
#3025 = EDGE_CURVE('',#2925,#2934,#3026,.T.);
#3026 = LINE('',#3027,#3028);
#3027 = CARTESIAN_POINT('',(0.,2.18439881135E-17,15.));
#3028 = VECTOR('',#3029,1.);
#3029 = DIRECTION('',(0.,1.,0.));
#3030 = ORIENTED_EDGE('',*,*,#2933,.T.);
#3031 = PLANE('',#3032);
#3032 = AXIS2_PLACEMENT_3D('',#3033,#3034,#3035);
#3033 = CARTESIAN_POINT('',(-3.204937810639E-17,9.554720851393E-19,15.)
  );
#3034 = DIRECTION('',(0.,0.,1.));
#3035 = DIRECTION('',(1.,0.,-0.));
#3036 = ADVANCED_FACE('',(#3037),#3073,.T.);
#3037 = FACE_BOUND('',#3038,.T.);
#3038 = EDGE_LOOP('',(#3039,#3049,#3056,#3057,#3058,#3065,#3066));
#3039 = ORIENTED_EDGE('',*,*,#3040,.T.);
#3040 = EDGE_CURVE('',#3041,#3043,#3045,.T.);
#3041 = VERTEX_POINT('',#3042);
#3042 = CARTESIAN_POINT('',(10.66,0.,-3.));
#3043 = VERTEX_POINT('',#3044);
#3044 = CARTESIAN_POINT('',(10.66,0.,15.));
#3045 = LINE('',#3046,#3047);
#3046 = CARTESIAN_POINT('',(10.66,0.,-3.));
#3047 = VECTOR('',#3048,1.);
#3048 = DIRECTION('',(0.,0.,1.));
#3049 = ORIENTED_EDGE('',*,*,#3050,.F.);
#3050 = EDGE_CURVE('',#2986,#3043,#3051,.T.);
#3051 = CIRCLE('',#3052,0.5);
#3052 = AXIS2_PLACEMENT_3D('',#3053,#3054,#3055);
#3053 = CARTESIAN_POINT('',(10.16,0.,15.));
#3054 = DIRECTION('',(0.,0.,1.));
#3055 = DIRECTION('',(1.,0.,-0.));
#3056 = ORIENTED_EDGE('',*,*,#2985,.F.);
#3057 = ORIENTED_EDGE('',*,*,#2974,.F.);
#3058 = ORIENTED_EDGE('',*,*,#3059,.F.);
#3059 = EDGE_CURVE('',#3043,#2975,#3060,.T.);
#3060 = CIRCLE('',#3061,0.5);
#3061 = AXIS2_PLACEMENT_3D('',#3062,#3063,#3064);
#3062 = CARTESIAN_POINT('',(10.16,0.,15.));
#3063 = DIRECTION('',(0.,0.,1.));
#3064 = DIRECTION('',(1.,0.,-0.));
#3065 = ORIENTED_EDGE('',*,*,#3040,.F.);
#3066 = ORIENTED_EDGE('',*,*,#3067,.T.);
#3067 = EDGE_CURVE('',#3041,#3041,#3068,.T.);
#3068 = CIRCLE('',#3069,0.5);
#3069 = AXIS2_PLACEMENT_3D('',#3070,#3071,#3072);
#3070 = CARTESIAN_POINT('',(10.16,0.,-3.));
#3071 = DIRECTION('',(0.,0.,1.));
#3072 = DIRECTION('',(1.,0.,-0.));
#3073 = CYLINDRICAL_SURFACE('',#3074,0.5);
#3074 = AXIS2_PLACEMENT_3D('',#3075,#3076,#3077);
#3075 = CARTESIAN_POINT('',(10.16,0.,-3.));
#3076 = DIRECTION('',(-0.,-0.,-1.));
#3077 = DIRECTION('',(1.,0.,0.));
#3078 = ADVANCED_FACE('',(#3079),#3088,.T.);
#3079 = FACE_BOUND('',#3080,.T.);
#3080 = EDGE_LOOP('',(#3081,#3087));
#3081 = ORIENTED_EDGE('',*,*,#3082,.F.);
#3082 = EDGE_CURVE('',#2975,#2986,#3083,.T.);
#3083 = LINE('',#3084,#3085);
#3084 = CARTESIAN_POINT('',(10.16,3.252711414896E-17,15.));
#3085 = VECTOR('',#3086,1.);
#3086 = DIRECTION('',(0.,-1.,0.));
#3087 = ORIENTED_EDGE('',*,*,#2994,.T.);
#3088 = PLANE('',#3089);
#3089 = AXIS2_PLACEMENT_3D('',#3090,#3091,#3092);
#3090 = CARTESIAN_POINT('',(10.16,4.273250414186E-17,15.));
#3091 = DIRECTION('',(1.,0.,0.));
#3092 = DIRECTION('',(-0.,0.,1.));
#3093 = ADVANCED_FACE('',(#3094),#3098,.F.);
#3094 = FACE_BOUND('',#3095,.F.);
#3095 = EDGE_LOOP('',(#3096,#3097));
#3096 = ORIENTED_EDGE('',*,*,#3025,.T.);
#3097 = ORIENTED_EDGE('',*,*,#3007,.T.);
#3098 = PLANE('',#3099);
#3099 = AXIS2_PLACEMENT_3D('',#3100,#3101,#3102);
#3100 = CARTESIAN_POINT('',(0.,4.273250414186E-17,15.));
#3101 = DIRECTION('',(1.,0.,0.));
#3102 = DIRECTION('',(-0.,0.,1.));
#3103 = ADVANCED_FACE('',(#3104),#3107,.F.);
#3104 = FACE_BOUND('',#3105,.F.);
#3105 = EDGE_LOOP('',(#3106));
#3106 = ORIENTED_EDGE('',*,*,#3067,.T.);
#3107 = PLANE('',#3108);
#3108 = AXIS2_PLACEMENT_3D('',#3109,#3110,#3111);
#3109 = CARTESIAN_POINT('',(10.16,2.232172415607E-17,-3.));
#3110 = DIRECTION('',(0.,0.,1.));
#3111 = DIRECTION('',(1.,0.,-0.));
#3112 = ADVANCED_FACE('',(#3113),#3118,.T.);
#3113 = FACE_BOUND('',#3114,.T.);
#3114 = EDGE_LOOP('',(#3115,#3116,#3117));
#3115 = ORIENTED_EDGE('',*,*,#3050,.T.);
#3116 = ORIENTED_EDGE('',*,*,#3059,.T.);
#3117 = ORIENTED_EDGE('',*,*,#3082,.T.);
#3118 = PLANE('',#3119);
#3119 = AXIS2_PLACEMENT_3D('',#3120,#3121,#3122);
#3120 = CARTESIAN_POINT('',(10.16,2.232172415607E-17,15.));
#3121 = DIRECTION('',(0.,0.,1.));
#3122 = DIRECTION('',(1.,0.,-0.));
#3123 = ( GEOMETRIC_REPRESENTATION_CONTEXT(3) 
GLOBAL_UNCERTAINTY_ASSIGNED_CONTEXT((#3127)) 
GLOBAL_UNIT_ASSIGNED_CONTEXT((#3124,#3125,#3126)) REPRESENTATION_CONTEXT
('Context #1','3D Context with UNIT and UNCERTAINTY') );
#3124 = ( LENGTH_UNIT() NAMED_UNIT(*) SI_UNIT(.MILLI.,.METRE.) );
#3125 = ( NAMED_UNIT(*) PLANE_ANGLE_UNIT() SI_UNIT($,.RADIAN.) );
#3126 = ( NAMED_UNIT(*) SI_UNIT($,.STERADIAN.) SOLID_ANGLE_UNIT() );
#3127 = UNCERTAINTY_MEASURE_WITH_UNIT(LENGTH_MEASURE(1.E-07),#3124,
  'distance_accuracy_value','confusion accuracy');
#3128 = CONTEXT_DEPENDENT_SHAPE_REPRESENTATION(#3129,#3131);
#3129 = ( REPRESENTATION_RELATIONSHIP('','',#2907,#2808) 
REPRESENTATION_RELATIONSHIP_WITH_TRANSFORMATION(#3130) 
SHAPE_REPRESENTATION_RELATIONSHIP() );
#3130 = ITEM_DEFINED_TRANSFORMATION('','',#11,#2813);
#3131 = PRODUCT_DEFINITION_SHAPE('Placement','Placement of an item',
  #3132);
#3132 = NEXT_ASSEMBLY_USAGE_OCCURRENCE('16','p1','',#2803,#2902,$);
#3133 = PRODUCT_RELATED_PRODUCT_CATEGORY('part',$,(#2904));
#3134 = SHAPE_DEFINITION_REPRESENTATION(#3135,#3141);
#3135 = PRODUCT_DEFINITION_SHAPE('','',#3136);
#3136 = PRODUCT_DEFINITION('design','',#3137,#3140);
#3137 = PRODUCT_DEFINITION_FORMATION('','',#3138);
#3138 = PRODUCT('D_DO-41_SOD81_P10.16mm_Horizontal',
  'D_DO-41_SOD81_P10.16mm_Horizontal','',(#3139));
#3139 = PRODUCT_CONTEXT('',#2,'mechanical');
#3140 = PRODUCT_DEFINITION_CONTEXT('part definition',#2,'design');
#3141 = SHAPE_REPRESENTATION('',(#11,#3142),#3146);
#3142 = AXIS2_PLACEMENT_3D('',#3143,#3144,#3145);
#3143 = CARTESIAN_POINT('',(0.,0.,0.));
#3144 = DIRECTION('',(0.,0.,1.));
#3145 = DIRECTION('',(1.,0.,-0.));
#3146 = ( GEOMETRIC_REPRESENTATION_CONTEXT(3) 
GLOBAL_UNCERTAINTY_ASSIGNED_CONTEXT((#3150)) 
GLOBAL_UNIT_ASSIGNED_CONTEXT((#3147,#3148,#3149)) REPRESENTATION_CONTEXT
('Context #1','3D Context with UNIT and UNCERTAINTY') );
#3147 = ( LENGTH_UNIT() NAMED_UNIT(*) SI_UNIT(.MILLI.,.METRE.) );
#3148 = ( NAMED_UNIT(*) PLANE_ANGLE_UNIT() SI_UNIT($,.RADIAN.) );
#3149 = ( NAMED_UNIT(*) SI_UNIT($,.STERADIAN.) SOLID_ANGLE_UNIT() );
#3150 = UNCERTAINTY_MEASURE_WITH_UNIT(LENGTH_MEASURE(1.E-07),#3147,
  'distance_accuracy_value','confusion accuracy');
#3151 = CONTEXT_DEPENDENT_SHAPE_REPRESENTATION(#3152,#3154);
#3152 = ( REPRESENTATION_RELATIONSHIP('','',#3141,#10) 
REPRESENTATION_RELATIONSHIP_WITH_TRANSFORMATION(#3153) 
SHAPE_REPRESENTATION_RELATIONSHIP() );
#3153 = ITEM_DEFINED_TRANSFORMATION('','',#11,#55);
#3154 = PRODUCT_DEFINITION_SHAPE('Placement','Placement of an item',
  #3155);
#3155 = NEXT_ASSEMBLY_USAGE_OCCURRENCE('20','D4','',#5,#3136,$);
#3156 = PRODUCT_RELATED_PRODUCT_CATEGORY('part',$,(#3138));
#3157 = SHAPE_DEFINITION_REPRESENTATION(#3158,#3164);
#3158 = PRODUCT_DEFINITION_SHAPE('','',#3159);
#3159 = PRODUCT_DEFINITION('design','',#3160,#3163);
#3160 = PRODUCT_DEFINITION_FORMATION('','',#3161);
#3161 = PRODUCT('D_DO-41_SOD81_P10.16mm_Horizontal',
  'D_DO-41_SOD81_P10.16mm_Horizontal','',(#3162));
#3162 = PRODUCT_CONTEXT('',#2,'mechanical');
#3163 = PRODUCT_DEFINITION_CONTEXT('part definition',#2,'design');
#3164 = ADVANCED_BREP_SHAPE_REPRESENTATION('',(#11,#3165),#3500);
#3165 = MANIFOLD_SOLID_BREP('',#3166);
#3166 = CLOSED_SHELL('',(#3167,#3200,#3220,#3240,#3265,#3290,#3310,#3330
    ,#3355,#3380,#3406,#3432,#3457,#3482,#3491));
#3167 = ADVANCED_FACE('',(#3168),#3195,.T.);
#3168 = FACE_BOUND('',#3169,.T.);
#3169 = EDGE_LOOP('',(#3170,#3179,#3187,#3194));
#3170 = ORIENTED_EDGE('',*,*,#3171,.T.);
#3171 = EDGE_CURVE('',#3172,#3172,#3174,.T.);
#3172 = VERTEX_POINT('',#3173);
#3173 = CARTESIAN_POINT('',(3.26,2.138289545428E-15,3.21));
#3174 = CIRCLE('',#3175,1.36);
#3175 = AXIS2_PLACEMENT_3D('',#3176,#3177,#3178);
#3176 = CARTESIAN_POINT('',(3.26,8.215650382226E-16,1.85));
#3177 = DIRECTION('',(1.,0.,-0.));
#3178 = DIRECTION('',(0.,9.681797847099E-16,1.));
#3179 = ORIENTED_EDGE('',*,*,#3180,.T.);
#3180 = EDGE_CURVE('',#3172,#3181,#3183,.T.);
#3181 = VERTEX_POINT('',#3182);
#3182 = CARTESIAN_POINT('',(4.56,2.138289545428E-15,3.21));
#3183 = LINE('',#3184,#3185);
#3184 = CARTESIAN_POINT('',(3.26,2.138289545428E-15,3.21));
#3185 = VECTOR('',#3186,1.);
#3186 = DIRECTION('',(1.,0.,0.));
#3187 = ORIENTED_EDGE('',*,*,#3188,.F.);
#3188 = EDGE_CURVE('',#3181,#3181,#3189,.T.);
#3189 = CIRCLE('',#3190,1.36);
#3190 = AXIS2_PLACEMENT_3D('',#3191,#3192,#3193);
#3191 = CARTESIAN_POINT('',(4.56,8.215650382226E-16,1.85));
#3192 = DIRECTION('',(1.,0.,-0.));
#3193 = DIRECTION('',(0.,9.681797847099E-16,1.));
#3194 = ORIENTED_EDGE('',*,*,#3180,.F.);
#3195 = CYLINDRICAL_SURFACE('',#3196,1.36);
#3196 = AXIS2_PLACEMENT_3D('',#3197,#3198,#3199);
#3197 = CARTESIAN_POINT('',(3.26,8.215650382226E-16,1.85));
#3198 = DIRECTION('',(1.,0.,0.));
#3199 = DIRECTION('',(-0.,9.681797847099E-16,1.));
#3200 = ADVANCED_FACE('',(#3201,#3204),#3215,.F.);
#3201 = FACE_BOUND('',#3202,.T.);
#3202 = EDGE_LOOP('',(#3203));
#3203 = ORIENTED_EDGE('',*,*,#3171,.F.);
#3204 = FACE_BOUND('',#3205,.T.);
#3205 = EDGE_LOOP('',(#3206));
#3206 = ORIENTED_EDGE('',*,*,#3207,.T.);
#3207 = EDGE_CURVE('',#3208,#3208,#3210,.T.);
#3208 = VERTEX_POINT('',#3209);
#3209 = CARTESIAN_POINT('',(3.26,2.13162820728E-15,3.2));
#3210 = CIRCLE('',#3211,1.35);
#3211 = AXIS2_PLACEMENT_3D('',#3212,#3213,#3214);
#3212 = CARTESIAN_POINT('',(3.26,8.215650382226E-16,1.85));
#3213 = DIRECTION('',(1.,0.,-0.));
#3214 = DIRECTION('',(0.,9.70417162265E-16,1.));
#3215 = PLANE('',#3216);
#3216 = AXIS2_PLACEMENT_3D('',#3217,#3218,#3219);
#3217 = CARTESIAN_POINT('',(3.26,8.215650382226E-16,1.85));
#3218 = DIRECTION('',(1.,0.,0.));
#3219 = DIRECTION('',(-0.,9.726879335149E-16,1.));
#3220 = ADVANCED_FACE('',(#3221,#3224),#3235,.T.);
#3221 = FACE_BOUND('',#3222,.T.);
#3222 = EDGE_LOOP('',(#3223));
#3223 = ORIENTED_EDGE('',*,*,#3188,.T.);
#3224 = FACE_BOUND('',#3225,.T.);
#3225 = EDGE_LOOP('',(#3226));
#3226 = ORIENTED_EDGE('',*,*,#3227,.F.);
#3227 = EDGE_CURVE('',#3228,#3228,#3230,.T.);
#3228 = VERTEX_POINT('',#3229);
#3229 = CARTESIAN_POINT('',(4.56,2.13162820728E-15,3.2));
#3230 = CIRCLE('',#3231,1.35);
#3231 = AXIS2_PLACEMENT_3D('',#3232,#3233,#3234);
#3232 = CARTESIAN_POINT('',(4.56,8.215650382226E-16,1.85));
#3233 = DIRECTION('',(1.,0.,-0.));
#3234 = DIRECTION('',(0.,9.70417162265E-16,1.));
#3235 = PLANE('',#3236);
#3236 = AXIS2_PLACEMENT_3D('',#3237,#3238,#3239);
#3237 = CARTESIAN_POINT('',(4.56,8.215650382226E-16,1.85));
#3238 = DIRECTION('',(1.,0.,0.));
#3239 = DIRECTION('',(-0.,9.681797847099E-16,1.));
#3240 = ADVANCED_FACE('',(#3241),#3260,.T.);
#3241 = FACE_BOUND('',#3242,.T.);
#3242 = EDGE_LOOP('',(#3243,#3251,#3258,#3259));
#3243 = ORIENTED_EDGE('',*,*,#3244,.F.);
#3244 = EDGE_CURVE('',#3245,#3208,#3247,.T.);
#3245 = VERTEX_POINT('',#3246);
#3246 = CARTESIAN_POINT('',(2.48,2.13162820728E-15,3.2));
#3247 = LINE('',#3248,#3249);
#3248 = CARTESIAN_POINT('',(2.48,2.13162820728E-15,3.2));
#3249 = VECTOR('',#3250,1.);
#3250 = DIRECTION('',(1.,0.,0.));
#3251 = ORIENTED_EDGE('',*,*,#3252,.T.);
#3252 = EDGE_CURVE('',#3245,#3245,#3253,.T.);
#3253 = CIRCLE('',#3254,1.35);
#3254 = AXIS2_PLACEMENT_3D('',#3255,#3256,#3257);
#3255 = CARTESIAN_POINT('',(2.48,8.215650382226E-16,1.85));
#3256 = DIRECTION('',(1.,0.,-0.));
#3257 = DIRECTION('',(0.,9.70417162265E-16,1.));
#3258 = ORIENTED_EDGE('',*,*,#3244,.T.);
#3259 = ORIENTED_EDGE('',*,*,#3207,.F.);
#3260 = CYLINDRICAL_SURFACE('',#3261,1.35);
#3261 = AXIS2_PLACEMENT_3D('',#3262,#3263,#3264);
#3262 = CARTESIAN_POINT('',(2.48,8.215650382226E-16,1.85));
#3263 = DIRECTION('',(1.,0.,0.));
#3264 = DIRECTION('',(-0.,9.70417162265E-16,1.));
#3265 = ADVANCED_FACE('',(#3266),#3285,.T.);
#3266 = FACE_BOUND('',#3267,.T.);
#3267 = EDGE_LOOP('',(#3268,#3269,#3277,#3284));
#3268 = ORIENTED_EDGE('',*,*,#3227,.T.);
#3269 = ORIENTED_EDGE('',*,*,#3270,.T.);
#3270 = EDGE_CURVE('',#3228,#3271,#3273,.T.);
#3271 = VERTEX_POINT('',#3272);
#3272 = CARTESIAN_POINT('',(7.68,2.13162820728E-15,3.2));
#3273 = LINE('',#3274,#3275);
#3274 = CARTESIAN_POINT('',(2.48,2.13162820728E-15,3.2));
#3275 = VECTOR('',#3276,1.);
#3276 = DIRECTION('',(1.,0.,0.));
#3277 = ORIENTED_EDGE('',*,*,#3278,.F.);
#3278 = EDGE_CURVE('',#3271,#3271,#3279,.T.);
#3279 = CIRCLE('',#3280,1.35);
#3280 = AXIS2_PLACEMENT_3D('',#3281,#3282,#3283);
#3281 = CARTESIAN_POINT('',(7.68,8.215650382226E-16,1.85));
#3282 = DIRECTION('',(1.,0.,-0.));
#3283 = DIRECTION('',(0.,9.70417162265E-16,1.));
#3284 = ORIENTED_EDGE('',*,*,#3270,.F.);
#3285 = CYLINDRICAL_SURFACE('',#3286,1.35);
#3286 = AXIS2_PLACEMENT_3D('',#3287,#3288,#3289);
#3287 = CARTESIAN_POINT('',(2.48,8.215650382226E-16,1.85));
#3288 = DIRECTION('',(1.,0.,0.));
#3289 = DIRECTION('',(-0.,9.70417162265E-16,1.));
#3290 = ADVANCED_FACE('',(#3291,#3294),#3305,.F.);
#3291 = FACE_BOUND('',#3292,.T.);
#3292 = EDGE_LOOP('',(#3293));
#3293 = ORIENTED_EDGE('',*,*,#3252,.F.);
#3294 = FACE_BOUND('',#3295,.T.);
#3295 = EDGE_LOOP('',(#3296));
#3296 = ORIENTED_EDGE('',*,*,#3297,.T.);
#3297 = EDGE_CURVE('',#3298,#3298,#3300,.T.);
#3298 = VERTEX_POINT('',#3299);
#3299 = CARTESIAN_POINT('',(2.48,7.660538869914E-16,1.45));
#3300 = CIRCLE('',#3301,0.4);
#3301 = AXIS2_PLACEMENT_3D('',#3302,#3303,#3304);
#3302 = CARTESIAN_POINT('',(2.48,8.548717289614E-16,1.85));
#3303 = DIRECTION('',(1.,0.,0.));
#3304 = DIRECTION('',(0.,-2.22044604925E-16,-1.));
#3305 = PLANE('',#3306);
#3306 = AXIS2_PLACEMENT_3D('',#3307,#3308,#3309);
#3307 = CARTESIAN_POINT('',(2.48,8.215650382226E-16,1.85));
#3308 = DIRECTION('',(1.,0.,0.));
#3309 = DIRECTION('',(-0.,9.70417162265E-16,1.));
#3310 = ADVANCED_FACE('',(#3311,#3314),#3325,.T.);
#3311 = FACE_BOUND('',#3312,.F.);
#3312 = EDGE_LOOP('',(#3313));
#3313 = ORIENTED_EDGE('',*,*,#3278,.F.);
#3314 = FACE_BOUND('',#3315,.F.);
#3315 = EDGE_LOOP('',(#3316));
#3316 = ORIENTED_EDGE('',*,*,#3317,.T.);
#3317 = EDGE_CURVE('',#3318,#3318,#3320,.T.);
#3318 = VERTEX_POINT('',#3319);
#3319 = CARTESIAN_POINT('',(7.68,7.660538869914E-16,1.45));
#3320 = CIRCLE('',#3321,0.4);
#3321 = AXIS2_PLACEMENT_3D('',#3322,#3323,#3324);
#3322 = CARTESIAN_POINT('',(7.68,8.548717289614E-16,1.85));
#3323 = DIRECTION('',(1.,0.,0.));
#3324 = DIRECTION('',(0.,-2.22044604925E-16,-1.));
#3325 = PLANE('',#3326);
#3326 = AXIS2_PLACEMENT_3D('',#3327,#3328,#3329);
#3327 = CARTESIAN_POINT('',(7.68,8.215650382226E-16,1.85));
#3328 = DIRECTION('',(1.,0.,0.));
#3329 = DIRECTION('',(-0.,9.70417162265E-16,1.));
#3330 = ADVANCED_FACE('',(#3331),#3350,.T.);
#3331 = FACE_BOUND('',#3332,.T.);
#3332 = EDGE_LOOP('',(#3333,#3342,#3348,#3349));
#3333 = ORIENTED_EDGE('',*,*,#3334,.F.);
#3334 = EDGE_CURVE('',#3335,#3335,#3337,.T.);
#3335 = VERTEX_POINT('',#3336);
#3336 = CARTESIAN_POINT('',(0.8,7.660538869914E-16,1.45));
#3337 = CIRCLE('',#3338,0.4);
#3338 = AXIS2_PLACEMENT_3D('',#3339,#3340,#3341);
#3339 = CARTESIAN_POINT('',(0.8,8.548717289614E-16,1.85));
#3340 = DIRECTION('',(-1.,-4.078893220341E-32,-1.836970198721E-16));
#3341 = DIRECTION('',(-1.836970198721E-16,2.22044604925E-16,1.));
#3342 = ORIENTED_EDGE('',*,*,#3343,.T.);
#3343 = EDGE_CURVE('',#3335,#3298,#3344,.T.);
#3344 = LINE('',#3345,#3346);
#3345 = CARTESIAN_POINT('',(0.8,7.660538869914E-16,1.45));
#3346 = VECTOR('',#3347,1.);
#3347 = DIRECTION('',(1.,0.,0.));
#3348 = ORIENTED_EDGE('',*,*,#3297,.F.);
#3349 = ORIENTED_EDGE('',*,*,#3343,.F.);
#3350 = CYLINDRICAL_SURFACE('',#3351,0.4);
#3351 = AXIS2_PLACEMENT_3D('',#3352,#3353,#3354);
#3352 = CARTESIAN_POINT('',(0.8,8.548717289614E-16,1.85));
#3353 = DIRECTION('',(1.,0.,0.));
#3354 = DIRECTION('',(0.,-2.22044604925E-16,-1.));
#3355 = ADVANCED_FACE('',(#3356),#3375,.T.);
#3356 = FACE_BOUND('',#3357,.T.);
#3357 = EDGE_LOOP('',(#3358,#3359,#3367,#3374));
#3358 = ORIENTED_EDGE('',*,*,#3317,.T.);
#3359 = ORIENTED_EDGE('',*,*,#3360,.T.);
#3360 = EDGE_CURVE('',#3318,#3361,#3363,.T.);
#3361 = VERTEX_POINT('',#3362);
#3362 = CARTESIAN_POINT('',(9.36,7.660538869914E-16,1.45));
#3363 = LINE('',#3364,#3365);
#3364 = CARTESIAN_POINT('',(0.8,7.660538869914E-16,1.45));
#3365 = VECTOR('',#3366,1.);
#3366 = DIRECTION('',(1.,0.,0.));
#3367 = ORIENTED_EDGE('',*,*,#3368,.F.);
#3368 = EDGE_CURVE('',#3361,#3361,#3369,.T.);
#3369 = CIRCLE('',#3370,0.4);
#3370 = AXIS2_PLACEMENT_3D('',#3371,#3372,#3373);
#3371 = CARTESIAN_POINT('',(9.36,8.548717289614E-16,1.85));
#3372 = DIRECTION('',(1.,0.,0.));
#3373 = DIRECTION('',(0.,-2.22044604925E-16,-1.));
#3374 = ORIENTED_EDGE('',*,*,#3360,.F.);
#3375 = CYLINDRICAL_SURFACE('',#3376,0.4);
#3376 = AXIS2_PLACEMENT_3D('',#3377,#3378,#3379);
#3377 = CARTESIAN_POINT('',(0.8,8.548717289614E-16,1.85));
#3378 = DIRECTION('',(1.,0.,0.));
#3379 = DIRECTION('',(0.,-2.22044604925E-16,-1.));
#3380 = ADVANCED_FACE('',(#3381),#3401,.T.);
#3381 = FACE_BOUND('',#3382,.T.);
#3382 = EDGE_LOOP('',(#3383,#3392,#3393,#3394));
#3383 = ORIENTED_EDGE('',*,*,#3384,.T.);
#3384 = EDGE_CURVE('',#3385,#3335,#3387,.T.);
#3385 = VERTEX_POINT('',#3386);
#3386 = CARTESIAN_POINT('',(0.4,6.772360450213E-16,1.05));
#3387 = CIRCLE('',#3388,0.4);
#3388 = AXIS2_PLACEMENT_3D('',#3389,#3390,#3391);
#3389 = CARTESIAN_POINT('',(0.8,8.24193660919E-16,1.05));
#3390 = DIRECTION('',(0.,1.,-2.22044604925E-16));
#3391 = DIRECTION('',(1.,0.,0.));
#3392 = ORIENTED_EDGE('',*,*,#3334,.T.);
#3393 = ORIENTED_EDGE('',*,*,#3384,.F.);
#3394 = ORIENTED_EDGE('',*,*,#3395,.T.);
#3395 = EDGE_CURVE('',#3385,#3385,#3396,.T.);
#3396 = CIRCLE('',#3397,0.4);
#3397 = AXIS2_PLACEMENT_3D('',#3398,#3399,#3400);
#3398 = CARTESIAN_POINT('',(0.,6.772360450213E-16,1.05));
#3399 = DIRECTION('',(-0.,2.22044604925E-16,1.));
#3400 = DIRECTION('',(1.,0.,0.));
#3401 = TOROIDAL_SURFACE('',#3402,0.8,0.4);
#3402 = AXIS2_PLACEMENT_3D('',#3403,#3404,#3405);
#3403 = CARTESIAN_POINT('',(0.8,6.772360450213E-16,1.05));
#3404 = DIRECTION('',(0.,1.,-2.22044604925E-16));
#3405 = DIRECTION('',(1.,0.,0.));
#3406 = ADVANCED_FACE('',(#3407),#3427,.T.);
#3407 = FACE_BOUND('',#3408,.T.);
#3408 = EDGE_LOOP('',(#3409,#3418,#3425,#3426));
#3409 = ORIENTED_EDGE('',*,*,#3410,.T.);
#3410 = EDGE_CURVE('',#3361,#3411,#3413,.T.);
#3411 = VERTEX_POINT('',#3412);
#3412 = CARTESIAN_POINT('',(9.76,6.772360450213E-16,1.05));
#3413 = CIRCLE('',#3414,0.4);
#3414 = AXIS2_PLACEMENT_3D('',#3415,#3416,#3417);
#3415 = CARTESIAN_POINT('',(9.36,8.24193660919E-16,1.05));
#3416 = DIRECTION('',(0.,1.,-2.22044604925E-16));
#3417 = DIRECTION('',(1.,0.,0.));
#3418 = ORIENTED_EDGE('',*,*,#3419,.T.);
#3419 = EDGE_CURVE('',#3411,#3411,#3420,.T.);
#3420 = CIRCLE('',#3421,0.4);
#3421 = AXIS2_PLACEMENT_3D('',#3422,#3423,#3424);
#3422 = CARTESIAN_POINT('',(10.16,6.772360450213E-16,1.05));
#3423 = DIRECTION('',(-2.449293598295E-16,2.22044604925E-16,1.));
#3424 = DIRECTION('',(1.,5.438524293788E-32,2.449293598295E-16));
#3425 = ORIENTED_EDGE('',*,*,#3410,.F.);
#3426 = ORIENTED_EDGE('',*,*,#3368,.T.);
#3427 = TOROIDAL_SURFACE('',#3428,0.8,0.4);
#3428 = AXIS2_PLACEMENT_3D('',#3429,#3430,#3431);
#3429 = CARTESIAN_POINT('',(9.36,6.772360450213E-16,1.05));
#3430 = DIRECTION('',(0.,1.,-2.22044604925E-16));
#3431 = DIRECTION('',(1.,0.,0.));
#3432 = ADVANCED_FACE('',(#3433),#3452,.T.);
#3433 = FACE_BOUND('',#3434,.T.);
#3434 = EDGE_LOOP('',(#3435,#3443,#3444,#3445));
#3435 = ORIENTED_EDGE('',*,*,#3436,.T.);
#3436 = EDGE_CURVE('',#3437,#3385,#3439,.T.);
#3437 = VERTEX_POINT('',#3438);
#3438 = CARTESIAN_POINT('',(0.4,-2.089940463943E-16,-2.5));
#3439 = LINE('',#3440,#3441);
#3440 = CARTESIAN_POINT('',(0.4,6.772360450213E-16,1.05));
#3441 = VECTOR('',#3442,1.);
#3442 = DIRECTION('',(0.,2.22044604925E-16,1.));
#3443 = ORIENTED_EDGE('',*,*,#3395,.F.);
#3444 = ORIENTED_EDGE('',*,*,#3436,.F.);
#3445 = ORIENTED_EDGE('',*,*,#3446,.T.);
#3446 = EDGE_CURVE('',#3437,#3437,#3447,.T.);
#3447 = CIRCLE('',#3448,0.4);
#3448 = AXIS2_PLACEMENT_3D('',#3449,#3450,#3451);
#3449 = CARTESIAN_POINT('',(0.,-1.110223024625E-16,-2.5));
#3450 = DIRECTION('',(-0.,2.22044604925E-16,1.));
#3451 = DIRECTION('',(1.,0.,0.));
#3452 = CYLINDRICAL_SURFACE('',#3453,0.4);
#3453 = AXIS2_PLACEMENT_3D('',#3454,#3455,#3456);
#3454 = CARTESIAN_POINT('',(0.,6.772360450213E-16,1.05));
#3455 = DIRECTION('',(0.,2.22044604925E-16,1.));
#3456 = DIRECTION('',(1.,0.,-0.));
#3457 = ADVANCED_FACE('',(#3458),#3477,.T.);
#3458 = FACE_BOUND('',#3459,.T.);
#3459 = EDGE_LOOP('',(#3460,#3468,#3475,#3476));
#3460 = ORIENTED_EDGE('',*,*,#3461,.T.);
#3461 = EDGE_CURVE('',#3411,#3462,#3464,.T.);
#3462 = VERTEX_POINT('',#3463);
#3463 = CARTESIAN_POINT('',(9.76,-2.089940463943E-16,-2.5));
#3464 = LINE('',#3465,#3466);
#3465 = CARTESIAN_POINT('',(9.76,6.772360450213E-16,1.05));
#3466 = VECTOR('',#3467,1.);
#3467 = DIRECTION('',(0.,-2.22044604925E-16,-1.));
#3468 = ORIENTED_EDGE('',*,*,#3469,.F.);
#3469 = EDGE_CURVE('',#3462,#3462,#3470,.T.);
#3470 = CIRCLE('',#3471,0.4);
#3471 = AXIS2_PLACEMENT_3D('',#3472,#3473,#3474);
#3472 = CARTESIAN_POINT('',(10.16,-1.110223024625E-16,-2.5));
#3473 = DIRECTION('',(-0.,-2.22044604925E-16,-1.));
#3474 = DIRECTION('',(-1.,0.,0.));
#3475 = ORIENTED_EDGE('',*,*,#3461,.F.);
#3476 = ORIENTED_EDGE('',*,*,#3419,.F.);
#3477 = CYLINDRICAL_SURFACE('',#3478,0.4);
#3478 = AXIS2_PLACEMENT_3D('',#3479,#3480,#3481);
#3479 = CARTESIAN_POINT('',(10.16,6.772360450213E-16,1.05));
#3480 = DIRECTION('',(0.,-2.22044604925E-16,-1.));
#3481 = DIRECTION('',(-1.,-0.,0.));
#3482 = ADVANCED_FACE('',(#3483),#3486,.T.);
#3483 = FACE_BOUND('',#3484,.F.);
#3484 = EDGE_LOOP('',(#3485));
#3485 = ORIENTED_EDGE('',*,*,#3446,.T.);
#3486 = PLANE('',#3487);
#3487 = AXIS2_PLACEMENT_3D('',#3488,#3489,#3490);
#3488 = CARTESIAN_POINT('',(0.4,-1.110223024625E-16,-2.5));
#3489 = DIRECTION('',(0.,0.,-1.));
#3490 = DIRECTION('',(-1.,0.,0.));
#3491 = ADVANCED_FACE('',(#3492),#3495,.F.);
#3492 = FACE_BOUND('',#3493,.T.);
#3493 = EDGE_LOOP('',(#3494));
#3494 = ORIENTED_EDGE('',*,*,#3469,.T.);
#3495 = PLANE('',#3496);
#3496 = AXIS2_PLACEMENT_3D('',#3497,#3498,#3499);
#3497 = CARTESIAN_POINT('',(9.76,-1.110223024625E-16,-2.5));
#3498 = DIRECTION('',(0.,0.,1.));
#3499 = DIRECTION('',(1.,0.,-0.));
#3500 = ( GEOMETRIC_REPRESENTATION_CONTEXT(3) 
GLOBAL_UNCERTAINTY_ASSIGNED_CONTEXT((#3504)) 
GLOBAL_UNIT_ASSIGNED_CONTEXT((#3501,#3502,#3503)) REPRESENTATION_CONTEXT
('Context #1','3D Context with UNIT and UNCERTAINTY') );
#3501 = ( LENGTH_UNIT() NAMED_UNIT(*) SI_UNIT(.MILLI.,.METRE.) );
#3502 = ( NAMED_UNIT(*) PLANE_ANGLE_UNIT() SI_UNIT($,.RADIAN.) );
#3503 = ( NAMED_UNIT(*) SI_UNIT($,.STERADIAN.) SOLID_ANGLE_UNIT() );
#3504 = UNCERTAINTY_MEASURE_WITH_UNIT(LENGTH_MEASURE(1.E-07),#3501,
  'distance_accuracy_value','confusion accuracy');
#3505 = CONTEXT_DEPENDENT_SHAPE_REPRESENTATION(#3506,#3508);
#3506 = ( REPRESENTATION_RELATIONSHIP('','',#3164,#3141) 
REPRESENTATION_RELATIONSHIP_WITH_TRANSFORMATION(#3507) 
SHAPE_REPRESENTATION_RELATIONSHIP() );
#3507 = ITEM_DEFINED_TRANSFORMATION('','',#11,#3142);
#3508 = PRODUCT_DEFINITION_SHAPE('Placement','Placement of an item',
  #3509);
#3509 = NEXT_ASSEMBLY_USAGE_OCCURRENCE('19','=>[0:1:1:17]','',#3136,
  #3159,$);
#3510 = PRODUCT_RELATED_PRODUCT_CATEGORY('part',$,(#3161));
#3511 = SHAPE_DEFINITION_REPRESENTATION(#3512,#3518);
#3512 = PRODUCT_DEFINITION_SHAPE('','',#3513);
#3513 = PRODUCT_DEFINITION('design','',#3514,#3517);
#3514 = PRODUCT_DEFINITION_FORMATION('','',#3515);
#3515 = PRODUCT('R_Axial_Ohmite_45F_5W_Vertical',
  'R_Axial_Ohmite_45F_5W_Vertical','',(#3516));
#3516 = PRODUCT_CONTEXT('',#2,'mechanical');
#3517 = PRODUCT_DEFINITION_CONTEXT('part definition',#2,'design');
#3518 = SHAPE_REPRESENTATION('',(#11,#3519),#3523);
#3519 = AXIS2_PLACEMENT_3D('',#3520,#3521,#3522);
#3520 = CARTESIAN_POINT('',(0.,0.,0.));
#3521 = DIRECTION('',(0.,0.,1.));
#3522 = DIRECTION('',(1.,0.,-0.));
#3523 = ( GEOMETRIC_REPRESENTATION_CONTEXT(3) 
GLOBAL_UNCERTAINTY_ASSIGNED_CONTEXT((#3527)) 
GLOBAL_UNIT_ASSIGNED_CONTEXT((#3524,#3525,#3526)) REPRESENTATION_CONTEXT
('Context #1','3D Context with UNIT and UNCERTAINTY') );
#3524 = ( LENGTH_UNIT() NAMED_UNIT(*) SI_UNIT(.MILLI.,.METRE.) );
#3525 = ( NAMED_UNIT(*) PLANE_ANGLE_UNIT() SI_UNIT($,.RADIAN.) );
#3526 = ( NAMED_UNIT(*) SI_UNIT($,.STERADIAN.) SOLID_ANGLE_UNIT() );
#3527 = UNCERTAINTY_MEASURE_WITH_UNIT(LENGTH_MEASURE(1.E-07),#3524,
  'distance_accuracy_value','confusion accuracy');
#3528 = CONTEXT_DEPENDENT_SHAPE_REPRESENTATION(#3529,#3531);
#3529 = ( REPRESENTATION_RELATIONSHIP('','',#3518,#10) 
REPRESENTATION_RELATIONSHIP_WITH_TRANSFORMATION(#3530) 
SHAPE_REPRESENTATION_RELATIONSHIP() );
#3530 = ITEM_DEFINED_TRANSFORMATION('','',#11,#59);
#3531 = PRODUCT_DEFINITION_SHAPE('Placement','Placement of an item',
  #3532);
#3532 = NEXT_ASSEMBLY_USAGE_OCCURRENCE('24','R_slow3','',#5,#3513,$);
#3533 = PRODUCT_RELATED_PRODUCT_CATEGORY('part',$,(#3515));
#3534 = SHAPE_DEFINITION_REPRESENTATION(#3535,#3541);
#3535 = PRODUCT_DEFINITION_SHAPE('','',#3536);
#3536 = PRODUCT_DEFINITION('design','',#3537,#3540);
#3537 = PRODUCT_DEFINITION_FORMATION('','',#3538);
#3538 = PRODUCT('R_Axial_Ohmite_45F_5W_Vertical',
  'R_Axial_Ohmite_45F_5W_Vertical','',(#3539));
#3539 = PRODUCT_CONTEXT('',#2,'mechanical');
#3540 = PRODUCT_DEFINITION_CONTEXT('part definition',#2,'design');
#3541 = SHAPE_REPRESENTATION('',(#11,#3542,#3546),#3550);
#3542 = AXIS2_PLACEMENT_3D('',#3543,#3544,#3545);
#3543 = CARTESIAN_POINT('',(0.,0.,0.));
#3544 = DIRECTION('',(0.,0.,1.));
#3545 = DIRECTION('',(1.,0.,0.));
#3546 = AXIS2_PLACEMENT_3D('',#3547,#3548,#3549);
#3547 = CARTESIAN_POINT('',(0.,0.,0.));
#3548 = DIRECTION('',(0.,0.,1.));
#3549 = DIRECTION('',(1.,0.,0.));
#3550 = ( GEOMETRIC_REPRESENTATION_CONTEXT(3) 
GLOBAL_UNCERTAINTY_ASSIGNED_CONTEXT((#3554)) 
GLOBAL_UNIT_ASSIGNED_CONTEXT((#3551,#3552,#3553)) REPRESENTATION_CONTEXT
('Context #1','3D Context with UNIT and UNCERTAINTY') );
#3551 = ( LENGTH_UNIT() NAMED_UNIT(*) SI_UNIT(.MILLI.,.METRE.) );
#3552 = ( NAMED_UNIT(*) PLANE_ANGLE_UNIT() SI_UNIT($,.RADIAN.) );
#3553 = ( NAMED_UNIT(*) SI_UNIT($,.STERADIAN.) SOLID_ANGLE_UNIT() );
#3554 = UNCERTAINTY_MEASURE_WITH_UNIT(LENGTH_MEASURE(1.E-07),#3551,
  'distance_accuracy_value','confusion accuracy');
#3555 = CONTEXT_DEPENDENT_SHAPE_REPRESENTATION(#3556,#3558);
#3556 = ( REPRESENTATION_RELATIONSHIP('','',#3541,#3518) 
REPRESENTATION_RELATIONSHIP_WITH_TRANSFORMATION(#3557) 
SHAPE_REPRESENTATION_RELATIONSHIP() );
#3557 = ITEM_DEFINED_TRANSFORMATION('','',#11,#3519);
#3558 = PRODUCT_DEFINITION_SHAPE('Placement','Placement of an item',
  #3559);
#3559 = NEXT_ASSEMBLY_USAGE_OCCURRENCE('23','=>[0:1:1:19]','',#3513,
  #3536,$);
#3560 = PRODUCT_RELATED_PRODUCT_CATEGORY('part',$,(#3538));
#3561 = SHAPE_DEFINITION_REPRESENTATION(#3562,#3568);
#3562 = PRODUCT_DEFINITION_SHAPE('','',#3563);
#3563 = PRODUCT_DEFINITION('design','',#3564,#3567);
#3564 = PRODUCT_DEFINITION_FORMATION('','',#3565);
#3565 = PRODUCT('p0','p0','',(#3566));
#3566 = PRODUCT_CONTEXT('',#2,'mechanical');
#3567 = PRODUCT_DEFINITION_CONTEXT('part definition',#2,'design');
#3568 = ADVANCED_BREP_SHAPE_REPRESENTATION('',(#11,#3569),#3622);
#3569 = MANIFOLD_SOLID_BREP('',#3570);
#3570 = CLOSED_SHELL('',(#3571,#3604,#3613));
#3571 = ADVANCED_FACE('',(#3572),#3599,.T.);
#3572 = FACE_BOUND('',#3573,.T.);
#3573 = EDGE_LOOP('',(#3574,#3583,#3591,#3598));
#3574 = ORIENTED_EDGE('',*,*,#3575,.T.);
#3575 = EDGE_CURVE('',#3576,#3576,#3578,.T.);
#3576 = VERTEX_POINT('',#3577);
#3577 = CARTESIAN_POINT('',(4.35,0.,3.));
#3578 = CIRCLE('',#3579,4.35);
#3579 = AXIS2_PLACEMENT_3D('',#3580,#3581,#3582);
#3580 = CARTESIAN_POINT('',(0.,0.,3.));
#3581 = DIRECTION('',(0.,0.,1.));
#3582 = DIRECTION('',(1.,0.,-0.));
#3583 = ORIENTED_EDGE('',*,*,#3584,.T.);
#3584 = EDGE_CURVE('',#3576,#3585,#3587,.T.);
#3585 = VERTEX_POINT('',#3586);
#3586 = CARTESIAN_POINT('',(4.35,0.,26.8));
#3587 = LINE('',#3588,#3589);
#3588 = CARTESIAN_POINT('',(4.35,0.,3.));
#3589 = VECTOR('',#3590,1.);
#3590 = DIRECTION('',(0.,0.,1.));
#3591 = ORIENTED_EDGE('',*,*,#3592,.F.);
#3592 = EDGE_CURVE('',#3585,#3585,#3593,.T.);
#3593 = CIRCLE('',#3594,4.35);
#3594 = AXIS2_PLACEMENT_3D('',#3595,#3596,#3597);
#3595 = CARTESIAN_POINT('',(0.,0.,26.8));
#3596 = DIRECTION('',(0.,0.,1.));
#3597 = DIRECTION('',(1.,0.,-0.));
#3598 = ORIENTED_EDGE('',*,*,#3584,.F.);
#3599 = CYLINDRICAL_SURFACE('',#3600,4.35);
#3600 = AXIS2_PLACEMENT_3D('',#3601,#3602,#3603);
#3601 = CARTESIAN_POINT('',(0.,0.,3.));
#3602 = DIRECTION('',(-0.,-0.,-1.));
#3603 = DIRECTION('',(1.,0.,0.));
#3604 = ADVANCED_FACE('',(#3605),#3608,.F.);
#3605 = FACE_BOUND('',#3606,.F.);
#3606 = EDGE_LOOP('',(#3607));
#3607 = ORIENTED_EDGE('',*,*,#3575,.T.);
#3608 = PLANE('',#3609);
#3609 = AXIS2_PLACEMENT_3D('',#3610,#3611,#3612);
#3610 = CARTESIAN_POINT('',(-3.143540534573E-16,-2.03967591477E-17,3.));
#3611 = DIRECTION('',(0.,0.,1.));
#3612 = DIRECTION('',(1.,0.,-0.));
#3613 = ADVANCED_FACE('',(#3614),#3617,.T.);
#3614 = FACE_BOUND('',#3615,.T.);
#3615 = EDGE_LOOP('',(#3616));
#3616 = ORIENTED_EDGE('',*,*,#3592,.T.);
#3617 = PLANE('',#3618);
#3618 = AXIS2_PLACEMENT_3D('',#3619,#3620,#3621);
#3619 = CARTESIAN_POINT('',(-3.143540534573E-16,-2.03967591477E-17,26.8)
  );
#3620 = DIRECTION('',(0.,0.,1.));
#3621 = DIRECTION('',(1.,0.,-0.));
#3622 = ( GEOMETRIC_REPRESENTATION_CONTEXT(3) 
GLOBAL_UNCERTAINTY_ASSIGNED_CONTEXT((#3626)) 
GLOBAL_UNIT_ASSIGNED_CONTEXT((#3623,#3624,#3625)) REPRESENTATION_CONTEXT
('Context #1','3D Context with UNIT and UNCERTAINTY') );
#3623 = ( LENGTH_UNIT() NAMED_UNIT(*) SI_UNIT(.MILLI.,.METRE.) );
#3624 = ( NAMED_UNIT(*) PLANE_ANGLE_UNIT() SI_UNIT($,.RADIAN.) );
#3625 = ( NAMED_UNIT(*) SI_UNIT($,.STERADIAN.) SOLID_ANGLE_UNIT() );
#3626 = UNCERTAINTY_MEASURE_WITH_UNIT(LENGTH_MEASURE(1.E-07),#3623,
  'distance_accuracy_value','confusion accuracy');
#3627 = CONTEXT_DEPENDENT_SHAPE_REPRESENTATION(#3628,#3630);
#3628 = ( REPRESENTATION_RELATIONSHIP('','',#3568,#3541) 
REPRESENTATION_RELATIONSHIP_WITH_TRANSFORMATION(#3629) 
SHAPE_REPRESENTATION_RELATIONSHIP() );
#3629 = ITEM_DEFINED_TRANSFORMATION('','',#11,#3542);
#3630 = PRODUCT_DEFINITION_SHAPE('Placement','Placement of an item',
  #3631);
#3631 = NEXT_ASSEMBLY_USAGE_OCCURRENCE('21','p0','',#3536,#3563,$);
#3632 = PRODUCT_RELATED_PRODUCT_CATEGORY('part',$,(#3565));
#3633 = SHAPE_DEFINITION_REPRESENTATION(#3634,#3640);
#3634 = PRODUCT_DEFINITION_SHAPE('','',#3635);
#3635 = PRODUCT_DEFINITION('design','',#3636,#3639);
#3636 = PRODUCT_DEFINITION_FORMATION('','',#3637);
#3637 = PRODUCT('p1','p1','',(#3638));
#3638 = PRODUCT_CONTEXT('',#2,'mechanical');
#3639 = PRODUCT_DEFINITION_CONTEXT('part definition',#2,'design');
#3640 = ADVANCED_BREP_SHAPE_REPRESENTATION('',(#11,#3641),#3856);
#3641 = MANIFOLD_SOLID_BREP('',#3642);
#3642 = CLOSED_SHELL('',(#3643,#3694,#3703,#3754,#3769,#3811,#3826,#3836
    ,#3845));
#3643 = ADVANCED_FACE('',(#3644),#3689,.T.);
#3644 = FACE_BOUND('',#3645,.T.);
#3645 = EDGE_LOOP('',(#3646,#3656,#3665,#3674,#3681,#3682));
#3646 = ORIENTED_EDGE('',*,*,#3647,.T.);
#3647 = EDGE_CURVE('',#3648,#3650,#3652,.T.);
#3648 = VERTEX_POINT('',#3649);
#3649 = CARTESIAN_POINT('',(0.51,0.,-3.));
#3650 = VERTEX_POINT('',#3651);
#3651 = CARTESIAN_POINT('',(0.51,0.,27.79));
#3652 = LINE('',#3653,#3654);
#3653 = CARTESIAN_POINT('',(0.51,0.,-3.));
#3654 = VECTOR('',#3655,1.);
#3655 = DIRECTION('',(0.,0.,1.));
#3656 = ORIENTED_EDGE('',*,*,#3657,.T.);
#3657 = EDGE_CURVE('',#3650,#3658,#3660,.T.);
#3658 = VERTEX_POINT('',#3659);
#3659 = CARTESIAN_POINT('',(-4.684274006739E-17,-0.51,28.3));
#3660 = ELLIPSE('',#3661,0.72124891681,0.51);
#3661 = AXIS2_PLACEMENT_3D('',#3662,#3663,#3664);
#3662 = CARTESIAN_POINT('',(0.,0.,28.3));
#3663 = DIRECTION('',(-0.707106781187,-0.,-0.707106781187));
#3664 = DIRECTION('',(0.707106781187,0.,-0.707106781187));
#3665 = ORIENTED_EDGE('',*,*,#3666,.F.);
#3666 = EDGE_CURVE('',#3667,#3658,#3669,.T.);
#3667 = VERTEX_POINT('',#3668);
#3668 = CARTESIAN_POINT('',(0.,0.51,28.3));
#3669 = CIRCLE('',#3670,0.51);
#3670 = AXIS2_PLACEMENT_3D('',#3671,#3672,#3673);
#3671 = CARTESIAN_POINT('',(0.,0.,28.3));
#3672 = DIRECTION('',(0.,0.,1.));
#3673 = DIRECTION('',(1.,0.,-0.));
#3674 = ORIENTED_EDGE('',*,*,#3675,.T.);
#3675 = EDGE_CURVE('',#3667,#3650,#3676,.T.);
#3676 = ELLIPSE('',#3677,0.72124891681,0.51);
#3677 = AXIS2_PLACEMENT_3D('',#3678,#3679,#3680);
#3678 = CARTESIAN_POINT('',(0.,0.,28.3));
#3679 = DIRECTION('',(-0.707106781187,-0.,-0.707106781187));
#3680 = DIRECTION('',(0.707106781187,0.,-0.707106781187));
#3681 = ORIENTED_EDGE('',*,*,#3647,.F.);
#3682 = ORIENTED_EDGE('',*,*,#3683,.T.);
#3683 = EDGE_CURVE('',#3648,#3648,#3684,.T.);
#3684 = CIRCLE('',#3685,0.51);
#3685 = AXIS2_PLACEMENT_3D('',#3686,#3687,#3688);
#3686 = CARTESIAN_POINT('',(0.,0.,-3.));
#3687 = DIRECTION('',(0.,0.,1.));
#3688 = DIRECTION('',(1.,0.,-0.));
#3689 = CYLINDRICAL_SURFACE('',#3690,0.51);
#3690 = AXIS2_PLACEMENT_3D('',#3691,#3692,#3693);
#3691 = CARTESIAN_POINT('',(0.,0.,-3.));
#3692 = DIRECTION('',(-0.,-0.,-1.));
#3693 = DIRECTION('',(1.,0.,0.));
#3694 = ADVANCED_FACE('',(#3695),#3698,.F.);
#3695 = FACE_BOUND('',#3696,.F.);
#3696 = EDGE_LOOP('',(#3697));
#3697 = ORIENTED_EDGE('',*,*,#3683,.T.);
#3698 = PLANE('',#3699);
#3699 = AXIS2_PLACEMENT_3D('',#3700,#3701,#3702);
#3700 = CARTESIAN_POINT('',(-2.094730595189E-17,1.283103663857E-19,-3.)
  );
#3701 = DIRECTION('',(0.,0.,1.));
#3702 = DIRECTION('',(1.,0.,-0.));
#3703 = ADVANCED_FACE('',(#3704),#3749,.T.);
#3704 = FACE_BOUND('',#3705,.T.);
#3705 = EDGE_LOOP('',(#3706,#3717,#3726,#3733,#3739,#3746,#3747,#3748));
#3706 = ORIENTED_EDGE('',*,*,#3707,.T.);
#3707 = EDGE_CURVE('',#3708,#3710,#3712,.T.);
#3708 = VERTEX_POINT('',#3709);
#3709 = CARTESIAN_POINT('',(10.16,0.51,28.3));
#3710 = VERTEX_POINT('',#3711);
#3711 = CARTESIAN_POINT('',(9.65,1.24913973513E-16,27.79));
#3712 = ELLIPSE('',#3713,0.72124891681,0.51);
#3713 = AXIS2_PLACEMENT_3D('',#3714,#3715,#3716);
#3714 = CARTESIAN_POINT('',(10.16,0.,28.3));
#3715 = DIRECTION('',(-0.707106781187,0.,0.707106781187));
#3716 = DIRECTION('',(-0.707106781187,0.,-0.707106781187));
#3717 = ORIENTED_EDGE('',*,*,#3718,.T.);
#3718 = EDGE_CURVE('',#3710,#3719,#3721,.T.);
#3719 = VERTEX_POINT('',#3720);
#3720 = CARTESIAN_POINT('',(10.16,-0.51,28.3));
#3721 = ELLIPSE('',#3722,0.72124891681,0.51);
#3722 = AXIS2_PLACEMENT_3D('',#3723,#3724,#3725);
#3723 = CARTESIAN_POINT('',(10.16,0.,28.3));
#3724 = DIRECTION('',(-0.707106781187,0.,0.707106781187));
#3725 = DIRECTION('',(-0.707106781187,0.,-0.707106781187));
#3726 = ORIENTED_EDGE('',*,*,#3727,.F.);
#3727 = EDGE_CURVE('',#3708,#3719,#3728,.T.);
#3728 = CIRCLE('',#3729,0.51);
#3729 = AXIS2_PLACEMENT_3D('',#3730,#3731,#3732);
#3730 = CARTESIAN_POINT('',(10.16,0.,28.3));
#3731 = DIRECTION('',(1.,0.,0.));
#3732 = DIRECTION('',(-0.,1.,0.));
#3733 = ORIENTED_EDGE('',*,*,#3734,.F.);
#3734 = EDGE_CURVE('',#3667,#3708,#3735,.T.);
#3735 = LINE('',#3736,#3737);
#3736 = CARTESIAN_POINT('',(0.,0.51,28.3));
#3737 = VECTOR('',#3738,1.);
#3738 = DIRECTION('',(1.,0.,0.));
#3739 = ORIENTED_EDGE('',*,*,#3740,.T.);
#3740 = EDGE_CURVE('',#3667,#3658,#3741,.T.);
#3741 = CIRCLE('',#3742,0.51);
#3742 = AXIS2_PLACEMENT_3D('',#3743,#3744,#3745);
#3743 = CARTESIAN_POINT('',(0.,0.,28.3));
#3744 = DIRECTION('',(1.,0.,0.));
#3745 = DIRECTION('',(-0.,1.,0.));
#3746 = ORIENTED_EDGE('',*,*,#3657,.F.);
#3747 = ORIENTED_EDGE('',*,*,#3675,.F.);
#3748 = ORIENTED_EDGE('',*,*,#3734,.T.);
#3749 = CYLINDRICAL_SURFACE('',#3750,0.51);
#3750 = AXIS2_PLACEMENT_3D('',#3751,#3752,#3753);
#3751 = CARTESIAN_POINT('',(0.,0.,28.3));
#3752 = DIRECTION('',(-1.,-0.,-0.));
#3753 = DIRECTION('',(0.,1.,0.));
#3754 = ADVANCED_FACE('',(#3755),#3764,.T.);
#3755 = FACE_BOUND('',#3756,.T.);
#3756 = EDGE_LOOP('',(#3757,#3763));
#3757 = ORIENTED_EDGE('',*,*,#3758,.T.);
#3758 = EDGE_CURVE('',#3658,#3667,#3759,.T.);
#3759 = LINE('',#3760,#3761);
#3760 = CARTESIAN_POINT('',(0.,5.766924655089E-17,28.3));
#3761 = VECTOR('',#3762,1.);
#3762 = DIRECTION('',(0.,1.,0.));
#3763 = ORIENTED_EDGE('',*,*,#3666,.T.);
#3764 = PLANE('',#3765);
#3765 = AXIS2_PLACEMENT_3D('',#3766,#3767,#3768);
#3766 = CARTESIAN_POINT('',(-2.094730595189E-17,1.283103663857E-19,28.3)
  );
#3767 = DIRECTION('',(0.,0.,1.));
#3768 = DIRECTION('',(1.,0.,-0.));
#3769 = ADVANCED_FACE('',(#3770),#3806,.T.);
#3770 = FACE_BOUND('',#3771,.T.);
#3771 = EDGE_LOOP('',(#3772,#3782,#3789,#3790,#3791,#3798,#3799));
#3772 = ORIENTED_EDGE('',*,*,#3773,.T.);
#3773 = EDGE_CURVE('',#3774,#3776,#3778,.T.);
#3774 = VERTEX_POINT('',#3775);
#3775 = CARTESIAN_POINT('',(10.67,0.,-3.));
#3776 = VERTEX_POINT('',#3777);
#3777 = CARTESIAN_POINT('',(10.67,0.,28.3));
#3778 = LINE('',#3779,#3780);
#3779 = CARTESIAN_POINT('',(10.67,0.,-3.));
#3780 = VECTOR('',#3781,1.);
#3781 = DIRECTION('',(0.,0.,1.));
#3782 = ORIENTED_EDGE('',*,*,#3783,.F.);
#3783 = EDGE_CURVE('',#3719,#3776,#3784,.T.);
#3784 = CIRCLE('',#3785,0.51);
#3785 = AXIS2_PLACEMENT_3D('',#3786,#3787,#3788);
#3786 = CARTESIAN_POINT('',(10.16,0.,28.3));
#3787 = DIRECTION('',(0.,0.,1.));
#3788 = DIRECTION('',(1.,0.,-0.));
#3789 = ORIENTED_EDGE('',*,*,#3718,.F.);
#3790 = ORIENTED_EDGE('',*,*,#3707,.F.);
#3791 = ORIENTED_EDGE('',*,*,#3792,.F.);
#3792 = EDGE_CURVE('',#3776,#3708,#3793,.T.);
#3793 = CIRCLE('',#3794,0.51);
#3794 = AXIS2_PLACEMENT_3D('',#3795,#3796,#3797);
#3795 = CARTESIAN_POINT('',(10.16,0.,28.3));
#3796 = DIRECTION('',(0.,0.,1.));
#3797 = DIRECTION('',(1.,0.,-0.));
#3798 = ORIENTED_EDGE('',*,*,#3773,.F.);
#3799 = ORIENTED_EDGE('',*,*,#3800,.T.);
#3800 = EDGE_CURVE('',#3774,#3774,#3801,.T.);
#3801 = CIRCLE('',#3802,0.51);
#3802 = AXIS2_PLACEMENT_3D('',#3803,#3804,#3805);
#3803 = CARTESIAN_POINT('',(10.16,0.,-3.));
#3804 = DIRECTION('',(0.,0.,1.));
#3805 = DIRECTION('',(1.,0.,-0.));
#3806 = CYLINDRICAL_SURFACE('',#3807,0.51);
#3807 = AXIS2_PLACEMENT_3D('',#3808,#3809,#3810);
#3808 = CARTESIAN_POINT('',(10.16,0.,-3.));
#3809 = DIRECTION('',(-0.,-0.,-1.));
#3810 = DIRECTION('',(1.,0.,0.));
#3811 = ADVANCED_FACE('',(#3812),#3821,.T.);
#3812 = FACE_BOUND('',#3813,.T.);
#3813 = EDGE_LOOP('',(#3814,#3820));
#3814 = ORIENTED_EDGE('',*,*,#3815,.F.);
#3815 = EDGE_CURVE('',#3708,#3719,#3816,.T.);
#3816 = LINE('',#3817,#3818);
#3817 = CARTESIAN_POINT('',(10.16,-5.17267130478E-18,28.3));
#3818 = VECTOR('',#3819,1.);
#3819 = DIRECTION('',(0.,-1.,0.));
#3820 = ORIENTED_EDGE('',*,*,#3727,.T.);
#3821 = PLANE('',#3822);
#3822 = AXIS2_PLACEMENT_3D('',#3823,#3824,#3825);
#3823 = CARTESIAN_POINT('',(10.16,1.152101827354E-16,28.3));
#3824 = DIRECTION('',(1.,0.,0.));
#3825 = DIRECTION('',(-0.,0.,1.));
#3826 = ADVANCED_FACE('',(#3827),#3831,.F.);
#3827 = FACE_BOUND('',#3828,.F.);
#3828 = EDGE_LOOP('',(#3829,#3830));
#3829 = ORIENTED_EDGE('',*,*,#3758,.T.);
#3830 = ORIENTED_EDGE('',*,*,#3740,.T.);
#3831 = PLANE('',#3832);
#3832 = AXIS2_PLACEMENT_3D('',#3833,#3834,#3835);
#3833 = CARTESIAN_POINT('',(0.,1.152101827354E-16,28.3));
#3834 = DIRECTION('',(1.,0.,0.));
#3835 = DIRECTION('',(-0.,0.,1.));
#3836 = ADVANCED_FACE('',(#3837),#3840,.F.);
#3837 = FACE_BOUND('',#3838,.F.);
#3838 = EDGE_LOOP('',(#3839));
#3839 = ORIENTED_EDGE('',*,*,#3800,.T.);
#3840 = PLANE('',#3841);
#3841 = AXIS2_PLACEMENT_3D('',#3842,#3843,#3844);
#3842 = CARTESIAN_POINT('',(10.16,-1.25555525345E-16,-3.));
#3843 = DIRECTION('',(0.,0.,1.));
#3844 = DIRECTION('',(1.,0.,-0.));
#3845 = ADVANCED_FACE('',(#3846),#3851,.T.);
#3846 = FACE_BOUND('',#3847,.T.);
#3847 = EDGE_LOOP('',(#3848,#3849,#3850));
#3848 = ORIENTED_EDGE('',*,*,#3783,.T.);
#3849 = ORIENTED_EDGE('',*,*,#3792,.T.);
#3850 = ORIENTED_EDGE('',*,*,#3815,.T.);
#3851 = PLANE('',#3852);
#3852 = AXIS2_PLACEMENT_3D('',#3853,#3854,#3855);
#3853 = CARTESIAN_POINT('',(10.16,-1.25555525345E-16,28.3));
#3854 = DIRECTION('',(0.,0.,1.));
#3855 = DIRECTION('',(1.,0.,-0.));
#3856 = ( GEOMETRIC_REPRESENTATION_CONTEXT(3) 
GLOBAL_UNCERTAINTY_ASSIGNED_CONTEXT((#3860)) 
GLOBAL_UNIT_ASSIGNED_CONTEXT((#3857,#3858,#3859)) REPRESENTATION_CONTEXT
('Context #1','3D Context with UNIT and UNCERTAINTY') );
#3857 = ( LENGTH_UNIT() NAMED_UNIT(*) SI_UNIT(.MILLI.,.METRE.) );
#3858 = ( NAMED_UNIT(*) PLANE_ANGLE_UNIT() SI_UNIT($,.RADIAN.) );
#3859 = ( NAMED_UNIT(*) SI_UNIT($,.STERADIAN.) SOLID_ANGLE_UNIT() );
#3860 = UNCERTAINTY_MEASURE_WITH_UNIT(LENGTH_MEASURE(1.E-07),#3857,
  'distance_accuracy_value','confusion accuracy');
#3861 = CONTEXT_DEPENDENT_SHAPE_REPRESENTATION(#3862,#3864);
#3862 = ( REPRESENTATION_RELATIONSHIP('','',#3640,#3541) 
REPRESENTATION_RELATIONSHIP_WITH_TRANSFORMATION(#3863) 
SHAPE_REPRESENTATION_RELATIONSHIP() );
#3863 = ITEM_DEFINED_TRANSFORMATION('','',#11,#3546);
#3864 = PRODUCT_DEFINITION_SHAPE('Placement','Placement of an item',
  #3865);
#3865 = NEXT_ASSEMBLY_USAGE_OCCURRENCE('22','p1','',#3536,#3635,$);
#3866 = PRODUCT_RELATED_PRODUCT_CATEGORY('part',$,(#3637));
#3867 = CONTEXT_DEPENDENT_SHAPE_REPRESENTATION(#3868,#3870);
#3868 = ( REPRESENTATION_RELATIONSHIP('','',#188,#10) 
REPRESENTATION_RELATIONSHIP_WITH_TRANSFORMATION(#3869) 
SHAPE_REPRESENTATION_RELATIONSHIP() );
#3869 = ITEM_DEFINED_TRANSFORMATION('','',#11,#63);
#3870 = PRODUCT_DEFINITION_SHAPE('Placement','Placement of an item',
  #3871);
#3871 = NEXT_ASSEMBLY_USAGE_OCCURRENCE('25','R_LED4','',#5,#183,$);
#3872 = SHAPE_DEFINITION_REPRESENTATION(#3873,#3879);
#3873 = PRODUCT_DEFINITION_SHAPE('','',#3874);
#3874 = PRODUCT_DEFINITION('design','',#3875,#3878);
#3875 = PRODUCT_DEFINITION_FORMATION('','',#3876);
#3876 = PRODUCT('R_Axial_DIN0207_L6.3mm_D2.5mm_P2.54mm_Vertical',
  'R_Axial_DIN0207_L6.3mm_D2.5mm_P2.54mm_Vertical','',(#3877));
#3877 = PRODUCT_CONTEXT('',#2,'mechanical');
#3878 = PRODUCT_DEFINITION_CONTEXT('part definition',#2,'design');
#3879 = SHAPE_REPRESENTATION('',(#11,#3880),#3884);
#3880 = AXIS2_PLACEMENT_3D('',#3881,#3882,#3883);
#3881 = CARTESIAN_POINT('',(0.,0.,0.));
#3882 = DIRECTION('',(0.,0.,1.));
#3883 = DIRECTION('',(1.,0.,-0.));
#3884 = ( GEOMETRIC_REPRESENTATION_CONTEXT(3) 
GLOBAL_UNCERTAINTY_ASSIGNED_CONTEXT((#3888)) 
GLOBAL_UNIT_ASSIGNED_CONTEXT((#3885,#3886,#3887)) REPRESENTATION_CONTEXT
('Context #1','3D Context with UNIT and UNCERTAINTY') );
#3885 = ( LENGTH_UNIT() NAMED_UNIT(*) SI_UNIT(.MILLI.,.METRE.) );
#3886 = ( NAMED_UNIT(*) PLANE_ANGLE_UNIT() SI_UNIT($,.RADIAN.) );
#3887 = ( NAMED_UNIT(*) SI_UNIT($,.STERADIAN.) SOLID_ANGLE_UNIT() );
#3888 = UNCERTAINTY_MEASURE_WITH_UNIT(LENGTH_MEASURE(1.E-07),#3885,
  'distance_accuracy_value','confusion accuracy');
#3889 = CONTEXT_DEPENDENT_SHAPE_REPRESENTATION(#3890,#3892);
#3890 = ( REPRESENTATION_RELATIONSHIP('','',#3879,#10) 
REPRESENTATION_RELATIONSHIP_WITH_TRANSFORMATION(#3891) 
SHAPE_REPRESENTATION_RELATIONSHIP() );
#3891 = ITEM_DEFINED_TRANSFORMATION('','',#11,#67);
#3892 = PRODUCT_DEFINITION_SHAPE('Placement','Placement of an item',
  #3893);
#3893 = NEXT_ASSEMBLY_USAGE_OCCURRENCE('27','R_sig_bot1','',#5,#3874,$);
#3894 = PRODUCT_RELATED_PRODUCT_CATEGORY('part',$,(#3876));
#3895 = SHAPE_DEFINITION_REPRESENTATION(#3896,#3902);
#3896 = PRODUCT_DEFINITION_SHAPE('','',#3897);
#3897 = PRODUCT_DEFINITION('design','',#3898,#3901);
#3898 = PRODUCT_DEFINITION_FORMATION('','',#3899);
#3899 = PRODUCT('R_Axial_DIN0207_L63mm_D25mm_P254mm_Vertical',
  'R_Axial_DIN0207_L63mm_D25mm_P254mm_Vertical','',(#3900));
#3900 = PRODUCT_CONTEXT('',#2,'mechanical');
#3901 = PRODUCT_DEFINITION_CONTEXT('part definition',#2,'design');
#3902 = ADVANCED_BREP_SHAPE_REPRESENTATION('',(#11,#3903),#4290);
#3903 = MANIFOLD_SOLID_BREP('',#3904);
#3904 = CLOSED_SHELL('',(#3905,#3938,#3964,#3984,#4004,#4029,#4054,#4074
    ,#4083,#4108,#4134,#4154,#4179,#4205,#4230,#4256,#4281));
#3905 = ADVANCED_FACE('',(#3906),#3933,.T.);
#3906 = FACE_BOUND('',#3907,.T.);
#3907 = EDGE_LOOP('',(#3908,#3917,#3925,#3932));
#3908 = ORIENTED_EDGE('',*,*,#3909,.T.);
#3909 = EDGE_CURVE('',#3910,#3910,#3912,.T.);
#3910 = VERTEX_POINT('',#3911);
#3911 = CARTESIAN_POINT('',(1.25,0.,1.625));
#3912 = CIRCLE('',#3913,1.25);
#3913 = AXIS2_PLACEMENT_3D('',#3914,#3915,#3916);
#3914 = CARTESIAN_POINT('',(0.,0.,1.625));
#3915 = DIRECTION('',(0.,0.,1.));
#3916 = DIRECTION('',(1.,0.,-0.));
#3917 = ORIENTED_EDGE('',*,*,#3918,.T.);
#3918 = EDGE_CURVE('',#3910,#3919,#3921,.T.);
#3919 = VERTEX_POINT('',#3920);
#3920 = CARTESIAN_POINT('',(1.25,0.,2.575));
#3921 = LINE('',#3922,#3923);
#3922 = CARTESIAN_POINT('',(1.25,0.,1.));
#3923 = VECTOR('',#3924,1.);
#3924 = DIRECTION('',(0.,0.,1.));
#3925 = ORIENTED_EDGE('',*,*,#3926,.F.);
#3926 = EDGE_CURVE('',#3919,#3919,#3927,.T.);
#3927 = CIRCLE('',#3928,1.25);
#3928 = AXIS2_PLACEMENT_3D('',#3929,#3930,#3931);
#3929 = CARTESIAN_POINT('',(0.,0.,2.575));
#3930 = DIRECTION('',(0.,0.,1.));
#3931 = DIRECTION('',(1.,0.,-0.));
#3932 = ORIENTED_EDGE('',*,*,#3918,.F.);
#3933 = CYLINDRICAL_SURFACE('',#3934,1.25);
#3934 = AXIS2_PLACEMENT_3D('',#3935,#3936,#3937);
#3935 = CARTESIAN_POINT('',(0.,0.,1.));
#3936 = DIRECTION('',(-0.,-0.,-1.));
#3937 = DIRECTION('',(1.,0.,0.));
#3938 = ADVANCED_FACE('',(#3939),#3959,.T.);
#3939 = FACE_BOUND('',#3940,.T.);
#3940 = EDGE_LOOP('',(#3941,#3950,#3957,#3958));
#3941 = ORIENTED_EDGE('',*,*,#3942,.T.);
#3942 = EDGE_CURVE('',#3943,#3943,#3945,.T.);
#3943 = VERTEX_POINT('',#3944);
#3944 = CARTESIAN_POINT('',(0.625,0.,1.));
#3945 = CIRCLE('',#3946,0.625);
#3946 = AXIS2_PLACEMENT_3D('',#3947,#3948,#3949);
#3947 = CARTESIAN_POINT('',(0.,0.,1.));
#3948 = DIRECTION('',(0.,0.,1.));
#3949 = DIRECTION('',(1.,0.,-0.));
#3950 = ORIENTED_EDGE('',*,*,#3951,.F.);
#3951 = EDGE_CURVE('',#3910,#3943,#3952,.T.);
#3952 = CIRCLE('',#3953,0.625);
#3953 = AXIS2_PLACEMENT_3D('',#3954,#3955,#3956);
#3954 = CARTESIAN_POINT('',(0.625,0.,1.625));
#3955 = DIRECTION('',(-0.,1.,0.));
#3956 = DIRECTION('',(1.,0.,0.));
#3957 = ORIENTED_EDGE('',*,*,#3909,.F.);
#3958 = ORIENTED_EDGE('',*,*,#3951,.T.);
#3959 = TOROIDAL_SURFACE('',#3960,0.625,0.625);
#3960 = AXIS2_PLACEMENT_3D('',#3961,#3962,#3963);
#3961 = CARTESIAN_POINT('',(0.,0.,1.625));
#3962 = DIRECTION('',(0.,0.,-1.));
#3963 = DIRECTION('',(1.,0.,0.));
#3964 = ADVANCED_FACE('',(#3965,#3968),#3979,.F.);
#3965 = FACE_BOUND('',#3966,.F.);
#3966 = EDGE_LOOP('',(#3967));
#3967 = ORIENTED_EDGE('',*,*,#3926,.F.);
#3968 = FACE_BOUND('',#3969,.F.);
#3969 = EDGE_LOOP('',(#3970));
#3970 = ORIENTED_EDGE('',*,*,#3971,.F.);
#3971 = EDGE_CURVE('',#3972,#3972,#3974,.T.);
#3972 = VERTEX_POINT('',#3973);
#3973 = CARTESIAN_POINT('',(1.125,0.,2.575));
#3974 = CIRCLE('',#3975,1.125);
#3975 = AXIS2_PLACEMENT_3D('',#3976,#3977,#3978);
#3976 = CARTESIAN_POINT('',(0.,0.,2.575));
#3977 = DIRECTION('',(0.,0.,-1.));
#3978 = DIRECTION('',(1.,0.,0.));
#3979 = PLANE('',#3980);
#3980 = AXIS2_PLACEMENT_3D('',#3981,#3982,#3983);
#3981 = CARTESIAN_POINT('',(1.25,0.,2.575));
#3982 = DIRECTION('',(0.,0.,-1.));
#3983 = DIRECTION('',(-1.,0.,0.));
#3984 = ADVANCED_FACE('',(#3985,#3988),#3999,.T.);
#3985 = FACE_BOUND('',#3986,.T.);
#3986 = EDGE_LOOP('',(#3987));
#3987 = ORIENTED_EDGE('',*,*,#3942,.F.);
#3988 = FACE_BOUND('',#3989,.T.);
#3989 = EDGE_LOOP('',(#3990));
#3990 = ORIENTED_EDGE('',*,*,#3991,.T.);
#3991 = EDGE_CURVE('',#3992,#3992,#3994,.T.);
#3992 = VERTEX_POINT('',#3993);
#3993 = CARTESIAN_POINT('',(0.3,0.,1.));
#3994 = CIRCLE('',#3995,0.3);
#3995 = AXIS2_PLACEMENT_3D('',#3996,#3997,#3998);
#3996 = CARTESIAN_POINT('',(0.,0.,1.));
#3997 = DIRECTION('',(0.,0.,1.));
#3998 = DIRECTION('',(1.,0.,-0.));
#3999 = PLANE('',#4000);
#4000 = AXIS2_PLACEMENT_3D('',#4001,#4002,#4003);
#4001 = CARTESIAN_POINT('',(1.25,0.,1.));
#4002 = DIRECTION('',(0.,0.,-1.));
#4003 = DIRECTION('',(-1.,0.,0.));
#4004 = ADVANCED_FACE('',(#4005),#4024,.T.);
#4005 = FACE_BOUND('',#4006,.T.);
#4006 = EDGE_LOOP('',(#4007,#4016,#4022,#4023));
#4007 = ORIENTED_EDGE('',*,*,#4008,.T.);
#4008 = EDGE_CURVE('',#4009,#4009,#4011,.T.);
#4009 = VERTEX_POINT('',#4010);
#4010 = CARTESIAN_POINT('',(1.125,0.,5.725));
#4011 = CIRCLE('',#4012,1.125);
#4012 = AXIS2_PLACEMENT_3D('',#4013,#4014,#4015);
#4013 = CARTESIAN_POINT('',(0.,0.,5.725));
#4014 = DIRECTION('',(0.,0.,-1.));
#4015 = DIRECTION('',(1.,0.,0.));
#4016 = ORIENTED_EDGE('',*,*,#4017,.F.);
#4017 = EDGE_CURVE('',#3972,#4009,#4018,.T.);
#4018 = LINE('',#4019,#4020);
#4019 = CARTESIAN_POINT('',(1.125,0.,1.));
#4020 = VECTOR('',#4021,1.);
#4021 = DIRECTION('',(0.,0.,1.));
#4022 = ORIENTED_EDGE('',*,*,#3971,.F.);
#4023 = ORIENTED_EDGE('',*,*,#4017,.T.);
#4024 = CYLINDRICAL_SURFACE('',#4025,1.125);
#4025 = AXIS2_PLACEMENT_3D('',#4026,#4027,#4028);
#4026 = CARTESIAN_POINT('',(0.,0.,1.));
#4027 = DIRECTION('',(-0.,-0.,-1.));
#4028 = DIRECTION('',(1.,0.,0.));
#4029 = ADVANCED_FACE('',(#4030),#4049,.T.);
#4030 = FACE_BOUND('',#4031,.T.);
#4031 = EDGE_LOOP('',(#4032,#4041,#4047,#4048));
#4032 = ORIENTED_EDGE('',*,*,#4033,.T.);
#4033 = EDGE_CURVE('',#4034,#4034,#4036,.T.);
#4034 = VERTEX_POINT('',#4035);
#4035 = CARTESIAN_POINT('',(0.3,-7.347880794884E-17,-3.));
#4036 = CIRCLE('',#4037,0.3);
#4037 = AXIS2_PLACEMENT_3D('',#4038,#4039,#4040);
#4038 = CARTESIAN_POINT('',(0.,0.,-3.));
#4039 = DIRECTION('',(0.,0.,1.));
#4040 = DIRECTION('',(1.,0.,-0.));
#4041 = ORIENTED_EDGE('',*,*,#4042,.T.);
#4042 = EDGE_CURVE('',#4034,#3992,#4043,.T.);
#4043 = LINE('',#4044,#4045);
#4044 = CARTESIAN_POINT('',(0.3,0.,-3.));
#4045 = VECTOR('',#4046,1.);
#4046 = DIRECTION('',(0.,0.,1.));
#4047 = ORIENTED_EDGE('',*,*,#3991,.F.);
#4048 = ORIENTED_EDGE('',*,*,#4042,.F.);
#4049 = CYLINDRICAL_SURFACE('',#4050,0.3);
#4050 = AXIS2_PLACEMENT_3D('',#4051,#4052,#4053);
#4051 = CARTESIAN_POINT('',(0.,0.,-3.));
#4052 = DIRECTION('',(0.,0.,1.));
#4053 = DIRECTION('',(1.,0.,-0.));
#4054 = ADVANCED_FACE('',(#4055,#4066),#4069,.T.);
#4055 = FACE_BOUND('',#4056,.T.);
#4056 = EDGE_LOOP('',(#4057));
#4057 = ORIENTED_EDGE('',*,*,#4058,.F.);
#4058 = EDGE_CURVE('',#4059,#4059,#4061,.T.);
#4059 = VERTEX_POINT('',#4060);
#4060 = CARTESIAN_POINT('',(1.25,0.,5.725));
#4061 = CIRCLE('',#4062,1.25);
#4062 = AXIS2_PLACEMENT_3D('',#4063,#4064,#4065);
#4063 = CARTESIAN_POINT('',(0.,0.,5.725));
#4064 = DIRECTION('',(0.,0.,1.));
#4065 = DIRECTION('',(1.,0.,-0.));
#4066 = FACE_BOUND('',#4067,.T.);
#4067 = EDGE_LOOP('',(#4068));
#4068 = ORIENTED_EDGE('',*,*,#4008,.F.);
#4069 = PLANE('',#4070);
#4070 = AXIS2_PLACEMENT_3D('',#4071,#4072,#4073);
#4071 = CARTESIAN_POINT('',(1.25,0.,5.725));
#4072 = DIRECTION('',(0.,0.,-1.));
#4073 = DIRECTION('',(-1.,0.,0.));
#4074 = ADVANCED_FACE('',(#4075),#4078,.T.);
#4075 = FACE_BOUND('',#4076,.F.);
#4076 = EDGE_LOOP('',(#4077));
#4077 = ORIENTED_EDGE('',*,*,#4033,.T.);
#4078 = PLANE('',#4079);
#4079 = AXIS2_PLACEMENT_3D('',#4080,#4081,#4082);
#4080 = CARTESIAN_POINT('',(0.3,0.,-3.));
#4081 = DIRECTION('',(0.,0.,-1.));
#4082 = DIRECTION('',(-1.,0.,0.));
#4083 = ADVANCED_FACE('',(#4084),#4103,.T.);
#4084 = FACE_BOUND('',#4085,.T.);
#4085 = EDGE_LOOP('',(#4086,#4087,#4095,#4102));
#4086 = ORIENTED_EDGE('',*,*,#4058,.T.);
#4087 = ORIENTED_EDGE('',*,*,#4088,.T.);
#4088 = EDGE_CURVE('',#4059,#4089,#4091,.T.);
#4089 = VERTEX_POINT('',#4090);
#4090 = CARTESIAN_POINT('',(1.25,0.,6.675));
#4091 = LINE('',#4092,#4093);
#4092 = CARTESIAN_POINT('',(1.25,0.,5.725));
#4093 = VECTOR('',#4094,1.);
#4094 = DIRECTION('',(0.,0.,1.));
#4095 = ORIENTED_EDGE('',*,*,#4096,.F.);
#4096 = EDGE_CURVE('',#4089,#4089,#4097,.T.);
#4097 = CIRCLE('',#4098,1.25);
#4098 = AXIS2_PLACEMENT_3D('',#4099,#4100,#4101);
#4099 = CARTESIAN_POINT('',(0.,0.,6.675));
#4100 = DIRECTION('',(0.,0.,1.));
#4101 = DIRECTION('',(1.,0.,-0.));
#4102 = ORIENTED_EDGE('',*,*,#4088,.F.);
#4103 = CYLINDRICAL_SURFACE('',#4104,1.25);
#4104 = AXIS2_PLACEMENT_3D('',#4105,#4106,#4107);
#4105 = CARTESIAN_POINT('',(0.,0.,5.725));
#4106 = DIRECTION('',(-0.,-0.,-1.));
#4107 = DIRECTION('',(1.,0.,0.));
#4108 = ADVANCED_FACE('',(#4109),#4129,.T.);
#4109 = FACE_BOUND('',#4110,.T.);
#4110 = EDGE_LOOP('',(#4111,#4120,#4121,#4122));
#4111 = ORIENTED_EDGE('',*,*,#4112,.F.);
#4112 = EDGE_CURVE('',#4089,#4113,#4115,.T.);
#4113 = VERTEX_POINT('',#4114);
#4114 = CARTESIAN_POINT('',(0.625,0.,7.3));
#4115 = CIRCLE('',#4116,0.625);
#4116 = AXIS2_PLACEMENT_3D('',#4117,#4118,#4119);
#4117 = CARTESIAN_POINT('',(0.625,0.,6.675));
#4118 = DIRECTION('',(0.,-1.,0.));
#4119 = DIRECTION('',(1.,0.,0.));
#4120 = ORIENTED_EDGE('',*,*,#4096,.T.);
#4121 = ORIENTED_EDGE('',*,*,#4112,.T.);
#4122 = ORIENTED_EDGE('',*,*,#4123,.F.);
#4123 = EDGE_CURVE('',#4113,#4113,#4124,.T.);
#4124 = CIRCLE('',#4125,0.625);
#4125 = AXIS2_PLACEMENT_3D('',#4126,#4127,#4128);
#4126 = CARTESIAN_POINT('',(0.,0.,7.3));
#4127 = DIRECTION('',(0.,0.,1.));
#4128 = DIRECTION('',(1.,0.,-0.));
#4129 = TOROIDAL_SURFACE('',#4130,0.625,0.625);
#4130 = AXIS2_PLACEMENT_3D('',#4131,#4132,#4133);
#4131 = CARTESIAN_POINT('',(0.,0.,6.675));
#4132 = DIRECTION('',(0.,0.,1.));
#4133 = DIRECTION('',(1.,0.,-0.));
#4134 = ADVANCED_FACE('',(#4135,#4138),#4149,.F.);
#4135 = FACE_BOUND('',#4136,.F.);
#4136 = EDGE_LOOP('',(#4137));
#4137 = ORIENTED_EDGE('',*,*,#4123,.F.);
#4138 = FACE_BOUND('',#4139,.F.);
#4139 = EDGE_LOOP('',(#4140));
#4140 = ORIENTED_EDGE('',*,*,#4141,.T.);
#4141 = EDGE_CURVE('',#4142,#4142,#4144,.T.);
#4142 = VERTEX_POINT('',#4143);
#4143 = CARTESIAN_POINT('',(0.3,0.,7.3));
#4144 = CIRCLE('',#4145,0.3);
#4145 = AXIS2_PLACEMENT_3D('',#4146,#4147,#4148);
#4146 = CARTESIAN_POINT('',(0.,0.,7.3));
#4147 = DIRECTION('',(0.,0.,1.));
#4148 = DIRECTION('',(1.,0.,-0.));
#4149 = PLANE('',#4150);
#4150 = AXIS2_PLACEMENT_3D('',#4151,#4152,#4153);
#4151 = CARTESIAN_POINT('',(1.25,0.,7.3));
#4152 = DIRECTION('',(0.,0.,-1.));
#4153 = DIRECTION('',(-1.,0.,0.));
#4154 = ADVANCED_FACE('',(#4155),#4174,.T.);
#4155 = FACE_BOUND('',#4156,.T.);
#4156 = EDGE_LOOP('',(#4157,#4158,#4166,#4173));
#4157 = ORIENTED_EDGE('',*,*,#4141,.T.);
#4158 = ORIENTED_EDGE('',*,*,#4159,.T.);
#4159 = EDGE_CURVE('',#4142,#4160,#4162,.T.);
#4160 = VERTEX_POINT('',#4161);
#4161 = CARTESIAN_POINT('',(0.3,0.,8.3));
#4162 = LINE('',#4163,#4164);
#4163 = CARTESIAN_POINT('',(0.3,0.,-3.));
#4164 = VECTOR('',#4165,1.);
#4165 = DIRECTION('',(0.,0.,1.));
#4166 = ORIENTED_EDGE('',*,*,#4167,.F.);
#4167 = EDGE_CURVE('',#4160,#4160,#4168,.T.);
#4168 = CIRCLE('',#4169,0.3);
#4169 = AXIS2_PLACEMENT_3D('',#4170,#4171,#4172);
#4170 = CARTESIAN_POINT('',(0.,0.,8.3));
#4171 = DIRECTION('',(0.,0.,1.));
#4172 = DIRECTION('',(1.,0.,-0.));
#4173 = ORIENTED_EDGE('',*,*,#4159,.F.);
#4174 = CYLINDRICAL_SURFACE('',#4175,0.3);
#4175 = AXIS2_PLACEMENT_3D('',#4176,#4177,#4178);
#4176 = CARTESIAN_POINT('',(0.,0.,-3.));
#4177 = DIRECTION('',(0.,0.,1.));
#4178 = DIRECTION('',(1.,0.,-0.));
#4179 = ADVANCED_FACE('',(#4180),#4200,.T.);
#4180 = FACE_BOUND('',#4181,.T.);
#4181 = EDGE_LOOP('',(#4182,#4191,#4198,#4199));
#4182 = ORIENTED_EDGE('',*,*,#4183,.T.);
#4183 = EDGE_CURVE('',#4160,#4184,#4186,.T.);
#4184 = VERTEX_POINT('',#4185);
#4185 = CARTESIAN_POINT('',(0.9,0.,8.9));
#4186 = CIRCLE('',#4187,0.6);
#4187 = AXIS2_PLACEMENT_3D('',#4188,#4189,#4190);
#4188 = CARTESIAN_POINT('',(0.9,1.102182119233E-16,8.3));
#4189 = DIRECTION('',(0.,1.,0.));
#4190 = DIRECTION('',(-1.,0.,-1.973729821556E-15));
#4191 = ORIENTED_EDGE('',*,*,#4192,.T.);
#4192 = EDGE_CURVE('',#4184,#4184,#4193,.T.);
#4193 = CIRCLE('',#4194,0.3);
#4194 = AXIS2_PLACEMENT_3D('',#4195,#4196,#4197);
#4195 = CARTESIAN_POINT('',(0.9,0.,9.2));
#4196 = DIRECTION('',(-1.,0.,6.295730975872E-16));
#4197 = DIRECTION('',(6.295730975872E-16,0.,1.));
#4198 = ORIENTED_EDGE('',*,*,#4183,.F.);
#4199 = ORIENTED_EDGE('',*,*,#4167,.T.);
#4200 = TOROIDAL_SURFACE('',#4201,0.9,0.3);
#4201 = AXIS2_PLACEMENT_3D('',#4202,#4203,#4204);
#4202 = CARTESIAN_POINT('',(0.9,0.,8.3));
#4203 = DIRECTION('',(0.,1.,0.));
#4204 = DIRECTION('',(-1.,0.,-1.973729821556E-15));
#4205 = ADVANCED_FACE('',(#4206),#4225,.T.);
#4206 = FACE_BOUND('',#4207,.T.);
#4207 = EDGE_LOOP('',(#4208,#4216,#4223,#4224));
#4208 = ORIENTED_EDGE('',*,*,#4209,.T.);
#4209 = EDGE_CURVE('',#4184,#4210,#4212,.T.);
#4210 = VERTEX_POINT('',#4211);
#4211 = CARTESIAN_POINT('',(1.64,0.,8.9));
#4212 = LINE('',#4213,#4214);
#4213 = CARTESIAN_POINT('',(0.9,0.,8.9));
#4214 = VECTOR('',#4215,1.);
#4215 = DIRECTION('',(1.,0.,0.));
#4216 = ORIENTED_EDGE('',*,*,#4217,.F.);
#4217 = EDGE_CURVE('',#4210,#4210,#4218,.T.);
#4218 = CIRCLE('',#4219,0.3);
#4219 = AXIS2_PLACEMENT_3D('',#4220,#4221,#4222);
#4220 = CARTESIAN_POINT('',(1.64,0.,9.2));
#4221 = DIRECTION('',(1.,-0.,0.));
#4222 = DIRECTION('',(0.,0.,-1.));
#4223 = ORIENTED_EDGE('',*,*,#4209,.F.);
#4224 = ORIENTED_EDGE('',*,*,#4192,.F.);
#4225 = CYLINDRICAL_SURFACE('',#4226,0.3);
#4226 = AXIS2_PLACEMENT_3D('',#4227,#4228,#4229);
#4227 = CARTESIAN_POINT('',(0.9,0.,9.2));
#4228 = DIRECTION('',(1.,0.,0.));
#4229 = DIRECTION('',(0.,0.,-1.));
#4230 = ADVANCED_FACE('',(#4231),#4251,.T.);
#4231 = FACE_BOUND('',#4232,.T.);
#4232 = EDGE_LOOP('',(#4233,#4242,#4249,#4250));
#4233 = ORIENTED_EDGE('',*,*,#4234,.T.);
#4234 = EDGE_CURVE('',#4210,#4235,#4237,.T.);
#4235 = VERTEX_POINT('',#4236);
#4236 = CARTESIAN_POINT('',(2.24,0.,8.3));
#4237 = CIRCLE('',#4238,0.6);
#4238 = AXIS2_PLACEMENT_3D('',#4239,#4240,#4241);
#4239 = CARTESIAN_POINT('',(1.64,1.102182119233E-16,8.3));
#4240 = DIRECTION('',(0.,1.,-0.));
#4241 = DIRECTION('',(-9.868649107779E-16,0.,1.));
#4242 = ORIENTED_EDGE('',*,*,#4243,.T.);
#4243 = EDGE_CURVE('',#4235,#4235,#4244,.T.);
#4244 = CIRCLE('',#4245,0.3);
#4245 = AXIS2_PLACEMENT_3D('',#4246,#4247,#4248);
#4246 = CARTESIAN_POINT('',(2.54,0.,8.3));
#4247 = DIRECTION('',(2.060527218215E-15,-0.,1.));
#4248 = DIRECTION('',(1.,0.,-2.060527218215E-15));
#4249 = ORIENTED_EDGE('',*,*,#4234,.F.);
#4250 = ORIENTED_EDGE('',*,*,#4217,.T.);
#4251 = TOROIDAL_SURFACE('',#4252,0.9,0.3);
#4252 = AXIS2_PLACEMENT_3D('',#4253,#4254,#4255);
#4253 = CARTESIAN_POINT('',(1.64,0.,8.3));
#4254 = DIRECTION('',(0.,1.,0.));
#4255 = DIRECTION('',(-9.868649107779E-16,0.,1.));
#4256 = ADVANCED_FACE('',(#4257),#4276,.T.);
#4257 = FACE_BOUND('',#4258,.T.);
#4258 = EDGE_LOOP('',(#4259,#4267,#4274,#4275));
#4259 = ORIENTED_EDGE('',*,*,#4260,.T.);
#4260 = EDGE_CURVE('',#4235,#4261,#4263,.T.);
#4261 = VERTEX_POINT('',#4262);
#4262 = CARTESIAN_POINT('',(2.24,-7.347880794884E-17,-3.));
#4263 = LINE('',#4264,#4265);
#4264 = CARTESIAN_POINT('',(2.24,0.,8.3));
#4265 = VECTOR('',#4266,1.);
#4266 = DIRECTION('',(0.,0.,-1.));
#4267 = ORIENTED_EDGE('',*,*,#4268,.F.);
#4268 = EDGE_CURVE('',#4261,#4261,#4269,.T.);
#4269 = CIRCLE('',#4270,0.3);
#4270 = AXIS2_PLACEMENT_3D('',#4271,#4272,#4273);
#4271 = CARTESIAN_POINT('',(2.54,0.,-3.));
#4272 = DIRECTION('',(0.,0.,-1.));
#4273 = DIRECTION('',(-1.,0.,0.));
#4274 = ORIENTED_EDGE('',*,*,#4260,.F.);
#4275 = ORIENTED_EDGE('',*,*,#4243,.F.);
#4276 = CYLINDRICAL_SURFACE('',#4277,0.3);
#4277 = AXIS2_PLACEMENT_3D('',#4278,#4279,#4280);
#4278 = CARTESIAN_POINT('',(2.54,0.,8.3));
#4279 = DIRECTION('',(0.,0.,-1.));
#4280 = DIRECTION('',(-1.,0.,0.));
#4281 = ADVANCED_FACE('',(#4282),#4285,.F.);
#4282 = FACE_BOUND('',#4283,.T.);
#4283 = EDGE_LOOP('',(#4284));
#4284 = ORIENTED_EDGE('',*,*,#4268,.T.);
#4285 = PLANE('',#4286);
#4286 = AXIS2_PLACEMENT_3D('',#4287,#4288,#4289);
#4287 = CARTESIAN_POINT('',(2.24,0.,-3.));
#4288 = DIRECTION('',(0.,0.,1.));
#4289 = DIRECTION('',(1.,0.,-0.));
#4290 = ( GEOMETRIC_REPRESENTATION_CONTEXT(3) 
GLOBAL_UNCERTAINTY_ASSIGNED_CONTEXT((#4294)) 
GLOBAL_UNIT_ASSIGNED_CONTEXT((#4291,#4292,#4293)) REPRESENTATION_CONTEXT
('Context #1','3D Context with UNIT and UNCERTAINTY') );
#4291 = ( LENGTH_UNIT() NAMED_UNIT(*) SI_UNIT(.MILLI.,.METRE.) );
#4292 = ( NAMED_UNIT(*) PLANE_ANGLE_UNIT() SI_UNIT($,.RADIAN.) );
#4293 = ( NAMED_UNIT(*) SI_UNIT($,.STERADIAN.) SOLID_ANGLE_UNIT() );
#4294 = UNCERTAINTY_MEASURE_WITH_UNIT(LENGTH_MEASURE(1.E-07),#4291,
  'distance_accuracy_value','confusion accuracy');
#4295 = CONTEXT_DEPENDENT_SHAPE_REPRESENTATION(#4296,#4298);
#4296 = ( REPRESENTATION_RELATIONSHIP('','',#3902,#3879) 
REPRESENTATION_RELATIONSHIP_WITH_TRANSFORMATION(#4297) 
SHAPE_REPRESENTATION_RELATIONSHIP() );
#4297 = ITEM_DEFINED_TRANSFORMATION('','',#11,#3880);
#4298 = PRODUCT_DEFINITION_SHAPE('Placement','Placement of an item',
  #4299);
#4299 = NEXT_ASSEMBLY_USAGE_OCCURRENCE('26','=>[0:1:1:23]','',#3874,
  #3897,$);
#4300 = PRODUCT_RELATED_PRODUCT_CATEGORY('part',$,(#3899));
#4301 = CONTEXT_DEPENDENT_SHAPE_REPRESENTATION(#4302,#4304);
#4302 = ( REPRESENTATION_RELATIONSHIP('','',#3518,#10) 
REPRESENTATION_RELATIONSHIP_WITH_TRANSFORMATION(#4303) 
SHAPE_REPRESENTATION_RELATIONSHIP() );
#4303 = ITEM_DEFINED_TRANSFORMATION('','',#11,#71);
#4304 = PRODUCT_DEFINITION_SHAPE('Placement','Placement of an item',
  #4305);
#4305 = NEXT_ASSEMBLY_USAGE_OCCURRENCE('28','R_slow1','',#5,#3513,$);
#4306 = SHAPE_DEFINITION_REPRESENTATION(#4307,#4313);
#4307 = PRODUCT_DEFINITION_SHAPE('','',#4308);
#4308 = PRODUCT_DEFINITION('design','',#4309,#4312);
#4309 = PRODUCT_DEFINITION_FORMATION('','',#4310);
#4310 = PRODUCT('PinHeader_1x02_P2.54mm_Vertical',
  'PinHeader_1x02_P2.54mm_Vertical','',(#4311));
#4311 = PRODUCT_CONTEXT('',#2,'mechanical');
#4312 = PRODUCT_DEFINITION_CONTEXT('part definition',#2,'design');
#4313 = SHAPE_REPRESENTATION('',(#11,#4314),#4318);
#4314 = AXIS2_PLACEMENT_3D('',#4315,#4316,#4317);
#4315 = CARTESIAN_POINT('',(0.,0.,0.));
#4316 = DIRECTION('',(0.,0.,1.));
#4317 = DIRECTION('',(1.,0.,-0.));
#4318 = ( GEOMETRIC_REPRESENTATION_CONTEXT(3) 
GLOBAL_UNCERTAINTY_ASSIGNED_CONTEXT((#4322)) 
GLOBAL_UNIT_ASSIGNED_CONTEXT((#4319,#4320,#4321)) REPRESENTATION_CONTEXT
('Context #1','3D Context with UNIT and UNCERTAINTY') );
#4319 = ( LENGTH_UNIT() NAMED_UNIT(*) SI_UNIT(.MILLI.,.METRE.) );
#4320 = ( NAMED_UNIT(*) PLANE_ANGLE_UNIT() SI_UNIT($,.RADIAN.) );
#4321 = ( NAMED_UNIT(*) SI_UNIT($,.STERADIAN.) SOLID_ANGLE_UNIT() );
#4322 = UNCERTAINTY_MEASURE_WITH_UNIT(LENGTH_MEASURE(1.E-07),#4319,
  'distance_accuracy_value','confusion accuracy');
#4323 = CONTEXT_DEPENDENT_SHAPE_REPRESENTATION(#4324,#4326);
#4324 = ( REPRESENTATION_RELATIONSHIP('','',#4313,#10) 
REPRESENTATION_RELATIONSHIP_WITH_TRANSFORMATION(#4325) 
SHAPE_REPRESENTATION_RELATIONSHIP() );
#4325 = ITEM_DEFINED_TRANSFORMATION('','',#11,#75);
#4326 = PRODUCT_DEFINITION_SHAPE('Placement','Placement of an item',
  #4327);
#4327 = NEXT_ASSEMBLY_USAGE_OCCURRENCE('30','J5','',#5,#4308,$);
#4328 = PRODUCT_RELATED_PRODUCT_CATEGORY('part',$,(#4310));
#4329 = SHAPE_DEFINITION_REPRESENTATION(#4330,#4336);
#4330 = PRODUCT_DEFINITION_SHAPE('','',#4331);
#4331 = PRODUCT_DEFINITION('design','',#4332,#4335);
#4332 = PRODUCT_DEFINITION_FORMATION('','',#4333);
#4333 = PRODUCT('PinHeader_1x02_P254mm_Vertical',
  'PinHeader_1x02_P254mm_Vertical','',(#4334));
#4334 = PRODUCT_CONTEXT('',#2,'mechanical');
#4335 = PRODUCT_DEFINITION_CONTEXT('part definition',#2,'design');
#4336 = ADVANCED_BREP_SHAPE_REPRESENTATION('',(#11,#4337),#5769);
#4337 = MANIFOLD_SOLID_BREP('',#4338);
#4338 = CLOSED_SHELL('',(#4339,#4379,#4410,#4441,#4606,#4771,#4788,#4805
    ,#4822,#4839,#4856,#4873,#4890,#4907,#4924,#4941,#4953,#4984,#5008,
    #5032,#5049,#5080,#5104,#5128,#5145,#5176,#5200,#5224,#5241,#5272,
    #5296,#5320,#5337,#5368,#5392,#5416,#5433,#5464,#5488,#5512,#5529,
    #5560,#5584,#5608,#5625,#5656,#5680,#5704,#5721,#5733,#5745,#5757));
#4339 = ADVANCED_FACE('',(#4340),#4374,.F.);
#4340 = FACE_BOUND('',#4341,.F.);
#4341 = EDGE_LOOP('',(#4342,#4352,#4360,#4368));
#4342 = ORIENTED_EDGE('',*,*,#4343,.T.);
#4343 = EDGE_CURVE('',#4344,#4346,#4348,.T.);
#4344 = VERTEX_POINT('',#4345);
#4345 = CARTESIAN_POINT('',(-1.016,1.27,0.));
#4346 = VERTEX_POINT('',#4347);
#4347 = CARTESIAN_POINT('',(-1.016,1.27,2.54));
#4348 = LINE('',#4349,#4350);
#4349 = CARTESIAN_POINT('',(-1.016,1.27,0.));
#4350 = VECTOR('',#4351,1.);
#4351 = DIRECTION('',(0.,0.,1.));
#4352 = ORIENTED_EDGE('',*,*,#4353,.T.);
#4353 = EDGE_CURVE('',#4346,#4354,#4356,.T.);
#4354 = VERTEX_POINT('',#4355);
#4355 = CARTESIAN_POINT('',(-1.27,1.016,2.54));
#4356 = LINE('',#4357,#4358);
#4357 = CARTESIAN_POINT('',(-1.016,1.27,2.54));
#4358 = VECTOR('',#4359,1.);
#4359 = DIRECTION('',(-0.707106781187,-0.707106781187,0.));
#4360 = ORIENTED_EDGE('',*,*,#4361,.F.);
#4361 = EDGE_CURVE('',#4362,#4354,#4364,.T.);
#4362 = VERTEX_POINT('',#4363);
#4363 = CARTESIAN_POINT('',(-1.27,1.016,0.));
#4364 = LINE('',#4365,#4366);
#4365 = CARTESIAN_POINT('',(-1.27,1.016,0.));
#4366 = VECTOR('',#4367,1.);
#4367 = DIRECTION('',(0.,0.,1.));
#4368 = ORIENTED_EDGE('',*,*,#4369,.F.);
#4369 = EDGE_CURVE('',#4344,#4362,#4370,.T.);
#4370 = LINE('',#4371,#4372);
#4371 = CARTESIAN_POINT('',(-1.016,1.27,0.));
#4372 = VECTOR('',#4373,1.);
#4373 = DIRECTION('',(-0.707106781187,-0.707106781187,0.));
#4374 = PLANE('',#4375);
#4375 = AXIS2_PLACEMENT_3D('',#4376,#4377,#4378);
#4376 = CARTESIAN_POINT('',(-1.016,1.27,0.));
#4377 = DIRECTION('',(0.707106781187,-0.707106781187,0.));
#4378 = DIRECTION('',(-0.707106781187,-0.707106781187,0.));
#4379 = ADVANCED_FACE('',(#4380),#4405,.F.);
#4380 = FACE_BOUND('',#4381,.F.);
#4381 = EDGE_LOOP('',(#4382,#4392,#4398,#4399));
#4382 = ORIENTED_EDGE('',*,*,#4383,.T.);
#4383 = EDGE_CURVE('',#4384,#4386,#4388,.T.);
#4384 = VERTEX_POINT('',#4385);
#4385 = CARTESIAN_POINT('',(1.016,1.27,0.));
#4386 = VERTEX_POINT('',#4387);
#4387 = CARTESIAN_POINT('',(1.016,1.27,2.54));
#4388 = LINE('',#4389,#4390);
#4389 = CARTESIAN_POINT('',(1.016,1.27,0.));
#4390 = VECTOR('',#4391,1.);
#4391 = DIRECTION('',(0.,0.,1.));
#4392 = ORIENTED_EDGE('',*,*,#4393,.T.);
#4393 = EDGE_CURVE('',#4386,#4346,#4394,.T.);
#4394 = LINE('',#4395,#4396);
#4395 = CARTESIAN_POINT('',(1.016,1.27,2.54));
#4396 = VECTOR('',#4397,1.);
#4397 = DIRECTION('',(-1.,0.,0.));
#4398 = ORIENTED_EDGE('',*,*,#4343,.F.);
#4399 = ORIENTED_EDGE('',*,*,#4400,.F.);
#4400 = EDGE_CURVE('',#4384,#4344,#4401,.T.);
#4401 = LINE('',#4402,#4403);
#4402 = CARTESIAN_POINT('',(1.016,1.27,0.));
#4403 = VECTOR('',#4404,1.);
#4404 = DIRECTION('',(-1.,0.,0.));
#4405 = PLANE('',#4406);
#4406 = AXIS2_PLACEMENT_3D('',#4407,#4408,#4409);
#4407 = CARTESIAN_POINT('',(1.016,1.27,0.));
#4408 = DIRECTION('',(0.,-1.,0.));
#4409 = DIRECTION('',(-1.,0.,0.));
#4410 = ADVANCED_FACE('',(#4411),#4436,.F.);
#4411 = FACE_BOUND('',#4412,.F.);
#4412 = EDGE_LOOP('',(#4413,#4414,#4422,#4430));
#4413 = ORIENTED_EDGE('',*,*,#4361,.T.);
#4414 = ORIENTED_EDGE('',*,*,#4415,.T.);
#4415 = EDGE_CURVE('',#4354,#4416,#4418,.T.);
#4416 = VERTEX_POINT('',#4417);
#4417 = CARTESIAN_POINT('',(-1.27,-1.016,2.54));
#4418 = LINE('',#4419,#4420);
#4419 = CARTESIAN_POINT('',(-1.27,1.016,2.54));
#4420 = VECTOR('',#4421,1.);
#4421 = DIRECTION('',(0.,-1.,0.));
#4422 = ORIENTED_EDGE('',*,*,#4423,.F.);
#4423 = EDGE_CURVE('',#4424,#4416,#4426,.T.);
#4424 = VERTEX_POINT('',#4425);
#4425 = CARTESIAN_POINT('',(-1.27,-1.016,0.));
#4426 = LINE('',#4427,#4428);
#4427 = CARTESIAN_POINT('',(-1.27,-1.016,0.));
#4428 = VECTOR('',#4429,1.);
#4429 = DIRECTION('',(0.,0.,1.));
#4430 = ORIENTED_EDGE('',*,*,#4431,.F.);
#4431 = EDGE_CURVE('',#4362,#4424,#4432,.T.);
#4432 = LINE('',#4433,#4434);
#4433 = CARTESIAN_POINT('',(-1.27,1.016,0.));
#4434 = VECTOR('',#4435,1.);
#4435 = DIRECTION('',(0.,-1.,0.));
#4436 = PLANE('',#4437);
#4437 = AXIS2_PLACEMENT_3D('',#4438,#4439,#4440);
#4438 = CARTESIAN_POINT('',(-1.27,1.016,0.));
#4439 = DIRECTION('',(1.,0.,0.));
#4440 = DIRECTION('',(0.,-1.,0.));
#4441 = ADVANCED_FACE('',(#4442,#4533,#4567),#4601,.F.);
#4442 = FACE_BOUND('',#4443,.F.);
#4443 = EDGE_LOOP('',(#4444,#4445,#4446,#4454,#4462,#4470,#4478,#4486,
    #4494,#4502,#4510,#4518,#4526,#4532));
#4444 = ORIENTED_EDGE('',*,*,#4369,.T.);
#4445 = ORIENTED_EDGE('',*,*,#4431,.T.);
#4446 = ORIENTED_EDGE('',*,*,#4447,.T.);
#4447 = EDGE_CURVE('',#4424,#4448,#4450,.T.);
#4448 = VERTEX_POINT('',#4449);
#4449 = CARTESIAN_POINT('',(-1.016,-1.27,0.));
#4450 = LINE('',#4451,#4452);
#4451 = CARTESIAN_POINT('',(-1.27,-1.016,0.));
#4452 = VECTOR('',#4453,1.);
#4453 = DIRECTION('',(0.707106781187,-0.707106781187,0.));
#4454 = ORIENTED_EDGE('',*,*,#4455,.T.);
#4455 = EDGE_CURVE('',#4448,#4456,#4458,.T.);
#4456 = VERTEX_POINT('',#4457);
#4457 = CARTESIAN_POINT('',(-1.27,-1.524,0.));
#4458 = LINE('',#4459,#4460);
#4459 = CARTESIAN_POINT('',(-1.016,-1.27,0.));
#4460 = VECTOR('',#4461,1.);
#4461 = DIRECTION('',(-0.707106781187,-0.707106781187,0.));
#4462 = ORIENTED_EDGE('',*,*,#4463,.T.);
#4463 = EDGE_CURVE('',#4456,#4464,#4466,.T.);
#4464 = VERTEX_POINT('',#4465);
#4465 = CARTESIAN_POINT('',(-1.27,-3.556,0.));
#4466 = LINE('',#4467,#4468);
#4467 = CARTESIAN_POINT('',(-1.27,-1.524,0.));
#4468 = VECTOR('',#4469,1.);
#4469 = DIRECTION('',(0.,-1.,0.));
#4470 = ORIENTED_EDGE('',*,*,#4471,.T.);
#4471 = EDGE_CURVE('',#4464,#4472,#4474,.T.);
#4472 = VERTEX_POINT('',#4473);
#4473 = CARTESIAN_POINT('',(-1.016,-3.81,0.));
#4474 = LINE('',#4475,#4476);
#4475 = CARTESIAN_POINT('',(-1.27,-3.556,0.));
#4476 = VECTOR('',#4477,1.);
#4477 = DIRECTION('',(0.707106781187,-0.707106781187,0.));
#4478 = ORIENTED_EDGE('',*,*,#4479,.T.);
#4479 = EDGE_CURVE('',#4472,#4480,#4482,.T.);
#4480 = VERTEX_POINT('',#4481);
#4481 = CARTESIAN_POINT('',(1.016,-3.81,0.));
#4482 = LINE('',#4483,#4484);
#4483 = CARTESIAN_POINT('',(-1.016,-3.81,0.));
#4484 = VECTOR('',#4485,1.);
#4485 = DIRECTION('',(1.,0.,0.));
#4486 = ORIENTED_EDGE('',*,*,#4487,.T.);
#4487 = EDGE_CURVE('',#4480,#4488,#4490,.T.);
#4488 = VERTEX_POINT('',#4489);
#4489 = CARTESIAN_POINT('',(1.27,-3.556,0.));
#4490 = LINE('',#4491,#4492);
#4491 = CARTESIAN_POINT('',(1.016,-3.81,0.));
#4492 = VECTOR('',#4493,1.);
#4493 = DIRECTION('',(0.707106781187,0.707106781187,0.));
#4494 = ORIENTED_EDGE('',*,*,#4495,.T.);
#4495 = EDGE_CURVE('',#4488,#4496,#4498,.T.);
#4496 = VERTEX_POINT('',#4497);
#4497 = CARTESIAN_POINT('',(1.27,-1.524,0.));
#4498 = LINE('',#4499,#4500);
#4499 = CARTESIAN_POINT('',(1.27,-3.556,0.));
#4500 = VECTOR('',#4501,1.);
#4501 = DIRECTION('',(0.,1.,0.));
#4502 = ORIENTED_EDGE('',*,*,#4503,.T.);
#4503 = EDGE_CURVE('',#4496,#4504,#4506,.T.);
#4504 = VERTEX_POINT('',#4505);
#4505 = CARTESIAN_POINT('',(1.016,-1.27,0.));
#4506 = LINE('',#4507,#4508);
#4507 = CARTESIAN_POINT('',(1.27,-1.524,0.));
#4508 = VECTOR('',#4509,1.);
#4509 = DIRECTION('',(-0.707106781187,0.707106781187,0.));
#4510 = ORIENTED_EDGE('',*,*,#4511,.T.);
#4511 = EDGE_CURVE('',#4504,#4512,#4514,.T.);
#4512 = VERTEX_POINT('',#4513);
#4513 = CARTESIAN_POINT('',(1.27,-1.016,0.));
#4514 = LINE('',#4515,#4516);
#4515 = CARTESIAN_POINT('',(1.016,-1.27,0.));
#4516 = VECTOR('',#4517,1.);
#4517 = DIRECTION('',(0.707106781187,0.707106781187,0.));
#4518 = ORIENTED_EDGE('',*,*,#4519,.T.);
#4519 = EDGE_CURVE('',#4512,#4520,#4522,.T.);
#4520 = VERTEX_POINT('',#4521);
#4521 = CARTESIAN_POINT('',(1.27,1.016,0.));
#4522 = LINE('',#4523,#4524);
#4523 = CARTESIAN_POINT('',(1.27,-1.016,0.));
#4524 = VECTOR('',#4525,1.);
#4525 = DIRECTION('',(0.,1.,0.));
#4526 = ORIENTED_EDGE('',*,*,#4527,.T.);
#4527 = EDGE_CURVE('',#4520,#4384,#4528,.T.);
#4528 = LINE('',#4529,#4530);
#4529 = CARTESIAN_POINT('',(1.27,1.016,0.));
#4530 = VECTOR('',#4531,1.);
#4531 = DIRECTION('',(-0.707106781187,0.707106781187,0.));
#4532 = ORIENTED_EDGE('',*,*,#4400,.T.);
#4533 = FACE_BOUND('',#4534,.F.);
#4534 = EDGE_LOOP('',(#4535,#4545,#4553,#4561));
#4535 = ORIENTED_EDGE('',*,*,#4536,.T.);
#4536 = EDGE_CURVE('',#4537,#4539,#4541,.T.);
#4537 = VERTEX_POINT('',#4538);
#4538 = CARTESIAN_POINT('',(0.32,-0.32,0.));
#4539 = VERTEX_POINT('',#4540);
#4540 = CARTESIAN_POINT('',(-0.32,-0.32,0.));
#4541 = LINE('',#4542,#4543);
#4542 = CARTESIAN_POINT('',(-0.16,-0.32,0.));
#4543 = VECTOR('',#4544,1.);
#4544 = DIRECTION('',(-1.,0.,0.));
#4545 = ORIENTED_EDGE('',*,*,#4546,.T.);
#4546 = EDGE_CURVE('',#4539,#4547,#4549,.T.);
#4547 = VERTEX_POINT('',#4548);
#4548 = CARTESIAN_POINT('',(-0.32,0.32,0.));
#4549 = LINE('',#4550,#4551);
#4550 = CARTESIAN_POINT('',(-0.32,-0.795,0.));
#4551 = VECTOR('',#4552,1.);
#4552 = DIRECTION('',(0.,1.,0.));
#4553 = ORIENTED_EDGE('',*,*,#4554,.F.);
#4554 = EDGE_CURVE('',#4555,#4547,#4557,.T.);
#4555 = VERTEX_POINT('',#4556);
#4556 = CARTESIAN_POINT('',(0.32,0.32,0.));
#4557 = LINE('',#4558,#4559);
#4558 = CARTESIAN_POINT('',(-0.16,0.32,0.));
#4559 = VECTOR('',#4560,1.);
#4560 = DIRECTION('',(-1.,0.,0.));
#4561 = ORIENTED_EDGE('',*,*,#4562,.F.);
#4562 = EDGE_CURVE('',#4537,#4555,#4563,.T.);
#4563 = LINE('',#4564,#4565);
#4564 = CARTESIAN_POINT('',(0.32,-0.795,0.));
#4565 = VECTOR('',#4566,1.);
#4566 = DIRECTION('',(0.,1.,0.));
#4567 = FACE_BOUND('',#4568,.F.);
#4568 = EDGE_LOOP('',(#4569,#4579,#4587,#4595));
#4569 = ORIENTED_EDGE('',*,*,#4570,.T.);
#4570 = EDGE_CURVE('',#4571,#4573,#4575,.T.);
#4571 = VERTEX_POINT('',#4572);
#4572 = CARTESIAN_POINT('',(0.32,-2.86,0.));
#4573 = VERTEX_POINT('',#4574);
#4574 = CARTESIAN_POINT('',(-0.32,-2.86,0.));
#4575 = LINE('',#4576,#4577);
#4576 = CARTESIAN_POINT('',(-0.16,-2.86,0.));
#4577 = VECTOR('',#4578,1.);
#4578 = DIRECTION('',(-1.,0.,0.));
#4579 = ORIENTED_EDGE('',*,*,#4580,.T.);
#4580 = EDGE_CURVE('',#4573,#4581,#4583,.T.);
#4581 = VERTEX_POINT('',#4582);
#4582 = CARTESIAN_POINT('',(-0.32,-2.22,0.));
#4583 = LINE('',#4584,#4585);
#4584 = CARTESIAN_POINT('',(-0.32,-2.065,0.));
#4585 = VECTOR('',#4586,1.);
#4586 = DIRECTION('',(0.,1.,0.));
#4587 = ORIENTED_EDGE('',*,*,#4588,.F.);
#4588 = EDGE_CURVE('',#4589,#4581,#4591,.T.);
#4589 = VERTEX_POINT('',#4590);
#4590 = CARTESIAN_POINT('',(0.32,-2.22,0.));
#4591 = LINE('',#4592,#4593);
#4592 = CARTESIAN_POINT('',(-0.16,-2.22,0.));
#4593 = VECTOR('',#4594,1.);
#4594 = DIRECTION('',(-1.,0.,0.));
#4595 = ORIENTED_EDGE('',*,*,#4596,.F.);
#4596 = EDGE_CURVE('',#4571,#4589,#4597,.T.);
#4597 = LINE('',#4598,#4599);
#4598 = CARTESIAN_POINT('',(0.32,-2.065,0.));
#4599 = VECTOR('',#4600,1.);
#4600 = DIRECTION('',(0.,1.,0.));
#4601 = PLANE('',#4602);
#4602 = AXIS2_PLACEMENT_3D('',#4603,#4604,#4605);
#4603 = CARTESIAN_POINT('',(1.473843703412E-17,-1.27,0.));
#4604 = DIRECTION('',(0.,0.,1.));
#4605 = DIRECTION('',(1.,0.,-0.));
#4606 = ADVANCED_FACE('',(#4607,#4698,#4732),#4766,.T.);
#4607 = FACE_BOUND('',#4608,.T.);
#4608 = EDGE_LOOP('',(#4609,#4610,#4611,#4619,#4627,#4635,#4643,#4651,
    #4659,#4667,#4675,#4683,#4691,#4697));
#4609 = ORIENTED_EDGE('',*,*,#4353,.T.);
#4610 = ORIENTED_EDGE('',*,*,#4415,.T.);
#4611 = ORIENTED_EDGE('',*,*,#4612,.T.);
#4612 = EDGE_CURVE('',#4416,#4613,#4615,.T.);
#4613 = VERTEX_POINT('',#4614);
#4614 = CARTESIAN_POINT('',(-1.016,-1.27,2.54));
#4615 = LINE('',#4616,#4617);
#4616 = CARTESIAN_POINT('',(-1.27,-1.016,2.54));
#4617 = VECTOR('',#4618,1.);
#4618 = DIRECTION('',(0.707106781187,-0.707106781187,0.));
#4619 = ORIENTED_EDGE('',*,*,#4620,.T.);
#4620 = EDGE_CURVE('',#4613,#4621,#4623,.T.);
#4621 = VERTEX_POINT('',#4622);
#4622 = CARTESIAN_POINT('',(-1.27,-1.524,2.54));
#4623 = LINE('',#4624,#4625);
#4624 = CARTESIAN_POINT('',(-1.016,-1.27,2.54));
#4625 = VECTOR('',#4626,1.);
#4626 = DIRECTION('',(-0.707106781187,-0.707106781187,0.));
#4627 = ORIENTED_EDGE('',*,*,#4628,.T.);
#4628 = EDGE_CURVE('',#4621,#4629,#4631,.T.);
#4629 = VERTEX_POINT('',#4630);
#4630 = CARTESIAN_POINT('',(-1.27,-3.556,2.54));
#4631 = LINE('',#4632,#4633);
#4632 = CARTESIAN_POINT('',(-1.27,-1.524,2.54));
#4633 = VECTOR('',#4634,1.);
#4634 = DIRECTION('',(0.,-1.,0.));
#4635 = ORIENTED_EDGE('',*,*,#4636,.T.);
#4636 = EDGE_CURVE('',#4629,#4637,#4639,.T.);
#4637 = VERTEX_POINT('',#4638);
#4638 = CARTESIAN_POINT('',(-1.016,-3.81,2.54));
#4639 = LINE('',#4640,#4641);
#4640 = CARTESIAN_POINT('',(-1.27,-3.556,2.54));
#4641 = VECTOR('',#4642,1.);
#4642 = DIRECTION('',(0.707106781187,-0.707106781187,0.));
#4643 = ORIENTED_EDGE('',*,*,#4644,.T.);
#4644 = EDGE_CURVE('',#4637,#4645,#4647,.T.);
#4645 = VERTEX_POINT('',#4646);
#4646 = CARTESIAN_POINT('',(1.016,-3.81,2.54));
#4647 = LINE('',#4648,#4649);
#4648 = CARTESIAN_POINT('',(-1.016,-3.81,2.54));
#4649 = VECTOR('',#4650,1.);
#4650 = DIRECTION('',(1.,0.,0.));
#4651 = ORIENTED_EDGE('',*,*,#4652,.T.);
#4652 = EDGE_CURVE('',#4645,#4653,#4655,.T.);
#4653 = VERTEX_POINT('',#4654);
#4654 = CARTESIAN_POINT('',(1.27,-3.556,2.54));
#4655 = LINE('',#4656,#4657);
#4656 = CARTESIAN_POINT('',(1.016,-3.81,2.54));
#4657 = VECTOR('',#4658,1.);
#4658 = DIRECTION('',(0.707106781187,0.707106781187,0.));
#4659 = ORIENTED_EDGE('',*,*,#4660,.T.);
#4660 = EDGE_CURVE('',#4653,#4661,#4663,.T.);
#4661 = VERTEX_POINT('',#4662);
#4662 = CARTESIAN_POINT('',(1.27,-1.524,2.54));
#4663 = LINE('',#4664,#4665);
#4664 = CARTESIAN_POINT('',(1.27,-3.556,2.54));
#4665 = VECTOR('',#4666,1.);
#4666 = DIRECTION('',(0.,1.,0.));
#4667 = ORIENTED_EDGE('',*,*,#4668,.T.);
#4668 = EDGE_CURVE('',#4661,#4669,#4671,.T.);
#4669 = VERTEX_POINT('',#4670);
#4670 = CARTESIAN_POINT('',(1.016,-1.27,2.54));
#4671 = LINE('',#4672,#4673);
#4672 = CARTESIAN_POINT('',(1.27,-1.524,2.54));
#4673 = VECTOR('',#4674,1.);
#4674 = DIRECTION('',(-0.707106781187,0.707106781187,0.));
#4675 = ORIENTED_EDGE('',*,*,#4676,.T.);
#4676 = EDGE_CURVE('',#4669,#4677,#4679,.T.);
#4677 = VERTEX_POINT('',#4678);
#4678 = CARTESIAN_POINT('',(1.27,-1.016,2.54));
#4679 = LINE('',#4680,#4681);
#4680 = CARTESIAN_POINT('',(1.016,-1.27,2.54));
#4681 = VECTOR('',#4682,1.);
#4682 = DIRECTION('',(0.707106781187,0.707106781187,0.));
#4683 = ORIENTED_EDGE('',*,*,#4684,.T.);
#4684 = EDGE_CURVE('',#4677,#4685,#4687,.T.);
#4685 = VERTEX_POINT('',#4686);
#4686 = CARTESIAN_POINT('',(1.27,1.016,2.54));
#4687 = LINE('',#4688,#4689);
#4688 = CARTESIAN_POINT('',(1.27,-1.016,2.54));
#4689 = VECTOR('',#4690,1.);
#4690 = DIRECTION('',(0.,1.,0.));
#4691 = ORIENTED_EDGE('',*,*,#4692,.T.);
#4692 = EDGE_CURVE('',#4685,#4386,#4693,.T.);
#4693 = LINE('',#4694,#4695);
#4694 = CARTESIAN_POINT('',(1.27,1.016,2.54));
#4695 = VECTOR('',#4696,1.);
#4696 = DIRECTION('',(-0.707106781187,0.707106781187,0.));
#4697 = ORIENTED_EDGE('',*,*,#4393,.T.);
#4698 = FACE_BOUND('',#4699,.T.);
#4699 = EDGE_LOOP('',(#4700,#4710,#4718,#4726));
#4700 = ORIENTED_EDGE('',*,*,#4701,.T.);
#4701 = EDGE_CURVE('',#4702,#4704,#4706,.T.);
#4702 = VERTEX_POINT('',#4703);
#4703 = CARTESIAN_POINT('',(0.32,-0.32,2.54));
#4704 = VERTEX_POINT('',#4705);
#4705 = CARTESIAN_POINT('',(-0.32,-0.32,2.54));
#4706 = LINE('',#4707,#4708);
#4707 = CARTESIAN_POINT('',(-0.16,-0.32,2.54));
#4708 = VECTOR('',#4709,1.);
#4709 = DIRECTION('',(-1.,0.,0.));
#4710 = ORIENTED_EDGE('',*,*,#4711,.T.);
#4711 = EDGE_CURVE('',#4704,#4712,#4714,.T.);
#4712 = VERTEX_POINT('',#4713);
#4713 = CARTESIAN_POINT('',(-0.32,0.32,2.54));
#4714 = LINE('',#4715,#4716);
#4715 = CARTESIAN_POINT('',(-0.32,-0.795,2.54));
#4716 = VECTOR('',#4717,1.);
#4717 = DIRECTION('',(0.,1.,0.));
#4718 = ORIENTED_EDGE('',*,*,#4719,.F.);
#4719 = EDGE_CURVE('',#4720,#4712,#4722,.T.);
#4720 = VERTEX_POINT('',#4721);
#4721 = CARTESIAN_POINT('',(0.32,0.32,2.54));
#4722 = LINE('',#4723,#4724);
#4723 = CARTESIAN_POINT('',(-0.16,0.32,2.54));
#4724 = VECTOR('',#4725,1.);
#4725 = DIRECTION('',(-1.,0.,0.));
#4726 = ORIENTED_EDGE('',*,*,#4727,.F.);
#4727 = EDGE_CURVE('',#4702,#4720,#4728,.T.);
#4728 = LINE('',#4729,#4730);
#4729 = CARTESIAN_POINT('',(0.32,-0.795,2.54));
#4730 = VECTOR('',#4731,1.);
#4731 = DIRECTION('',(0.,1.,0.));
#4732 = FACE_BOUND('',#4733,.T.);
#4733 = EDGE_LOOP('',(#4734,#4744,#4752,#4760));
#4734 = ORIENTED_EDGE('',*,*,#4735,.T.);
#4735 = EDGE_CURVE('',#4736,#4738,#4740,.T.);
#4736 = VERTEX_POINT('',#4737);
#4737 = CARTESIAN_POINT('',(0.32,-2.86,2.54));
#4738 = VERTEX_POINT('',#4739);
#4739 = CARTESIAN_POINT('',(-0.32,-2.86,2.54));
#4740 = LINE('',#4741,#4742);
#4741 = CARTESIAN_POINT('',(-0.16,-2.86,2.54));
#4742 = VECTOR('',#4743,1.);
#4743 = DIRECTION('',(-1.,0.,0.));
#4744 = ORIENTED_EDGE('',*,*,#4745,.T.);
#4745 = EDGE_CURVE('',#4738,#4746,#4748,.T.);
#4746 = VERTEX_POINT('',#4747);
#4747 = CARTESIAN_POINT('',(-0.32,-2.22,2.54));
#4748 = LINE('',#4749,#4750);
#4749 = CARTESIAN_POINT('',(-0.32,-2.065,2.54));
#4750 = VECTOR('',#4751,1.);
#4751 = DIRECTION('',(0.,1.,0.));
#4752 = ORIENTED_EDGE('',*,*,#4753,.F.);
#4753 = EDGE_CURVE('',#4754,#4746,#4756,.T.);
#4754 = VERTEX_POINT('',#4755);
#4755 = CARTESIAN_POINT('',(0.32,-2.22,2.54));
#4756 = LINE('',#4757,#4758);
#4757 = CARTESIAN_POINT('',(-0.16,-2.22,2.54));
#4758 = VECTOR('',#4759,1.);
#4759 = DIRECTION('',(-1.,0.,0.));
#4760 = ORIENTED_EDGE('',*,*,#4761,.F.);
#4761 = EDGE_CURVE('',#4736,#4754,#4762,.T.);
#4762 = LINE('',#4763,#4764);
#4763 = CARTESIAN_POINT('',(0.32,-2.065,2.54));
#4764 = VECTOR('',#4765,1.);
#4765 = DIRECTION('',(0.,1.,0.));
#4766 = PLANE('',#4767);
#4767 = AXIS2_PLACEMENT_3D('',#4768,#4769,#4770);
#4768 = CARTESIAN_POINT('',(1.473843703412E-17,-1.27,2.54));
#4769 = DIRECTION('',(0.,0.,1.));
#4770 = DIRECTION('',(1.,0.,-0.));
#4771 = ADVANCED_FACE('',(#4772),#4783,.F.);
#4772 = FACE_BOUND('',#4773,.F.);
#4773 = EDGE_LOOP('',(#4774,#4780,#4781,#4782));
#4774 = ORIENTED_EDGE('',*,*,#4775,.T.);
#4775 = EDGE_CURVE('',#4520,#4685,#4776,.T.);
#4776 = LINE('',#4777,#4778);
#4777 = CARTESIAN_POINT('',(1.27,1.016,0.));
#4778 = VECTOR('',#4779,1.);
#4779 = DIRECTION('',(0.,0.,1.));
#4780 = ORIENTED_EDGE('',*,*,#4692,.T.);
#4781 = ORIENTED_EDGE('',*,*,#4383,.F.);
#4782 = ORIENTED_EDGE('',*,*,#4527,.F.);
#4783 = PLANE('',#4784);
#4784 = AXIS2_PLACEMENT_3D('',#4785,#4786,#4787);
#4785 = CARTESIAN_POINT('',(1.27,1.016,0.));
#4786 = DIRECTION('',(-0.707106781187,-0.707106781187,0.));
#4787 = DIRECTION('',(-0.707106781187,0.707106781187,0.));
#4788 = ADVANCED_FACE('',(#4789),#4800,.F.);
#4789 = FACE_BOUND('',#4790,.F.);
#4790 = EDGE_LOOP('',(#4791,#4792,#4793,#4799));
#4791 = ORIENTED_EDGE('',*,*,#4423,.T.);
#4792 = ORIENTED_EDGE('',*,*,#4612,.T.);
#4793 = ORIENTED_EDGE('',*,*,#4794,.F.);
#4794 = EDGE_CURVE('',#4448,#4613,#4795,.T.);
#4795 = LINE('',#4796,#4797);
#4796 = CARTESIAN_POINT('',(-1.016,-1.27,0.));
#4797 = VECTOR('',#4798,1.);
#4798 = DIRECTION('',(0.,0.,1.));
#4799 = ORIENTED_EDGE('',*,*,#4447,.F.);
#4800 = PLANE('',#4801);
#4801 = AXIS2_PLACEMENT_3D('',#4802,#4803,#4804);
#4802 = CARTESIAN_POINT('',(-1.27,-1.016,0.));
#4803 = DIRECTION('',(0.707106781187,0.707106781187,0.));
#4804 = DIRECTION('',(0.707106781187,-0.707106781187,0.));
#4805 = ADVANCED_FACE('',(#4806),#4817,.F.);
#4806 = FACE_BOUND('',#4807,.F.);
#4807 = EDGE_LOOP('',(#4808,#4814,#4815,#4816));
#4808 = ORIENTED_EDGE('',*,*,#4809,.T.);
#4809 = EDGE_CURVE('',#4512,#4677,#4810,.T.);
#4810 = LINE('',#4811,#4812);
#4811 = CARTESIAN_POINT('',(1.27,-1.016,0.));
#4812 = VECTOR('',#4813,1.);
#4813 = DIRECTION('',(0.,0.,1.));
#4814 = ORIENTED_EDGE('',*,*,#4684,.T.);
#4815 = ORIENTED_EDGE('',*,*,#4775,.F.);
#4816 = ORIENTED_EDGE('',*,*,#4519,.F.);
#4817 = PLANE('',#4818);
#4818 = AXIS2_PLACEMENT_3D('',#4819,#4820,#4821);
#4819 = CARTESIAN_POINT('',(1.27,-1.016,0.));
#4820 = DIRECTION('',(-1.,0.,0.));
#4821 = DIRECTION('',(0.,1.,0.));
#4822 = ADVANCED_FACE('',(#4823),#4834,.F.);
#4823 = FACE_BOUND('',#4824,.F.);
#4824 = EDGE_LOOP('',(#4825,#4826,#4827,#4833));
#4825 = ORIENTED_EDGE('',*,*,#4794,.T.);
#4826 = ORIENTED_EDGE('',*,*,#4620,.T.);
#4827 = ORIENTED_EDGE('',*,*,#4828,.F.);
#4828 = EDGE_CURVE('',#4456,#4621,#4829,.T.);
#4829 = LINE('',#4830,#4831);
#4830 = CARTESIAN_POINT('',(-1.27,-1.524,0.));
#4831 = VECTOR('',#4832,1.);
#4832 = DIRECTION('',(0.,0.,1.));
#4833 = ORIENTED_EDGE('',*,*,#4455,.F.);
#4834 = PLANE('',#4835);
#4835 = AXIS2_PLACEMENT_3D('',#4836,#4837,#4838);
#4836 = CARTESIAN_POINT('',(-1.016,-1.27,0.));
#4837 = DIRECTION('',(0.707106781187,-0.707106781187,0.));
#4838 = DIRECTION('',(-0.707106781187,-0.707106781187,0.));
#4839 = ADVANCED_FACE('',(#4840),#4851,.F.);
#4840 = FACE_BOUND('',#4841,.F.);
#4841 = EDGE_LOOP('',(#4842,#4848,#4849,#4850));
#4842 = ORIENTED_EDGE('',*,*,#4843,.T.);
#4843 = EDGE_CURVE('',#4504,#4669,#4844,.T.);
#4844 = LINE('',#4845,#4846);
#4845 = CARTESIAN_POINT('',(1.016,-1.27,0.));
#4846 = VECTOR('',#4847,1.);
#4847 = DIRECTION('',(0.,0.,1.));
#4848 = ORIENTED_EDGE('',*,*,#4676,.T.);
#4849 = ORIENTED_EDGE('',*,*,#4809,.F.);
#4850 = ORIENTED_EDGE('',*,*,#4511,.F.);
#4851 = PLANE('',#4852);
#4852 = AXIS2_PLACEMENT_3D('',#4853,#4854,#4855);
#4853 = CARTESIAN_POINT('',(1.016,-1.27,0.));
#4854 = DIRECTION('',(-0.707106781187,0.707106781187,0.));
#4855 = DIRECTION('',(0.707106781187,0.707106781187,0.));
#4856 = ADVANCED_FACE('',(#4857),#4868,.F.);
#4857 = FACE_BOUND('',#4858,.F.);
#4858 = EDGE_LOOP('',(#4859,#4860,#4861,#4867));
#4859 = ORIENTED_EDGE('',*,*,#4828,.T.);
#4860 = ORIENTED_EDGE('',*,*,#4628,.T.);
#4861 = ORIENTED_EDGE('',*,*,#4862,.F.);
#4862 = EDGE_CURVE('',#4464,#4629,#4863,.T.);
#4863 = LINE('',#4864,#4865);
#4864 = CARTESIAN_POINT('',(-1.27,-3.556,0.));
#4865 = VECTOR('',#4866,1.);
#4866 = DIRECTION('',(0.,0.,1.));
#4867 = ORIENTED_EDGE('',*,*,#4463,.F.);
#4868 = PLANE('',#4869);
#4869 = AXIS2_PLACEMENT_3D('',#4870,#4871,#4872);
#4870 = CARTESIAN_POINT('',(-1.27,-1.524,0.));
#4871 = DIRECTION('',(1.,0.,0.));
#4872 = DIRECTION('',(0.,-1.,0.));
#4873 = ADVANCED_FACE('',(#4874),#4885,.F.);
#4874 = FACE_BOUND('',#4875,.F.);
#4875 = EDGE_LOOP('',(#4876,#4882,#4883,#4884));
#4876 = ORIENTED_EDGE('',*,*,#4877,.T.);
#4877 = EDGE_CURVE('',#4496,#4661,#4878,.T.);
#4878 = LINE('',#4879,#4880);
#4879 = CARTESIAN_POINT('',(1.27,-1.524,0.));
#4880 = VECTOR('',#4881,1.);
#4881 = DIRECTION('',(0.,0.,1.));
#4882 = ORIENTED_EDGE('',*,*,#4668,.T.);
#4883 = ORIENTED_EDGE('',*,*,#4843,.F.);
#4884 = ORIENTED_EDGE('',*,*,#4503,.F.);
#4885 = PLANE('',#4886);
#4886 = AXIS2_PLACEMENT_3D('',#4887,#4888,#4889);
#4887 = CARTESIAN_POINT('',(1.27,-1.524,0.));
#4888 = DIRECTION('',(-0.707106781187,-0.707106781187,0.));
#4889 = DIRECTION('',(-0.707106781187,0.707106781187,0.));
#4890 = ADVANCED_FACE('',(#4891),#4902,.F.);
#4891 = FACE_BOUND('',#4892,.F.);
#4892 = EDGE_LOOP('',(#4893,#4894,#4895,#4901));
#4893 = ORIENTED_EDGE('',*,*,#4862,.T.);
#4894 = ORIENTED_EDGE('',*,*,#4636,.T.);
#4895 = ORIENTED_EDGE('',*,*,#4896,.F.);
#4896 = EDGE_CURVE('',#4472,#4637,#4897,.T.);
#4897 = LINE('',#4898,#4899);
#4898 = CARTESIAN_POINT('',(-1.016,-3.81,0.));
#4899 = VECTOR('',#4900,1.);
#4900 = DIRECTION('',(0.,0.,1.));
#4901 = ORIENTED_EDGE('',*,*,#4471,.F.);
#4902 = PLANE('',#4903);
#4903 = AXIS2_PLACEMENT_3D('',#4904,#4905,#4906);
#4904 = CARTESIAN_POINT('',(-1.27,-3.556,0.));
#4905 = DIRECTION('',(0.707106781187,0.707106781187,0.));
#4906 = DIRECTION('',(0.707106781187,-0.707106781187,0.));
#4907 = ADVANCED_FACE('',(#4908),#4919,.F.);
#4908 = FACE_BOUND('',#4909,.F.);
#4909 = EDGE_LOOP('',(#4910,#4916,#4917,#4918));
#4910 = ORIENTED_EDGE('',*,*,#4911,.T.);
#4911 = EDGE_CURVE('',#4488,#4653,#4912,.T.);
#4912 = LINE('',#4913,#4914);
#4913 = CARTESIAN_POINT('',(1.27,-3.556,0.));
#4914 = VECTOR('',#4915,1.);
#4915 = DIRECTION('',(0.,0.,1.));
#4916 = ORIENTED_EDGE('',*,*,#4660,.T.);
#4917 = ORIENTED_EDGE('',*,*,#4877,.F.);
#4918 = ORIENTED_EDGE('',*,*,#4495,.F.);
#4919 = PLANE('',#4920);
#4920 = AXIS2_PLACEMENT_3D('',#4921,#4922,#4923);
#4921 = CARTESIAN_POINT('',(1.27,-3.556,0.));
#4922 = DIRECTION('',(-1.,0.,0.));
#4923 = DIRECTION('',(0.,1.,0.));
#4924 = ADVANCED_FACE('',(#4925),#4936,.F.);
#4925 = FACE_BOUND('',#4926,.F.);
#4926 = EDGE_LOOP('',(#4927,#4928,#4929,#4935));
#4927 = ORIENTED_EDGE('',*,*,#4896,.T.);
#4928 = ORIENTED_EDGE('',*,*,#4644,.T.);
#4929 = ORIENTED_EDGE('',*,*,#4930,.F.);
#4930 = EDGE_CURVE('',#4480,#4645,#4931,.T.);
#4931 = LINE('',#4932,#4933);
#4932 = CARTESIAN_POINT('',(1.016,-3.81,0.));
#4933 = VECTOR('',#4934,1.);
#4934 = DIRECTION('',(0.,0.,1.));
#4935 = ORIENTED_EDGE('',*,*,#4479,.F.);
#4936 = PLANE('',#4937);
#4937 = AXIS2_PLACEMENT_3D('',#4938,#4939,#4940);
#4938 = CARTESIAN_POINT('',(-1.016,-3.81,0.));
#4939 = DIRECTION('',(0.,1.,0.));
#4940 = DIRECTION('',(1.,0.,0.));
#4941 = ADVANCED_FACE('',(#4942),#4948,.F.);
#4942 = FACE_BOUND('',#4943,.F.);
#4943 = EDGE_LOOP('',(#4944,#4945,#4946,#4947));
#4944 = ORIENTED_EDGE('',*,*,#4930,.T.);
#4945 = ORIENTED_EDGE('',*,*,#4652,.T.);
#4946 = ORIENTED_EDGE('',*,*,#4911,.F.);
#4947 = ORIENTED_EDGE('',*,*,#4487,.F.);
#4948 = PLANE('',#4949);
#4949 = AXIS2_PLACEMENT_3D('',#4950,#4951,#4952);
#4950 = CARTESIAN_POINT('',(1.016,-3.81,0.));
#4951 = DIRECTION('',(-0.707106781187,0.707106781187,0.));
#4952 = DIRECTION('',(0.707106781187,0.707106781187,0.));
#4953 = ADVANCED_FACE('',(#4954),#4979,.F.);
#4954 = FACE_BOUND('',#4955,.F.);
#4955 = EDGE_LOOP('',(#4956,#4964,#4972,#4978));
#4956 = ORIENTED_EDGE('',*,*,#4957,.F.);
#4957 = EDGE_CURVE('',#4958,#4537,#4960,.T.);
#4958 = VERTEX_POINT('',#4959);
#4959 = CARTESIAN_POINT('',(0.32,-0.32,-2.84));
#4960 = LINE('',#4961,#4962);
#4961 = CARTESIAN_POINT('',(0.32,-0.32,-3.));
#4962 = VECTOR('',#4963,1.);
#4963 = DIRECTION('',(0.,0.,1.));
#4964 = ORIENTED_EDGE('',*,*,#4965,.F.);
#4965 = EDGE_CURVE('',#4966,#4958,#4968,.T.);
#4966 = VERTEX_POINT('',#4967);
#4967 = CARTESIAN_POINT('',(-0.32,-0.32,-2.84));
#4968 = LINE('',#4969,#4970);
#4969 = CARTESIAN_POINT('',(-0.32,-0.32,-2.84));
#4970 = VECTOR('',#4971,1.);
#4971 = DIRECTION('',(1.,0.,0.));
#4972 = ORIENTED_EDGE('',*,*,#4973,.T.);
#4973 = EDGE_CURVE('',#4966,#4539,#4974,.T.);
#4974 = LINE('',#4975,#4976);
#4975 = CARTESIAN_POINT('',(-0.32,-0.32,-3.));
#4976 = VECTOR('',#4977,1.);
#4977 = DIRECTION('',(0.,0.,1.));
#4978 = ORIENTED_EDGE('',*,*,#4536,.F.);
#4979 = PLANE('',#4980);
#4980 = AXIS2_PLACEMENT_3D('',#4981,#4982,#4983);
#4981 = CARTESIAN_POINT('',(-0.32,-0.32,-3.));
#4982 = DIRECTION('',(0.,1.,0.));
#4983 = DIRECTION('',(0.,-0.,1.));
#4984 = ADVANCED_FACE('',(#4985),#5003,.T.);
#4985 = FACE_BOUND('',#4986,.T.);
#4986 = EDGE_LOOP('',(#4987,#4988,#4996,#5002));
#4987 = ORIENTED_EDGE('',*,*,#4957,.F.);
#4988 = ORIENTED_EDGE('',*,*,#4989,.T.);
#4989 = EDGE_CURVE('',#4958,#4990,#4992,.T.);
#4990 = VERTEX_POINT('',#4991);
#4991 = CARTESIAN_POINT('',(0.32,0.32,-2.84));
#4992 = LINE('',#4993,#4994);
#4993 = CARTESIAN_POINT('',(0.32,-0.32,-2.84));
#4994 = VECTOR('',#4995,1.);
#4995 = DIRECTION('',(0.,1.,0.));
#4996 = ORIENTED_EDGE('',*,*,#4997,.T.);
#4997 = EDGE_CURVE('',#4990,#4555,#4998,.T.);
#4998 = LINE('',#4999,#5000);
#4999 = CARTESIAN_POINT('',(0.32,0.32,-3.));
#5000 = VECTOR('',#5001,1.);
#5001 = DIRECTION('',(0.,0.,1.));
#5002 = ORIENTED_EDGE('',*,*,#4562,.F.);
#5003 = PLANE('',#5004);
#5004 = AXIS2_PLACEMENT_3D('',#5005,#5006,#5007);
#5005 = CARTESIAN_POINT('',(0.32,-0.32,-3.));
#5006 = DIRECTION('',(1.,0.,0.));
#5007 = DIRECTION('',(0.,0.,1.));
#5008 = ADVANCED_FACE('',(#5009),#5027,.T.);
#5009 = FACE_BOUND('',#5010,.T.);
#5010 = EDGE_LOOP('',(#5011,#5012,#5020,#5026));
#5011 = ORIENTED_EDGE('',*,*,#4997,.F.);
#5012 = ORIENTED_EDGE('',*,*,#5013,.F.);
#5013 = EDGE_CURVE('',#5014,#4990,#5016,.T.);
#5014 = VERTEX_POINT('',#5015);
#5015 = CARTESIAN_POINT('',(-0.32,0.32,-2.84));
#5016 = LINE('',#5017,#5018);
#5017 = CARTESIAN_POINT('',(-0.32,0.32,-2.84));
#5018 = VECTOR('',#5019,1.);
#5019 = DIRECTION('',(1.,0.,0.));
#5020 = ORIENTED_EDGE('',*,*,#5021,.T.);
#5021 = EDGE_CURVE('',#5014,#4547,#5022,.T.);
#5022 = LINE('',#5023,#5024);
#5023 = CARTESIAN_POINT('',(-0.32,0.32,-3.));
#5024 = VECTOR('',#5025,1.);
#5025 = DIRECTION('',(0.,0.,1.));
#5026 = ORIENTED_EDGE('',*,*,#4554,.F.);
#5027 = PLANE('',#5028);
#5028 = AXIS2_PLACEMENT_3D('',#5029,#5030,#5031);
#5029 = CARTESIAN_POINT('',(-0.32,0.32,-3.));
#5030 = DIRECTION('',(0.,1.,0.));
#5031 = DIRECTION('',(0.,-0.,1.));
#5032 = ADVANCED_FACE('',(#5033),#5044,.F.);
#5033 = FACE_BOUND('',#5034,.F.);
#5034 = EDGE_LOOP('',(#5035,#5036,#5042,#5043));
#5035 = ORIENTED_EDGE('',*,*,#4973,.F.);
#5036 = ORIENTED_EDGE('',*,*,#5037,.T.);
#5037 = EDGE_CURVE('',#4966,#5014,#5038,.T.);
#5038 = LINE('',#5039,#5040);
#5039 = CARTESIAN_POINT('',(-0.32,-0.32,-2.84));
#5040 = VECTOR('',#5041,1.);
#5041 = DIRECTION('',(0.,1.,0.));
#5042 = ORIENTED_EDGE('',*,*,#5021,.T.);
#5043 = ORIENTED_EDGE('',*,*,#4546,.F.);
#5044 = PLANE('',#5045);
#5045 = AXIS2_PLACEMENT_3D('',#5046,#5047,#5048);
#5046 = CARTESIAN_POINT('',(-0.32,-0.32,-3.));
#5047 = DIRECTION('',(1.,0.,0.));
#5048 = DIRECTION('',(0.,0.,1.));
#5049 = ADVANCED_FACE('',(#5050),#5075,.F.);
#5050 = FACE_BOUND('',#5051,.F.);
#5051 = EDGE_LOOP('',(#5052,#5060,#5068,#5074));
#5052 = ORIENTED_EDGE('',*,*,#5053,.F.);
#5053 = EDGE_CURVE('',#5054,#4571,#5056,.T.);
#5054 = VERTEX_POINT('',#5055);
#5055 = CARTESIAN_POINT('',(0.32,-2.86,-2.84));
#5056 = LINE('',#5057,#5058);
#5057 = CARTESIAN_POINT('',(0.32,-2.86,-3.));
#5058 = VECTOR('',#5059,1.);
#5059 = DIRECTION('',(0.,0.,1.));
#5060 = ORIENTED_EDGE('',*,*,#5061,.F.);
#5061 = EDGE_CURVE('',#5062,#5054,#5064,.T.);
#5062 = VERTEX_POINT('',#5063);
#5063 = CARTESIAN_POINT('',(-0.32,-2.86,-2.84));
#5064 = LINE('',#5065,#5066);
#5065 = CARTESIAN_POINT('',(-0.32,-2.86,-2.84));
#5066 = VECTOR('',#5067,1.);
#5067 = DIRECTION('',(1.,0.,0.));
#5068 = ORIENTED_EDGE('',*,*,#5069,.T.);
#5069 = EDGE_CURVE('',#5062,#4573,#5070,.T.);
#5070 = LINE('',#5071,#5072);
#5071 = CARTESIAN_POINT('',(-0.32,-2.86,-3.));
#5072 = VECTOR('',#5073,1.);
#5073 = DIRECTION('',(0.,0.,1.));
#5074 = ORIENTED_EDGE('',*,*,#4570,.F.);
#5075 = PLANE('',#5076);
#5076 = AXIS2_PLACEMENT_3D('',#5077,#5078,#5079);
#5077 = CARTESIAN_POINT('',(-0.32,-2.86,-3.));
#5078 = DIRECTION('',(0.,1.,0.));
#5079 = DIRECTION('',(0.,-0.,1.));
#5080 = ADVANCED_FACE('',(#5081),#5099,.T.);
#5081 = FACE_BOUND('',#5082,.T.);
#5082 = EDGE_LOOP('',(#5083,#5084,#5092,#5098));
#5083 = ORIENTED_EDGE('',*,*,#5053,.F.);
#5084 = ORIENTED_EDGE('',*,*,#5085,.T.);
#5085 = EDGE_CURVE('',#5054,#5086,#5088,.T.);
#5086 = VERTEX_POINT('',#5087);
#5087 = CARTESIAN_POINT('',(0.32,-2.22,-2.84));
#5088 = LINE('',#5089,#5090);
#5089 = CARTESIAN_POINT('',(0.32,-2.86,-2.84));
#5090 = VECTOR('',#5091,1.);
#5091 = DIRECTION('',(0.,1.,0.));
#5092 = ORIENTED_EDGE('',*,*,#5093,.T.);
#5093 = EDGE_CURVE('',#5086,#4589,#5094,.T.);
#5094 = LINE('',#5095,#5096);
#5095 = CARTESIAN_POINT('',(0.32,-2.22,-3.));
#5096 = VECTOR('',#5097,1.);
#5097 = DIRECTION('',(0.,0.,1.));
#5098 = ORIENTED_EDGE('',*,*,#4596,.F.);
#5099 = PLANE('',#5100);
#5100 = AXIS2_PLACEMENT_3D('',#5101,#5102,#5103);
#5101 = CARTESIAN_POINT('',(0.32,-2.86,-3.));
#5102 = DIRECTION('',(1.,0.,0.));
#5103 = DIRECTION('',(0.,0.,1.));
#5104 = ADVANCED_FACE('',(#5105),#5123,.T.);
#5105 = FACE_BOUND('',#5106,.T.);
#5106 = EDGE_LOOP('',(#5107,#5108,#5116,#5122));
#5107 = ORIENTED_EDGE('',*,*,#5093,.F.);
#5108 = ORIENTED_EDGE('',*,*,#5109,.F.);
#5109 = EDGE_CURVE('',#5110,#5086,#5112,.T.);
#5110 = VERTEX_POINT('',#5111);
#5111 = CARTESIAN_POINT('',(-0.32,-2.22,-2.84));
#5112 = LINE('',#5113,#5114);
#5113 = CARTESIAN_POINT('',(-0.32,-2.22,-2.84));
#5114 = VECTOR('',#5115,1.);
#5115 = DIRECTION('',(1.,0.,0.));
#5116 = ORIENTED_EDGE('',*,*,#5117,.T.);
#5117 = EDGE_CURVE('',#5110,#4581,#5118,.T.);
#5118 = LINE('',#5119,#5120);
#5119 = CARTESIAN_POINT('',(-0.32,-2.22,-3.));
#5120 = VECTOR('',#5121,1.);
#5121 = DIRECTION('',(0.,0.,1.));
#5122 = ORIENTED_EDGE('',*,*,#4588,.F.);
#5123 = PLANE('',#5124);
#5124 = AXIS2_PLACEMENT_3D('',#5125,#5126,#5127);
#5125 = CARTESIAN_POINT('',(-0.32,-2.22,-3.));
#5126 = DIRECTION('',(0.,1.,0.));
#5127 = DIRECTION('',(0.,-0.,1.));
#5128 = ADVANCED_FACE('',(#5129),#5140,.F.);
#5129 = FACE_BOUND('',#5130,.F.);
#5130 = EDGE_LOOP('',(#5131,#5132,#5138,#5139));
#5131 = ORIENTED_EDGE('',*,*,#5069,.F.);
#5132 = ORIENTED_EDGE('',*,*,#5133,.T.);
#5133 = EDGE_CURVE('',#5062,#5110,#5134,.T.);
#5134 = LINE('',#5135,#5136);
#5135 = CARTESIAN_POINT('',(-0.32,-2.86,-2.84));
#5136 = VECTOR('',#5137,1.);
#5137 = DIRECTION('',(0.,1.,0.));
#5138 = ORIENTED_EDGE('',*,*,#5117,.T.);
#5139 = ORIENTED_EDGE('',*,*,#4580,.F.);
#5140 = PLANE('',#5141);
#5141 = AXIS2_PLACEMENT_3D('',#5142,#5143,#5144);
#5142 = CARTESIAN_POINT('',(-0.32,-2.86,-3.));
#5143 = DIRECTION('',(1.,0.,0.));
#5144 = DIRECTION('',(0.,0.,1.));
#5145 = ADVANCED_FACE('',(#5146),#5171,.F.);
#5146 = FACE_BOUND('',#5147,.F.);
#5147 = EDGE_LOOP('',(#5148,#5156,#5157,#5165));
#5148 = ORIENTED_EDGE('',*,*,#5149,.F.);
#5149 = EDGE_CURVE('',#4702,#5150,#5152,.T.);
#5150 = VERTEX_POINT('',#5151);
#5151 = CARTESIAN_POINT('',(0.32,-0.32,8.38));
#5152 = LINE('',#5153,#5154);
#5153 = CARTESIAN_POINT('',(0.32,-0.32,-3.));
#5154 = VECTOR('',#5155,1.);
#5155 = DIRECTION('',(0.,0.,1.));
#5156 = ORIENTED_EDGE('',*,*,#4701,.T.);
#5157 = ORIENTED_EDGE('',*,*,#5158,.T.);
#5158 = EDGE_CURVE('',#4704,#5159,#5161,.T.);
#5159 = VERTEX_POINT('',#5160);
#5160 = CARTESIAN_POINT('',(-0.32,-0.32,8.38));
#5161 = LINE('',#5162,#5163);
#5162 = CARTESIAN_POINT('',(-0.32,-0.32,-3.));
#5163 = VECTOR('',#5164,1.);
#5164 = DIRECTION('',(0.,0.,1.));
#5165 = ORIENTED_EDGE('',*,*,#5166,.T.);
#5166 = EDGE_CURVE('',#5159,#5150,#5167,.T.);
#5167 = LINE('',#5168,#5169);
#5168 = CARTESIAN_POINT('',(-0.32,-0.32,8.38));
#5169 = VECTOR('',#5170,1.);
#5170 = DIRECTION('',(1.,0.,0.));
#5171 = PLANE('',#5172);
#5172 = AXIS2_PLACEMENT_3D('',#5173,#5174,#5175);
#5173 = CARTESIAN_POINT('',(-0.32,-0.32,-3.));
#5174 = DIRECTION('',(0.,1.,0.));
#5175 = DIRECTION('',(0.,-0.,1.));
#5176 = ADVANCED_FACE('',(#5177),#5195,.T.);
#5177 = FACE_BOUND('',#5178,.T.);
#5178 = EDGE_LOOP('',(#5179,#5180,#5181,#5189));
#5179 = ORIENTED_EDGE('',*,*,#5149,.F.);
#5180 = ORIENTED_EDGE('',*,*,#4727,.T.);
#5181 = ORIENTED_EDGE('',*,*,#5182,.T.);
#5182 = EDGE_CURVE('',#4720,#5183,#5185,.T.);
#5183 = VERTEX_POINT('',#5184);
#5184 = CARTESIAN_POINT('',(0.32,0.32,8.38));
#5185 = LINE('',#5186,#5187);
#5186 = CARTESIAN_POINT('',(0.32,0.32,-3.));
#5187 = VECTOR('',#5188,1.);
#5188 = DIRECTION('',(0.,0.,1.));
#5189 = ORIENTED_EDGE('',*,*,#5190,.F.);
#5190 = EDGE_CURVE('',#5150,#5183,#5191,.T.);
#5191 = LINE('',#5192,#5193);
#5192 = CARTESIAN_POINT('',(0.32,-0.32,8.38));
#5193 = VECTOR('',#5194,1.);
#5194 = DIRECTION('',(0.,1.,0.));
#5195 = PLANE('',#5196);
#5196 = AXIS2_PLACEMENT_3D('',#5197,#5198,#5199);
#5197 = CARTESIAN_POINT('',(0.32,-0.32,-3.));
#5198 = DIRECTION('',(1.,0.,0.));
#5199 = DIRECTION('',(0.,0.,1.));
#5200 = ADVANCED_FACE('',(#5201),#5219,.T.);
#5201 = FACE_BOUND('',#5202,.T.);
#5202 = EDGE_LOOP('',(#5203,#5204,#5205,#5213));
#5203 = ORIENTED_EDGE('',*,*,#5182,.F.);
#5204 = ORIENTED_EDGE('',*,*,#4719,.T.);
#5205 = ORIENTED_EDGE('',*,*,#5206,.T.);
#5206 = EDGE_CURVE('',#4712,#5207,#5209,.T.);
#5207 = VERTEX_POINT('',#5208);
#5208 = CARTESIAN_POINT('',(-0.32,0.32,8.38));
#5209 = LINE('',#5210,#5211);
#5210 = CARTESIAN_POINT('',(-0.32,0.32,-3.));
#5211 = VECTOR('',#5212,1.);
#5212 = DIRECTION('',(0.,0.,1.));
#5213 = ORIENTED_EDGE('',*,*,#5214,.T.);
#5214 = EDGE_CURVE('',#5207,#5183,#5215,.T.);
#5215 = LINE('',#5216,#5217);
#5216 = CARTESIAN_POINT('',(-0.32,0.32,8.38));
#5217 = VECTOR('',#5218,1.);
#5218 = DIRECTION('',(1.,0.,0.));
#5219 = PLANE('',#5220);
#5220 = AXIS2_PLACEMENT_3D('',#5221,#5222,#5223);
#5221 = CARTESIAN_POINT('',(-0.32,0.32,-3.));
#5222 = DIRECTION('',(0.,1.,0.));
#5223 = DIRECTION('',(0.,-0.,1.));
#5224 = ADVANCED_FACE('',(#5225),#5236,.F.);
#5225 = FACE_BOUND('',#5226,.F.);
#5226 = EDGE_LOOP('',(#5227,#5228,#5229,#5230));
#5227 = ORIENTED_EDGE('',*,*,#5158,.F.);
#5228 = ORIENTED_EDGE('',*,*,#4711,.T.);
#5229 = ORIENTED_EDGE('',*,*,#5206,.T.);
#5230 = ORIENTED_EDGE('',*,*,#5231,.F.);
#5231 = EDGE_CURVE('',#5159,#5207,#5232,.T.);
#5232 = LINE('',#5233,#5234);
#5233 = CARTESIAN_POINT('',(-0.32,-0.32,8.38));
#5234 = VECTOR('',#5235,1.);
#5235 = DIRECTION('',(0.,1.,0.));
#5236 = PLANE('',#5237);
#5237 = AXIS2_PLACEMENT_3D('',#5238,#5239,#5240);
#5238 = CARTESIAN_POINT('',(-0.32,-0.32,-3.));
#5239 = DIRECTION('',(1.,0.,0.));
#5240 = DIRECTION('',(0.,0.,1.));
#5241 = ADVANCED_FACE('',(#5242),#5267,.F.);
#5242 = FACE_BOUND('',#5243,.F.);
#5243 = EDGE_LOOP('',(#5244,#5252,#5253,#5261));
#5244 = ORIENTED_EDGE('',*,*,#5245,.F.);
#5245 = EDGE_CURVE('',#4736,#5246,#5248,.T.);
#5246 = VERTEX_POINT('',#5247);
#5247 = CARTESIAN_POINT('',(0.32,-2.86,8.38));
#5248 = LINE('',#5249,#5250);
#5249 = CARTESIAN_POINT('',(0.32,-2.86,-3.));
#5250 = VECTOR('',#5251,1.);
#5251 = DIRECTION('',(0.,0.,1.));
#5252 = ORIENTED_EDGE('',*,*,#4735,.T.);
#5253 = ORIENTED_EDGE('',*,*,#5254,.T.);
#5254 = EDGE_CURVE('',#4738,#5255,#5257,.T.);
#5255 = VERTEX_POINT('',#5256);
#5256 = CARTESIAN_POINT('',(-0.32,-2.86,8.38));
#5257 = LINE('',#5258,#5259);
#5258 = CARTESIAN_POINT('',(-0.32,-2.86,-3.));
#5259 = VECTOR('',#5260,1.);
#5260 = DIRECTION('',(0.,0.,1.));
#5261 = ORIENTED_EDGE('',*,*,#5262,.T.);
#5262 = EDGE_CURVE('',#5255,#5246,#5263,.T.);
#5263 = LINE('',#5264,#5265);
#5264 = CARTESIAN_POINT('',(-0.32,-2.86,8.38));
#5265 = VECTOR('',#5266,1.);
#5266 = DIRECTION('',(1.,0.,0.));
#5267 = PLANE('',#5268);
#5268 = AXIS2_PLACEMENT_3D('',#5269,#5270,#5271);
#5269 = CARTESIAN_POINT('',(-0.32,-2.86,-3.));
#5270 = DIRECTION('',(0.,1.,0.));
#5271 = DIRECTION('',(0.,-0.,1.));
#5272 = ADVANCED_FACE('',(#5273),#5291,.T.);
#5273 = FACE_BOUND('',#5274,.T.);
#5274 = EDGE_LOOP('',(#5275,#5276,#5277,#5285));
#5275 = ORIENTED_EDGE('',*,*,#5245,.F.);
#5276 = ORIENTED_EDGE('',*,*,#4761,.T.);
#5277 = ORIENTED_EDGE('',*,*,#5278,.T.);
#5278 = EDGE_CURVE('',#4754,#5279,#5281,.T.);
#5279 = VERTEX_POINT('',#5280);
#5280 = CARTESIAN_POINT('',(0.32,-2.22,8.38));
#5281 = LINE('',#5282,#5283);
#5282 = CARTESIAN_POINT('',(0.32,-2.22,-3.));
#5283 = VECTOR('',#5284,1.);
#5284 = DIRECTION('',(0.,0.,1.));
#5285 = ORIENTED_EDGE('',*,*,#5286,.F.);
#5286 = EDGE_CURVE('',#5246,#5279,#5287,.T.);
#5287 = LINE('',#5288,#5289);
#5288 = CARTESIAN_POINT('',(0.32,-2.86,8.38));
#5289 = VECTOR('',#5290,1.);
#5290 = DIRECTION('',(0.,1.,0.));
#5291 = PLANE('',#5292);
#5292 = AXIS2_PLACEMENT_3D('',#5293,#5294,#5295);
#5293 = CARTESIAN_POINT('',(0.32,-2.86,-3.));
#5294 = DIRECTION('',(1.,0.,0.));
#5295 = DIRECTION('',(0.,0.,1.));
#5296 = ADVANCED_FACE('',(#5297),#5315,.T.);
#5297 = FACE_BOUND('',#5298,.T.);
#5298 = EDGE_LOOP('',(#5299,#5300,#5301,#5309));
#5299 = ORIENTED_EDGE('',*,*,#5278,.F.);
#5300 = ORIENTED_EDGE('',*,*,#4753,.T.);
#5301 = ORIENTED_EDGE('',*,*,#5302,.T.);
#5302 = EDGE_CURVE('',#4746,#5303,#5305,.T.);
#5303 = VERTEX_POINT('',#5304);
#5304 = CARTESIAN_POINT('',(-0.32,-2.22,8.38));
#5305 = LINE('',#5306,#5307);
#5306 = CARTESIAN_POINT('',(-0.32,-2.22,-3.));
#5307 = VECTOR('',#5308,1.);
#5308 = DIRECTION('',(0.,0.,1.));
#5309 = ORIENTED_EDGE('',*,*,#5310,.T.);
#5310 = EDGE_CURVE('',#5303,#5279,#5311,.T.);
#5311 = LINE('',#5312,#5313);
#5312 = CARTESIAN_POINT('',(-0.32,-2.22,8.38));
#5313 = VECTOR('',#5314,1.);
#5314 = DIRECTION('',(1.,0.,0.));
#5315 = PLANE('',#5316);
#5316 = AXIS2_PLACEMENT_3D('',#5317,#5318,#5319);
#5317 = CARTESIAN_POINT('',(-0.32,-2.22,-3.));
#5318 = DIRECTION('',(0.,1.,0.));
#5319 = DIRECTION('',(0.,-0.,1.));
#5320 = ADVANCED_FACE('',(#5321),#5332,.F.);
#5321 = FACE_BOUND('',#5322,.F.);
#5322 = EDGE_LOOP('',(#5323,#5324,#5325,#5326));
#5323 = ORIENTED_EDGE('',*,*,#5254,.F.);
#5324 = ORIENTED_EDGE('',*,*,#4745,.T.);
#5325 = ORIENTED_EDGE('',*,*,#5302,.T.);
#5326 = ORIENTED_EDGE('',*,*,#5327,.F.);
#5327 = EDGE_CURVE('',#5255,#5303,#5328,.T.);
#5328 = LINE('',#5329,#5330);
#5329 = CARTESIAN_POINT('',(-0.32,-2.86,8.38));
#5330 = VECTOR('',#5331,1.);
#5331 = DIRECTION('',(0.,1.,0.));
#5332 = PLANE('',#5333);
#5333 = AXIS2_PLACEMENT_3D('',#5334,#5335,#5336);
#5334 = CARTESIAN_POINT('',(-0.32,-2.86,-3.));
#5335 = DIRECTION('',(1.,0.,0.));
#5336 = DIRECTION('',(0.,0.,1.));
#5337 = ADVANCED_FACE('',(#5338),#5363,.T.);
#5338 = FACE_BOUND('',#5339,.F.);
#5339 = EDGE_LOOP('',(#5340,#5348,#5349,#5357));
#5340 = ORIENTED_EDGE('',*,*,#5341,.F.);
#5341 = EDGE_CURVE('',#4966,#5342,#5344,.T.);
#5342 = VERTEX_POINT('',#5343);
#5343 = CARTESIAN_POINT('',(-0.16,-0.16,-3.));
#5344 = LINE('',#5345,#5346);
#5345 = CARTESIAN_POINT('',(-0.266666666667,-0.266666666667,
    -2.893333333333));
#5346 = VECTOR('',#5347,1.);
#5347 = DIRECTION('',(0.57735026919,0.57735026919,-0.57735026919));
#5348 = ORIENTED_EDGE('',*,*,#4965,.T.);
#5349 = ORIENTED_EDGE('',*,*,#5350,.T.);
#5350 = EDGE_CURVE('',#4958,#5351,#5353,.T.);
#5351 = VERTEX_POINT('',#5352);
#5352 = CARTESIAN_POINT('',(0.16,-0.16,-3.));
#5353 = LINE('',#5354,#5355);
#5354 = CARTESIAN_POINT('',(0.16,-0.16,-3.));
#5355 = VECTOR('',#5356,1.);
#5356 = DIRECTION('',(-0.57735026919,0.57735026919,-0.57735026919));
#5357 = ORIENTED_EDGE('',*,*,#5358,.F.);
#5358 = EDGE_CURVE('',#5342,#5351,#5359,.T.);
#5359 = LINE('',#5360,#5361);
#5360 = CARTESIAN_POINT('',(-0.32,-0.16,-3.));
#5361 = VECTOR('',#5362,1.);
#5362 = DIRECTION('',(1.,0.,0.));
#5363 = PLANE('',#5364);
#5364 = AXIS2_PLACEMENT_3D('',#5365,#5366,#5367);
#5365 = CARTESIAN_POINT('',(-0.32,-0.24,-2.92));
#5366 = DIRECTION('',(1.735167508357E-18,-0.707106781187,-0.707106781187
    ));
#5367 = DIRECTION('',(-1.,-1.226948711654E-18,-1.226948711654E-18));
#5368 = ADVANCED_FACE('',(#5369),#5387,.F.);
#5369 = FACE_BOUND('',#5370,.F.);
#5370 = EDGE_LOOP('',(#5371,#5372,#5373,#5381));
#5371 = ORIENTED_EDGE('',*,*,#5350,.F.);
#5372 = ORIENTED_EDGE('',*,*,#4989,.T.);
#5373 = ORIENTED_EDGE('',*,*,#5374,.T.);
#5374 = EDGE_CURVE('',#4990,#5375,#5377,.T.);
#5375 = VERTEX_POINT('',#5376);
#5376 = CARTESIAN_POINT('',(0.16,0.16,-3.));
#5377 = LINE('',#5378,#5379);
#5378 = CARTESIAN_POINT('',(5.333333333333E-02,5.333333333333E-02,
    -3.106666666667));
#5379 = VECTOR('',#5380,1.);
#5380 = DIRECTION('',(-0.57735026919,-0.57735026919,-0.57735026919));
#5381 = ORIENTED_EDGE('',*,*,#5382,.F.);
#5382 = EDGE_CURVE('',#5351,#5375,#5383,.T.);
#5383 = LINE('',#5384,#5385);
#5384 = CARTESIAN_POINT('',(0.16,-0.32,-3.));
#5385 = VECTOR('',#5386,1.);
#5386 = DIRECTION('',(0.,1.,0.));
#5387 = PLANE('',#5388);
#5388 = AXIS2_PLACEMENT_3D('',#5389,#5390,#5391);
#5389 = CARTESIAN_POINT('',(0.24,-0.32,-2.92));
#5390 = DIRECTION('',(-0.707106781187,1.735167508357E-18,0.707106781187)
  );
#5391 = DIRECTION('',(1.226948711654E-18,1.,-1.226948711654E-18));
#5392 = ADVANCED_FACE('',(#5393),#5411,.F.);
#5393 = FACE_BOUND('',#5394,.T.);
#5394 = EDGE_LOOP('',(#5395,#5403,#5404,#5405));
#5395 = ORIENTED_EDGE('',*,*,#5396,.F.);
#5396 = EDGE_CURVE('',#5014,#5397,#5399,.T.);
#5397 = VERTEX_POINT('',#5398);
#5398 = CARTESIAN_POINT('',(-0.16,0.16,-3.));
#5399 = LINE('',#5400,#5401);
#5400 = CARTESIAN_POINT('',(-0.16,0.16,-3.));
#5401 = VECTOR('',#5402,1.);
#5402 = DIRECTION('',(0.57735026919,-0.57735026919,-0.57735026919));
#5403 = ORIENTED_EDGE('',*,*,#5013,.T.);
#5404 = ORIENTED_EDGE('',*,*,#5374,.T.);
#5405 = ORIENTED_EDGE('',*,*,#5406,.F.);
#5406 = EDGE_CURVE('',#5397,#5375,#5407,.T.);
#5407 = LINE('',#5408,#5409);
#5408 = CARTESIAN_POINT('',(-0.32,0.16,-3.));
#5409 = VECTOR('',#5410,1.);
#5410 = DIRECTION('',(1.,0.,0.));
#5411 = PLANE('',#5412);
#5412 = AXIS2_PLACEMENT_3D('',#5413,#5414,#5415);
#5413 = CARTESIAN_POINT('',(-0.32,0.24,-2.92));
#5414 = DIRECTION('',(-1.735167508357E-18,-0.707106781187,0.707106781187
    ));
#5415 = DIRECTION('',(-1.,1.226948711654E-18,-1.226948711654E-18));
#5416 = ADVANCED_FACE('',(#5417),#5428,.T.);
#5417 = FACE_BOUND('',#5418,.T.);
#5418 = EDGE_LOOP('',(#5419,#5420,#5421,#5422));
#5419 = ORIENTED_EDGE('',*,*,#5341,.F.);
#5420 = ORIENTED_EDGE('',*,*,#5037,.T.);
#5421 = ORIENTED_EDGE('',*,*,#5396,.T.);
#5422 = ORIENTED_EDGE('',*,*,#5423,.F.);
#5423 = EDGE_CURVE('',#5342,#5397,#5424,.T.);
#5424 = LINE('',#5425,#5426);
#5425 = CARTESIAN_POINT('',(-0.16,-0.32,-3.));
#5426 = VECTOR('',#5427,1.);
#5427 = DIRECTION('',(0.,1.,0.));
#5428 = PLANE('',#5429);
#5429 = AXIS2_PLACEMENT_3D('',#5430,#5431,#5432);
#5430 = CARTESIAN_POINT('',(-0.24,-0.32,-2.92));
#5431 = DIRECTION('',(-0.707106781187,-1.735167508357E-18,
    -0.707106781187));
#5432 = DIRECTION('',(-1.226948711654E-18,1.,-1.226948711654E-18));
#5433 = ADVANCED_FACE('',(#5434),#5459,.T.);
#5434 = FACE_BOUND('',#5435,.F.);
#5435 = EDGE_LOOP('',(#5436,#5444,#5445,#5453));
#5436 = ORIENTED_EDGE('',*,*,#5437,.F.);
#5437 = EDGE_CURVE('',#5062,#5438,#5440,.T.);
#5438 = VERTEX_POINT('',#5439);
#5439 = CARTESIAN_POINT('',(-0.16,-2.7,-3.));
#5440 = LINE('',#5441,#5442);
#5441 = CARTESIAN_POINT('',(-0.266666666667,-2.806666666667,
    -2.893333333333));
#5442 = VECTOR('',#5443,1.);
#5443 = DIRECTION('',(0.57735026919,0.57735026919,-0.57735026919));
#5444 = ORIENTED_EDGE('',*,*,#5061,.T.);
#5445 = ORIENTED_EDGE('',*,*,#5446,.T.);
#5446 = EDGE_CURVE('',#5054,#5447,#5449,.T.);
#5447 = VERTEX_POINT('',#5448);
#5448 = CARTESIAN_POINT('',(0.16,-2.7,-3.));
#5449 = LINE('',#5450,#5451);
#5450 = CARTESIAN_POINT('',(0.16,-2.7,-3.));
#5451 = VECTOR('',#5452,1.);
#5452 = DIRECTION('',(-0.57735026919,0.57735026919,-0.57735026919));
#5453 = ORIENTED_EDGE('',*,*,#5454,.F.);
#5454 = EDGE_CURVE('',#5438,#5447,#5455,.T.);
#5455 = LINE('',#5456,#5457);
#5456 = CARTESIAN_POINT('',(-0.32,-2.7,-3.));
#5457 = VECTOR('',#5458,1.);
#5458 = DIRECTION('',(1.,0.,0.));
#5459 = PLANE('',#5460);
#5460 = AXIS2_PLACEMENT_3D('',#5461,#5462,#5463);
#5461 = CARTESIAN_POINT('',(-0.32,-2.78,-2.92));
#5462 = DIRECTION('',(1.735167508357E-18,-0.707106781187,-0.707106781187
    ));
#5463 = DIRECTION('',(-1.,-1.226948711654E-18,-1.226948711654E-18));
#5464 = ADVANCED_FACE('',(#5465),#5483,.F.);
#5465 = FACE_BOUND('',#5466,.F.);
#5466 = EDGE_LOOP('',(#5467,#5468,#5469,#5477));
#5467 = ORIENTED_EDGE('',*,*,#5446,.F.);
#5468 = ORIENTED_EDGE('',*,*,#5085,.T.);
#5469 = ORIENTED_EDGE('',*,*,#5470,.T.);
#5470 = EDGE_CURVE('',#5086,#5471,#5473,.T.);
#5471 = VERTEX_POINT('',#5472);
#5472 = CARTESIAN_POINT('',(0.16,-2.38,-3.));
#5473 = LINE('',#5474,#5475);
#5474 = CARTESIAN_POINT('',(5.333333333333E-02,-2.486666666667,
    -3.106666666667));
#5475 = VECTOR('',#5476,1.);
#5476 = DIRECTION('',(-0.57735026919,-0.57735026919,-0.57735026919));
#5477 = ORIENTED_EDGE('',*,*,#5478,.F.);
#5478 = EDGE_CURVE('',#5447,#5471,#5479,.T.);
#5479 = LINE('',#5480,#5481);
#5480 = CARTESIAN_POINT('',(0.16,-2.86,-3.));
#5481 = VECTOR('',#5482,1.);
#5482 = DIRECTION('',(0.,1.,0.));
#5483 = PLANE('',#5484);
#5484 = AXIS2_PLACEMENT_3D('',#5485,#5486,#5487);
#5485 = CARTESIAN_POINT('',(0.24,-2.86,-2.92));
#5486 = DIRECTION('',(-0.707106781187,1.735167508357E-18,0.707106781187)
  );
#5487 = DIRECTION('',(1.226948711654E-18,1.,-1.226948711654E-18));
#5488 = ADVANCED_FACE('',(#5489),#5507,.F.);
#5489 = FACE_BOUND('',#5490,.T.);
#5490 = EDGE_LOOP('',(#5491,#5499,#5500,#5501));
#5491 = ORIENTED_EDGE('',*,*,#5492,.F.);
#5492 = EDGE_CURVE('',#5110,#5493,#5495,.T.);
#5493 = VERTEX_POINT('',#5494);
#5494 = CARTESIAN_POINT('',(-0.16,-2.38,-3.));
#5495 = LINE('',#5496,#5497);
#5496 = CARTESIAN_POINT('',(-0.16,-2.38,-3.));
#5497 = VECTOR('',#5498,1.);
#5498 = DIRECTION('',(0.57735026919,-0.57735026919,-0.57735026919));
#5499 = ORIENTED_EDGE('',*,*,#5109,.T.);
#5500 = ORIENTED_EDGE('',*,*,#5470,.T.);
#5501 = ORIENTED_EDGE('',*,*,#5502,.F.);
#5502 = EDGE_CURVE('',#5493,#5471,#5503,.T.);
#5503 = LINE('',#5504,#5505);
#5504 = CARTESIAN_POINT('',(-0.32,-2.38,-3.));
#5505 = VECTOR('',#5506,1.);
#5506 = DIRECTION('',(1.,0.,0.));
#5507 = PLANE('',#5508);
#5508 = AXIS2_PLACEMENT_3D('',#5509,#5510,#5511);
#5509 = CARTESIAN_POINT('',(-0.32,-2.3,-2.92));
#5510 = DIRECTION('',(-1.735167508357E-18,-0.707106781187,0.707106781187
    ));
#5511 = DIRECTION('',(-1.,1.226948711654E-18,-1.226948711654E-18));
#5512 = ADVANCED_FACE('',(#5513),#5524,.T.);
#5513 = FACE_BOUND('',#5514,.T.);
#5514 = EDGE_LOOP('',(#5515,#5516,#5517,#5518));
#5515 = ORIENTED_EDGE('',*,*,#5437,.F.);
#5516 = ORIENTED_EDGE('',*,*,#5133,.T.);
#5517 = ORIENTED_EDGE('',*,*,#5492,.T.);
#5518 = ORIENTED_EDGE('',*,*,#5519,.F.);
#5519 = EDGE_CURVE('',#5438,#5493,#5520,.T.);
#5520 = LINE('',#5521,#5522);
#5521 = CARTESIAN_POINT('',(-0.16,-2.86,-3.));
#5522 = VECTOR('',#5523,1.);
#5523 = DIRECTION('',(0.,1.,0.));
#5524 = PLANE('',#5525);
#5525 = AXIS2_PLACEMENT_3D('',#5526,#5527,#5528);
#5526 = CARTESIAN_POINT('',(-0.24,-2.86,-2.92));
#5527 = DIRECTION('',(-0.707106781187,-1.735167508357E-18,
    -0.707106781187));
#5528 = DIRECTION('',(-1.226948711654E-18,1.,-1.226948711654E-18));
#5529 = ADVANCED_FACE('',(#5530),#5555,.F.);
#5530 = FACE_BOUND('',#5531,.T.);
#5531 = EDGE_LOOP('',(#5532,#5540,#5541,#5549));
#5532 = ORIENTED_EDGE('',*,*,#5533,.F.);
#5533 = EDGE_CURVE('',#5159,#5534,#5536,.T.);
#5534 = VERTEX_POINT('',#5535);
#5535 = CARTESIAN_POINT('',(-0.16,-0.16,8.54));
#5536 = LINE('',#5537,#5538);
#5537 = CARTESIAN_POINT('',(-0.266666666667,-0.266666666667,
    8.433333333333));
#5538 = VECTOR('',#5539,1.);
#5539 = DIRECTION('',(0.57735026919,0.57735026919,0.57735026919));
#5540 = ORIENTED_EDGE('',*,*,#5166,.T.);
#5541 = ORIENTED_EDGE('',*,*,#5542,.T.);
#5542 = EDGE_CURVE('',#5150,#5543,#5545,.T.);
#5543 = VERTEX_POINT('',#5544);
#5544 = CARTESIAN_POINT('',(0.16,-0.16,8.54));
#5545 = LINE('',#5546,#5547);
#5546 = CARTESIAN_POINT('',(0.16,-0.16,8.54));
#5547 = VECTOR('',#5548,1.);
#5548 = DIRECTION('',(-0.57735026919,0.57735026919,0.57735026919));
#5549 = ORIENTED_EDGE('',*,*,#5550,.F.);
#5550 = EDGE_CURVE('',#5534,#5543,#5551,.T.);
#5551 = LINE('',#5552,#5553);
#5552 = CARTESIAN_POINT('',(-0.32,-0.16,8.54));
#5553 = VECTOR('',#5554,1.);
#5554 = DIRECTION('',(1.,0.,0.));
#5555 = PLANE('',#5556);
#5556 = AXIS2_PLACEMENT_3D('',#5557,#5558,#5559);
#5557 = CARTESIAN_POINT('',(-0.32,-0.24,8.46));
#5558 = DIRECTION('',(-1.735167508357E-18,0.707106781187,-0.707106781187
    ));
#5559 = DIRECTION('',(-1.,-1.226948711654E-18,1.226948711654E-18));
#5560 = ADVANCED_FACE('',(#5561),#5579,.T.);
#5561 = FACE_BOUND('',#5562,.T.);
#5562 = EDGE_LOOP('',(#5563,#5564,#5565,#5573));
#5563 = ORIENTED_EDGE('',*,*,#5542,.F.);
#5564 = ORIENTED_EDGE('',*,*,#5190,.T.);
#5565 = ORIENTED_EDGE('',*,*,#5566,.T.);
#5566 = EDGE_CURVE('',#5183,#5567,#5569,.T.);
#5567 = VERTEX_POINT('',#5568);
#5568 = CARTESIAN_POINT('',(0.16,0.16,8.54));
#5569 = LINE('',#5570,#5571);
#5570 = CARTESIAN_POINT('',(5.333333333333E-02,5.333333333333E-02,
    8.646666666667));
#5571 = VECTOR('',#5572,1.);
#5572 = DIRECTION('',(-0.57735026919,-0.57735026919,0.57735026919));
#5573 = ORIENTED_EDGE('',*,*,#5574,.F.);
#5574 = EDGE_CURVE('',#5543,#5567,#5575,.T.);
#5575 = LINE('',#5576,#5577);
#5576 = CARTESIAN_POINT('',(0.16,-0.32,8.54));
#5577 = VECTOR('',#5578,1.);
#5578 = DIRECTION('',(0.,1.,0.));
#5579 = PLANE('',#5580);
#5580 = AXIS2_PLACEMENT_3D('',#5581,#5582,#5583);
#5581 = CARTESIAN_POINT('',(0.24,-0.32,8.46));
#5582 = DIRECTION('',(0.707106781187,-1.735167508357E-18,0.707106781187)
  );
#5583 = DIRECTION('',(1.226948711654E-18,1.,1.226948711654E-18));
#5584 = ADVANCED_FACE('',(#5585),#5603,.T.);
#5585 = FACE_BOUND('',#5586,.F.);
#5586 = EDGE_LOOP('',(#5587,#5595,#5596,#5597));
#5587 = ORIENTED_EDGE('',*,*,#5588,.F.);
#5588 = EDGE_CURVE('',#5207,#5589,#5591,.T.);
#5589 = VERTEX_POINT('',#5590);
#5590 = CARTESIAN_POINT('',(-0.16,0.16,8.54));
#5591 = LINE('',#5592,#5593);
#5592 = CARTESIAN_POINT('',(-0.16,0.16,8.54));
#5593 = VECTOR('',#5594,1.);
#5594 = DIRECTION('',(0.57735026919,-0.57735026919,0.57735026919));
#5595 = ORIENTED_EDGE('',*,*,#5214,.T.);
#5596 = ORIENTED_EDGE('',*,*,#5566,.T.);
#5597 = ORIENTED_EDGE('',*,*,#5598,.F.);
#5598 = EDGE_CURVE('',#5589,#5567,#5599,.T.);
#5599 = LINE('',#5600,#5601);
#5600 = CARTESIAN_POINT('',(-0.32,0.16,8.54));
#5601 = VECTOR('',#5602,1.);
#5602 = DIRECTION('',(1.,0.,0.));
#5603 = PLANE('',#5604);
#5604 = AXIS2_PLACEMENT_3D('',#5605,#5606,#5607);
#5605 = CARTESIAN_POINT('',(-0.32,0.24,8.46));
#5606 = DIRECTION('',(1.735167508357E-18,0.707106781187,0.707106781187)
  );
#5607 = DIRECTION('',(-1.,1.226948711654E-18,1.226948711654E-18));
#5608 = ADVANCED_FACE('',(#5609),#5620,.F.);
#5609 = FACE_BOUND('',#5610,.F.);
#5610 = EDGE_LOOP('',(#5611,#5612,#5613,#5614));
#5611 = ORIENTED_EDGE('',*,*,#5533,.F.);
#5612 = ORIENTED_EDGE('',*,*,#5231,.T.);
#5613 = ORIENTED_EDGE('',*,*,#5588,.T.);
#5614 = ORIENTED_EDGE('',*,*,#5615,.F.);
#5615 = EDGE_CURVE('',#5534,#5589,#5616,.T.);
#5616 = LINE('',#5617,#5618);
#5617 = CARTESIAN_POINT('',(-0.16,-0.32,8.54));
#5618 = VECTOR('',#5619,1.);
#5619 = DIRECTION('',(0.,1.,0.));
#5620 = PLANE('',#5621);
#5621 = AXIS2_PLACEMENT_3D('',#5622,#5623,#5624);
#5622 = CARTESIAN_POINT('',(-0.24,-0.32,8.46));
#5623 = DIRECTION('',(0.707106781187,1.735167508357E-18,-0.707106781187)
  );
#5624 = DIRECTION('',(-1.226948711654E-18,1.,1.226948711654E-18));
#5625 = ADVANCED_FACE('',(#5626),#5651,.F.);
#5626 = FACE_BOUND('',#5627,.T.);
#5627 = EDGE_LOOP('',(#5628,#5636,#5637,#5645));
#5628 = ORIENTED_EDGE('',*,*,#5629,.F.);
#5629 = EDGE_CURVE('',#5255,#5630,#5632,.T.);
#5630 = VERTEX_POINT('',#5631);
#5631 = CARTESIAN_POINT('',(-0.16,-2.7,8.54));
#5632 = LINE('',#5633,#5634);
#5633 = CARTESIAN_POINT('',(-0.266666666667,-2.806666666667,
    8.433333333333));
#5634 = VECTOR('',#5635,1.);
#5635 = DIRECTION('',(0.57735026919,0.57735026919,0.57735026919));
#5636 = ORIENTED_EDGE('',*,*,#5262,.T.);
#5637 = ORIENTED_EDGE('',*,*,#5638,.T.);
#5638 = EDGE_CURVE('',#5246,#5639,#5641,.T.);
#5639 = VERTEX_POINT('',#5640);
#5640 = CARTESIAN_POINT('',(0.16,-2.7,8.54));
#5641 = LINE('',#5642,#5643);
#5642 = CARTESIAN_POINT('',(0.16,-2.7,8.54));
#5643 = VECTOR('',#5644,1.);
#5644 = DIRECTION('',(-0.57735026919,0.57735026919,0.57735026919));
#5645 = ORIENTED_EDGE('',*,*,#5646,.F.);
#5646 = EDGE_CURVE('',#5630,#5639,#5647,.T.);
#5647 = LINE('',#5648,#5649);
#5648 = CARTESIAN_POINT('',(-0.32,-2.7,8.54));
#5649 = VECTOR('',#5650,1.);
#5650 = DIRECTION('',(1.,0.,0.));
#5651 = PLANE('',#5652);
#5652 = AXIS2_PLACEMENT_3D('',#5653,#5654,#5655);
#5653 = CARTESIAN_POINT('',(-0.32,-2.78,8.46));
#5654 = DIRECTION('',(-1.735167508357E-18,0.707106781187,-0.707106781187
    ));
#5655 = DIRECTION('',(-1.,-1.226948711654E-18,1.226948711654E-18));
#5656 = ADVANCED_FACE('',(#5657),#5675,.T.);
#5657 = FACE_BOUND('',#5658,.T.);
#5658 = EDGE_LOOP('',(#5659,#5660,#5661,#5669));
#5659 = ORIENTED_EDGE('',*,*,#5638,.F.);
#5660 = ORIENTED_EDGE('',*,*,#5286,.T.);
#5661 = ORIENTED_EDGE('',*,*,#5662,.T.);
#5662 = EDGE_CURVE('',#5279,#5663,#5665,.T.);
#5663 = VERTEX_POINT('',#5664);
#5664 = CARTESIAN_POINT('',(0.16,-2.38,8.54));
#5665 = LINE('',#5666,#5667);
#5666 = CARTESIAN_POINT('',(5.333333333333E-02,-2.486666666667,
    8.646666666667));
#5667 = VECTOR('',#5668,1.);
#5668 = DIRECTION('',(-0.57735026919,-0.57735026919,0.57735026919));
#5669 = ORIENTED_EDGE('',*,*,#5670,.F.);
#5670 = EDGE_CURVE('',#5639,#5663,#5671,.T.);
#5671 = LINE('',#5672,#5673);
#5672 = CARTESIAN_POINT('',(0.16,-2.86,8.54));
#5673 = VECTOR('',#5674,1.);
#5674 = DIRECTION('',(0.,1.,0.));
#5675 = PLANE('',#5676);
#5676 = AXIS2_PLACEMENT_3D('',#5677,#5678,#5679);
#5677 = CARTESIAN_POINT('',(0.24,-2.86,8.46));
#5678 = DIRECTION('',(0.707106781187,-1.735167508357E-18,0.707106781187)
  );
#5679 = DIRECTION('',(1.226948711654E-18,1.,1.226948711654E-18));
#5680 = ADVANCED_FACE('',(#5681),#5699,.T.);
#5681 = FACE_BOUND('',#5682,.F.);
#5682 = EDGE_LOOP('',(#5683,#5691,#5692,#5693));
#5683 = ORIENTED_EDGE('',*,*,#5684,.F.);
#5684 = EDGE_CURVE('',#5303,#5685,#5687,.T.);
#5685 = VERTEX_POINT('',#5686);
#5686 = CARTESIAN_POINT('',(-0.16,-2.38,8.54));
#5687 = LINE('',#5688,#5689);
#5688 = CARTESIAN_POINT('',(-0.16,-2.38,8.54));
#5689 = VECTOR('',#5690,1.);
#5690 = DIRECTION('',(0.57735026919,-0.57735026919,0.57735026919));
#5691 = ORIENTED_EDGE('',*,*,#5310,.T.);
#5692 = ORIENTED_EDGE('',*,*,#5662,.T.);
#5693 = ORIENTED_EDGE('',*,*,#5694,.F.);
#5694 = EDGE_CURVE('',#5685,#5663,#5695,.T.);
#5695 = LINE('',#5696,#5697);
#5696 = CARTESIAN_POINT('',(-0.32,-2.38,8.54));
#5697 = VECTOR('',#5698,1.);
#5698 = DIRECTION('',(1.,0.,0.));
#5699 = PLANE('',#5700);
#5700 = AXIS2_PLACEMENT_3D('',#5701,#5702,#5703);
#5701 = CARTESIAN_POINT('',(-0.32,-2.3,8.46));
#5702 = DIRECTION('',(1.735167508357E-18,0.707106781187,0.707106781187)
  );
#5703 = DIRECTION('',(-1.,1.226948711654E-18,1.226948711654E-18));
#5704 = ADVANCED_FACE('',(#5705),#5716,.F.);
#5705 = FACE_BOUND('',#5706,.F.);
#5706 = EDGE_LOOP('',(#5707,#5708,#5709,#5710));
#5707 = ORIENTED_EDGE('',*,*,#5629,.F.);
#5708 = ORIENTED_EDGE('',*,*,#5327,.T.);
#5709 = ORIENTED_EDGE('',*,*,#5684,.T.);
#5710 = ORIENTED_EDGE('',*,*,#5711,.F.);
#5711 = EDGE_CURVE('',#5630,#5685,#5712,.T.);
#5712 = LINE('',#5713,#5714);
#5713 = CARTESIAN_POINT('',(-0.16,-2.86,8.54));
#5714 = VECTOR('',#5715,1.);
#5715 = DIRECTION('',(0.,1.,0.));
#5716 = PLANE('',#5717);
#5717 = AXIS2_PLACEMENT_3D('',#5718,#5719,#5720);
#5718 = CARTESIAN_POINT('',(-0.24,-2.86,8.46));
#5719 = DIRECTION('',(0.707106781187,1.735167508357E-18,-0.707106781187)
  );
#5720 = DIRECTION('',(-1.226948711654E-18,1.,1.226948711654E-18));
#5721 = ADVANCED_FACE('',(#5722),#5728,.F.);
#5722 = FACE_BOUND('',#5723,.F.);
#5723 = EDGE_LOOP('',(#5724,#5725,#5726,#5727));
#5724 = ORIENTED_EDGE('',*,*,#5423,.F.);
#5725 = ORIENTED_EDGE('',*,*,#5358,.T.);
#5726 = ORIENTED_EDGE('',*,*,#5382,.T.);
#5727 = ORIENTED_EDGE('',*,*,#5406,.F.);
#5728 = PLANE('',#5729);
#5729 = AXIS2_PLACEMENT_3D('',#5730,#5731,#5732);
#5730 = CARTESIAN_POINT('',(-0.32,-0.32,-3.));
#5731 = DIRECTION('',(0.,0.,1.));
#5732 = DIRECTION('',(1.,0.,-0.));
#5733 = ADVANCED_FACE('',(#5734),#5740,.F.);
#5734 = FACE_BOUND('',#5735,.F.);
#5735 = EDGE_LOOP('',(#5736,#5737,#5738,#5739));
#5736 = ORIENTED_EDGE('',*,*,#5519,.F.);
#5737 = ORIENTED_EDGE('',*,*,#5454,.T.);
#5738 = ORIENTED_EDGE('',*,*,#5478,.T.);
#5739 = ORIENTED_EDGE('',*,*,#5502,.F.);
#5740 = PLANE('',#5741);
#5741 = AXIS2_PLACEMENT_3D('',#5742,#5743,#5744);
#5742 = CARTESIAN_POINT('',(-0.32,-2.86,-3.));
#5743 = DIRECTION('',(0.,0.,1.));
#5744 = DIRECTION('',(1.,0.,-0.));
#5745 = ADVANCED_FACE('',(#5746),#5752,.T.);
#5746 = FACE_BOUND('',#5747,.T.);
#5747 = EDGE_LOOP('',(#5748,#5749,#5750,#5751));
#5748 = ORIENTED_EDGE('',*,*,#5598,.F.);
#5749 = ORIENTED_EDGE('',*,*,#5615,.F.);
#5750 = ORIENTED_EDGE('',*,*,#5550,.T.);
#5751 = ORIENTED_EDGE('',*,*,#5574,.T.);
#5752 = PLANE('',#5753);
#5753 = AXIS2_PLACEMENT_3D('',#5754,#5755,#5756);
#5754 = CARTESIAN_POINT('',(-0.32,-0.32,8.54));
#5755 = DIRECTION('',(0.,0.,1.));
#5756 = DIRECTION('',(1.,0.,-0.));
#5757 = ADVANCED_FACE('',(#5758),#5764,.T.);
#5758 = FACE_BOUND('',#5759,.T.);
#5759 = EDGE_LOOP('',(#5760,#5761,#5762,#5763));
#5760 = ORIENTED_EDGE('',*,*,#5694,.F.);
#5761 = ORIENTED_EDGE('',*,*,#5711,.F.);
#5762 = ORIENTED_EDGE('',*,*,#5646,.T.);
#5763 = ORIENTED_EDGE('',*,*,#5670,.T.);
#5764 = PLANE('',#5765);
#5765 = AXIS2_PLACEMENT_3D('',#5766,#5767,#5768);
#5766 = CARTESIAN_POINT('',(-0.32,-2.86,8.54));
#5767 = DIRECTION('',(0.,0.,1.));
#5768 = DIRECTION('',(1.,0.,-0.));
#5769 = ( GEOMETRIC_REPRESENTATION_CONTEXT(3) 
GLOBAL_UNCERTAINTY_ASSIGNED_CONTEXT((#5773)) 
GLOBAL_UNIT_ASSIGNED_CONTEXT((#5770,#5771,#5772)) REPRESENTATION_CONTEXT
('Context #1','3D Context with UNIT and UNCERTAINTY') );
#5770 = ( LENGTH_UNIT() NAMED_UNIT(*) SI_UNIT(.MILLI.,.METRE.) );
#5771 = ( NAMED_UNIT(*) PLANE_ANGLE_UNIT() SI_UNIT($,.RADIAN.) );
#5772 = ( NAMED_UNIT(*) SI_UNIT($,.STERADIAN.) SOLID_ANGLE_UNIT() );
#5773 = UNCERTAINTY_MEASURE_WITH_UNIT(LENGTH_MEASURE(1.E-07),#5770,
  'distance_accuracy_value','confusion accuracy');
#5774 = CONTEXT_DEPENDENT_SHAPE_REPRESENTATION(#5775,#5777);
#5775 = ( REPRESENTATION_RELATIONSHIP('','',#4336,#4313) 
REPRESENTATION_RELATIONSHIP_WITH_TRANSFORMATION(#5776) 
SHAPE_REPRESENTATION_RELATIONSHIP() );
#5776 = ITEM_DEFINED_TRANSFORMATION('','',#11,#4314);
#5777 = PRODUCT_DEFINITION_SHAPE('Placement','Placement of an item',
  #5778);
#5778 = NEXT_ASSEMBLY_USAGE_OCCURRENCE('29','=>[0:1:1:25]','',#4308,
  #4331,$);
#5779 = PRODUCT_RELATED_PRODUCT_CATEGORY('part',$,(#4333));
#5780 = CONTEXT_DEPENDENT_SHAPE_REPRESENTATION(#5781,#5783);
#5781 = ( REPRESENTATION_RELATIONSHIP('','',#188,#10) 
REPRESENTATION_RELATIONSHIP_WITH_TRANSFORMATION(#5782) 
SHAPE_REPRESENTATION_RELATIONSHIP() );
#5782 = ITEM_DEFINED_TRANSFORMATION('','',#11,#79);
#5783 = PRODUCT_DEFINITION_SHAPE('Placement','Placement of an item',
  #5784);
#5784 = NEXT_ASSEMBLY_USAGE_OCCURRENCE('31','R_sig1','',#5,#183,$);
#5785 = CONTEXT_DEPENDENT_SHAPE_REPRESENTATION(#5786,#5788);
#5786 = ( REPRESENTATION_RELATIONSHIP('','',#3879,#10) 
REPRESENTATION_RELATIONSHIP_WITH_TRANSFORMATION(#5787) 
SHAPE_REPRESENTATION_RELATIONSHIP() );
#5787 = ITEM_DEFINED_TRANSFORMATION('','',#11,#83);
#5788 = PRODUCT_DEFINITION_SHAPE('Placement','Placement of an item',
  #5789);
#5789 = NEXT_ASSEMBLY_USAGE_OCCURRENCE('32','R3','',#5,#3874,$);
#5790 = SHAPE_DEFINITION_REPRESENTATION(#5791,#5797);
#5791 = PRODUCT_DEFINITION_SHAPE('','',#5792);
#5792 = PRODUCT_DEFINITION('design','',#5793,#5796);
#5793 = PRODUCT_DEFINITION_FORMATION('','',#5794);
#5794 = PRODUCT('TO-220-3_Vertical','TO-220-3_Vertical','',(#5795));
#5795 = PRODUCT_CONTEXT('',#2,'mechanical');
#5796 = PRODUCT_DEFINITION_CONTEXT('part definition',#2,'design');
#5797 = SHAPE_REPRESENTATION('',(#11,#5798),#5802);
#5798 = AXIS2_PLACEMENT_3D('',#5799,#5800,#5801);
#5799 = CARTESIAN_POINT('',(0.,0.,0.));
#5800 = DIRECTION('',(0.,0.,1.));
#5801 = DIRECTION('',(1.,0.,-0.));
#5802 = ( GEOMETRIC_REPRESENTATION_CONTEXT(3) 
GLOBAL_UNCERTAINTY_ASSIGNED_CONTEXT((#5806)) 
GLOBAL_UNIT_ASSIGNED_CONTEXT((#5803,#5804,#5805)) REPRESENTATION_CONTEXT
('Context #1','3D Context with UNIT and UNCERTAINTY') );
#5803 = ( LENGTH_UNIT() NAMED_UNIT(*) SI_UNIT(.MILLI.,.METRE.) );
#5804 = ( NAMED_UNIT(*) PLANE_ANGLE_UNIT() SI_UNIT($,.RADIAN.) );
#5805 = ( NAMED_UNIT(*) SI_UNIT($,.STERADIAN.) SOLID_ANGLE_UNIT() );
#5806 = UNCERTAINTY_MEASURE_WITH_UNIT(LENGTH_MEASURE(1.E-07),#5803,
  'distance_accuracy_value','confusion accuracy');
#5807 = CONTEXT_DEPENDENT_SHAPE_REPRESENTATION(#5808,#5810);
#5808 = ( REPRESENTATION_RELATIONSHIP('','',#5797,#10) 
REPRESENTATION_RELATIONSHIP_WITH_TRANSFORMATION(#5809) 
SHAPE_REPRESENTATION_RELATIONSHIP() );
#5809 = ITEM_DEFINED_TRANSFORMATION('','',#11,#87);
#5810 = PRODUCT_DEFINITION_SHAPE('Placement','Placement of an item',
  #5811);
#5811 = NEXT_ASSEMBLY_USAGE_OCCURRENCE('34','Q2','',#5,#5792,$);
#5812 = PRODUCT_RELATED_PRODUCT_CATEGORY('part',$,(#5794));
#5813 = SHAPE_DEFINITION_REPRESENTATION(#5814,#5820);
#5814 = PRODUCT_DEFINITION_SHAPE('','',#5815);
#5815 = PRODUCT_DEFINITION('design','',#5816,#5819);
#5816 = PRODUCT_DEFINITION_FORMATION('','',#5817);
#5817 = PRODUCT('TO-220-3_Vertical','TO-220-3_Vertical','',(#5818));
#5818 = PRODUCT_CONTEXT('',#2,'mechanical');
#5819 = PRODUCT_DEFINITION_CONTEXT('part definition',#2,'design');
#5820 = ADVANCED_BREP_SHAPE_REPRESENTATION('',(#11,#5821),#7363);
#5821 = MANIFOLD_SOLID_BREP('',#5822);
#5822 = CLOSED_SHELL('',(#5823,#5879,#6006,#6030,#6054,#6110,#6157,#6243
    ,#6257,#6297,#6321,#6354,#6394,#6418,#6451,#6491,#6515,#6548,#6588,
    #6623,#6656,#6673,#6730,#6787,#6844,#6901,#6918,#6935,#6992,#7009,
    #7026,#7083,#7100,#7117,#7145,#7157,#7174,#7191,#7208,#7225,#7237,
    #7254,#7271,#7288,#7300,#7317,#7334,#7351));
#5823 = ADVANCED_FACE('',(#5824),#5874,.F.);
#5824 = FACE_BOUND('',#5825,.T.);
#5825 = EDGE_LOOP('',(#5826,#5836,#5844,#5852,#5860,#5868));
#5826 = ORIENTED_EDGE('',*,*,#5827,.T.);
#5827 = EDGE_CURVE('',#5828,#5830,#5832,.T.);
#5828 = VERTEX_POINT('',#5829);
#5829 = CARTESIAN_POINT('',(-2.585,2.045585922872E-16,3.685));
#5830 = VERTEX_POINT('',#5831);
#5831 = CARTESIAN_POINT('',(-2.585,-1.295,4.185));
#5832 = LINE('',#5833,#5834);
#5833 = CARTESIAN_POINT('',(-2.585,2.045585922872E-16,3.685));
#5834 = VECTOR('',#5835,1.);
#5835 = DIRECTION('',(-5.178527991556E-17,-0.932880669324,0.360185586611
    ));
#5836 = ORIENTED_EDGE('',*,*,#5837,.T.);
#5837 = EDGE_CURVE('',#5830,#5838,#5840,.T.);
#5838 = VERTEX_POINT('',#5839);
#5839 = CARTESIAN_POINT('',(-2.585,-1.295,11.875000000001));
#5840 = LINE('',#5841,#5842);
#5841 = CARTESIAN_POINT('',(-2.585,-1.295,4.185));
#5842 = VECTOR('',#5843,1.);
#5843 = DIRECTION('',(0.,5.551115123126E-17,1.));
#5844 = ORIENTED_EDGE('',*,*,#5845,.T.);
#5845 = EDGE_CURVE('',#5838,#5846,#5848,.T.);
#5846 = VERTEX_POINT('',#5847);
#5847 = CARTESIAN_POINT('',(-2.585,-0.295,12.875));
#5848 = LINE('',#5849,#5850);
#5849 = CARTESIAN_POINT('',(-2.585,-1.295,11.875000000001));
#5850 = VECTOR('',#5851,1.);
#5851 = DIRECTION('',(3.925231146711E-17,0.707106781187,0.707106781186)
  );
#5852 = ORIENTED_EDGE('',*,*,#5853,.T.);
#5853 = EDGE_CURVE('',#5846,#5854,#5856,.T.);
#5854 = VERTEX_POINT('',#5855);
#5855 = CARTESIAN_POINT('',(-2.585,3.15,12.875));
#5856 = LINE('',#5857,#5858);
#5857 = CARTESIAN_POINT('',(-2.585,-0.295,12.875));
#5858 = VECTOR('',#5859,1.);
#5859 = DIRECTION('',(5.551115123126E-17,1.,0.));
#5860 = ORIENTED_EDGE('',*,*,#5861,.T.);
#5861 = EDGE_CURVE('',#5854,#5862,#5864,.T.);
#5862 = VERTEX_POINT('',#5863);
#5863 = CARTESIAN_POINT('',(-2.585,3.15,4.185));
#5864 = LINE('',#5865,#5866);
#5865 = CARTESIAN_POINT('',(-2.585,3.15,12.875));
#5866 = VECTOR('',#5867,1.);
#5867 = DIRECTION('',(0.,-5.551115123126E-17,-1.));
#5868 = ORIENTED_EDGE('',*,*,#5869,.T.);
#5869 = EDGE_CURVE('',#5862,#5828,#5870,.T.);
#5870 = LINE('',#5871,#5872);
#5871 = CARTESIAN_POINT('',(-2.585,3.15,4.185));
#5872 = VECTOR('',#5873,1.);
#5873 = DIRECTION('',(-5.482478518197E-17,-0.987635528464,
    -0.156767544201));
#5874 = PLANE('',#5875);
#5875 = AXIS2_PLACEMENT_3D('',#5876,#5877,#5878);
#5876 = CARTESIAN_POINT('',(-2.585,2.045585922872E-16,3.685));
#5877 = DIRECTION('',(1.,0.,5.551115123126E-17));
#5878 = DIRECTION('',(-5.551115123126E-17,5.551115123126E-17,1.));
#5879 = ADVANCED_FACE('',(#5880),#6001,.T.);
#5880 = FACE_BOUND('',#5881,.T.);
#5881 = EDGE_LOOP('',(#5882,#5883,#5891,#5899,#5907,#5915,#5923,#5931,
    #5939,#5947,#5955,#5963,#5971,#5979,#5987,#5995));
#5882 = ORIENTED_EDGE('',*,*,#5827,.F.);
#5883 = ORIENTED_EDGE('',*,*,#5884,.T.);
#5884 = EDGE_CURVE('',#5828,#5885,#5887,.T.);
#5885 = VERTEX_POINT('',#5886);
#5886 = CARTESIAN_POINT('',(-0.73,2.045585922872E-16,3.685));
#5887 = LINE('',#5888,#5889);
#5888 = CARTESIAN_POINT('',(-2.585,2.045585922872E-16,3.685));
#5889 = VECTOR('',#5890,1.);
#5890 = DIRECTION('',(1.,0.,5.551115123126E-17));
#5891 = ORIENTED_EDGE('',*,*,#5892,.T.);
#5892 = EDGE_CURVE('',#5885,#5893,#5895,.T.);
#5893 = VERTEX_POINT('',#5894);
#5894 = CARTESIAN_POINT('',(-0.73,-0.11655,3.73));
#5895 = LINE('',#5896,#5897);
#5896 = CARTESIAN_POINT('',(-0.73,0.106662228694,3.643817672319));
#5897 = VECTOR('',#5898,1.);
#5898 = DIRECTION('',(0.,-0.932880669324,0.360185586611));
#5899 = ORIENTED_EDGE('',*,*,#5900,.T.);
#5900 = EDGE_CURVE('',#5893,#5901,#5903,.T.);
#5901 = VERTEX_POINT('',#5902);
#5902 = CARTESIAN_POINT('',(0.73,-0.11655,3.73));
#5903 = LINE('',#5904,#5905);
#5904 = CARTESIAN_POINT('',(-0.9275,-0.11655,3.73));
#5905 = VECTOR('',#5906,1.);
#5906 = DIRECTION('',(1.,1.43773881689E-16,-4.788632213724E-32));
#5907 = ORIENTED_EDGE('',*,*,#5908,.T.);
#5908 = EDGE_CURVE('',#5901,#5909,#5911,.T.);
#5909 = VERTEX_POINT('',#5910);
#5910 = CARTESIAN_POINT('',(0.73,2.045585922872E-16,3.685));
#5911 = LINE('',#5912,#5913);
#5912 = CARTESIAN_POINT('',(0.73,0.682499659449,3.421486617973));
#5913 = VECTOR('',#5914,1.);
#5914 = DIRECTION('',(0.,0.932880669324,-0.360185586611));
#5915 = ORIENTED_EDGE('',*,*,#5916,.T.);
#5916 = EDGE_CURVE('',#5909,#5917,#5919,.T.);
#5917 = VERTEX_POINT('',#5918);
#5918 = CARTESIAN_POINT('',(1.81,2.045585922872E-16,3.685));
#5919 = LINE('',#5920,#5921);
#5920 = CARTESIAN_POINT('',(-2.585,2.045585922872E-16,3.685));
#5921 = VECTOR('',#5922,1.);
#5922 = DIRECTION('',(1.,0.,5.551115123126E-17));
#5923 = ORIENTED_EDGE('',*,*,#5924,.T.);
#5924 = EDGE_CURVE('',#5917,#5925,#5927,.T.);
#5925 = VERTEX_POINT('',#5926);
#5926 = CARTESIAN_POINT('',(1.81,-0.11655,3.73));
#5927 = LINE('',#5928,#5929);
#5928 = CARTESIAN_POINT('',(1.81,0.106662228694,3.643817672319));
#5929 = VECTOR('',#5930,1.);
#5930 = DIRECTION('',(0.,-0.932880669324,0.360185586611));
#5931 = ORIENTED_EDGE('',*,*,#5932,.T.);
#5932 = EDGE_CURVE('',#5925,#5933,#5935,.T.);
#5933 = VERTEX_POINT('',#5934);
#5934 = CARTESIAN_POINT('',(3.27,-0.11655,3.73));
#5935 = LINE('',#5936,#5937);
#5936 = CARTESIAN_POINT('',(0.3425,-0.11655,3.73));
#5937 = VECTOR('',#5938,1.);
#5938 = DIRECTION('',(1.,1.43773881689E-16,-4.788632213724E-32));
#5939 = ORIENTED_EDGE('',*,*,#5940,.T.);
#5940 = EDGE_CURVE('',#5933,#5941,#5943,.T.);
#5941 = VERTEX_POINT('',#5942);
#5942 = CARTESIAN_POINT('',(3.27,2.045585922872E-16,3.685));
#5943 = LINE('',#5944,#5945);
#5944 = CARTESIAN_POINT('',(3.27,0.682499659449,3.421486617973));
#5945 = VECTOR('',#5946,1.);
#5946 = DIRECTION('',(0.,0.932880669324,-0.360185586611));
#5947 = ORIENTED_EDGE('',*,*,#5948,.T.);
#5948 = EDGE_CURVE('',#5941,#5949,#5951,.T.);
#5949 = VERTEX_POINT('',#5950);
#5950 = CARTESIAN_POINT('',(4.35,2.045585922872E-16,3.685));
#5951 = LINE('',#5952,#5953);
#5952 = CARTESIAN_POINT('',(-2.585,2.045585922872E-16,3.685));
#5953 = VECTOR('',#5954,1.);
#5954 = DIRECTION('',(1.,0.,5.551115123126E-17));
#5955 = ORIENTED_EDGE('',*,*,#5956,.T.);
#5956 = EDGE_CURVE('',#5949,#5957,#5959,.T.);
#5957 = VERTEX_POINT('',#5958);
#5958 = CARTESIAN_POINT('',(4.35,-0.11655,3.73));
#5959 = LINE('',#5960,#5961);
#5960 = CARTESIAN_POINT('',(4.35,0.106662228694,3.643817672319));
#5961 = VECTOR('',#5962,1.);
#5962 = DIRECTION('',(0.,-0.932880669324,0.360185586611));
#5963 = ORIENTED_EDGE('',*,*,#5964,.T.);
#5964 = EDGE_CURVE('',#5957,#5965,#5967,.T.);
#5965 = VERTEX_POINT('',#5966);
#5966 = CARTESIAN_POINT('',(5.81,-0.11655,3.73));
#5967 = LINE('',#5968,#5969);
#5968 = CARTESIAN_POINT('',(1.6125,-0.11655,3.73));
#5969 = VECTOR('',#5970,1.);
#5970 = DIRECTION('',(1.,1.43773881689E-16,-4.788632213724E-32));
#5971 = ORIENTED_EDGE('',*,*,#5972,.T.);
#5972 = EDGE_CURVE('',#5965,#5973,#5975,.T.);
#5973 = VERTEX_POINT('',#5974);
#5974 = CARTESIAN_POINT('',(5.81,2.045585922872E-16,3.685));
#5975 = LINE('',#5976,#5977);
#5976 = CARTESIAN_POINT('',(5.81,0.682499659449,3.421486617973));
#5977 = VECTOR('',#5978,1.);
#5978 = DIRECTION('',(0.,0.932880669324,-0.360185586611));
#5979 = ORIENTED_EDGE('',*,*,#5980,.T.);
#5980 = EDGE_CURVE('',#5973,#5981,#5983,.T.);
#5981 = VERTEX_POINT('',#5982);
#5982 = CARTESIAN_POINT('',(7.665,2.045585922872E-16,3.685));
#5983 = LINE('',#5984,#5985);
#5984 = CARTESIAN_POINT('',(-2.585,2.045585922872E-16,3.685));
#5985 = VECTOR('',#5986,1.);
#5986 = DIRECTION('',(1.,0.,5.551115123126E-17));
#5987 = ORIENTED_EDGE('',*,*,#5988,.T.);
#5988 = EDGE_CURVE('',#5981,#5989,#5991,.T.);
#5989 = VERTEX_POINT('',#5990);
#5990 = CARTESIAN_POINT('',(7.665,-1.295,4.185));
#5991 = LINE('',#5992,#5993);
#5992 = CARTESIAN_POINT('',(7.665,2.045585922872E-16,3.685));
#5993 = VECTOR('',#5994,1.);
#5994 = DIRECTION('',(-5.178527991556E-17,-0.932880669324,0.360185586611
    ));
#5995 = ORIENTED_EDGE('',*,*,#5996,.F.);
#5996 = EDGE_CURVE('',#5830,#5989,#5997,.T.);
#5997 = LINE('',#5998,#5999);
#5998 = CARTESIAN_POINT('',(-2.585,-1.295,4.185));
#5999 = VECTOR('',#6000,1.);
#6000 = DIRECTION('',(1.,0.,5.551115123126E-17));
#6001 = PLANE('',#6002);
#6002 = AXIS2_PLACEMENT_3D('',#6003,#6004,#6005);
#6003 = CARTESIAN_POINT('',(-2.585,2.045585922872E-16,3.685));
#6004 = DIRECTION('',(5.178527991556E-17,-0.360185586611,-0.932880669324
    ));
#6005 = DIRECTION('',(-5.178527991556E-17,-0.932880669324,0.360185586611
    ));
#6006 = ADVANCED_FACE('',(#6007),#6025,.T.);
#6007 = FACE_BOUND('',#6008,.T.);
#6008 = EDGE_LOOP('',(#6009,#6010,#6018,#6024));
#6009 = ORIENTED_EDGE('',*,*,#5996,.T.);
#6010 = ORIENTED_EDGE('',*,*,#6011,.T.);
#6011 = EDGE_CURVE('',#5989,#6012,#6014,.T.);
#6012 = VERTEX_POINT('',#6013);
#6013 = CARTESIAN_POINT('',(7.665,-1.295,11.875000000001));
#6014 = LINE('',#6015,#6016);
#6015 = CARTESIAN_POINT('',(7.665,-1.295,4.185));
#6016 = VECTOR('',#6017,1.);
#6017 = DIRECTION('',(0.,5.551115123126E-17,1.));
#6018 = ORIENTED_EDGE('',*,*,#6019,.F.);
#6019 = EDGE_CURVE('',#5838,#6012,#6020,.T.);
#6020 = LINE('',#6021,#6022);
#6021 = CARTESIAN_POINT('',(-2.585,-1.295,11.875000000001));
#6022 = VECTOR('',#6023,1.);
#6023 = DIRECTION('',(1.,0.,5.551115123126E-17));
#6024 = ORIENTED_EDGE('',*,*,#5837,.F.);
#6025 = PLANE('',#6026);
#6026 = AXIS2_PLACEMENT_3D('',#6027,#6028,#6029);
#6027 = CARTESIAN_POINT('',(-2.585,-1.295,4.185));
#6028 = DIRECTION('',(-3.08148791102E-33,-1.,5.551115123126E-17));
#6029 = DIRECTION('',(0.,5.551115123126E-17,1.));
#6030 = ADVANCED_FACE('',(#6031),#6049,.T.);
#6031 = FACE_BOUND('',#6032,.T.);
#6032 = EDGE_LOOP('',(#6033,#6034,#6042,#6048));
#6033 = ORIENTED_EDGE('',*,*,#6019,.T.);
#6034 = ORIENTED_EDGE('',*,*,#6035,.T.);
#6035 = EDGE_CURVE('',#6012,#6036,#6038,.T.);
#6036 = VERTEX_POINT('',#6037);
#6037 = CARTESIAN_POINT('',(7.665,-0.295,12.875));
#6038 = LINE('',#6039,#6040);
#6039 = CARTESIAN_POINT('',(7.665,-1.295,11.875000000001));
#6040 = VECTOR('',#6041,1.);
#6041 = DIRECTION('',(3.925231146711E-17,0.707106781187,0.707106781186)
  );
#6042 = ORIENTED_EDGE('',*,*,#6043,.F.);
#6043 = EDGE_CURVE('',#5846,#6036,#6044,.T.);
#6044 = LINE('',#6045,#6046);
#6045 = CARTESIAN_POINT('',(-2.585,-0.295,12.875));
#6046 = VECTOR('',#6047,1.);
#6047 = DIRECTION('',(1.,0.,5.551115123126E-17));
#6048 = ORIENTED_EDGE('',*,*,#5845,.F.);
#6049 = PLANE('',#6050);
#6050 = AXIS2_PLACEMENT_3D('',#6051,#6052,#6053);
#6051 = CARTESIAN_POINT('',(-2.585,-1.295,11.875000000001));
#6052 = DIRECTION('',(-3.925231146711E-17,-0.707106781186,0.707106781187
    ));
#6053 = DIRECTION('',(3.925231146711E-17,0.707106781187,0.707106781186)
  );
#6054 = ADVANCED_FACE('',(#6055),#6105,.T.);
#6055 = FACE_BOUND('',#6056,.T.);
#6056 = EDGE_LOOP('',(#6057,#6058,#6059,#6067,#6075,#6083,#6091,#6099));
#6057 = ORIENTED_EDGE('',*,*,#5853,.F.);
#6058 = ORIENTED_EDGE('',*,*,#6043,.T.);
#6059 = ORIENTED_EDGE('',*,*,#6060,.T.);
#6060 = EDGE_CURVE('',#6036,#6061,#6063,.T.);
#6061 = VERTEX_POINT('',#6062);
#6062 = CARTESIAN_POINT('',(7.665,3.15,12.875));
#6063 = LINE('',#6064,#6065);
#6064 = CARTESIAN_POINT('',(7.665,-0.295,12.875));
#6065 = VECTOR('',#6066,1.);
#6066 = DIRECTION('',(5.551115123126E-17,1.,0.));
#6067 = ORIENTED_EDGE('',*,*,#6068,.F.);
#6068 = EDGE_CURVE('',#6069,#6061,#6071,.T.);
#6069 = VERTEX_POINT('',#6070);
#6070 = CARTESIAN_POINT('',(7.655,3.15,12.875));
#6071 = LINE('',#6072,#6073);
#6072 = CARTESIAN_POINT('',(-2.585,3.15,12.875));
#6073 = VECTOR('',#6074,1.);
#6074 = DIRECTION('',(1.,0.,5.551115123126E-17));
#6075 = ORIENTED_EDGE('',*,*,#6076,.F.);
#6076 = EDGE_CURVE('',#6077,#6069,#6079,.T.);
#6077 = VERTEX_POINT('',#6078);
#6078 = CARTESIAN_POINT('',(7.655,1.89,12.875));
#6079 = LINE('',#6080,#6081);
#6080 = CARTESIAN_POINT('',(7.655,1.4325,12.875));
#6081 = VECTOR('',#6082,1.);
#6082 = DIRECTION('',(0.,1.,-3.08148791102E-33));
#6083 = ORIENTED_EDGE('',*,*,#6084,.F.);
#6084 = EDGE_CURVE('',#6085,#6077,#6087,.T.);
#6085 = VERTEX_POINT('',#6086);
#6086 = CARTESIAN_POINT('',(-2.575,1.89,12.875));
#6087 = LINE('',#6088,#6089);
#6088 = CARTESIAN_POINT('',(2.535,1.89,12.875));
#6089 = VECTOR('',#6090,1.);
#6090 = DIRECTION('',(1.,0.,5.551115123126E-17));
#6091 = ORIENTED_EDGE('',*,*,#6092,.F.);
#6092 = EDGE_CURVE('',#6093,#6085,#6095,.T.);
#6093 = VERTEX_POINT('',#6094);
#6094 = CARTESIAN_POINT('',(-2.575,3.15,12.875));
#6095 = LINE('',#6096,#6097);
#6096 = CARTESIAN_POINT('',(-2.575,0.7975,12.875));
#6097 = VECTOR('',#6098,1.);
#6098 = DIRECTION('',(0.,-1.,3.08148791102E-33));
#6099 = ORIENTED_EDGE('',*,*,#6100,.F.);
#6100 = EDGE_CURVE('',#5854,#6093,#6101,.T.);
#6101 = LINE('',#6102,#6103);
#6102 = CARTESIAN_POINT('',(-2.585,3.15,12.875));
#6103 = VECTOR('',#6104,1.);
#6104 = DIRECTION('',(1.,0.,5.551115123126E-17));
#6105 = PLANE('',#6106);
#6106 = AXIS2_PLACEMENT_3D('',#6107,#6108,#6109);
#6107 = CARTESIAN_POINT('',(-2.585,-0.295,12.875));
#6108 = DIRECTION('',(-5.551115123126E-17,3.08148791102E-33,1.));
#6109 = DIRECTION('',(5.551115123126E-17,1.,-1.820045856984E-46));
#6110 = ADVANCED_FACE('',(#6111),#6152,.T.);
#6111 = FACE_BOUND('',#6112,.T.);
#6112 = EDGE_LOOP('',(#6113,#6114,#6115,#6123,#6131,#6137,#6138,#6146));
#6113 = ORIENTED_EDGE('',*,*,#5861,.F.);
#6114 = ORIENTED_EDGE('',*,*,#6100,.T.);
#6115 = ORIENTED_EDGE('',*,*,#6116,.F.);
#6116 = EDGE_CURVE('',#6117,#6093,#6119,.T.);
#6117 = VERTEX_POINT('',#6118);
#6118 = CARTESIAN_POINT('',(-2.575,3.15,5.));
#6119 = LINE('',#6120,#6121);
#6120 = CARTESIAN_POINT('',(-2.575,3.15,8.9375));
#6121 = VECTOR('',#6122,1.);
#6122 = DIRECTION('',(0.,5.551115123126E-17,1.));
#6123 = ORIENTED_EDGE('',*,*,#6124,.T.);
#6124 = EDGE_CURVE('',#6117,#6125,#6127,.T.);
#6125 = VERTEX_POINT('',#6126);
#6126 = CARTESIAN_POINT('',(7.655,3.15,5.));
#6127 = LINE('',#6128,#6129);
#6128 = CARTESIAN_POINT('',(-2.58,3.15,5.));
#6129 = VECTOR('',#6130,1.);
#6130 = DIRECTION('',(1.,-3.08148791102E-33,0.));
#6131 = ORIENTED_EDGE('',*,*,#6132,.F.);
#6132 = EDGE_CURVE('',#6069,#6125,#6133,.T.);
#6133 = LINE('',#6134,#6135);
#6134 = CARTESIAN_POINT('',(7.655,3.15,8.9375));
#6135 = VECTOR('',#6136,1.);
#6136 = DIRECTION('',(0.,-5.551115123126E-17,-1.));
#6137 = ORIENTED_EDGE('',*,*,#6068,.T.);
#6138 = ORIENTED_EDGE('',*,*,#6139,.T.);
#6139 = EDGE_CURVE('',#6061,#6140,#6142,.T.);
#6140 = VERTEX_POINT('',#6141);
#6141 = CARTESIAN_POINT('',(7.665,3.15,4.185));
#6142 = LINE('',#6143,#6144);
#6143 = CARTESIAN_POINT('',(7.665,3.15,12.875));
#6144 = VECTOR('',#6145,1.);
#6145 = DIRECTION('',(0.,-5.551115123126E-17,-1.));
#6146 = ORIENTED_EDGE('',*,*,#6147,.F.);
#6147 = EDGE_CURVE('',#5862,#6140,#6148,.T.);
#6148 = LINE('',#6149,#6150);
#6149 = CARTESIAN_POINT('',(-2.585,3.15,4.185));
#6150 = VECTOR('',#6151,1.);
#6151 = DIRECTION('',(1.,0.,5.551115123126E-17));
#6152 = PLANE('',#6153);
#6153 = AXIS2_PLACEMENT_3D('',#6154,#6155,#6156);
#6154 = CARTESIAN_POINT('',(-2.585,3.15,12.875));
#6155 = DIRECTION('',(3.08148791102E-33,1.,-5.551115123126E-17));
#6156 = DIRECTION('',(0.,-5.551115123126E-17,-1.));
#6157 = ADVANCED_FACE('',(#6158),#6238,.T.);
#6158 = FACE_BOUND('',#6159,.T.);
#6159 = EDGE_LOOP('',(#6160,#6161,#6162,#6168,#6169,#6177,#6185,#6191,
    #6192,#6200,#6208,#6214,#6215,#6223,#6231,#6237));
#6160 = ORIENTED_EDGE('',*,*,#5869,.F.);
#6161 = ORIENTED_EDGE('',*,*,#6147,.T.);
#6162 = ORIENTED_EDGE('',*,*,#6163,.T.);
#6163 = EDGE_CURVE('',#6140,#5981,#6164,.T.);
#6164 = LINE('',#6165,#6166);
#6165 = CARTESIAN_POINT('',(7.665,3.15,4.185));
#6166 = VECTOR('',#6167,1.);
#6167 = DIRECTION('',(-5.482478518197E-17,-0.987635528464,
    -0.156767544201));
#6168 = ORIENTED_EDGE('',*,*,#5980,.F.);
#6169 = ORIENTED_EDGE('',*,*,#6170,.T.);
#6170 = EDGE_CURVE('',#5973,#6171,#6173,.T.);
#6171 = VERTEX_POINT('',#6172);
#6172 = CARTESIAN_POINT('',(5.81,0.2625,3.726666666667));
#6173 = LINE('',#6174,#6175);
#6174 = CARTESIAN_POINT('',(5.81,1.441169513394,3.913757065618));
#6175 = VECTOR('',#6176,1.);
#6176 = DIRECTION('',(0.,0.987635528464,0.156767544201));
#6177 = ORIENTED_EDGE('',*,*,#6178,.T.);
#6178 = EDGE_CURVE('',#6171,#6179,#6181,.T.);
#6179 = VERTEX_POINT('',#6180);
#6180 = CARTESIAN_POINT('',(4.35,0.2625,3.726666666667));
#6181 = LINE('',#6182,#6183);
#6182 = CARTESIAN_POINT('',(0.8825,0.2625,3.726666666667));
#6183 = VECTOR('',#6184,1.);
#6184 = DIRECTION('',(-1.,-1.848892746612E-32,-5.551115123126E-17));
#6185 = ORIENTED_EDGE('',*,*,#6186,.T.);
#6186 = EDGE_CURVE('',#6179,#5949,#6187,.T.);
#6187 = LINE('',#6188,#6189);
#6188 = CARTESIAN_POINT('',(4.35,1.706508048661,3.955874293438));
#6189 = VECTOR('',#6190,1.);
#6190 = DIRECTION('',(0.,-0.987635528464,-0.156767544201));
#6191 = ORIENTED_EDGE('',*,*,#5948,.F.);
#6192 = ORIENTED_EDGE('',*,*,#6193,.T.);
#6193 = EDGE_CURVE('',#5941,#6194,#6196,.T.);
#6194 = VERTEX_POINT('',#6195);
#6195 = CARTESIAN_POINT('',(3.27,0.2625,3.726666666667));
#6196 = LINE('',#6197,#6198);
#6197 = CARTESIAN_POINT('',(3.27,1.441169513394,3.913757065618));
#6198 = VECTOR('',#6199,1.);
#6199 = DIRECTION('',(0.,0.987635528464,0.156767544201));
#6200 = ORIENTED_EDGE('',*,*,#6201,.T.);
#6201 = EDGE_CURVE('',#6194,#6202,#6204,.T.);
#6202 = VERTEX_POINT('',#6203);
#6203 = CARTESIAN_POINT('',(1.81,0.2625,3.726666666667));
#6204 = LINE('',#6205,#6206);
#6205 = CARTESIAN_POINT('',(-0.3875,0.2625,3.726666666667));
#6206 = VECTOR('',#6207,1.);
#6207 = DIRECTION('',(-1.,-1.848892746612E-32,-5.551115123126E-17));
#6208 = ORIENTED_EDGE('',*,*,#6209,.T.);
#6209 = EDGE_CURVE('',#6202,#5917,#6210,.T.);
#6210 = LINE('',#6211,#6212);
#6211 = CARTESIAN_POINT('',(1.81,1.706508048661,3.955874293438));
#6212 = VECTOR('',#6213,1.);
#6213 = DIRECTION('',(0.,-0.987635528464,-0.156767544201));
#6214 = ORIENTED_EDGE('',*,*,#5916,.F.);
#6215 = ORIENTED_EDGE('',*,*,#6216,.T.);
#6216 = EDGE_CURVE('',#5909,#6217,#6219,.T.);
#6217 = VERTEX_POINT('',#6218);
#6218 = CARTESIAN_POINT('',(0.73,0.2625,3.726666666667));
#6219 = LINE('',#6220,#6221);
#6220 = CARTESIAN_POINT('',(0.73,1.441169513394,3.913757065618));
#6221 = VECTOR('',#6222,1.);
#6222 = DIRECTION('',(0.,0.987635528464,0.156767544201));
#6223 = ORIENTED_EDGE('',*,*,#6224,.T.);
#6224 = EDGE_CURVE('',#6217,#6225,#6227,.T.);
#6225 = VERTEX_POINT('',#6226);
#6226 = CARTESIAN_POINT('',(-0.73,0.2625,3.726666666667));
#6227 = LINE('',#6228,#6229);
#6228 = CARTESIAN_POINT('',(-1.6575,0.2625,3.726666666667));
#6229 = VECTOR('',#6230,1.);
#6230 = DIRECTION('',(-1.,-1.848892746612E-32,-5.551115123126E-17));
#6231 = ORIENTED_EDGE('',*,*,#6232,.T.);
#6232 = EDGE_CURVE('',#6225,#5885,#6233,.T.);
#6233 = LINE('',#6234,#6235);
#6234 = CARTESIAN_POINT('',(-0.73,1.706508048661,3.955874293438));
#6235 = VECTOR('',#6236,1.);
#6236 = DIRECTION('',(0.,-0.987635528464,-0.156767544201));
#6237 = ORIENTED_EDGE('',*,*,#5884,.F.);
#6238 = PLANE('',#6239);
#6239 = AXIS2_PLACEMENT_3D('',#6240,#6241,#6242);
#6240 = CARTESIAN_POINT('',(-2.585,3.15,4.185));
#6241 = DIRECTION('',(5.482478518197E-17,0.156767544201,-0.987635528464)
  );
#6242 = DIRECTION('',(-5.482478518197E-17,-0.987635528464,
    -0.156767544201));
#6243 = ADVANCED_FACE('',(#6244),#6252,.T.);
#6244 = FACE_BOUND('',#6245,.F.);
#6245 = EDGE_LOOP('',(#6246,#6247,#6248,#6249,#6250,#6251));
#6246 = ORIENTED_EDGE('',*,*,#5988,.T.);
#6247 = ORIENTED_EDGE('',*,*,#6011,.T.);
#6248 = ORIENTED_EDGE('',*,*,#6035,.T.);
#6249 = ORIENTED_EDGE('',*,*,#6060,.T.);
#6250 = ORIENTED_EDGE('',*,*,#6139,.T.);
#6251 = ORIENTED_EDGE('',*,*,#6163,.T.);
#6252 = PLANE('',#6253);
#6253 = AXIS2_PLACEMENT_3D('',#6254,#6255,#6256);
#6254 = CARTESIAN_POINT('',(7.665,2.045585922872E-16,3.685));
#6255 = DIRECTION('',(1.,0.,5.551115123126E-17));
#6256 = DIRECTION('',(-5.551115123126E-17,5.551115123126E-17,1.));
#6257 = ADVANCED_FACE('',(#6258),#6292,.F.);
#6258 = FACE_BOUND('',#6259,.F.);
#6259 = EDGE_LOOP('',(#6260,#6268,#6276,#6284,#6290,#6291));
#6260 = ORIENTED_EDGE('',*,*,#6261,.F.);
#6261 = EDGE_CURVE('',#6262,#6171,#6264,.T.);
#6262 = VERTEX_POINT('',#6263);
#6263 = CARTESIAN_POINT('',(5.81,0.2625,0.3025));
#6264 = LINE('',#6265,#6266);
#6265 = CARTESIAN_POINT('',(5.81,0.2625,0.3025));
#6266 = VECTOR('',#6267,1.);
#6267 = DIRECTION('',(0.,3.330669073875E-16,1.));
#6268 = ORIENTED_EDGE('',*,*,#6269,.T.);
#6269 = EDGE_CURVE('',#6262,#6270,#6272,.T.);
#6270 = VERTEX_POINT('',#6271);
#6271 = CARTESIAN_POINT('',(5.81,-0.2625,0.3025));
#6272 = LINE('',#6273,#6274);
#6273 = CARTESIAN_POINT('',(5.81,0.2625,0.3025));
#6274 = VECTOR('',#6275,1.);
#6275 = DIRECTION('',(0.,-1.,3.330669073875E-16));
#6276 = ORIENTED_EDGE('',*,*,#6277,.T.);
#6277 = EDGE_CURVE('',#6270,#6278,#6280,.T.);
#6278 = VERTEX_POINT('',#6279);
#6279 = CARTESIAN_POINT('',(5.81,-0.2625,3.73));
#6280 = LINE('',#6281,#6282);
#6281 = CARTESIAN_POINT('',(5.81,-0.2625,0.3025));
#6282 = VECTOR('',#6283,1.);
#6283 = DIRECTION('',(0.,3.330669073875E-16,1.));
#6284 = ORIENTED_EDGE('',*,*,#6285,.F.);
#6285 = EDGE_CURVE('',#5965,#6278,#6286,.T.);
#6286 = LINE('',#6287,#6288);
#6287 = CARTESIAN_POINT('',(5.81,0.2625,3.73));
#6288 = VECTOR('',#6289,1.);
#6289 = DIRECTION('',(0.,-1.,3.330669073875E-16));
#6290 = ORIENTED_EDGE('',*,*,#5972,.T.);
#6291 = ORIENTED_EDGE('',*,*,#6170,.T.);
#6292 = PLANE('',#6293);
#6293 = AXIS2_PLACEMENT_3D('',#6294,#6295,#6296);
#6294 = CARTESIAN_POINT('',(5.81,0.2625,0.3025));
#6295 = DIRECTION('',(-1.,0.,0.));
#6296 = DIRECTION('',(0.,3.330669073875E-16,1.));
#6297 = ADVANCED_FACE('',(#6298),#6316,.F.);
#6298 = FACE_BOUND('',#6299,.F.);
#6299 = EDGE_LOOP('',(#6300,#6301,#6302,#6310));
#6300 = ORIENTED_EDGE('',*,*,#5964,.T.);
#6301 = ORIENTED_EDGE('',*,*,#6285,.T.);
#6302 = ORIENTED_EDGE('',*,*,#6303,.T.);
#6303 = EDGE_CURVE('',#6278,#6304,#6306,.T.);
#6304 = VERTEX_POINT('',#6305);
#6305 = CARTESIAN_POINT('',(4.35,-0.2625,3.73));
#6306 = LINE('',#6307,#6308);
#6307 = CARTESIAN_POINT('',(5.81,-0.2625,3.73));
#6308 = VECTOR('',#6309,1.);
#6309 = DIRECTION('',(-1.,0.,0.));
#6310 = ORIENTED_EDGE('',*,*,#6311,.F.);
#6311 = EDGE_CURVE('',#5957,#6304,#6312,.T.);
#6312 = LINE('',#6313,#6314);
#6313 = CARTESIAN_POINT('',(4.35,0.2625,3.73));
#6314 = VECTOR('',#6315,1.);
#6315 = DIRECTION('',(0.,-1.,3.330669073875E-16));
#6316 = PLANE('',#6317);
#6317 = AXIS2_PLACEMENT_3D('',#6318,#6319,#6320);
#6318 = CARTESIAN_POINT('',(5.81,0.2625,3.73));
#6319 = DIRECTION('',(0.,-3.330669073875E-16,-1.));
#6320 = DIRECTION('',(-1.,-0.,0.));
#6321 = ADVANCED_FACE('',(#6322),#6349,.F.);
#6322 = FACE_BOUND('',#6323,.F.);
#6323 = EDGE_LOOP('',(#6324,#6325,#6326,#6334,#6342,#6348));
#6324 = ORIENTED_EDGE('',*,*,#5956,.T.);
#6325 = ORIENTED_EDGE('',*,*,#6311,.T.);
#6326 = ORIENTED_EDGE('',*,*,#6327,.T.);
#6327 = EDGE_CURVE('',#6304,#6328,#6330,.T.);
#6328 = VERTEX_POINT('',#6329);
#6329 = CARTESIAN_POINT('',(4.35,-0.2625,0.3025));
#6330 = LINE('',#6331,#6332);
#6331 = CARTESIAN_POINT('',(4.35,-0.2625,3.73));
#6332 = VECTOR('',#6333,1.);
#6333 = DIRECTION('',(0.,-3.330669073875E-16,-1.));
#6334 = ORIENTED_EDGE('',*,*,#6335,.F.);
#6335 = EDGE_CURVE('',#6336,#6328,#6338,.T.);
#6336 = VERTEX_POINT('',#6337);
#6337 = CARTESIAN_POINT('',(4.35,0.2625,0.3025));
#6338 = LINE('',#6339,#6340);
#6339 = CARTESIAN_POINT('',(4.35,0.2625,0.3025));
#6340 = VECTOR('',#6341,1.);
#6341 = DIRECTION('',(0.,-1.,3.330669073875E-16));
#6342 = ORIENTED_EDGE('',*,*,#6343,.F.);
#6343 = EDGE_CURVE('',#6179,#6336,#6344,.T.);
#6344 = LINE('',#6345,#6346);
#6345 = CARTESIAN_POINT('',(4.35,0.2625,3.73));
#6346 = VECTOR('',#6347,1.);
#6347 = DIRECTION('',(0.,-3.330669073875E-16,-1.));
#6348 = ORIENTED_EDGE('',*,*,#6186,.T.);
#6349 = PLANE('',#6350);
#6350 = AXIS2_PLACEMENT_3D('',#6351,#6352,#6353);
#6351 = CARTESIAN_POINT('',(4.35,0.2625,3.73));
#6352 = DIRECTION('',(1.,0.,0.));
#6353 = DIRECTION('',(0.,-3.330669073875E-16,-1.));
#6354 = ADVANCED_FACE('',(#6355),#6389,.F.);
#6355 = FACE_BOUND('',#6356,.F.);
#6356 = EDGE_LOOP('',(#6357,#6365,#6373,#6381,#6387,#6388));
#6357 = ORIENTED_EDGE('',*,*,#6358,.F.);
#6358 = EDGE_CURVE('',#6359,#6194,#6361,.T.);
#6359 = VERTEX_POINT('',#6360);
#6360 = CARTESIAN_POINT('',(3.27,0.2625,0.3025));
#6361 = LINE('',#6362,#6363);
#6362 = CARTESIAN_POINT('',(3.27,0.2625,0.3025));
#6363 = VECTOR('',#6364,1.);
#6364 = DIRECTION('',(0.,3.330669073875E-16,1.));
#6365 = ORIENTED_EDGE('',*,*,#6366,.T.);
#6366 = EDGE_CURVE('',#6359,#6367,#6369,.T.);
#6367 = VERTEX_POINT('',#6368);
#6368 = CARTESIAN_POINT('',(3.27,-0.2625,0.3025));
#6369 = LINE('',#6370,#6371);
#6370 = CARTESIAN_POINT('',(3.27,0.2625,0.3025));
#6371 = VECTOR('',#6372,1.);
#6372 = DIRECTION('',(0.,-1.,3.330669073875E-16));
#6373 = ORIENTED_EDGE('',*,*,#6374,.T.);
#6374 = EDGE_CURVE('',#6367,#6375,#6377,.T.);
#6375 = VERTEX_POINT('',#6376);
#6376 = CARTESIAN_POINT('',(3.27,-0.2625,3.73));
#6377 = LINE('',#6378,#6379);
#6378 = CARTESIAN_POINT('',(3.27,-0.2625,0.3025));
#6379 = VECTOR('',#6380,1.);
#6380 = DIRECTION('',(0.,3.330669073875E-16,1.));
#6381 = ORIENTED_EDGE('',*,*,#6382,.F.);
#6382 = EDGE_CURVE('',#5933,#6375,#6383,.T.);
#6383 = LINE('',#6384,#6385);
#6384 = CARTESIAN_POINT('',(3.27,0.2625,3.73));
#6385 = VECTOR('',#6386,1.);
#6386 = DIRECTION('',(0.,-1.,3.330669073875E-16));
#6387 = ORIENTED_EDGE('',*,*,#5940,.T.);
#6388 = ORIENTED_EDGE('',*,*,#6193,.T.);
#6389 = PLANE('',#6390);
#6390 = AXIS2_PLACEMENT_3D('',#6391,#6392,#6393);
#6391 = CARTESIAN_POINT('',(3.27,0.2625,0.3025));
#6392 = DIRECTION('',(-1.,0.,0.));
#6393 = DIRECTION('',(0.,3.330669073875E-16,1.));
#6394 = ADVANCED_FACE('',(#6395),#6413,.F.);
#6395 = FACE_BOUND('',#6396,.F.);
#6396 = EDGE_LOOP('',(#6397,#6398,#6399,#6407));
#6397 = ORIENTED_EDGE('',*,*,#5932,.T.);
#6398 = ORIENTED_EDGE('',*,*,#6382,.T.);
#6399 = ORIENTED_EDGE('',*,*,#6400,.T.);
#6400 = EDGE_CURVE('',#6375,#6401,#6403,.T.);
#6401 = VERTEX_POINT('',#6402);
#6402 = CARTESIAN_POINT('',(1.81,-0.2625,3.73));
#6403 = LINE('',#6404,#6405);
#6404 = CARTESIAN_POINT('',(3.27,-0.2625,3.73));
#6405 = VECTOR('',#6406,1.);
#6406 = DIRECTION('',(-1.,0.,0.));
#6407 = ORIENTED_EDGE('',*,*,#6408,.F.);
#6408 = EDGE_CURVE('',#5925,#6401,#6409,.T.);
#6409 = LINE('',#6410,#6411);
#6410 = CARTESIAN_POINT('',(1.81,0.2625,3.73));
#6411 = VECTOR('',#6412,1.);
#6412 = DIRECTION('',(0.,-1.,3.330669073875E-16));
#6413 = PLANE('',#6414);
#6414 = AXIS2_PLACEMENT_3D('',#6415,#6416,#6417);
#6415 = CARTESIAN_POINT('',(3.27,0.2625,3.73));
#6416 = DIRECTION('',(0.,-3.330669073875E-16,-1.));
#6417 = DIRECTION('',(-1.,-0.,0.));
#6418 = ADVANCED_FACE('',(#6419),#6446,.F.);
#6419 = FACE_BOUND('',#6420,.F.);
#6420 = EDGE_LOOP('',(#6421,#6422,#6423,#6431,#6439,#6445));
#6421 = ORIENTED_EDGE('',*,*,#5924,.T.);
#6422 = ORIENTED_EDGE('',*,*,#6408,.T.);
#6423 = ORIENTED_EDGE('',*,*,#6424,.T.);
#6424 = EDGE_CURVE('',#6401,#6425,#6427,.T.);
#6425 = VERTEX_POINT('',#6426);
#6426 = CARTESIAN_POINT('',(1.81,-0.2625,0.3025));
#6427 = LINE('',#6428,#6429);
#6428 = CARTESIAN_POINT('',(1.81,-0.2625,3.73));
#6429 = VECTOR('',#6430,1.);
#6430 = DIRECTION('',(0.,-3.330669073875E-16,-1.));
#6431 = ORIENTED_EDGE('',*,*,#6432,.F.);
#6432 = EDGE_CURVE('',#6433,#6425,#6435,.T.);
#6433 = VERTEX_POINT('',#6434);
#6434 = CARTESIAN_POINT('',(1.81,0.2625,0.3025));
#6435 = LINE('',#6436,#6437);
#6436 = CARTESIAN_POINT('',(1.81,0.2625,0.3025));
#6437 = VECTOR('',#6438,1.);
#6438 = DIRECTION('',(0.,-1.,3.330669073875E-16));
#6439 = ORIENTED_EDGE('',*,*,#6440,.F.);
#6440 = EDGE_CURVE('',#6202,#6433,#6441,.T.);
#6441 = LINE('',#6442,#6443);
#6442 = CARTESIAN_POINT('',(1.81,0.2625,3.73));
#6443 = VECTOR('',#6444,1.);
#6444 = DIRECTION('',(0.,-3.330669073875E-16,-1.));
#6445 = ORIENTED_EDGE('',*,*,#6209,.T.);
#6446 = PLANE('',#6447);
#6447 = AXIS2_PLACEMENT_3D('',#6448,#6449,#6450);
#6448 = CARTESIAN_POINT('',(1.81,0.2625,3.73));
#6449 = DIRECTION('',(1.,0.,0.));
#6450 = DIRECTION('',(0.,-3.330669073875E-16,-1.));
#6451 = ADVANCED_FACE('',(#6452),#6486,.F.);
#6452 = FACE_BOUND('',#6453,.F.);
#6453 = EDGE_LOOP('',(#6454,#6462,#6470,#6478,#6484,#6485));
#6454 = ORIENTED_EDGE('',*,*,#6455,.F.);
#6455 = EDGE_CURVE('',#6456,#6217,#6458,.T.);
#6456 = VERTEX_POINT('',#6457);
#6457 = CARTESIAN_POINT('',(0.73,0.2625,0.302499999998));
#6458 = LINE('',#6459,#6460);
#6459 = CARTESIAN_POINT('',(0.73,0.2625,0.302499999998));
#6460 = VECTOR('',#6461,1.);
#6461 = DIRECTION('',(0.,3.330669073875E-16,1.));
#6462 = ORIENTED_EDGE('',*,*,#6463,.T.);
#6463 = EDGE_CURVE('',#6456,#6464,#6466,.T.);
#6464 = VERTEX_POINT('',#6465);
#6465 = CARTESIAN_POINT('',(0.73,-0.2625,0.302499999998));
#6466 = LINE('',#6467,#6468);
#6467 = CARTESIAN_POINT('',(0.73,0.2625,0.302499999998));
#6468 = VECTOR('',#6469,1.);
#6469 = DIRECTION('',(0.,-1.,3.330669073875E-16));
#6470 = ORIENTED_EDGE('',*,*,#6471,.T.);
#6471 = EDGE_CURVE('',#6464,#6472,#6474,.T.);
#6472 = VERTEX_POINT('',#6473);
#6473 = CARTESIAN_POINT('',(0.73,-0.2625,3.73));
#6474 = LINE('',#6475,#6476);
#6475 = CARTESIAN_POINT('',(0.73,-0.2625,0.302499999998));
#6476 = VECTOR('',#6477,1.);
#6477 = DIRECTION('',(0.,3.330669073875E-16,1.));
#6478 = ORIENTED_EDGE('',*,*,#6479,.F.);
#6479 = EDGE_CURVE('',#5901,#6472,#6480,.T.);
#6480 = LINE('',#6481,#6482);
#6481 = CARTESIAN_POINT('',(0.73,0.2625,3.73));
#6482 = VECTOR('',#6483,1.);
#6483 = DIRECTION('',(0.,-1.,3.330669073875E-16));
#6484 = ORIENTED_EDGE('',*,*,#5908,.T.);
#6485 = ORIENTED_EDGE('',*,*,#6216,.T.);
#6486 = PLANE('',#6487);
#6487 = AXIS2_PLACEMENT_3D('',#6488,#6489,#6490);
#6488 = CARTESIAN_POINT('',(0.73,0.2625,0.302499999998));
#6489 = DIRECTION('',(-1.,0.,0.));
#6490 = DIRECTION('',(0.,3.330669073875E-16,1.));
#6491 = ADVANCED_FACE('',(#6492),#6510,.F.);
#6492 = FACE_BOUND('',#6493,.F.);
#6493 = EDGE_LOOP('',(#6494,#6495,#6496,#6504));
#6494 = ORIENTED_EDGE('',*,*,#5900,.T.);
#6495 = ORIENTED_EDGE('',*,*,#6479,.T.);
#6496 = ORIENTED_EDGE('',*,*,#6497,.T.);
#6497 = EDGE_CURVE('',#6472,#6498,#6500,.T.);
#6498 = VERTEX_POINT('',#6499);
#6499 = CARTESIAN_POINT('',(-0.73,-0.2625,3.73));
#6500 = LINE('',#6501,#6502);
#6501 = CARTESIAN_POINT('',(0.73,-0.2625,3.73));
#6502 = VECTOR('',#6503,1.);
#6503 = DIRECTION('',(-1.,0.,0.));
#6504 = ORIENTED_EDGE('',*,*,#6505,.F.);
#6505 = EDGE_CURVE('',#5893,#6498,#6506,.T.);
#6506 = LINE('',#6507,#6508);
#6507 = CARTESIAN_POINT('',(-0.73,0.2625,3.73));
#6508 = VECTOR('',#6509,1.);
#6509 = DIRECTION('',(0.,-1.,3.330669073875E-16));
#6510 = PLANE('',#6511);
#6511 = AXIS2_PLACEMENT_3D('',#6512,#6513,#6514);
#6512 = CARTESIAN_POINT('',(0.73,0.2625,3.73));
#6513 = DIRECTION('',(0.,-3.330669073875E-16,-1.));
#6514 = DIRECTION('',(-1.,-0.,0.));
#6515 = ADVANCED_FACE('',(#6516),#6543,.F.);
#6516 = FACE_BOUND('',#6517,.F.);
#6517 = EDGE_LOOP('',(#6518,#6519,#6520,#6528,#6536,#6542));
#6518 = ORIENTED_EDGE('',*,*,#5892,.T.);
#6519 = ORIENTED_EDGE('',*,*,#6505,.T.);
#6520 = ORIENTED_EDGE('',*,*,#6521,.T.);
#6521 = EDGE_CURVE('',#6498,#6522,#6524,.T.);
#6522 = VERTEX_POINT('',#6523);
#6523 = CARTESIAN_POINT('',(-0.73,-0.2625,0.302499999998));
#6524 = LINE('',#6525,#6526);
#6525 = CARTESIAN_POINT('',(-0.73,-0.2625,3.73));
#6526 = VECTOR('',#6527,1.);
#6527 = DIRECTION('',(0.,-3.330669073875E-16,-1.));
#6528 = ORIENTED_EDGE('',*,*,#6529,.F.);
#6529 = EDGE_CURVE('',#6530,#6522,#6532,.T.);
#6530 = VERTEX_POINT('',#6531);
#6531 = CARTESIAN_POINT('',(-0.73,0.2625,0.302499999998));
#6532 = LINE('',#6533,#6534);
#6533 = CARTESIAN_POINT('',(-0.73,0.2625,0.302499999998));
#6534 = VECTOR('',#6535,1.);
#6535 = DIRECTION('',(0.,-1.,3.330669073875E-16));
#6536 = ORIENTED_EDGE('',*,*,#6537,.F.);
#6537 = EDGE_CURVE('',#6225,#6530,#6538,.T.);
#6538 = LINE('',#6539,#6540);
#6539 = CARTESIAN_POINT('',(-0.73,0.2625,3.73));
#6540 = VECTOR('',#6541,1.);
#6541 = DIRECTION('',(0.,-3.330669073875E-16,-1.));
#6542 = ORIENTED_EDGE('',*,*,#6232,.T.);
#6543 = PLANE('',#6544);
#6544 = AXIS2_PLACEMENT_3D('',#6545,#6546,#6547);
#6545 = CARTESIAN_POINT('',(-0.73,0.2625,3.73));
#6546 = DIRECTION('',(1.,0.,0.));
#6547 = DIRECTION('',(0.,-3.330669073875E-16,-1.));
#6548 = ADVANCED_FACE('',(#6549),#6583,.T.);
#6549 = FACE_BOUND('',#6550,.T.);
#6550 = EDGE_LOOP('',(#6551,#6552,#6560,#6568,#6576,#6582));
#6551 = ORIENTED_EDGE('',*,*,#6092,.T.);
#6552 = ORIENTED_EDGE('',*,*,#6553,.T.);
#6553 = EDGE_CURVE('',#6085,#6554,#6556,.T.);
#6554 = VERTEX_POINT('',#6555);
#6555 = CARTESIAN_POINT('',(-2.575,1.89,18.775));
#6556 = LINE('',#6557,#6558);
#6557 = CARTESIAN_POINT('',(-2.575,1.89,5.));
#6558 = VECTOR('',#6559,1.);
#6559 = DIRECTION('',(0.,0.,1.));
#6560 = ORIENTED_EDGE('',*,*,#6561,.T.);
#6561 = EDGE_CURVE('',#6554,#6562,#6564,.T.);
#6562 = VERTEX_POINT('',#6563);
#6563 = CARTESIAN_POINT('',(-2.575,3.16,18.775));
#6564 = LINE('',#6565,#6566);
#6565 = CARTESIAN_POINT('',(-2.575,1.89,18.775));
#6566 = VECTOR('',#6567,1.);
#6567 = DIRECTION('',(0.,1.,0.));
#6568 = ORIENTED_EDGE('',*,*,#6569,.F.);
#6569 = EDGE_CURVE('',#6570,#6562,#6572,.T.);
#6570 = VERTEX_POINT('',#6571);
#6571 = CARTESIAN_POINT('',(-2.575,3.16,5.));
#6572 = LINE('',#6573,#6574);
#6573 = CARTESIAN_POINT('',(-2.575,3.16,5.));
#6574 = VECTOR('',#6575,1.);
#6575 = DIRECTION('',(0.,0.,1.));
#6576 = ORIENTED_EDGE('',*,*,#6577,.F.);
#6577 = EDGE_CURVE('',#6117,#6570,#6578,.T.);
#6578 = LINE('',#6579,#6580);
#6579 = CARTESIAN_POINT('',(-2.575,1.89,5.));
#6580 = VECTOR('',#6581,1.);
#6581 = DIRECTION('',(0.,1.,0.));
#6582 = ORIENTED_EDGE('',*,*,#6116,.T.);
#6583 = PLANE('',#6584);
#6584 = AXIS2_PLACEMENT_3D('',#6585,#6586,#6587);
#6585 = CARTESIAN_POINT('',(-2.575,1.89,5.));
#6586 = DIRECTION('',(-1.,0.,0.));
#6587 = DIRECTION('',(0.,1.,0.));
#6588 = ADVANCED_FACE('',(#6589,#6607),#6618,.T.);
#6589 = FACE_BOUND('',#6590,.T.);
#6590 = EDGE_LOOP('',(#6591,#6592,#6600,#6606));
#6591 = ORIENTED_EDGE('',*,*,#6084,.T.);
#6592 = ORIENTED_EDGE('',*,*,#6593,.T.);
#6593 = EDGE_CURVE('',#6077,#6594,#6596,.T.);
#6594 = VERTEX_POINT('',#6595);
#6595 = CARTESIAN_POINT('',(7.655,1.89,18.775));
#6596 = LINE('',#6597,#6598);
#6597 = CARTESIAN_POINT('',(7.655,1.89,5.));
#6598 = VECTOR('',#6599,1.);
#6599 = DIRECTION('',(0.,0.,1.));
#6600 = ORIENTED_EDGE('',*,*,#6601,.T.);
#6601 = EDGE_CURVE('',#6594,#6554,#6602,.T.);
#6602 = LINE('',#6603,#6604);
#6603 = CARTESIAN_POINT('',(7.655,1.89,18.775));
#6604 = VECTOR('',#6605,1.);
#6605 = DIRECTION('',(-1.,0.,0.));
#6606 = ORIENTED_EDGE('',*,*,#6553,.F.);
#6607 = FACE_BOUND('',#6608,.T.);
#6608 = EDGE_LOOP('',(#6609));
#6609 = ORIENTED_EDGE('',*,*,#6610,.F.);
#6610 = EDGE_CURVE('',#6611,#6611,#6613,.T.);
#6611 = VERTEX_POINT('',#6612);
#6612 = CARTESIAN_POINT('',(4.4075,1.89,16.005));
#6613 = CIRCLE('',#6614,1.8675);
#6614 = AXIS2_PLACEMENT_3D('',#6615,#6616,#6617);
#6615 = CARTESIAN_POINT('',(2.54,1.89,16.005));
#6616 = DIRECTION('',(0.,-1.,2.22044604925E-16));
#6617 = DIRECTION('',(1.,0.,0.));
#6618 = PLANE('',#6619);
#6619 = AXIS2_PLACEMENT_3D('',#6620,#6621,#6622);
#6620 = CARTESIAN_POINT('',(7.655,1.89,5.));
#6621 = DIRECTION('',(0.,-1.,0.));
#6622 = DIRECTION('',(-1.,0.,0.));
#6623 = ADVANCED_FACE('',(#6624),#6651,.T.);
#6624 = FACE_BOUND('',#6625,.T.);
#6625 = EDGE_LOOP('',(#6626,#6634,#6642,#6648,#6649,#6650));
#6626 = ORIENTED_EDGE('',*,*,#6627,.F.);
#6627 = EDGE_CURVE('',#6628,#6125,#6630,.T.);
#6628 = VERTEX_POINT('',#6629);
#6629 = CARTESIAN_POINT('',(7.655,3.16,5.));
#6630 = LINE('',#6631,#6632);
#6631 = CARTESIAN_POINT('',(7.655,3.16,5.));
#6632 = VECTOR('',#6633,1.);
#6633 = DIRECTION('',(0.,-1.,0.));
#6634 = ORIENTED_EDGE('',*,*,#6635,.T.);
#6635 = EDGE_CURVE('',#6628,#6636,#6638,.T.);
#6636 = VERTEX_POINT('',#6637);
#6637 = CARTESIAN_POINT('',(7.655,3.16,18.775));
#6638 = LINE('',#6639,#6640);
#6639 = CARTESIAN_POINT('',(7.655,3.16,5.));
#6640 = VECTOR('',#6641,1.);
#6641 = DIRECTION('',(0.,0.,1.));
#6642 = ORIENTED_EDGE('',*,*,#6643,.T.);
#6643 = EDGE_CURVE('',#6636,#6594,#6644,.T.);
#6644 = LINE('',#6645,#6646);
#6645 = CARTESIAN_POINT('',(7.655,3.16,18.775));
#6646 = VECTOR('',#6647,1.);
#6647 = DIRECTION('',(0.,-1.,0.));
#6648 = ORIENTED_EDGE('',*,*,#6593,.F.);
#6649 = ORIENTED_EDGE('',*,*,#6076,.T.);
#6650 = ORIENTED_EDGE('',*,*,#6132,.T.);
#6651 = PLANE('',#6652);
#6652 = AXIS2_PLACEMENT_3D('',#6653,#6654,#6655);
#6653 = CARTESIAN_POINT('',(7.655,3.16,5.));
#6654 = DIRECTION('',(1.,0.,0.));
#6655 = DIRECTION('',(0.,-1.,0.));
#6656 = ADVANCED_FACE('',(#6657),#6668,.F.);
#6657 = FACE_BOUND('',#6658,.F.);
#6658 = EDGE_LOOP('',(#6659,#6665,#6666,#6667));
#6659 = ORIENTED_EDGE('',*,*,#6660,.F.);
#6660 = EDGE_CURVE('',#6570,#6628,#6661,.T.);
#6661 = LINE('',#6662,#6663);
#6662 = CARTESIAN_POINT('',(-2.575,3.16,5.));
#6663 = VECTOR('',#6664,1.);
#6664 = DIRECTION('',(1.,0.,0.));
#6665 = ORIENTED_EDGE('',*,*,#6577,.F.);
#6666 = ORIENTED_EDGE('',*,*,#6124,.T.);
#6667 = ORIENTED_EDGE('',*,*,#6627,.F.);
#6668 = PLANE('',#6669);
#6669 = AXIS2_PLACEMENT_3D('',#6670,#6671,#6672);
#6670 = CARTESIAN_POINT('',(-2.575,3.16,5.));
#6671 = DIRECTION('',(0.,0.,1.));
#6672 = DIRECTION('',(1.,0.,-0.));
#6673 = ADVANCED_FACE('',(#6674),#6725,.F.);
#6674 = FACE_BOUND('',#6675,.F.);
#6675 = EDGE_LOOP('',(#6676,#6677,#6685,#6693,#6701,#6709,#6717,#6723,
    #6724));
#6676 = ORIENTED_EDGE('',*,*,#6537,.T.);
#6677 = ORIENTED_EDGE('',*,*,#6678,.T.);
#6678 = EDGE_CURVE('',#6530,#6679,#6681,.T.);
#6679 = VERTEX_POINT('',#6680);
#6680 = CARTESIAN_POINT('',(-0.4275,0.2625,-8.743006318923E-17));
#6681 = LINE('',#6682,#6683);
#6682 = CARTESIAN_POINT('',(-0.73,0.2625,0.302499999998));
#6683 = VECTOR('',#6684,1.);
#6684 = DIRECTION('',(0.707106781188,-2.355138688019E-16,-0.707106781185
    ));
#6685 = ORIENTED_EDGE('',*,*,#6686,.T.);
#6686 = EDGE_CURVE('',#6679,#6687,#6689,.T.);
#6687 = VERTEX_POINT('',#6688);
#6688 = CARTESIAN_POINT('',(-0.4275,0.2625,-9.009548279765));
#6689 = LINE('',#6690,#6691);
#6690 = CARTESIAN_POINT('',(-0.4275,0.2625,-8.743006318923E-17));
#6691 = VECTOR('',#6692,1.);
#6692 = DIRECTION('',(-6.161368972952E-18,-3.330669073875E-16,-1.));
#6693 = ORIENTED_EDGE('',*,*,#6694,.T.);
#6694 = EDGE_CURVE('',#6687,#6695,#6697,.T.);
#6695 = VERTEX_POINT('',#6696);
#6696 = CARTESIAN_POINT('',(0.,0.2625,-9.75));
#6697 = LINE('',#6698,#6699);
#6698 = CARTESIAN_POINT('',(-0.4275,0.2625,-9.009548279765));
#6699 = VECTOR('',#6700,1.);
#6700 = DIRECTION('',(0.5,-2.884444029576E-16,-0.866025403784));
#6701 = ORIENTED_EDGE('',*,*,#6702,.T.);
#6702 = EDGE_CURVE('',#6695,#6703,#6705,.T.);
#6703 = VERTEX_POINT('',#6704);
#6704 = CARTESIAN_POINT('',(0.4275,0.2625,-9.009548279765));
#6705 = LINE('',#6706,#6707);
#6706 = CARTESIAN_POINT('',(0.,0.2625,-9.75));
#6707 = VECTOR('',#6708,1.);
#6708 = DIRECTION('',(0.5,2.884444029576E-16,0.866025403784));
#6709 = ORIENTED_EDGE('',*,*,#6710,.T.);
#6710 = EDGE_CURVE('',#6703,#6711,#6713,.T.);
#6711 = VERTEX_POINT('',#6712);
#6712 = CARTESIAN_POINT('',(0.4275,0.2625,-8.743006318923E-17));
#6713 = LINE('',#6714,#6715);
#6714 = CARTESIAN_POINT('',(0.4275,0.2625,-9.009548279765));
#6715 = VECTOR('',#6716,1.);
#6716 = DIRECTION('',(0.,3.330669073875E-16,1.));
#6717 = ORIENTED_EDGE('',*,*,#6718,.T.);
#6718 = EDGE_CURVE('',#6711,#6456,#6719,.T.);
#6719 = LINE('',#6720,#6721);
#6720 = CARTESIAN_POINT('',(0.4275,0.2625,-8.743006318923E-17));
#6721 = VECTOR('',#6722,1.);
#6722 = DIRECTION('',(0.707106781188,2.355138688019E-16,0.707106781185)
  );
#6723 = ORIENTED_EDGE('',*,*,#6455,.T.);
#6724 = ORIENTED_EDGE('',*,*,#6224,.T.);
#6725 = PLANE('',#6726);
#6726 = AXIS2_PLACEMENT_3D('',#6727,#6728,#6729);
#6727 = CARTESIAN_POINT('',(-0.73,0.2625,0.302499999998));
#6728 = DIRECTION('',(0.,-1.,3.330669073875E-16));
#6729 = DIRECTION('',(0.,-3.330669073875E-16,-1.));
#6730 = ADVANCED_FACE('',(#6731),#6782,.F.);
#6731 = FACE_BOUND('',#6732,.F.);
#6732 = EDGE_LOOP('',(#6733,#6734,#6742,#6750,#6758,#6766,#6774,#6780,
    #6781));
#6733 = ORIENTED_EDGE('',*,*,#6440,.T.);
#6734 = ORIENTED_EDGE('',*,*,#6735,.T.);
#6735 = EDGE_CURVE('',#6433,#6736,#6738,.T.);
#6736 = VERTEX_POINT('',#6737);
#6737 = CARTESIAN_POINT('',(2.1125,0.2625,-8.743006318923E-17));
#6738 = LINE('',#6739,#6740);
#6739 = CARTESIAN_POINT('',(1.81,0.2625,0.3025));
#6740 = VECTOR('',#6741,1.);
#6741 = DIRECTION('',(0.707106781187,-2.355138688025E-16,-0.707106781186
    ));
#6742 = ORIENTED_EDGE('',*,*,#6743,.T.);
#6743 = EDGE_CURVE('',#6736,#6744,#6746,.T.);
#6744 = VERTEX_POINT('',#6745);
#6745 = CARTESIAN_POINT('',(2.1125,0.2625,-9.009548279765));
#6746 = LINE('',#6747,#6748);
#6747 = CARTESIAN_POINT('',(2.1125,0.2625,-8.743006318923E-17));
#6748 = VECTOR('',#6749,1.);
#6749 = DIRECTION('',(0.,-3.330669073875E-16,-1.));
#6750 = ORIENTED_EDGE('',*,*,#6751,.T.);
#6751 = EDGE_CURVE('',#6744,#6752,#6754,.T.);
#6752 = VERTEX_POINT('',#6753);
#6753 = CARTESIAN_POINT('',(2.54,0.2625,-9.75));
#6754 = LINE('',#6755,#6756);
#6755 = CARTESIAN_POINT('',(2.1125,0.2625,-9.009548279765));
#6756 = VECTOR('',#6757,1.);
#6757 = DIRECTION('',(0.5,-2.884444029576E-16,-0.866025403784));
#6758 = ORIENTED_EDGE('',*,*,#6759,.T.);
#6759 = EDGE_CURVE('',#6752,#6760,#6762,.T.);
#6760 = VERTEX_POINT('',#6761);
#6761 = CARTESIAN_POINT('',(2.9675,0.2625,-9.009548279765));
#6762 = LINE('',#6763,#6764);
#6763 = CARTESIAN_POINT('',(2.54,0.2625,-9.75));
#6764 = VECTOR('',#6765,1.);
#6765 = DIRECTION('',(0.5,2.884444029576E-16,0.866025403784));
#6766 = ORIENTED_EDGE('',*,*,#6767,.T.);
#6767 = EDGE_CURVE('',#6760,#6768,#6770,.T.);
#6768 = VERTEX_POINT('',#6769);
#6769 = CARTESIAN_POINT('',(2.9675,0.2625,-8.743006318923E-17));
#6770 = LINE('',#6771,#6772);
#6771 = CARTESIAN_POINT('',(2.9675,0.2625,-9.009548279765));
#6772 = VECTOR('',#6773,1.);
#6773 = DIRECTION('',(0.,3.330669073875E-16,1.));
#6774 = ORIENTED_EDGE('',*,*,#6775,.T.);
#6775 = EDGE_CURVE('',#6768,#6359,#6776,.T.);
#6776 = LINE('',#6777,#6778);
#6777 = CARTESIAN_POINT('',(2.9675,0.2625,-8.743006318923E-17));
#6778 = VECTOR('',#6779,1.);
#6779 = DIRECTION('',(0.707106781187,2.355138688025E-16,0.707106781186)
  );
#6780 = ORIENTED_EDGE('',*,*,#6358,.T.);
#6781 = ORIENTED_EDGE('',*,*,#6201,.T.);
#6782 = PLANE('',#6783);
#6783 = AXIS2_PLACEMENT_3D('',#6784,#6785,#6786);
#6784 = CARTESIAN_POINT('',(1.81,0.2625,0.3025));
#6785 = DIRECTION('',(0.,-1.,3.330669073875E-16));
#6786 = DIRECTION('',(0.,-3.330669073875E-16,-1.));
#6787 = ADVANCED_FACE('',(#6788),#6839,.F.);
#6788 = FACE_BOUND('',#6789,.F.);
#6789 = EDGE_LOOP('',(#6790,#6791,#6799,#6807,#6815,#6823,#6831,#6837,
    #6838));
#6790 = ORIENTED_EDGE('',*,*,#6343,.T.);
#6791 = ORIENTED_EDGE('',*,*,#6792,.T.);
#6792 = EDGE_CURVE('',#6336,#6793,#6795,.T.);
#6793 = VERTEX_POINT('',#6794);
#6794 = CARTESIAN_POINT('',(4.6525,0.2625,-8.743006318923E-17));
#6795 = LINE('',#6796,#6797);
#6796 = CARTESIAN_POINT('',(4.35,0.2625,0.3025));
#6797 = VECTOR('',#6798,1.);
#6798 = DIRECTION('',(0.707106781187,-2.355138688025E-16,-0.707106781186
    ));
#6799 = ORIENTED_EDGE('',*,*,#6800,.T.);
#6800 = EDGE_CURVE('',#6793,#6801,#6803,.T.);
#6801 = VERTEX_POINT('',#6802);
#6802 = CARTESIAN_POINT('',(4.6525,0.2625,-9.009548279765));
#6803 = LINE('',#6804,#6805);
#6804 = CARTESIAN_POINT('',(4.6525,0.2625,-8.743006318923E-17));
#6805 = VECTOR('',#6806,1.);
#6806 = DIRECTION('',(0.,-3.330669073875E-16,-1.));
#6807 = ORIENTED_EDGE('',*,*,#6808,.T.);
#6808 = EDGE_CURVE('',#6801,#6809,#6811,.T.);
#6809 = VERTEX_POINT('',#6810);
#6810 = CARTESIAN_POINT('',(5.08,0.2625,-9.75));
#6811 = LINE('',#6812,#6813);
#6812 = CARTESIAN_POINT('',(4.6525,0.2625,-9.009548279765));
#6813 = VECTOR('',#6814,1.);
#6814 = DIRECTION('',(0.5,-2.884444029576E-16,-0.866025403784));
#6815 = ORIENTED_EDGE('',*,*,#6816,.T.);
#6816 = EDGE_CURVE('',#6809,#6817,#6819,.T.);
#6817 = VERTEX_POINT('',#6818);
#6818 = CARTESIAN_POINT('',(5.5075,0.2625,-9.009548279765));
#6819 = LINE('',#6820,#6821);
#6820 = CARTESIAN_POINT('',(5.08,0.2625,-9.75));
#6821 = VECTOR('',#6822,1.);
#6822 = DIRECTION('',(0.5,2.884444029576E-16,0.866025403784));
#6823 = ORIENTED_EDGE('',*,*,#6824,.T.);
#6824 = EDGE_CURVE('',#6817,#6825,#6827,.T.);
#6825 = VERTEX_POINT('',#6826);
#6826 = CARTESIAN_POINT('',(5.5075,0.2625,-8.743006318923E-17));
#6827 = LINE('',#6828,#6829);
#6828 = CARTESIAN_POINT('',(5.5075,0.2625,-9.009548279765));
#6829 = VECTOR('',#6830,1.);
#6830 = DIRECTION('',(0.,3.330669073875E-16,1.));
#6831 = ORIENTED_EDGE('',*,*,#6832,.T.);
#6832 = EDGE_CURVE('',#6825,#6262,#6833,.T.);
#6833 = LINE('',#6834,#6835);
#6834 = CARTESIAN_POINT('',(5.5075,0.2625,-8.743006318923E-17));
#6835 = VECTOR('',#6836,1.);
#6836 = DIRECTION('',(0.707106781187,2.355138688025E-16,0.707106781186)
  );
#6837 = ORIENTED_EDGE('',*,*,#6261,.T.);
#6838 = ORIENTED_EDGE('',*,*,#6178,.T.);
#6839 = PLANE('',#6840);
#6840 = AXIS2_PLACEMENT_3D('',#6841,#6842,#6843);
#6841 = CARTESIAN_POINT('',(4.35,0.2625,0.3025));
#6842 = DIRECTION('',(0.,-1.,3.330669073875E-16));
#6843 = DIRECTION('',(0.,-3.330669073875E-16,-1.));
#6844 = ADVANCED_FACE('',(#6845),#6896,.T.);
#6845 = FACE_BOUND('',#6846,.T.);
#6846 = EDGE_LOOP('',(#6847,#6855,#6863,#6871,#6879,#6887,#6893,#6894,
    #6895));
#6847 = ORIENTED_EDGE('',*,*,#6848,.T.);
#6848 = EDGE_CURVE('',#6328,#6849,#6851,.T.);
#6849 = VERTEX_POINT('',#6850);
#6850 = CARTESIAN_POINT('',(4.6525,-0.2625,8.743006318923E-17));
#6851 = LINE('',#6852,#6853);
#6852 = CARTESIAN_POINT('',(4.35,-0.2625,0.3025));
#6853 = VECTOR('',#6854,1.);
#6854 = DIRECTION('',(0.707106781187,-2.355138688025E-16,-0.707106781186
    ));
#6855 = ORIENTED_EDGE('',*,*,#6856,.T.);
#6856 = EDGE_CURVE('',#6849,#6857,#6859,.T.);
#6857 = VERTEX_POINT('',#6858);
#6858 = CARTESIAN_POINT('',(4.6525,-0.2625,-9.009548279765));
#6859 = LINE('',#6860,#6861);
#6860 = CARTESIAN_POINT('',(4.6525,-0.2625,8.743006318923E-17));
#6861 = VECTOR('',#6862,1.);
#6862 = DIRECTION('',(0.,-3.330669073875E-16,-1.));
#6863 = ORIENTED_EDGE('',*,*,#6864,.T.);
#6864 = EDGE_CURVE('',#6857,#6865,#6867,.T.);
#6865 = VERTEX_POINT('',#6866);
#6866 = CARTESIAN_POINT('',(5.08,-0.2625,-9.75));
#6867 = LINE('',#6868,#6869);
#6868 = CARTESIAN_POINT('',(4.6525,-0.2625,-9.009548279765));
#6869 = VECTOR('',#6870,1.);
#6870 = DIRECTION('',(0.5,-2.884444029576E-16,-0.866025403784));
#6871 = ORIENTED_EDGE('',*,*,#6872,.T.);
#6872 = EDGE_CURVE('',#6865,#6873,#6875,.T.);
#6873 = VERTEX_POINT('',#6874);
#6874 = CARTESIAN_POINT('',(5.5075,-0.2625,-9.009548279765));
#6875 = LINE('',#6876,#6877);
#6876 = CARTESIAN_POINT('',(5.08,-0.2625,-9.75));
#6877 = VECTOR('',#6878,1.);
#6878 = DIRECTION('',(0.5,2.884444029576E-16,0.866025403784));
#6879 = ORIENTED_EDGE('',*,*,#6880,.T.);
#6880 = EDGE_CURVE('',#6873,#6881,#6883,.T.);
#6881 = VERTEX_POINT('',#6882);
#6882 = CARTESIAN_POINT('',(5.5075,-0.2625,8.743006318923E-17));
#6883 = LINE('',#6884,#6885);
#6884 = CARTESIAN_POINT('',(5.5075,-0.2625,-9.009548279765));
#6885 = VECTOR('',#6886,1.);
#6886 = DIRECTION('',(0.,3.330669073875E-16,1.));
#6887 = ORIENTED_EDGE('',*,*,#6888,.T.);
#6888 = EDGE_CURVE('',#6881,#6270,#6889,.T.);
#6889 = LINE('',#6890,#6891);
#6890 = CARTESIAN_POINT('',(5.5075,-0.2625,8.743006318923E-17));
#6891 = VECTOR('',#6892,1.);
#6892 = DIRECTION('',(0.707106781187,2.355138688025E-16,0.707106781186)
  );
#6893 = ORIENTED_EDGE('',*,*,#6277,.T.);
#6894 = ORIENTED_EDGE('',*,*,#6303,.T.);
#6895 = ORIENTED_EDGE('',*,*,#6327,.T.);
#6896 = PLANE('',#6897);
#6897 = AXIS2_PLACEMENT_3D('',#6898,#6899,#6900);
#6898 = CARTESIAN_POINT('',(4.35,-0.2625,0.3025));
#6899 = DIRECTION('',(0.,-1.,3.330669073875E-16));
#6900 = DIRECTION('',(0.,-3.330669073875E-16,-1.));
#6901 = ADVANCED_FACE('',(#6902),#6913,.F.);
#6902 = FACE_BOUND('',#6903,.F.);
#6903 = EDGE_LOOP('',(#6904,#6910,#6911,#6912));
#6904 = ORIENTED_EDGE('',*,*,#6905,.T.);
#6905 = EDGE_CURVE('',#6825,#6881,#6906,.T.);
#6906 = LINE('',#6907,#6908);
#6907 = CARTESIAN_POINT('',(5.5075,0.2625,-8.743006318923E-17));
#6908 = VECTOR('',#6909,1.);
#6909 = DIRECTION('',(0.,-1.,3.330669073875E-16));
#6910 = ORIENTED_EDGE('',*,*,#6888,.T.);
#6911 = ORIENTED_EDGE('',*,*,#6269,.F.);
#6912 = ORIENTED_EDGE('',*,*,#6832,.F.);
#6913 = PLANE('',#6914);
#6914 = AXIS2_PLACEMENT_3D('',#6915,#6916,#6917);
#6915 = CARTESIAN_POINT('',(5.5075,0.2625,-8.743006318923E-17));
#6916 = DIRECTION('',(-0.707106781186,2.355138688026E-16,0.707106781187)
  );
#6917 = DIRECTION('',(0.707106781187,2.355138688025E-16,0.707106781186)
  );
#6918 = ADVANCED_FACE('',(#6919),#6930,.F.);
#6919 = FACE_BOUND('',#6920,.F.);
#6920 = EDGE_LOOP('',(#6921,#6922,#6923,#6929));
#6921 = ORIENTED_EDGE('',*,*,#6335,.T.);
#6922 = ORIENTED_EDGE('',*,*,#6848,.T.);
#6923 = ORIENTED_EDGE('',*,*,#6924,.F.);
#6924 = EDGE_CURVE('',#6793,#6849,#6925,.T.);
#6925 = LINE('',#6926,#6927);
#6926 = CARTESIAN_POINT('',(4.6525,0.2625,-8.743006318923E-17));
#6927 = VECTOR('',#6928,1.);
#6928 = DIRECTION('',(0.,-1.,3.330669073875E-16));
#6929 = ORIENTED_EDGE('',*,*,#6792,.F.);
#6930 = PLANE('',#6931);
#6931 = AXIS2_PLACEMENT_3D('',#6932,#6933,#6934);
#6932 = CARTESIAN_POINT('',(4.35,0.2625,0.3025));
#6933 = DIRECTION('',(0.707106781186,2.355138688026E-16,0.707106781187)
  );
#6934 = DIRECTION('',(0.707106781187,-2.355138688025E-16,-0.707106781186
    ));
#6935 = ADVANCED_FACE('',(#6936),#6987,.T.);
#6936 = FACE_BOUND('',#6937,.T.);
#6937 = EDGE_LOOP('',(#6938,#6946,#6954,#6962,#6970,#6978,#6984,#6985,
    #6986));
#6938 = ORIENTED_EDGE('',*,*,#6939,.T.);
#6939 = EDGE_CURVE('',#6425,#6940,#6942,.T.);
#6940 = VERTEX_POINT('',#6941);
#6941 = CARTESIAN_POINT('',(2.1125,-0.2625,8.743006318923E-17));
#6942 = LINE('',#6943,#6944);
#6943 = CARTESIAN_POINT('',(1.81,-0.2625,0.3025));
#6944 = VECTOR('',#6945,1.);
#6945 = DIRECTION('',(0.707106781187,-2.355138688025E-16,-0.707106781186
    ));
#6946 = ORIENTED_EDGE('',*,*,#6947,.T.);
#6947 = EDGE_CURVE('',#6940,#6948,#6950,.T.);
#6948 = VERTEX_POINT('',#6949);
#6949 = CARTESIAN_POINT('',(2.1125,-0.2625,-9.009548279765));
#6950 = LINE('',#6951,#6952);
#6951 = CARTESIAN_POINT('',(2.1125,-0.2625,8.743006318923E-17));
#6952 = VECTOR('',#6953,1.);
#6953 = DIRECTION('',(0.,-3.330669073875E-16,-1.));
#6954 = ORIENTED_EDGE('',*,*,#6955,.T.);
#6955 = EDGE_CURVE('',#6948,#6956,#6958,.T.);
#6956 = VERTEX_POINT('',#6957);
#6957 = CARTESIAN_POINT('',(2.54,-0.2625,-9.75));
#6958 = LINE('',#6959,#6960);
#6959 = CARTESIAN_POINT('',(2.1125,-0.2625,-9.009548279765));
#6960 = VECTOR('',#6961,1.);
#6961 = DIRECTION('',(0.5,-2.884444029576E-16,-0.866025403784));
#6962 = ORIENTED_EDGE('',*,*,#6963,.T.);
#6963 = EDGE_CURVE('',#6956,#6964,#6966,.T.);
#6964 = VERTEX_POINT('',#6965);
#6965 = CARTESIAN_POINT('',(2.9675,-0.2625,-9.009548279765));
#6966 = LINE('',#6967,#6968);
#6967 = CARTESIAN_POINT('',(2.54,-0.2625,-9.75));
#6968 = VECTOR('',#6969,1.);
#6969 = DIRECTION('',(0.5,2.884444029576E-16,0.866025403784));
#6970 = ORIENTED_EDGE('',*,*,#6971,.T.);
#6971 = EDGE_CURVE('',#6964,#6972,#6974,.T.);
#6972 = VERTEX_POINT('',#6973);
#6973 = CARTESIAN_POINT('',(2.9675,-0.2625,8.743006318923E-17));
#6974 = LINE('',#6975,#6976);
#6975 = CARTESIAN_POINT('',(2.9675,-0.2625,-9.009548279765));
#6976 = VECTOR('',#6977,1.);
#6977 = DIRECTION('',(0.,3.330669073875E-16,1.));
#6978 = ORIENTED_EDGE('',*,*,#6979,.T.);
#6979 = EDGE_CURVE('',#6972,#6367,#6980,.T.);
#6980 = LINE('',#6981,#6982);
#6981 = CARTESIAN_POINT('',(2.9675,-0.2625,8.743006318923E-17));
#6982 = VECTOR('',#6983,1.);
#6983 = DIRECTION('',(0.707106781187,2.355138688025E-16,0.707106781186)
  );
#6984 = ORIENTED_EDGE('',*,*,#6374,.T.);
#6985 = ORIENTED_EDGE('',*,*,#6400,.T.);
#6986 = ORIENTED_EDGE('',*,*,#6424,.T.);
#6987 = PLANE('',#6988);
#6988 = AXIS2_PLACEMENT_3D('',#6989,#6990,#6991);
#6989 = CARTESIAN_POINT('',(1.81,-0.2625,0.3025));
#6990 = DIRECTION('',(0.,-1.,3.330669073875E-16));
#6991 = DIRECTION('',(0.,-3.330669073875E-16,-1.));
#6992 = ADVANCED_FACE('',(#6993),#7004,.F.);
#6993 = FACE_BOUND('',#6994,.F.);
#6994 = EDGE_LOOP('',(#6995,#7001,#7002,#7003));
#6995 = ORIENTED_EDGE('',*,*,#6996,.T.);
#6996 = EDGE_CURVE('',#6768,#6972,#6997,.T.);
#6997 = LINE('',#6998,#6999);
#6998 = CARTESIAN_POINT('',(2.9675,0.2625,-8.743006318923E-17));
#6999 = VECTOR('',#7000,1.);
#7000 = DIRECTION('',(0.,-1.,3.330669073875E-16));
#7001 = ORIENTED_EDGE('',*,*,#6979,.T.);
#7002 = ORIENTED_EDGE('',*,*,#6366,.F.);
#7003 = ORIENTED_EDGE('',*,*,#6775,.F.);
#7004 = PLANE('',#7005);
#7005 = AXIS2_PLACEMENT_3D('',#7006,#7007,#7008);
#7006 = CARTESIAN_POINT('',(2.9675,0.2625,-8.743006318923E-17));
#7007 = DIRECTION('',(-0.707106781186,2.355138688026E-16,0.707106781187)
  );
#7008 = DIRECTION('',(0.707106781187,2.355138688025E-16,0.707106781186)
  );
#7009 = ADVANCED_FACE('',(#7010),#7021,.F.);
#7010 = FACE_BOUND('',#7011,.F.);
#7011 = EDGE_LOOP('',(#7012,#7013,#7014,#7020));
#7012 = ORIENTED_EDGE('',*,*,#6432,.T.);
#7013 = ORIENTED_EDGE('',*,*,#6939,.T.);
#7014 = ORIENTED_EDGE('',*,*,#7015,.F.);
#7015 = EDGE_CURVE('',#6736,#6940,#7016,.T.);
#7016 = LINE('',#7017,#7018);
#7017 = CARTESIAN_POINT('',(2.1125,0.2625,-8.743006318923E-17));
#7018 = VECTOR('',#7019,1.);
#7019 = DIRECTION('',(0.,-1.,3.330669073875E-16));
#7020 = ORIENTED_EDGE('',*,*,#6735,.F.);
#7021 = PLANE('',#7022);
#7022 = AXIS2_PLACEMENT_3D('',#7023,#7024,#7025);
#7023 = CARTESIAN_POINT('',(1.81,0.2625,0.3025));
#7024 = DIRECTION('',(0.707106781186,2.355138688026E-16,0.707106781187)
  );
#7025 = DIRECTION('',(0.707106781187,-2.355138688025E-16,-0.707106781186
    ));
#7026 = ADVANCED_FACE('',(#7027),#7078,.T.);
#7027 = FACE_BOUND('',#7028,.T.);
#7028 = EDGE_LOOP('',(#7029,#7037,#7045,#7053,#7061,#7069,#7075,#7076,
    #7077));
#7029 = ORIENTED_EDGE('',*,*,#7030,.T.);
#7030 = EDGE_CURVE('',#6522,#7031,#7033,.T.);
#7031 = VERTEX_POINT('',#7032);
#7032 = CARTESIAN_POINT('',(-0.4275,-0.2625,8.743006318923E-17));
#7033 = LINE('',#7034,#7035);
#7034 = CARTESIAN_POINT('',(-0.73,-0.2625,0.302499999998));
#7035 = VECTOR('',#7036,1.);
#7036 = DIRECTION('',(0.707106781188,-2.355138688019E-16,-0.707106781185
    ));
#7037 = ORIENTED_EDGE('',*,*,#7038,.T.);
#7038 = EDGE_CURVE('',#7031,#7039,#7041,.T.);
#7039 = VERTEX_POINT('',#7040);
#7040 = CARTESIAN_POINT('',(-0.4275,-0.2625,-9.009548279765));
#7041 = LINE('',#7042,#7043);
#7042 = CARTESIAN_POINT('',(-0.4275,-0.2625,8.743006318923E-17));
#7043 = VECTOR('',#7044,1.);
#7044 = DIRECTION('',(-6.161368972952E-18,-3.330669073875E-16,-1.));
#7045 = ORIENTED_EDGE('',*,*,#7046,.T.);
#7046 = EDGE_CURVE('',#7039,#7047,#7049,.T.);
#7047 = VERTEX_POINT('',#7048);
#7048 = CARTESIAN_POINT('',(0.,-0.2625,-9.75));
#7049 = LINE('',#7050,#7051);
#7050 = CARTESIAN_POINT('',(-0.4275,-0.2625,-9.009548279765));
#7051 = VECTOR('',#7052,1.);
#7052 = DIRECTION('',(0.5,-2.884444029576E-16,-0.866025403784));
#7053 = ORIENTED_EDGE('',*,*,#7054,.T.);
#7054 = EDGE_CURVE('',#7047,#7055,#7057,.T.);
#7055 = VERTEX_POINT('',#7056);
#7056 = CARTESIAN_POINT('',(0.4275,-0.2625,-9.009548279765));
#7057 = LINE('',#7058,#7059);
#7058 = CARTESIAN_POINT('',(0.,-0.2625,-9.75));
#7059 = VECTOR('',#7060,1.);
#7060 = DIRECTION('',(0.5,2.884444029576E-16,0.866025403784));
#7061 = ORIENTED_EDGE('',*,*,#7062,.T.);
#7062 = EDGE_CURVE('',#7055,#7063,#7065,.T.);
#7063 = VERTEX_POINT('',#7064);
#7064 = CARTESIAN_POINT('',(0.4275,-0.2625,8.743006318923E-17));
#7065 = LINE('',#7066,#7067);
#7066 = CARTESIAN_POINT('',(0.4275,-0.2625,-9.009548279765));
#7067 = VECTOR('',#7068,1.);
#7068 = DIRECTION('',(0.,3.330669073875E-16,1.));
#7069 = ORIENTED_EDGE('',*,*,#7070,.T.);
#7070 = EDGE_CURVE('',#7063,#6464,#7071,.T.);
#7071 = LINE('',#7072,#7073);
#7072 = CARTESIAN_POINT('',(0.4275,-0.2625,8.743006318923E-17));
#7073 = VECTOR('',#7074,1.);
#7074 = DIRECTION('',(0.707106781188,2.355138688019E-16,0.707106781185)
  );
#7075 = ORIENTED_EDGE('',*,*,#6471,.T.);
#7076 = ORIENTED_EDGE('',*,*,#6497,.T.);
#7077 = ORIENTED_EDGE('',*,*,#6521,.T.);
#7078 = PLANE('',#7079);
#7079 = AXIS2_PLACEMENT_3D('',#7080,#7081,#7082);
#7080 = CARTESIAN_POINT('',(-0.73,-0.2625,0.302499999998));
#7081 = DIRECTION('',(0.,-1.,3.330669073875E-16));
#7082 = DIRECTION('',(0.,-3.330669073875E-16,-1.));
#7083 = ADVANCED_FACE('',(#7084),#7095,.F.);
#7084 = FACE_BOUND('',#7085,.F.);
#7085 = EDGE_LOOP('',(#7086,#7092,#7093,#7094));
#7086 = ORIENTED_EDGE('',*,*,#7087,.T.);
#7087 = EDGE_CURVE('',#6711,#7063,#7088,.T.);
#7088 = LINE('',#7089,#7090);
#7089 = CARTESIAN_POINT('',(0.4275,0.2625,-8.743006318923E-17));
#7090 = VECTOR('',#7091,1.);
#7091 = DIRECTION('',(0.,-1.,3.330669073875E-16));
#7092 = ORIENTED_EDGE('',*,*,#7070,.T.);
#7093 = ORIENTED_EDGE('',*,*,#6463,.F.);
#7094 = ORIENTED_EDGE('',*,*,#6718,.F.);
#7095 = PLANE('',#7096);
#7096 = AXIS2_PLACEMENT_3D('',#7097,#7098,#7099);
#7097 = CARTESIAN_POINT('',(0.4275,0.2625,-8.743006318923E-17));
#7098 = DIRECTION('',(-0.707106781185,2.355138688032E-16,0.707106781188)
  );
#7099 = DIRECTION('',(0.707106781188,2.355138688019E-16,0.707106781185)
  );
#7100 = ADVANCED_FACE('',(#7101),#7112,.F.);
#7101 = FACE_BOUND('',#7102,.F.);
#7102 = EDGE_LOOP('',(#7103,#7104,#7105,#7111));
#7103 = ORIENTED_EDGE('',*,*,#6529,.T.);
#7104 = ORIENTED_EDGE('',*,*,#7030,.T.);
#7105 = ORIENTED_EDGE('',*,*,#7106,.F.);
#7106 = EDGE_CURVE('',#6679,#7031,#7107,.T.);
#7107 = LINE('',#7108,#7109);
#7108 = CARTESIAN_POINT('',(-0.4275,0.2625,-8.743006318923E-17));
#7109 = VECTOR('',#7110,1.);
#7110 = DIRECTION('',(0.,-1.,3.330669073875E-16));
#7111 = ORIENTED_EDGE('',*,*,#6678,.F.);
#7112 = PLANE('',#7113);
#7113 = AXIS2_PLACEMENT_3D('',#7114,#7115,#7116);
#7114 = CARTESIAN_POINT('',(-0.73,0.2625,0.302499999998));
#7115 = DIRECTION('',(0.707106781185,2.355138688032E-16,0.707106781188)
  );
#7116 = DIRECTION('',(0.707106781188,-2.355138688019E-16,-0.707106781185
    ));
#7117 = ADVANCED_FACE('',(#7118,#7129),#7140,.T.);
#7118 = FACE_BOUND('',#7119,.T.);
#7119 = EDGE_LOOP('',(#7120,#7121,#7127,#7128));
#7120 = ORIENTED_EDGE('',*,*,#6569,.T.);
#7121 = ORIENTED_EDGE('',*,*,#7122,.T.);
#7122 = EDGE_CURVE('',#6562,#6636,#7123,.T.);
#7123 = LINE('',#7124,#7125);
#7124 = CARTESIAN_POINT('',(-2.575,3.16,18.775));
#7125 = VECTOR('',#7126,1.);
#7126 = DIRECTION('',(1.,0.,0.));
#7127 = ORIENTED_EDGE('',*,*,#6635,.F.);
#7128 = ORIENTED_EDGE('',*,*,#6660,.F.);
#7129 = FACE_BOUND('',#7130,.T.);
#7130 = EDGE_LOOP('',(#7131));
#7131 = ORIENTED_EDGE('',*,*,#7132,.T.);
#7132 = EDGE_CURVE('',#7133,#7133,#7135,.T.);
#7133 = VERTEX_POINT('',#7134);
#7134 = CARTESIAN_POINT('',(4.4075,3.16,16.005));
#7135 = CIRCLE('',#7136,1.8675);
#7136 = AXIS2_PLACEMENT_3D('',#7137,#7138,#7139);
#7137 = CARTESIAN_POINT('',(2.54,3.16,16.005));
#7138 = DIRECTION('',(0.,-1.,2.22044604925E-16));
#7139 = DIRECTION('',(1.,0.,0.));
#7140 = PLANE('',#7141);
#7141 = AXIS2_PLACEMENT_3D('',#7142,#7143,#7144);
#7142 = CARTESIAN_POINT('',(-2.575,3.16,5.));
#7143 = DIRECTION('',(0.,1.,0.));
#7144 = DIRECTION('',(1.,0.,0.));
#7145 = ADVANCED_FACE('',(#7146),#7152,.T.);
#7146 = FACE_BOUND('',#7147,.F.);
#7147 = EDGE_LOOP('',(#7148,#7149,#7150,#7151));
#7148 = ORIENTED_EDGE('',*,*,#7122,.T.);
#7149 = ORIENTED_EDGE('',*,*,#6643,.T.);
#7150 = ORIENTED_EDGE('',*,*,#6601,.T.);
#7151 = ORIENTED_EDGE('',*,*,#6561,.T.);
#7152 = PLANE('',#7153);
#7153 = AXIS2_PLACEMENT_3D('',#7154,#7155,#7156);
#7154 = CARTESIAN_POINT('',(-2.575,3.16,18.775));
#7155 = DIRECTION('',(0.,0.,1.));
#7156 = DIRECTION('',(1.,0.,-0.));
#7157 = ADVANCED_FACE('',(#7158),#7169,.F.);
#7158 = FACE_BOUND('',#7159,.F.);
#7159 = EDGE_LOOP('',(#7160,#7161,#7167,#7168));
#7160 = ORIENTED_EDGE('',*,*,#6610,.F.);
#7161 = ORIENTED_EDGE('',*,*,#7162,.T.);
#7162 = EDGE_CURVE('',#6611,#7133,#7163,.T.);
#7163 = LINE('',#7164,#7165);
#7164 = CARTESIAN_POINT('',(4.4075,1.89,16.005));
#7165 = VECTOR('',#7166,1.);
#7166 = DIRECTION('',(0.,1.,-2.22044604925E-16));
#7167 = ORIENTED_EDGE('',*,*,#7132,.T.);
#7168 = ORIENTED_EDGE('',*,*,#7162,.F.);
#7169 = CYLINDRICAL_SURFACE('',#7170,1.8675);
#7170 = AXIS2_PLACEMENT_3D('',#7171,#7172,#7173);
#7171 = CARTESIAN_POINT('',(2.54,1.89,16.005));
#7172 = DIRECTION('',(0.,-1.,2.22044604925E-16));
#7173 = DIRECTION('',(1.,0.,0.));
#7174 = ADVANCED_FACE('',(#7175),#7186,.F.);
#7175 = FACE_BOUND('',#7176,.F.);
#7176 = EDGE_LOOP('',(#7177,#7183,#7184,#7185));
#7177 = ORIENTED_EDGE('',*,*,#7178,.T.);
#7178 = EDGE_CURVE('',#6703,#7055,#7179,.T.);
#7179 = LINE('',#7180,#7181);
#7180 = CARTESIAN_POINT('',(0.4275,0.2625,-9.009548279765));
#7181 = VECTOR('',#7182,1.);
#7182 = DIRECTION('',(0.,-1.,3.330669073875E-16));
#7183 = ORIENTED_EDGE('',*,*,#7062,.T.);
#7184 = ORIENTED_EDGE('',*,*,#7087,.F.);
#7185 = ORIENTED_EDGE('',*,*,#6710,.F.);
#7186 = PLANE('',#7187);
#7187 = AXIS2_PLACEMENT_3D('',#7188,#7189,#7190);
#7188 = CARTESIAN_POINT('',(0.4275,0.2625,-9.009548279765));
#7189 = DIRECTION('',(-1.,0.,0.));
#7190 = DIRECTION('',(0.,3.330669073875E-16,1.));
#7191 = ADVANCED_FACE('',(#7192),#7203,.F.);
#7192 = FACE_BOUND('',#7193,.F.);
#7193 = EDGE_LOOP('',(#7194,#7200,#7201,#7202));
#7194 = ORIENTED_EDGE('',*,*,#7195,.T.);
#7195 = EDGE_CURVE('',#6695,#7047,#7196,.T.);
#7196 = LINE('',#7197,#7198);
#7197 = CARTESIAN_POINT('',(0.,0.2625,-9.75));
#7198 = VECTOR('',#7199,1.);
#7199 = DIRECTION('',(0.,-1.,3.330669073875E-16));
#7200 = ORIENTED_EDGE('',*,*,#7054,.T.);
#7201 = ORIENTED_EDGE('',*,*,#7178,.F.);
#7202 = ORIENTED_EDGE('',*,*,#6702,.F.);
#7203 = PLANE('',#7204);
#7204 = AXIS2_PLACEMENT_3D('',#7205,#7206,#7207);
#7205 = CARTESIAN_POINT('',(0.,0.2625,-9.75));
#7206 = DIRECTION('',(-0.866025403784,1.66533453694E-16,0.5));
#7207 = DIRECTION('',(0.5,2.884444029576E-16,0.866025403784));
#7208 = ADVANCED_FACE('',(#7209),#7220,.F.);
#7209 = FACE_BOUND('',#7210,.F.);
#7210 = EDGE_LOOP('',(#7211,#7217,#7218,#7219));
#7211 = ORIENTED_EDGE('',*,*,#7212,.T.);
#7212 = EDGE_CURVE('',#6687,#7039,#7213,.T.);
#7213 = LINE('',#7214,#7215);
#7214 = CARTESIAN_POINT('',(-0.4275,0.2625,-9.009548279765));
#7215 = VECTOR('',#7216,1.);
#7216 = DIRECTION('',(0.,-1.,3.330669073875E-16));
#7217 = ORIENTED_EDGE('',*,*,#7046,.T.);
#7218 = ORIENTED_EDGE('',*,*,#7195,.F.);
#7219 = ORIENTED_EDGE('',*,*,#6694,.F.);
#7220 = PLANE('',#7221);
#7221 = AXIS2_PLACEMENT_3D('',#7222,#7223,#7224);
#7222 = CARTESIAN_POINT('',(-0.4275,0.2625,-9.009548279765));
#7223 = DIRECTION('',(0.866025403784,1.66533453694E-16,0.5));
#7224 = DIRECTION('',(0.5,-2.884444029576E-16,-0.866025403784));
#7225 = ADVANCED_FACE('',(#7226),#7232,.F.);
#7226 = FACE_BOUND('',#7227,.F.);
#7227 = EDGE_LOOP('',(#7228,#7229,#7230,#7231));
#7228 = ORIENTED_EDGE('',*,*,#7106,.T.);
#7229 = ORIENTED_EDGE('',*,*,#7038,.T.);
#7230 = ORIENTED_EDGE('',*,*,#7212,.F.);
#7231 = ORIENTED_EDGE('',*,*,#6686,.F.);
#7232 = PLANE('',#7233);
#7233 = AXIS2_PLACEMENT_3D('',#7234,#7235,#7236);
#7234 = CARTESIAN_POINT('',(-0.4275,0.2625,-8.743006318923E-17));
#7235 = DIRECTION('',(1.,-2.052148109095E-33,-6.161368972952E-18));
#7236 = DIRECTION('',(-6.161368972952E-18,-3.330669073875E-16,-1.));
#7237 = ADVANCED_FACE('',(#7238),#7249,.F.);
#7238 = FACE_BOUND('',#7239,.F.);
#7239 = EDGE_LOOP('',(#7240,#7246,#7247,#7248));
#7240 = ORIENTED_EDGE('',*,*,#7241,.T.);
#7241 = EDGE_CURVE('',#6760,#6964,#7242,.T.);
#7242 = LINE('',#7243,#7244);
#7243 = CARTESIAN_POINT('',(2.9675,0.2625,-9.009548279765));
#7244 = VECTOR('',#7245,1.);
#7245 = DIRECTION('',(0.,-1.,3.330669073875E-16));
#7246 = ORIENTED_EDGE('',*,*,#6971,.T.);
#7247 = ORIENTED_EDGE('',*,*,#6996,.F.);
#7248 = ORIENTED_EDGE('',*,*,#6767,.F.);
#7249 = PLANE('',#7250);
#7250 = AXIS2_PLACEMENT_3D('',#7251,#7252,#7253);
#7251 = CARTESIAN_POINT('',(2.9675,0.2625,-9.009548279765));
#7252 = DIRECTION('',(-1.,0.,0.));
#7253 = DIRECTION('',(0.,3.330669073875E-16,1.));
#7254 = ADVANCED_FACE('',(#7255),#7266,.F.);
#7255 = FACE_BOUND('',#7256,.F.);
#7256 = EDGE_LOOP('',(#7257,#7263,#7264,#7265));
#7257 = ORIENTED_EDGE('',*,*,#7258,.T.);
#7258 = EDGE_CURVE('',#6752,#6956,#7259,.T.);
#7259 = LINE('',#7260,#7261);
#7260 = CARTESIAN_POINT('',(2.54,0.2625,-9.75));
#7261 = VECTOR('',#7262,1.);
#7262 = DIRECTION('',(0.,-1.,3.330669073875E-16));
#7263 = ORIENTED_EDGE('',*,*,#6963,.T.);
#7264 = ORIENTED_EDGE('',*,*,#7241,.F.);
#7265 = ORIENTED_EDGE('',*,*,#6759,.F.);
#7266 = PLANE('',#7267);
#7267 = AXIS2_PLACEMENT_3D('',#7268,#7269,#7270);
#7268 = CARTESIAN_POINT('',(2.54,0.2625,-9.75));
#7269 = DIRECTION('',(-0.866025403784,1.66533453694E-16,0.5));
#7270 = DIRECTION('',(0.5,2.884444029576E-16,0.866025403784));
#7271 = ADVANCED_FACE('',(#7272),#7283,.F.);
#7272 = FACE_BOUND('',#7273,.F.);
#7273 = EDGE_LOOP('',(#7274,#7280,#7281,#7282));
#7274 = ORIENTED_EDGE('',*,*,#7275,.T.);
#7275 = EDGE_CURVE('',#6744,#6948,#7276,.T.);
#7276 = LINE('',#7277,#7278);
#7277 = CARTESIAN_POINT('',(2.1125,0.2625,-9.009548279765));
#7278 = VECTOR('',#7279,1.);
#7279 = DIRECTION('',(0.,-1.,3.330669073875E-16));
#7280 = ORIENTED_EDGE('',*,*,#6955,.T.);
#7281 = ORIENTED_EDGE('',*,*,#7258,.F.);
#7282 = ORIENTED_EDGE('',*,*,#6751,.F.);
#7283 = PLANE('',#7284);
#7284 = AXIS2_PLACEMENT_3D('',#7285,#7286,#7287);
#7285 = CARTESIAN_POINT('',(2.1125,0.2625,-9.009548279765));
#7286 = DIRECTION('',(0.866025403784,1.66533453694E-16,0.5));
#7287 = DIRECTION('',(0.5,-2.884444029576E-16,-0.866025403784));
#7288 = ADVANCED_FACE('',(#7289),#7295,.F.);
#7289 = FACE_BOUND('',#7290,.F.);
#7290 = EDGE_LOOP('',(#7291,#7292,#7293,#7294));
#7291 = ORIENTED_EDGE('',*,*,#7015,.T.);
#7292 = ORIENTED_EDGE('',*,*,#6947,.T.);
#7293 = ORIENTED_EDGE('',*,*,#7275,.F.);
#7294 = ORIENTED_EDGE('',*,*,#6743,.F.);
#7295 = PLANE('',#7296);
#7296 = AXIS2_PLACEMENT_3D('',#7297,#7298,#7299);
#7297 = CARTESIAN_POINT('',(2.1125,0.2625,-8.743006318923E-17));
#7298 = DIRECTION('',(1.,0.,0.));
#7299 = DIRECTION('',(0.,-3.330669073875E-16,-1.));
#7300 = ADVANCED_FACE('',(#7301),#7312,.F.);
#7301 = FACE_BOUND('',#7302,.F.);
#7302 = EDGE_LOOP('',(#7303,#7309,#7310,#7311));
#7303 = ORIENTED_EDGE('',*,*,#7304,.T.);
#7304 = EDGE_CURVE('',#6817,#6873,#7305,.T.);
#7305 = LINE('',#7306,#7307);
#7306 = CARTESIAN_POINT('',(5.5075,0.2625,-9.009548279765));
#7307 = VECTOR('',#7308,1.);
#7308 = DIRECTION('',(0.,-1.,3.330669073875E-16));
#7309 = ORIENTED_EDGE('',*,*,#6880,.T.);
#7310 = ORIENTED_EDGE('',*,*,#6905,.F.);
#7311 = ORIENTED_EDGE('',*,*,#6824,.F.);
#7312 = PLANE('',#7313);
#7313 = AXIS2_PLACEMENT_3D('',#7314,#7315,#7316);
#7314 = CARTESIAN_POINT('',(5.5075,0.2625,-9.009548279765));
#7315 = DIRECTION('',(-1.,0.,0.));
#7316 = DIRECTION('',(0.,3.330669073875E-16,1.));
#7317 = ADVANCED_FACE('',(#7318),#7329,.F.);
#7318 = FACE_BOUND('',#7319,.F.);
#7319 = EDGE_LOOP('',(#7320,#7326,#7327,#7328));
#7320 = ORIENTED_EDGE('',*,*,#7321,.T.);
#7321 = EDGE_CURVE('',#6809,#6865,#7322,.T.);
#7322 = LINE('',#7323,#7324);
#7323 = CARTESIAN_POINT('',(5.08,0.2625,-9.75));
#7324 = VECTOR('',#7325,1.);
#7325 = DIRECTION('',(0.,-1.,3.330669073875E-16));
#7326 = ORIENTED_EDGE('',*,*,#6872,.T.);
#7327 = ORIENTED_EDGE('',*,*,#7304,.F.);
#7328 = ORIENTED_EDGE('',*,*,#6816,.F.);
#7329 = PLANE('',#7330);
#7330 = AXIS2_PLACEMENT_3D('',#7331,#7332,#7333);
#7331 = CARTESIAN_POINT('',(5.08,0.2625,-9.75));
#7332 = DIRECTION('',(-0.866025403784,1.66533453694E-16,0.5));
#7333 = DIRECTION('',(0.5,2.884444029576E-16,0.866025403784));
#7334 = ADVANCED_FACE('',(#7335),#7346,.F.);
#7335 = FACE_BOUND('',#7336,.F.);
#7336 = EDGE_LOOP('',(#7337,#7343,#7344,#7345));
#7337 = ORIENTED_EDGE('',*,*,#7338,.T.);
#7338 = EDGE_CURVE('',#6801,#6857,#7339,.T.);
#7339 = LINE('',#7340,#7341);
#7340 = CARTESIAN_POINT('',(4.6525,0.2625,-9.009548279765));
#7341 = VECTOR('',#7342,1.);
#7342 = DIRECTION('',(0.,-1.,3.330669073875E-16));
#7343 = ORIENTED_EDGE('',*,*,#6864,.T.);
#7344 = ORIENTED_EDGE('',*,*,#7321,.F.);
#7345 = ORIENTED_EDGE('',*,*,#6808,.F.);
#7346 = PLANE('',#7347);
#7347 = AXIS2_PLACEMENT_3D('',#7348,#7349,#7350);
#7348 = CARTESIAN_POINT('',(4.6525,0.2625,-9.009548279765));
#7349 = DIRECTION('',(0.866025403784,1.66533453694E-16,0.5));
#7350 = DIRECTION('',(0.5,-2.884444029576E-16,-0.866025403784));
#7351 = ADVANCED_FACE('',(#7352),#7358,.F.);
#7352 = FACE_BOUND('',#7353,.F.);
#7353 = EDGE_LOOP('',(#7354,#7355,#7356,#7357));
#7354 = ORIENTED_EDGE('',*,*,#6924,.T.);
#7355 = ORIENTED_EDGE('',*,*,#6856,.T.);
#7356 = ORIENTED_EDGE('',*,*,#7338,.F.);
#7357 = ORIENTED_EDGE('',*,*,#6800,.F.);
#7358 = PLANE('',#7359);
#7359 = AXIS2_PLACEMENT_3D('',#7360,#7361,#7362);
#7360 = CARTESIAN_POINT('',(4.6525,0.2625,-8.743006318923E-17));
#7361 = DIRECTION('',(1.,0.,0.));
#7362 = DIRECTION('',(0.,-3.330669073875E-16,-1.));
#7363 = ( GEOMETRIC_REPRESENTATION_CONTEXT(3) 
GLOBAL_UNCERTAINTY_ASSIGNED_CONTEXT((#7367)) 
GLOBAL_UNIT_ASSIGNED_CONTEXT((#7364,#7365,#7366)) REPRESENTATION_CONTEXT
('Context #1','3D Context with UNIT and UNCERTAINTY') );
#7364 = ( LENGTH_UNIT() NAMED_UNIT(*) SI_UNIT(.MILLI.,.METRE.) );
#7365 = ( NAMED_UNIT(*) PLANE_ANGLE_UNIT() SI_UNIT($,.RADIAN.) );
#7366 = ( NAMED_UNIT(*) SI_UNIT($,.STERADIAN.) SOLID_ANGLE_UNIT() );
#7367 = UNCERTAINTY_MEASURE_WITH_UNIT(LENGTH_MEASURE(1.E-07),#7364,
  'distance_accuracy_value','confusion accuracy');
#7368 = CONTEXT_DEPENDENT_SHAPE_REPRESENTATION(#7369,#7371);
#7369 = ( REPRESENTATION_RELATIONSHIP('','',#5820,#5797) 
REPRESENTATION_RELATIONSHIP_WITH_TRANSFORMATION(#7370) 
SHAPE_REPRESENTATION_RELATIONSHIP() );
#7370 = ITEM_DEFINED_TRANSFORMATION('','',#11,#5798);
#7371 = PRODUCT_DEFINITION_SHAPE('Placement','Placement of an item',
  #7372);
#7372 = NEXT_ASSEMBLY_USAGE_OCCURRENCE('33','=>[0:1:1:27]','',#5792,
  #5815,$);
#7373 = PRODUCT_RELATED_PRODUCT_CATEGORY('part',$,(#5817));
#7374 = SHAPE_DEFINITION_REPRESENTATION(#7375,#7381);
#7375 = PRODUCT_DEFINITION_SHAPE('','',#7376);
#7376 = PRODUCT_DEFINITION('design','',#7377,#7380);
#7377 = PRODUCT_DEFINITION_FORMATION('','',#7378);
#7378 = PRODUCT('Heatsink_Stonecold_HS-S01_on_TO-220',
  'Heatsink_Stonecold_HS-S01_on_TO-220','',(#7379));
#7379 = PRODUCT_CONTEXT('',#2,'mechanical');
#7380 = PRODUCT_DEFINITION_CONTEXT('part definition',#2,'design');
#7381 = SHAPE_REPRESENTATION('',(#11,#7382),#7386);
#7382 = AXIS2_PLACEMENT_3D('',#7383,#7384,#7385);
#7383 = CARTESIAN_POINT('',(0.,0.,0.));
#7384 = DIRECTION('',(0.,0.,1.));
#7385 = DIRECTION('',(1.,0.,-0.));
#7386 = ( GEOMETRIC_REPRESENTATION_CONTEXT(3) 
GLOBAL_UNCERTAINTY_ASSIGNED_CONTEXT((#7390)) 
GLOBAL_UNIT_ASSIGNED_CONTEXT((#7387,#7388,#7389)) REPRESENTATION_CONTEXT
('Context #1','3D Context with UNIT and UNCERTAINTY') );
#7387 = ( LENGTH_UNIT() NAMED_UNIT(*) SI_UNIT(.MILLI.,.METRE.) );
#7388 = ( NAMED_UNIT(*) PLANE_ANGLE_UNIT() SI_UNIT($,.RADIAN.) );
#7389 = ( NAMED_UNIT(*) SI_UNIT($,.STERADIAN.) SOLID_ANGLE_UNIT() );
#7390 = UNCERTAINTY_MEASURE_WITH_UNIT(LENGTH_MEASURE(1.E-07),#7387,
  'distance_accuracy_value','confusion accuracy');
#7391 = CONTEXT_DEPENDENT_SHAPE_REPRESENTATION(#7392,#7394);
#7392 = ( REPRESENTATION_RELATIONSHIP('','',#7381,#10) 
REPRESENTATION_RELATIONSHIP_WITH_TRANSFORMATION(#7393) 
SHAPE_REPRESENTATION_RELATIONSHIP() );
#7393 = ITEM_DEFINED_TRANSFORMATION('','',#11,#91);
#7394 = PRODUCT_DEFINITION_SHAPE('Placement','Placement of an item',
  #7395);
#7395 = NEXT_ASSEMBLY_USAGE_OCCURRENCE('37','Q2','',#5,#7376,$);
#7396 = PRODUCT_RELATED_PRODUCT_CATEGORY('part',$,(#7378));
#7397 = SHAPE_DEFINITION_REPRESENTATION(#7398,#7404);
#7398 = PRODUCT_DEFINITION_SHAPE('','',#7399);
#7399 = PRODUCT_DEFINITION('design','',#7400,#7403);
#7400 = PRODUCT_DEFINITION_FORMATION('','',#7401);
#7401 = PRODUCT('Heatsink_Stonecold_HS-S01_on_TO-220',
  'Heatsink_Stonecold_HS-S01_on_TO-220','',(#7402));
#7402 = PRODUCT_CONTEXT('',#2,'mechanical');
#7403 = PRODUCT_DEFINITION_CONTEXT('part definition',#2,'design');
#7404 = SHAPE_REPRESENTATION('',(#11,#7405),#7409);
#7405 = AXIS2_PLACEMENT_3D('',#7406,#7407,#7408);
#7406 = CARTESIAN_POINT('',(0.,0.,0.));
#7407 = DIRECTION('',(0.,0.,1.));
#7408 = DIRECTION('',(1.,0.,0.));
#7409 = ( GEOMETRIC_REPRESENTATION_CONTEXT(3) 
GLOBAL_UNCERTAINTY_ASSIGNED_CONTEXT((#7413)) 
GLOBAL_UNIT_ASSIGNED_CONTEXT((#7410,#7411,#7412)) REPRESENTATION_CONTEXT
('Context #1','3D Context with UNIT and UNCERTAINTY') );
#7410 = ( LENGTH_UNIT() NAMED_UNIT(*) SI_UNIT(.MILLI.,.METRE.) );
#7411 = ( NAMED_UNIT(*) PLANE_ANGLE_UNIT() SI_UNIT($,.RADIAN.) );
#7412 = ( NAMED_UNIT(*) SI_UNIT($,.STERADIAN.) SOLID_ANGLE_UNIT() );
#7413 = UNCERTAINTY_MEASURE_WITH_UNIT(LENGTH_MEASURE(1.E-07),#7410,
  'distance_accuracy_value','confusion accuracy');
#7414 = CONTEXT_DEPENDENT_SHAPE_REPRESENTATION(#7415,#7417);
#7415 = ( REPRESENTATION_RELATIONSHIP('','',#7404,#7381) 
REPRESENTATION_RELATIONSHIP_WITH_TRANSFORMATION(#7416) 
SHAPE_REPRESENTATION_RELATIONSHIP() );
#7416 = ITEM_DEFINED_TRANSFORMATION('','',#11,#7382);
#7417 = PRODUCT_DEFINITION_SHAPE('Placement','Placement of an item',
  #7418);
#7418 = NEXT_ASSEMBLY_USAGE_OCCURRENCE('36','=>[0:1:1:29]','',#7376,
  #7399,$);
#7419 = PRODUCT_RELATED_PRODUCT_CATEGORY('part',$,(#7401));
#7420 = SHAPE_DEFINITION_REPRESENTATION(#7421,#7427);
#7421 = PRODUCT_DEFINITION_SHAPE('','',#7422);
#7422 = PRODUCT_DEFINITION('design','',#7423,#7426);
#7423 = PRODUCT_DEFINITION_FORMATION('','',#7424);
#7424 = PRODUCT('p0','p0','',(#7425));
#7425 = PRODUCT_CONTEXT('',#2,'mechanical');
#7426 = PRODUCT_DEFINITION_CONTEXT('part definition',#2,'design');
#7427 = ADVANCED_BREP_SHAPE_REPRESENTATION('',(#11,#7428),#7710);
#7428 = MANIFOLD_SOLID_BREP('',#7429);
#7429 = CLOSED_SHELL('',(#7430,#7470,#7533,#7564,#7588,#7612,#7636,#7660
    ,#7677,#7698));
#7430 = ADVANCED_FACE('',(#7431),#7465,.F.);
#7431 = FACE_BOUND('',#7432,.F.);
#7432 = EDGE_LOOP('',(#7433,#7443,#7451,#7459));
#7433 = ORIENTED_EDGE('',*,*,#7434,.F.);
#7434 = EDGE_CURVE('',#7435,#7437,#7439,.T.);
#7435 = VERTEX_POINT('',#7436);
#7436 = CARTESIAN_POINT('',(-6.6,3.6,3.));
#7437 = VERTEX_POINT('',#7438);
#7438 = CARTESIAN_POINT('',(-6.6,3.6,22.05));
#7439 = LINE('',#7440,#7441);
#7440 = CARTESIAN_POINT('',(-6.6,3.6,3.));
#7441 = VECTOR('',#7442,1.);
#7442 = DIRECTION('',(0.,0.,1.));
#7443 = ORIENTED_EDGE('',*,*,#7444,.F.);
#7444 = EDGE_CURVE('',#7445,#7435,#7447,.T.);
#7445 = VERTEX_POINT('',#7446);
#7446 = CARTESIAN_POINT('',(-6.6,9.95,3.));
#7447 = LINE('',#7448,#7449);
#7448 = CARTESIAN_POINT('',(-6.6,9.95,3.));
#7449 = VECTOR('',#7450,1.);
#7450 = DIRECTION('',(0.,-1.,0.));
#7451 = ORIENTED_EDGE('',*,*,#7452,.T.);
#7452 = EDGE_CURVE('',#7445,#7453,#7455,.T.);
#7453 = VERTEX_POINT('',#7454);
#7454 = CARTESIAN_POINT('',(-6.6,9.95,22.05));
#7455 = LINE('',#7456,#7457);
#7456 = CARTESIAN_POINT('',(-6.6,9.95,3.));
#7457 = VECTOR('',#7458,1.);
#7458 = DIRECTION('',(0.,0.,1.));
#7459 = ORIENTED_EDGE('',*,*,#7460,.F.);
#7460 = EDGE_CURVE('',#7437,#7453,#7461,.T.);
#7461 = LINE('',#7462,#7463);
#7462 = CARTESIAN_POINT('',(-6.6,3.6,22.05));
#7463 = VECTOR('',#7464,1.);
#7464 = DIRECTION('',(0.,1.,0.));
#7465 = PLANE('',#7466);
#7466 = AXIS2_PLACEMENT_3D('',#7467,#7468,#7469);
#7467 = CARTESIAN_POINT('',(-6.6,3.6,3.));
#7468 = DIRECTION('',(1.,0.,0.));
#7469 = DIRECTION('',(0.,0.,1.));
#7470 = ADVANCED_FACE('',(#7471),#7528,.T.);
#7471 = FACE_BOUND('',#7472,.T.);
#7472 = EDGE_LOOP('',(#7473,#7474,#7482,#7490,#7498,#7506,#7514,#7522));
#7473 = ORIENTED_EDGE('',*,*,#7460,.F.);
#7474 = ORIENTED_EDGE('',*,*,#7475,.F.);
#7475 = EDGE_CURVE('',#7476,#7437,#7478,.T.);
#7476 = VERTEX_POINT('',#7477);
#7477 = CARTESIAN_POINT('',(6.6,3.6,22.05));
#7478 = LINE('',#7479,#7480);
#7479 = CARTESIAN_POINT('',(6.6,3.6,22.05));
#7480 = VECTOR('',#7481,1.);
#7481 = DIRECTION('',(-1.,0.,0.));
#7482 = ORIENTED_EDGE('',*,*,#7483,.T.);
#7483 = EDGE_CURVE('',#7476,#7484,#7486,.T.);
#7484 = VERTEX_POINT('',#7485);
#7485 = CARTESIAN_POINT('',(6.6,9.95,22.05));
#7486 = LINE('',#7487,#7488);
#7487 = CARTESIAN_POINT('',(6.6,3.6,22.05));
#7488 = VECTOR('',#7489,1.);
#7489 = DIRECTION('',(0.,1.,0.));
#7490 = ORIENTED_EDGE('',*,*,#7491,.F.);
#7491 = EDGE_CURVE('',#7492,#7484,#7494,.T.);
#7492 = VERTEX_POINT('',#7493);
#7493 = CARTESIAN_POINT('',(5.6,9.95,22.05));
#7494 = LINE('',#7495,#7496);
#7495 = CARTESIAN_POINT('',(5.6,9.95,22.05));
#7496 = VECTOR('',#7497,1.);
#7497 = DIRECTION('',(1.,0.,0.));
#7498 = ORIENTED_EDGE('',*,*,#7499,.F.);
#7499 = EDGE_CURVE('',#7500,#7492,#7502,.T.);
#7500 = VERTEX_POINT('',#7501);
#7501 = CARTESIAN_POINT('',(5.6,4.6,22.05));
#7502 = LINE('',#7503,#7504);
#7503 = CARTESIAN_POINT('',(5.6,3.6,22.05));
#7504 = VECTOR('',#7505,1.);
#7505 = DIRECTION('',(0.,1.,0.));
#7506 = ORIENTED_EDGE('',*,*,#7507,.F.);
#7507 = EDGE_CURVE('',#7508,#7500,#7510,.T.);
#7508 = VERTEX_POINT('',#7509);
#7509 = CARTESIAN_POINT('',(-5.6,4.6,22.05));
#7510 = LINE('',#7511,#7512);
#7511 = CARTESIAN_POINT('',(-6.6,4.6,22.05));
#7512 = VECTOR('',#7513,1.);
#7513 = DIRECTION('',(1.,0.,0.));
#7514 = ORIENTED_EDGE('',*,*,#7515,.T.);
#7515 = EDGE_CURVE('',#7508,#7516,#7518,.T.);
#7516 = VERTEX_POINT('',#7517);
#7517 = CARTESIAN_POINT('',(-5.6,9.95,22.05));
#7518 = LINE('',#7519,#7520);
#7519 = CARTESIAN_POINT('',(-5.6,3.6,22.05));
#7520 = VECTOR('',#7521,1.);
#7521 = DIRECTION('',(0.,1.,0.));
#7522 = ORIENTED_EDGE('',*,*,#7523,.F.);
#7523 = EDGE_CURVE('',#7453,#7516,#7524,.T.);
#7524 = LINE('',#7525,#7526);
#7525 = CARTESIAN_POINT('',(-6.6,9.95,22.05));
#7526 = VECTOR('',#7527,1.);
#7527 = DIRECTION('',(1.,0.,0.));
#7528 = PLANE('',#7529);
#7529 = AXIS2_PLACEMENT_3D('',#7530,#7531,#7532);
#7530 = CARTESIAN_POINT('',(-6.6,3.6,22.05));
#7531 = DIRECTION('',(0.,0.,1.));
#7532 = DIRECTION('',(1.,0.,-0.));
#7533 = ADVANCED_FACE('',(#7534),#7559,.T.);
#7534 = FACE_BOUND('',#7535,.T.);
#7535 = EDGE_LOOP('',(#7536,#7537,#7545,#7553));
#7536 = ORIENTED_EDGE('',*,*,#7515,.F.);
#7537 = ORIENTED_EDGE('',*,*,#7538,.T.);
#7538 = EDGE_CURVE('',#7508,#7539,#7541,.T.);
#7539 = VERTEX_POINT('',#7540);
#7540 = CARTESIAN_POINT('',(-5.6,4.6,3.));
#7541 = LINE('',#7542,#7543);
#7542 = CARTESIAN_POINT('',(-5.6,4.6,3.));
#7543 = VECTOR('',#7544,1.);
#7544 = DIRECTION('',(0.,0.,-1.));
#7545 = ORIENTED_EDGE('',*,*,#7546,.T.);
#7546 = EDGE_CURVE('',#7539,#7547,#7549,.T.);
#7547 = VERTEX_POINT('',#7548);
#7548 = CARTESIAN_POINT('',(-5.6,9.95,3.));
#7549 = LINE('',#7550,#7551);
#7550 = CARTESIAN_POINT('',(-5.6,3.6,3.));
#7551 = VECTOR('',#7552,1.);
#7552 = DIRECTION('',(0.,1.,0.));
#7553 = ORIENTED_EDGE('',*,*,#7554,.T.);
#7554 = EDGE_CURVE('',#7547,#7516,#7555,.T.);
#7555 = LINE('',#7556,#7557);
#7556 = CARTESIAN_POINT('',(-5.6,9.95,3.));
#7557 = VECTOR('',#7558,1.);
#7558 = DIRECTION('',(0.,0.,1.));
#7559 = PLANE('',#7560);
#7560 = AXIS2_PLACEMENT_3D('',#7561,#7562,#7563);
#7561 = CARTESIAN_POINT('',(-5.6,3.6,3.));
#7562 = DIRECTION('',(1.,0.,0.));
#7563 = DIRECTION('',(0.,0.,1.));
#7564 = ADVANCED_FACE('',(#7565),#7583,.T.);
#7565 = FACE_BOUND('',#7566,.T.);
#7566 = EDGE_LOOP('',(#7567,#7575,#7576,#7577));
#7567 = ORIENTED_EDGE('',*,*,#7568,.F.);
#7568 = EDGE_CURVE('',#7539,#7569,#7571,.T.);
#7569 = VERTEX_POINT('',#7570);
#7570 = CARTESIAN_POINT('',(5.6,4.6,3.));
#7571 = LINE('',#7572,#7573);
#7572 = CARTESIAN_POINT('',(-6.6,4.6,3.));
#7573 = VECTOR('',#7574,1.);
#7574 = DIRECTION('',(1.,0.,0.));
#7575 = ORIENTED_EDGE('',*,*,#7538,.F.);
#7576 = ORIENTED_EDGE('',*,*,#7507,.T.);
#7577 = ORIENTED_EDGE('',*,*,#7578,.T.);
#7578 = EDGE_CURVE('',#7500,#7569,#7579,.T.);
#7579 = LINE('',#7580,#7581);
#7580 = CARTESIAN_POINT('',(5.6,4.6,3.));
#7581 = VECTOR('',#7582,1.);
#7582 = DIRECTION('',(0.,0.,-1.));
#7583 = PLANE('',#7584);
#7584 = AXIS2_PLACEMENT_3D('',#7585,#7586,#7587);
#7585 = CARTESIAN_POINT('',(-6.6,4.6,3.));
#7586 = DIRECTION('',(0.,1.,0.));
#7587 = DIRECTION('',(0.,-0.,1.));
#7588 = ADVANCED_FACE('',(#7589),#7607,.F.);
#7589 = FACE_BOUND('',#7590,.F.);
#7590 = EDGE_LOOP('',(#7591,#7592,#7593,#7601));
#7591 = ORIENTED_EDGE('',*,*,#7499,.F.);
#7592 = ORIENTED_EDGE('',*,*,#7578,.T.);
#7593 = ORIENTED_EDGE('',*,*,#7594,.T.);
#7594 = EDGE_CURVE('',#7569,#7595,#7597,.T.);
#7595 = VERTEX_POINT('',#7596);
#7596 = CARTESIAN_POINT('',(5.6,9.95,3.));
#7597 = LINE('',#7598,#7599);
#7598 = CARTESIAN_POINT('',(5.6,3.6,3.));
#7599 = VECTOR('',#7600,1.);
#7600 = DIRECTION('',(0.,1.,0.));
#7601 = ORIENTED_EDGE('',*,*,#7602,.T.);
#7602 = EDGE_CURVE('',#7595,#7492,#7603,.T.);
#7603 = LINE('',#7604,#7605);
#7604 = CARTESIAN_POINT('',(5.6,9.95,3.));
#7605 = VECTOR('',#7606,1.);
#7606 = DIRECTION('',(0.,0.,1.));
#7607 = PLANE('',#7608);
#7608 = AXIS2_PLACEMENT_3D('',#7609,#7610,#7611);
#7609 = CARTESIAN_POINT('',(5.6,3.6,3.));
#7610 = DIRECTION('',(1.,0.,0.));
#7611 = DIRECTION('',(0.,0.,1.));
#7612 = ADVANCED_FACE('',(#7613),#7631,.T.);
#7613 = FACE_BOUND('',#7614,.T.);
#7614 = EDGE_LOOP('',(#7615,#7623,#7624,#7625));
#7615 = ORIENTED_EDGE('',*,*,#7616,.F.);
#7616 = EDGE_CURVE('',#7595,#7617,#7619,.T.);
#7617 = VERTEX_POINT('',#7618);
#7618 = CARTESIAN_POINT('',(6.6,9.95,3.));
#7619 = LINE('',#7620,#7621);
#7620 = CARTESIAN_POINT('',(5.6,9.95,3.));
#7621 = VECTOR('',#7622,1.);
#7622 = DIRECTION('',(1.,0.,0.));
#7623 = ORIENTED_EDGE('',*,*,#7602,.T.);
#7624 = ORIENTED_EDGE('',*,*,#7491,.T.);
#7625 = ORIENTED_EDGE('',*,*,#7626,.F.);
#7626 = EDGE_CURVE('',#7617,#7484,#7627,.T.);
#7627 = LINE('',#7628,#7629);
#7628 = CARTESIAN_POINT('',(6.6,9.95,3.));
#7629 = VECTOR('',#7630,1.);
#7630 = DIRECTION('',(0.,0.,1.));
#7631 = PLANE('',#7632);
#7632 = AXIS2_PLACEMENT_3D('',#7633,#7634,#7635);
#7633 = CARTESIAN_POINT('',(5.6,9.95,3.));
#7634 = DIRECTION('',(0.,1.,0.));
#7635 = DIRECTION('',(0.,-0.,1.));
#7636 = ADVANCED_FACE('',(#7637),#7655,.T.);
#7637 = FACE_BOUND('',#7638,.T.);
#7638 = EDGE_LOOP('',(#7639,#7647,#7653,#7654));
#7639 = ORIENTED_EDGE('',*,*,#7640,.F.);
#7640 = EDGE_CURVE('',#7641,#7476,#7643,.T.);
#7641 = VERTEX_POINT('',#7642);
#7642 = CARTESIAN_POINT('',(6.6,3.6,3.));
#7643 = LINE('',#7644,#7645);
#7644 = CARTESIAN_POINT('',(6.6,3.6,3.));
#7645 = VECTOR('',#7646,1.);
#7646 = DIRECTION('',(0.,0.,1.));
#7647 = ORIENTED_EDGE('',*,*,#7648,.F.);
#7648 = EDGE_CURVE('',#7617,#7641,#7649,.T.);
#7649 = LINE('',#7650,#7651);
#7650 = CARTESIAN_POINT('',(6.6,9.95,3.));
#7651 = VECTOR('',#7652,1.);
#7652 = DIRECTION('',(0.,-1.,0.));
#7653 = ORIENTED_EDGE('',*,*,#7626,.T.);
#7654 = ORIENTED_EDGE('',*,*,#7483,.F.);
#7655 = PLANE('',#7656);
#7656 = AXIS2_PLACEMENT_3D('',#7657,#7658,#7659);
#7657 = CARTESIAN_POINT('',(6.6,3.6,3.));
#7658 = DIRECTION('',(1.,0.,0.));
#7659 = DIRECTION('',(0.,0.,1.));
#7660 = ADVANCED_FACE('',(#7661),#7672,.T.);
#7661 = FACE_BOUND('',#7662,.T.);
#7662 = EDGE_LOOP('',(#7663,#7669,#7670,#7671));
#7663 = ORIENTED_EDGE('',*,*,#7664,.F.);
#7664 = EDGE_CURVE('',#7445,#7547,#7665,.T.);
#7665 = LINE('',#7666,#7667);
#7666 = CARTESIAN_POINT('',(-6.6,9.95,3.));
#7667 = VECTOR('',#7668,1.);
#7668 = DIRECTION('',(1.,0.,0.));
#7669 = ORIENTED_EDGE('',*,*,#7452,.T.);
#7670 = ORIENTED_EDGE('',*,*,#7523,.T.);
#7671 = ORIENTED_EDGE('',*,*,#7554,.F.);
#7672 = PLANE('',#7673);
#7673 = AXIS2_PLACEMENT_3D('',#7674,#7675,#7676);
#7674 = CARTESIAN_POINT('',(-6.6,9.95,3.));
#7675 = DIRECTION('',(0.,1.,0.));
#7676 = DIRECTION('',(0.,-0.,1.));
#7677 = ADVANCED_FACE('',(#7678),#7693,.F.);
#7678 = FACE_BOUND('',#7679,.F.);
#7679 = EDGE_LOOP('',(#7680,#7686,#7687,#7688,#7689,#7690,#7691,#7692));
#7680 = ORIENTED_EDGE('',*,*,#7681,.T.);
#7681 = EDGE_CURVE('',#7435,#7641,#7682,.T.);
#7682 = LINE('',#7683,#7684);
#7683 = CARTESIAN_POINT('',(-6.6,3.6,3.));
#7684 = VECTOR('',#7685,1.);
#7685 = DIRECTION('',(1.,0.,0.));
#7686 = ORIENTED_EDGE('',*,*,#7648,.F.);
#7687 = ORIENTED_EDGE('',*,*,#7616,.F.);
#7688 = ORIENTED_EDGE('',*,*,#7594,.F.);
#7689 = ORIENTED_EDGE('',*,*,#7568,.F.);
#7690 = ORIENTED_EDGE('',*,*,#7546,.T.);
#7691 = ORIENTED_EDGE('',*,*,#7664,.F.);
#7692 = ORIENTED_EDGE('',*,*,#7444,.T.);
#7693 = PLANE('',#7694);
#7694 = AXIS2_PLACEMENT_3D('',#7695,#7696,#7697);
#7695 = CARTESIAN_POINT('',(-6.6,3.6,3.));
#7696 = DIRECTION('',(0.,0.,1.));
#7697 = DIRECTION('',(1.,0.,-0.));
#7698 = ADVANCED_FACE('',(#7699),#7705,.F.);
#7699 = FACE_BOUND('',#7700,.F.);
#7700 = EDGE_LOOP('',(#7701,#7702,#7703,#7704));
#7701 = ORIENTED_EDGE('',*,*,#7681,.F.);
#7702 = ORIENTED_EDGE('',*,*,#7434,.T.);
#7703 = ORIENTED_EDGE('',*,*,#7475,.F.);
#7704 = ORIENTED_EDGE('',*,*,#7640,.F.);
#7705 = PLANE('',#7706);
#7706 = AXIS2_PLACEMENT_3D('',#7707,#7708,#7709);
#7707 = CARTESIAN_POINT('',(-6.6,3.6,3.));
#7708 = DIRECTION('',(0.,1.,0.));
#7709 = DIRECTION('',(0.,-0.,1.));
#7710 = ( GEOMETRIC_REPRESENTATION_CONTEXT(3) 
GLOBAL_UNCERTAINTY_ASSIGNED_CONTEXT((#7714)) 
GLOBAL_UNIT_ASSIGNED_CONTEXT((#7711,#7712,#7713)) REPRESENTATION_CONTEXT
('Context #1','3D Context with UNIT and UNCERTAINTY') );
#7711 = ( LENGTH_UNIT() NAMED_UNIT(*) SI_UNIT(.MILLI.,.METRE.) );
#7712 = ( NAMED_UNIT(*) PLANE_ANGLE_UNIT() SI_UNIT($,.RADIAN.) );
#7713 = ( NAMED_UNIT(*) SI_UNIT($,.STERADIAN.) SOLID_ANGLE_UNIT() );
#7714 = UNCERTAINTY_MEASURE_WITH_UNIT(LENGTH_MEASURE(1.E-07),#7711,
  'distance_accuracy_value','confusion accuracy');
#7715 = CONTEXT_DEPENDENT_SHAPE_REPRESENTATION(#7716,#7718);
#7716 = ( REPRESENTATION_RELATIONSHIP('','',#7427,#7404) 
REPRESENTATION_RELATIONSHIP_WITH_TRANSFORMATION(#7717) 
SHAPE_REPRESENTATION_RELATIONSHIP() );
#7717 = ITEM_DEFINED_TRANSFORMATION('','',#11,#7405);
#7718 = PRODUCT_DEFINITION_SHAPE('Placement','Placement of an item',
  #7719);
#7719 = NEXT_ASSEMBLY_USAGE_OCCURRENCE('35','p0','',#7399,#7422,$);
#7720 = PRODUCT_RELATED_PRODUCT_CATEGORY('part',$,(#7424));
#7721 = SHAPE_DEFINITION_REPRESENTATION(#7722,#7728);
#7722 = PRODUCT_DEFINITION_SHAPE('','',#7723);
#7723 = PRODUCT_DEFINITION('design','',#7724,#7727);
#7724 = PRODUCT_DEFINITION_FORMATION('','',#7725);
#7725 = PRODUCT('TerminalBlock_Phoenix_MKDS-5-2-9.5_1x02_P9.52mm',
  'TerminalBlock_Phoenix_MKDS-5-2-9.5_1x02_P9.52mm','',(#7726));
#7726 = PRODUCT_CONTEXT('',#2,'mechanical');
#7727 = PRODUCT_DEFINITION_CONTEXT('part definition',#2,'design');
#7728 = SHAPE_REPRESENTATION('',(#11,#7729),#7733);
#7729 = AXIS2_PLACEMENT_3D('',#7730,#7731,#7732);
#7730 = CARTESIAN_POINT('',(0.,0.,0.));
#7731 = DIRECTION('',(0.,0.,1.));
#7732 = DIRECTION('',(1.,0.,-0.));
#7733 = ( GEOMETRIC_REPRESENTATION_CONTEXT(3) 
GLOBAL_UNCERTAINTY_ASSIGNED_CONTEXT((#7737)) 
GLOBAL_UNIT_ASSIGNED_CONTEXT((#7734,#7735,#7736)) REPRESENTATION_CONTEXT
('Context #1','3D Context with UNIT and UNCERTAINTY') );
#7734 = ( LENGTH_UNIT() NAMED_UNIT(*) SI_UNIT(.MILLI.,.METRE.) );
#7735 = ( NAMED_UNIT(*) PLANE_ANGLE_UNIT() SI_UNIT($,.RADIAN.) );
#7736 = ( NAMED_UNIT(*) SI_UNIT($,.STERADIAN.) SOLID_ANGLE_UNIT() );
#7737 = UNCERTAINTY_MEASURE_WITH_UNIT(LENGTH_MEASURE(1.E-07),#7734,
  'distance_accuracy_value','confusion accuracy');
#7738 = CONTEXT_DEPENDENT_SHAPE_REPRESENTATION(#7739,#7741);
#7739 = ( REPRESENTATION_RELATIONSHIP('','',#7728,#10) 
REPRESENTATION_RELATIONSHIP_WITH_TRANSFORMATION(#7740) 
SHAPE_REPRESENTATION_RELATIONSHIP() );
#7740 = ITEM_DEFINED_TRANSFORMATION('','',#11,#95);
#7741 = PRODUCT_DEFINITION_SHAPE('Placement','Placement of an item',
  #7742);
#7742 = NEXT_ASSEMBLY_USAGE_OCCURRENCE('41','J4','',#5,#7723,$);
#7743 = PRODUCT_RELATED_PRODUCT_CATEGORY('part',$,(#7725));
#7744 = SHAPE_DEFINITION_REPRESENTATION(#7745,#7751);
#7745 = PRODUCT_DEFINITION_SHAPE('','',#7746);
#7746 = PRODUCT_DEFINITION('design','',#7747,#7750);
#7747 = PRODUCT_DEFINITION_FORMATION('','',#7748);
#7748 = PRODUCT('TerminalBlock_Phoenix_MKDS-5-2-9.5_1x02_P9.52mm',
  'TerminalBlock_Phoenix_MKDS-5-2-9.5_1x02_P9.52mm','',(#7749));
#7749 = PRODUCT_CONTEXT('',#2,'mechanical');
#7750 = PRODUCT_DEFINITION_CONTEXT('part definition',#2,'design');
#7751 = SHAPE_REPRESENTATION('',(#11,#7752,#7756),#7760);
#7752 = AXIS2_PLACEMENT_3D('',#7753,#7754,#7755);
#7753 = CARTESIAN_POINT('',(0.,0.,0.));
#7754 = DIRECTION('',(0.,0.,1.));
#7755 = DIRECTION('',(1.,0.,0.));
#7756 = AXIS2_PLACEMENT_3D('',#7757,#7758,#7759);
#7757 = CARTESIAN_POINT('',(0.,0.,0.));
#7758 = DIRECTION('',(0.,0.,1.));
#7759 = DIRECTION('',(1.,0.,0.));
#7760 = ( GEOMETRIC_REPRESENTATION_CONTEXT(3) 
GLOBAL_UNCERTAINTY_ASSIGNED_CONTEXT((#7764)) 
GLOBAL_UNIT_ASSIGNED_CONTEXT((#7761,#7762,#7763)) REPRESENTATION_CONTEXT
('Context #1','3D Context with UNIT and UNCERTAINTY') );
#7761 = ( LENGTH_UNIT() NAMED_UNIT(*) SI_UNIT(.MILLI.,.METRE.) );
#7762 = ( NAMED_UNIT(*) PLANE_ANGLE_UNIT() SI_UNIT($,.RADIAN.) );
#7763 = ( NAMED_UNIT(*) SI_UNIT($,.STERADIAN.) SOLID_ANGLE_UNIT() );
#7764 = UNCERTAINTY_MEASURE_WITH_UNIT(LENGTH_MEASURE(1.E-07),#7761,
  'distance_accuracy_value','confusion accuracy');
#7765 = CONTEXT_DEPENDENT_SHAPE_REPRESENTATION(#7766,#7768);
#7766 = ( REPRESENTATION_RELATIONSHIP('','',#7751,#7728) 
REPRESENTATION_RELATIONSHIP_WITH_TRANSFORMATION(#7767) 
SHAPE_REPRESENTATION_RELATIONSHIP() );
#7767 = ITEM_DEFINED_TRANSFORMATION('','',#11,#7729);
#7768 = PRODUCT_DEFINITION_SHAPE('Placement','Placement of an item',
  #7769);
#7769 = NEXT_ASSEMBLY_USAGE_OCCURRENCE('40','=>[0:1:1:32]','',#7723,
  #7746,$);
#7770 = PRODUCT_RELATED_PRODUCT_CATEGORY('part',$,(#7748));
#7771 = SHAPE_DEFINITION_REPRESENTATION(#7772,#7778);
#7772 = PRODUCT_DEFINITION_SHAPE('','',#7773);
#7773 = PRODUCT_DEFINITION('design','',#7774,#7777);
#7774 = PRODUCT_DEFINITION_FORMATION('','',#7775);
#7775 = PRODUCT('p0','p0','',(#7776));
#7776 = PRODUCT_CONTEXT('',#2,'mechanical');
#7777 = PRODUCT_DEFINITION_CONTEXT('part definition',#2,'design');
#7778 = ADVANCED_BREP_SHAPE_REPRESENTATION('',(#11,#7779),#8303);
#7779 = MANIFOLD_SOLID_BREP('',#7780);
#7780 = CLOSED_SHELL('',(#7781,#7821,#7852,#7898,#7990,#8007,#8019,#8044
    ,#8069,#8100,#8124,#8148,#8165,#8196,#8220,#8244,#8261,#8270,#8279,
    #8291));
#7781 = ADVANCED_FACE('',(#7782),#7816,.F.);
#7782 = FACE_BOUND('',#7783,.F.);
#7783 = EDGE_LOOP('',(#7784,#7794,#7802,#7810));
#7784 = ORIENTED_EDGE('',*,*,#7785,.F.);
#7785 = EDGE_CURVE('',#7786,#7788,#7790,.T.);
#7786 = VERTEX_POINT('',#7787);
#7787 = CARTESIAN_POINT('',(-4.765,-4.6,0.));
#7788 = VERTEX_POINT('',#7789);
#7789 = CARTESIAN_POINT('',(-4.765,-4.6,21.5));
#7790 = LINE('',#7791,#7792);
#7791 = CARTESIAN_POINT('',(-4.765,-4.6,0.));
#7792 = VECTOR('',#7793,1.);
#7793 = DIRECTION('',(0.,0.,1.));
#7794 = ORIENTED_EDGE('',*,*,#7795,.T.);
#7795 = EDGE_CURVE('',#7786,#7796,#7798,.T.);
#7796 = VERTEX_POINT('',#7797);
#7797 = CARTESIAN_POINT('',(-4.765,7.9,0.));
#7798 = LINE('',#7799,#7800);
#7799 = CARTESIAN_POINT('',(-4.765,-4.6,0.));
#7800 = VECTOR('',#7801,1.);
#7801 = DIRECTION('',(0.,1.,0.));
#7802 = ORIENTED_EDGE('',*,*,#7803,.T.);
#7803 = EDGE_CURVE('',#7796,#7804,#7806,.T.);
#7804 = VERTEX_POINT('',#7805);
#7805 = CARTESIAN_POINT('',(-4.765,7.9,21.5));
#7806 = LINE('',#7807,#7808);
#7807 = CARTESIAN_POINT('',(-4.765,7.9,0.));
#7808 = VECTOR('',#7809,1.);
#7809 = DIRECTION('',(0.,0.,1.));
#7810 = ORIENTED_EDGE('',*,*,#7811,.F.);
#7811 = EDGE_CURVE('',#7788,#7804,#7812,.T.);
#7812 = LINE('',#7813,#7814);
#7813 = CARTESIAN_POINT('',(-4.765,-4.6,21.5));
#7814 = VECTOR('',#7815,1.);
#7815 = DIRECTION('',(0.,1.,0.));
#7816 = PLANE('',#7817);
#7817 = AXIS2_PLACEMENT_3D('',#7818,#7819,#7820);
#7818 = CARTESIAN_POINT('',(-4.765,-4.6,0.));
#7819 = DIRECTION('',(1.,0.,0.));
#7820 = DIRECTION('',(0.,0.,1.));
#7821 = ADVANCED_FACE('',(#7822),#7847,.F.);
#7822 = FACE_BOUND('',#7823,.F.);
#7823 = EDGE_LOOP('',(#7824,#7832,#7833,#7841));
#7824 = ORIENTED_EDGE('',*,*,#7825,.F.);
#7825 = EDGE_CURVE('',#7786,#7826,#7828,.T.);
#7826 = VERTEX_POINT('',#7827);
#7827 = CARTESIAN_POINT('',(14.285,-4.6,0.));
#7828 = LINE('',#7829,#7830);
#7829 = CARTESIAN_POINT('',(-4.765,-4.6,0.));
#7830 = VECTOR('',#7831,1.);
#7831 = DIRECTION('',(1.,0.,0.));
#7832 = ORIENTED_EDGE('',*,*,#7785,.T.);
#7833 = ORIENTED_EDGE('',*,*,#7834,.T.);
#7834 = EDGE_CURVE('',#7788,#7835,#7837,.T.);
#7835 = VERTEX_POINT('',#7836);
#7836 = CARTESIAN_POINT('',(14.285,-4.6,21.5));
#7837 = LINE('',#7838,#7839);
#7838 = CARTESIAN_POINT('',(-4.765,-4.6,21.5));
#7839 = VECTOR('',#7840,1.);
#7840 = DIRECTION('',(1.,0.,0.));
#7841 = ORIENTED_EDGE('',*,*,#7842,.F.);
#7842 = EDGE_CURVE('',#7826,#7835,#7843,.T.);
#7843 = LINE('',#7844,#7845);
#7844 = CARTESIAN_POINT('',(14.285,-4.6,0.));
#7845 = VECTOR('',#7846,1.);
#7846 = DIRECTION('',(0.,0.,1.));
#7847 = PLANE('',#7848);
#7848 = AXIS2_PLACEMENT_3D('',#7849,#7850,#7851);
#7849 = CARTESIAN_POINT('',(-4.765,-4.6,0.));
#7850 = DIRECTION('',(0.,1.,0.));
#7851 = DIRECTION('',(0.,-0.,1.));
#7852 = ADVANCED_FACE('',(#7853,#7871,#7882),#7893,.T.);
#7853 = FACE_BOUND('',#7854,.T.);
#7854 = EDGE_LOOP('',(#7855,#7856,#7857,#7865));
#7855 = ORIENTED_EDGE('',*,*,#7811,.F.);
#7856 = ORIENTED_EDGE('',*,*,#7834,.T.);
#7857 = ORIENTED_EDGE('',*,*,#7858,.T.);
#7858 = EDGE_CURVE('',#7835,#7859,#7861,.T.);
#7859 = VERTEX_POINT('',#7860);
#7860 = CARTESIAN_POINT('',(14.285,7.9,21.5));
#7861 = LINE('',#7862,#7863);
#7862 = CARTESIAN_POINT('',(14.285,-4.6,21.5));
#7863 = VECTOR('',#7864,1.);
#7864 = DIRECTION('',(0.,1.,0.));
#7865 = ORIENTED_EDGE('',*,*,#7866,.F.);
#7866 = EDGE_CURVE('',#7804,#7859,#7867,.T.);
#7867 = LINE('',#7868,#7869);
#7868 = CARTESIAN_POINT('',(-4.765,7.9,21.5));
#7869 = VECTOR('',#7870,1.);
#7870 = DIRECTION('',(1.,0.,0.));
#7871 = FACE_BOUND('',#7872,.T.);
#7872 = EDGE_LOOP('',(#7873));
#7873 = ORIENTED_EDGE('',*,*,#7874,.T.);
#7874 = EDGE_CURVE('',#7875,#7875,#7877,.T.);
#7875 = VERTEX_POINT('',#7876);
#7876 = CARTESIAN_POINT('',(2.8,1.5,21.5));
#7877 = CIRCLE('',#7878,2.8);
#7878 = AXIS2_PLACEMENT_3D('',#7879,#7880,#7881);
#7879 = CARTESIAN_POINT('',(0.,1.5,21.5));
#7880 = DIRECTION('',(0.,0.,-1.));
#7881 = DIRECTION('',(1.,0.,0.));
#7882 = FACE_BOUND('',#7883,.T.);
#7883 = EDGE_LOOP('',(#7884));
#7884 = ORIENTED_EDGE('',*,*,#7885,.T.);
#7885 = EDGE_CURVE('',#7886,#7886,#7888,.T.);
#7886 = VERTEX_POINT('',#7887);
#7887 = CARTESIAN_POINT('',(12.32,1.5,21.5));
#7888 = CIRCLE('',#7889,2.8);
#7889 = AXIS2_PLACEMENT_3D('',#7890,#7891,#7892);
#7890 = CARTESIAN_POINT('',(9.52,1.5,21.5));
#7891 = DIRECTION('',(0.,0.,-1.));
#7892 = DIRECTION('',(1.,0.,0.));
#7893 = PLANE('',#7894);
#7894 = AXIS2_PLACEMENT_3D('',#7895,#7896,#7897);
#7895 = CARTESIAN_POINT('',(-4.765,-4.6,21.5));
#7896 = DIRECTION('',(0.,0.,1.));
#7897 = DIRECTION('',(1.,0.,-0.));
#7898 = ADVANCED_FACE('',(#7899,#7917,#7951),#7985,.T.);
#7899 = FACE_BOUND('',#7900,.T.);
#7900 = EDGE_LOOP('',(#7901,#7909,#7910,#7911));
#7901 = ORIENTED_EDGE('',*,*,#7902,.F.);
#7902 = EDGE_CURVE('',#7796,#7903,#7905,.T.);
#7903 = VERTEX_POINT('',#7904);
#7904 = CARTESIAN_POINT('',(14.285,7.9,0.));
#7905 = LINE('',#7906,#7907);
#7906 = CARTESIAN_POINT('',(-4.765,7.9,0.));
#7907 = VECTOR('',#7908,1.);
#7908 = DIRECTION('',(1.,0.,0.));
#7909 = ORIENTED_EDGE('',*,*,#7803,.T.);
#7910 = ORIENTED_EDGE('',*,*,#7866,.T.);
#7911 = ORIENTED_EDGE('',*,*,#7912,.F.);
#7912 = EDGE_CURVE('',#7903,#7859,#7913,.T.);
#7913 = LINE('',#7914,#7915);
#7914 = CARTESIAN_POINT('',(14.285,7.9,0.));
#7915 = VECTOR('',#7916,1.);
#7916 = DIRECTION('',(0.,0.,1.));
#7917 = FACE_BOUND('',#7918,.T.);
#7918 = EDGE_LOOP('',(#7919,#7929,#7937,#7945));
#7919 = ORIENTED_EDGE('',*,*,#7920,.F.);
#7920 = EDGE_CURVE('',#7921,#7923,#7925,.T.);
#7921 = VERTEX_POINT('',#7922);
#7922 = CARTESIAN_POINT('',(-2.6,7.9,9.));
#7923 = VERTEX_POINT('',#7924);
#7924 = CARTESIAN_POINT('',(2.6,7.9,9.));
#7925 = LINE('',#7926,#7927);
#7926 = CARTESIAN_POINT('',(-3.6825,7.9,9.));
#7927 = VECTOR('',#7928,1.);
#7928 = DIRECTION('',(1.,0.,0.));
#7929 = ORIENTED_EDGE('',*,*,#7930,.T.);
#7930 = EDGE_CURVE('',#7921,#7931,#7933,.T.);
#7931 = VERTEX_POINT('',#7932);
#7932 = CARTESIAN_POINT('',(-2.6,7.9,3.));
#7933 = LINE('',#7934,#7935);
#7934 = CARTESIAN_POINT('',(-2.6,7.9,1.5));
#7935 = VECTOR('',#7936,1.);
#7936 = DIRECTION('',(0.,0.,-1.));
#7937 = ORIENTED_EDGE('',*,*,#7938,.T.);
#7938 = EDGE_CURVE('',#7931,#7939,#7941,.T.);
#7939 = VERTEX_POINT('',#7940);
#7940 = CARTESIAN_POINT('',(2.6,7.9,3.));
#7941 = LINE('',#7942,#7943);
#7942 = CARTESIAN_POINT('',(-3.6825,7.9,3.));
#7943 = VECTOR('',#7944,1.);
#7944 = DIRECTION('',(1.,0.,0.));
#7945 = ORIENTED_EDGE('',*,*,#7946,.F.);
#7946 = EDGE_CURVE('',#7923,#7939,#7947,.T.);
#7947 = LINE('',#7948,#7949);
#7948 = CARTESIAN_POINT('',(2.6,7.9,1.5));
#7949 = VECTOR('',#7950,1.);
#7950 = DIRECTION('',(0.,0.,-1.));
#7951 = FACE_BOUND('',#7952,.T.);
#7952 = EDGE_LOOP('',(#7953,#7963,#7971,#7979));
#7953 = ORIENTED_EDGE('',*,*,#7954,.F.);
#7954 = EDGE_CURVE('',#7955,#7957,#7959,.T.);
#7955 = VERTEX_POINT('',#7956);
#7956 = CARTESIAN_POINT('',(6.92,7.9,9.));
#7957 = VERTEX_POINT('',#7958);
#7958 = CARTESIAN_POINT('',(12.12,7.9,9.));
#7959 = LINE('',#7960,#7961);
#7960 = CARTESIAN_POINT('',(1.0775,7.9,9.));
#7961 = VECTOR('',#7962,1.);
#7962 = DIRECTION('',(1.,0.,0.));
#7963 = ORIENTED_EDGE('',*,*,#7964,.T.);
#7964 = EDGE_CURVE('',#7955,#7965,#7967,.T.);
#7965 = VERTEX_POINT('',#7966);
#7966 = CARTESIAN_POINT('',(6.92,7.9,3.));
#7967 = LINE('',#7968,#7969);
#7968 = CARTESIAN_POINT('',(6.92,7.9,1.5));
#7969 = VECTOR('',#7970,1.);
#7970 = DIRECTION('',(0.,0.,-1.));
#7971 = ORIENTED_EDGE('',*,*,#7972,.T.);
#7972 = EDGE_CURVE('',#7965,#7973,#7975,.T.);
#7973 = VERTEX_POINT('',#7974);
#7974 = CARTESIAN_POINT('',(12.12,7.9,3.));
#7975 = LINE('',#7976,#7977);
#7976 = CARTESIAN_POINT('',(1.0775,7.9,3.));
#7977 = VECTOR('',#7978,1.);
#7978 = DIRECTION('',(1.,0.,0.));
#7979 = ORIENTED_EDGE('',*,*,#7980,.F.);
#7980 = EDGE_CURVE('',#7957,#7973,#7981,.T.);
#7981 = LINE('',#7982,#7983);
#7982 = CARTESIAN_POINT('',(12.12,7.9,1.5));
#7983 = VECTOR('',#7984,1.);
#7984 = DIRECTION('',(0.,0.,-1.));
#7985 = PLANE('',#7986);
#7986 = AXIS2_PLACEMENT_3D('',#7987,#7988,#7989);
#7987 = CARTESIAN_POINT('',(-4.765,7.9,0.));
#7988 = DIRECTION('',(0.,1.,0.));
#7989 = DIRECTION('',(0.,-0.,1.));
#7990 = ADVANCED_FACE('',(#7991),#8002,.F.);
#7991 = FACE_BOUND('',#7992,.F.);
#7992 = EDGE_LOOP('',(#7993,#7994,#7995,#8001));
#7993 = ORIENTED_EDGE('',*,*,#7795,.F.);
#7994 = ORIENTED_EDGE('',*,*,#7825,.T.);
#7995 = ORIENTED_EDGE('',*,*,#7996,.T.);
#7996 = EDGE_CURVE('',#7826,#7903,#7997,.T.);
#7997 = LINE('',#7998,#7999);
#7998 = CARTESIAN_POINT('',(14.285,-4.6,0.));
#7999 = VECTOR('',#8000,1.);
#8000 = DIRECTION('',(0.,1.,0.));
#8001 = ORIENTED_EDGE('',*,*,#7902,.F.);
#8002 = PLANE('',#8003);
#8003 = AXIS2_PLACEMENT_3D('',#8004,#8005,#8006);
#8004 = CARTESIAN_POINT('',(-4.765,-4.6,0.));
#8005 = DIRECTION('',(0.,0.,1.));
#8006 = DIRECTION('',(1.,0.,-0.));
#8007 = ADVANCED_FACE('',(#8008),#8014,.T.);
#8008 = FACE_BOUND('',#8009,.T.);
#8009 = EDGE_LOOP('',(#8010,#8011,#8012,#8013));
#8010 = ORIENTED_EDGE('',*,*,#7842,.F.);
#8011 = ORIENTED_EDGE('',*,*,#7996,.T.);
#8012 = ORIENTED_EDGE('',*,*,#7912,.T.);
#8013 = ORIENTED_EDGE('',*,*,#7858,.F.);
#8014 = PLANE('',#8015);
#8015 = AXIS2_PLACEMENT_3D('',#8016,#8017,#8018);
#8016 = CARTESIAN_POINT('',(14.285,-4.6,0.));
#8017 = DIRECTION('',(1.,0.,0.));
#8018 = DIRECTION('',(0.,0.,1.));
#8019 = ADVANCED_FACE('',(#8020),#8039,.F.);
#8020 = FACE_BOUND('',#8021,.F.);
#8021 = EDGE_LOOP('',(#8022,#8030,#8031,#8032));
#8022 = ORIENTED_EDGE('',*,*,#8023,.T.);
#8023 = EDGE_CURVE('',#8024,#7875,#8026,.T.);
#8024 = VERTEX_POINT('',#8025);
#8025 = CARTESIAN_POINT('',(2.8,1.5,17.5));
#8026 = LINE('',#8027,#8028);
#8027 = CARTESIAN_POINT('',(2.8,1.5,17.5));
#8028 = VECTOR('',#8029,1.);
#8029 = DIRECTION('',(0.,0.,1.));
#8030 = ORIENTED_EDGE('',*,*,#7874,.T.);
#8031 = ORIENTED_EDGE('',*,*,#8023,.F.);
#8032 = ORIENTED_EDGE('',*,*,#8033,.T.);
#8033 = EDGE_CURVE('',#8024,#8024,#8034,.T.);
#8034 = CIRCLE('',#8035,2.8);
#8035 = AXIS2_PLACEMENT_3D('',#8036,#8037,#8038);
#8036 = CARTESIAN_POINT('',(0.,1.5,17.5));
#8037 = DIRECTION('',(0.,0.,1.));
#8038 = DIRECTION('',(1.,0.,-0.));
#8039 = CYLINDRICAL_SURFACE('',#8040,2.8);
#8040 = AXIS2_PLACEMENT_3D('',#8041,#8042,#8043);
#8041 = CARTESIAN_POINT('',(0.,1.5,17.5));
#8042 = DIRECTION('',(-0.,-0.,-1.));
#8043 = DIRECTION('',(1.,0.,0.));
#8044 = ADVANCED_FACE('',(#8045),#8064,.F.);
#8045 = FACE_BOUND('',#8046,.F.);
#8046 = EDGE_LOOP('',(#8047,#8055,#8056,#8057));
#8047 = ORIENTED_EDGE('',*,*,#8048,.T.);
#8048 = EDGE_CURVE('',#8049,#7886,#8051,.T.);
#8049 = VERTEX_POINT('',#8050);
#8050 = CARTESIAN_POINT('',(12.32,1.5,17.5));
#8051 = LINE('',#8052,#8053);
#8052 = CARTESIAN_POINT('',(12.32,1.5,17.5));
#8053 = VECTOR('',#8054,1.);
#8054 = DIRECTION('',(0.,0.,1.));
#8055 = ORIENTED_EDGE('',*,*,#7885,.T.);
#8056 = ORIENTED_EDGE('',*,*,#8048,.F.);
#8057 = ORIENTED_EDGE('',*,*,#8058,.T.);
#8058 = EDGE_CURVE('',#8049,#8049,#8059,.T.);
#8059 = CIRCLE('',#8060,2.8);
#8060 = AXIS2_PLACEMENT_3D('',#8061,#8062,#8063);
#8061 = CARTESIAN_POINT('',(9.52,1.5,17.5));
#8062 = DIRECTION('',(0.,0.,1.));
#8063 = DIRECTION('',(1.,0.,-0.));
#8064 = CYLINDRICAL_SURFACE('',#8065,2.8);
#8065 = AXIS2_PLACEMENT_3D('',#8066,#8067,#8068);
#8066 = CARTESIAN_POINT('',(9.52,1.5,17.5));
#8067 = DIRECTION('',(-0.,-0.,-1.));
#8068 = DIRECTION('',(1.,0.,0.));
#8069 = ADVANCED_FACE('',(#8070),#8095,.F.);
#8070 = FACE_BOUND('',#8071,.F.);
#8071 = EDGE_LOOP('',(#8072,#8080,#8088,#8094));
#8072 = ORIENTED_EDGE('',*,*,#8073,.F.);
#8073 = EDGE_CURVE('',#8074,#7921,#8076,.T.);
#8074 = VERTEX_POINT('',#8075);
#8075 = CARTESIAN_POINT('',(-2.6,4.5,9.));
#8076 = LINE('',#8077,#8078);
#8077 = CARTESIAN_POINT('',(-2.6,4.5,9.));
#8078 = VECTOR('',#8079,1.);
#8079 = DIRECTION('',(0.,1.,0.));
#8080 = ORIENTED_EDGE('',*,*,#8081,.T.);
#8081 = EDGE_CURVE('',#8074,#8082,#8084,.T.);
#8082 = VERTEX_POINT('',#8083);
#8083 = CARTESIAN_POINT('',(2.6,4.5,9.));
#8084 = LINE('',#8085,#8086);
#8085 = CARTESIAN_POINT('',(-2.6,4.5,9.));
#8086 = VECTOR('',#8087,1.);
#8087 = DIRECTION('',(1.,0.,0.));
#8088 = ORIENTED_EDGE('',*,*,#8089,.T.);
#8089 = EDGE_CURVE('',#8082,#7923,#8090,.T.);
#8090 = LINE('',#8091,#8092);
#8091 = CARTESIAN_POINT('',(2.6,4.5,9.));
#8092 = VECTOR('',#8093,1.);
#8093 = DIRECTION('',(0.,1.,0.));
#8094 = ORIENTED_EDGE('',*,*,#7920,.F.);
#8095 = PLANE('',#8096);
#8096 = AXIS2_PLACEMENT_3D('',#8097,#8098,#8099);
#8097 = CARTESIAN_POINT('',(-2.6,4.5,9.));
#8098 = DIRECTION('',(0.,0.,1.));
#8099 = DIRECTION('',(1.,0.,-0.));
#8100 = ADVANCED_FACE('',(#8101),#8119,.T.);
#8101 = FACE_BOUND('',#8102,.T.);
#8102 = EDGE_LOOP('',(#8103,#8104,#8112,#8118));
#8103 = ORIENTED_EDGE('',*,*,#8073,.F.);
#8104 = ORIENTED_EDGE('',*,*,#8105,.F.);
#8105 = EDGE_CURVE('',#8106,#8074,#8108,.T.);
#8106 = VERTEX_POINT('',#8107);
#8107 = CARTESIAN_POINT('',(-2.6,4.5,3.));
#8108 = LINE('',#8109,#8110);
#8109 = CARTESIAN_POINT('',(-2.6,4.5,3.));
#8110 = VECTOR('',#8111,1.);
#8111 = DIRECTION('',(0.,0.,1.));
#8112 = ORIENTED_EDGE('',*,*,#8113,.T.);
#8113 = EDGE_CURVE('',#8106,#7931,#8114,.T.);
#8114 = LINE('',#8115,#8116);
#8115 = CARTESIAN_POINT('',(-2.6,4.5,3.));
#8116 = VECTOR('',#8117,1.);
#8117 = DIRECTION('',(0.,1.,0.));
#8118 = ORIENTED_EDGE('',*,*,#7930,.F.);
#8119 = PLANE('',#8120);
#8120 = AXIS2_PLACEMENT_3D('',#8121,#8122,#8123);
#8121 = CARTESIAN_POINT('',(-2.6,4.5,3.));
#8122 = DIRECTION('',(1.,0.,0.));
#8123 = DIRECTION('',(0.,0.,1.));
#8124 = ADVANCED_FACE('',(#8125),#8143,.F.);
#8125 = FACE_BOUND('',#8126,.F.);
#8126 = EDGE_LOOP('',(#8127,#8128,#8136,#8142));
#8127 = ORIENTED_EDGE('',*,*,#8089,.F.);
#8128 = ORIENTED_EDGE('',*,*,#8129,.F.);
#8129 = EDGE_CURVE('',#8130,#8082,#8132,.T.);
#8130 = VERTEX_POINT('',#8131);
#8131 = CARTESIAN_POINT('',(2.6,4.5,3.));
#8132 = LINE('',#8133,#8134);
#8133 = CARTESIAN_POINT('',(2.6,4.5,3.));
#8134 = VECTOR('',#8135,1.);
#8135 = DIRECTION('',(0.,0.,1.));
#8136 = ORIENTED_EDGE('',*,*,#8137,.T.);
#8137 = EDGE_CURVE('',#8130,#7939,#8138,.T.);
#8138 = LINE('',#8139,#8140);
#8139 = CARTESIAN_POINT('',(2.6,4.5,3.));
#8140 = VECTOR('',#8141,1.);
#8141 = DIRECTION('',(0.,1.,0.));
#8142 = ORIENTED_EDGE('',*,*,#7946,.F.);
#8143 = PLANE('',#8144);
#8144 = AXIS2_PLACEMENT_3D('',#8145,#8146,#8147);
#8145 = CARTESIAN_POINT('',(2.6,4.5,3.));
#8146 = DIRECTION('',(1.,0.,0.));
#8147 = DIRECTION('',(0.,0.,1.));
#8148 = ADVANCED_FACE('',(#8149),#8160,.T.);
#8149 = FACE_BOUND('',#8150,.T.);
#8150 = EDGE_LOOP('',(#8151,#8152,#8158,#8159));
#8151 = ORIENTED_EDGE('',*,*,#8113,.F.);
#8152 = ORIENTED_EDGE('',*,*,#8153,.T.);
#8153 = EDGE_CURVE('',#8106,#8130,#8154,.T.);
#8154 = LINE('',#8155,#8156);
#8155 = CARTESIAN_POINT('',(-2.6,4.5,3.));
#8156 = VECTOR('',#8157,1.);
#8157 = DIRECTION('',(1.,0.,0.));
#8158 = ORIENTED_EDGE('',*,*,#8137,.T.);
#8159 = ORIENTED_EDGE('',*,*,#7938,.F.);
#8160 = PLANE('',#8161);
#8161 = AXIS2_PLACEMENT_3D('',#8162,#8163,#8164);
#8162 = CARTESIAN_POINT('',(-2.6,4.5,3.));
#8163 = DIRECTION('',(0.,0.,1.));
#8164 = DIRECTION('',(1.,0.,-0.));
#8165 = ADVANCED_FACE('',(#8166),#8191,.F.);
#8166 = FACE_BOUND('',#8167,.F.);
#8167 = EDGE_LOOP('',(#8168,#8176,#8184,#8190));
#8168 = ORIENTED_EDGE('',*,*,#8169,.F.);
#8169 = EDGE_CURVE('',#8170,#7955,#8172,.T.);
#8170 = VERTEX_POINT('',#8171);
#8171 = CARTESIAN_POINT('',(6.92,4.5,9.));
#8172 = LINE('',#8173,#8174);
#8173 = CARTESIAN_POINT('',(6.92,4.5,9.));
#8174 = VECTOR('',#8175,1.);
#8175 = DIRECTION('',(0.,1.,0.));
#8176 = ORIENTED_EDGE('',*,*,#8177,.T.);
#8177 = EDGE_CURVE('',#8170,#8178,#8180,.T.);
#8178 = VERTEX_POINT('',#8179);
#8179 = CARTESIAN_POINT('',(12.12,4.5,9.));
#8180 = LINE('',#8181,#8182);
#8181 = CARTESIAN_POINT('',(6.92,4.5,9.));
#8182 = VECTOR('',#8183,1.);
#8183 = DIRECTION('',(1.,0.,0.));
#8184 = ORIENTED_EDGE('',*,*,#8185,.T.);
#8185 = EDGE_CURVE('',#8178,#7957,#8186,.T.);
#8186 = LINE('',#8187,#8188);
#8187 = CARTESIAN_POINT('',(12.12,4.5,9.));
#8188 = VECTOR('',#8189,1.);
#8189 = DIRECTION('',(0.,1.,0.));
#8190 = ORIENTED_EDGE('',*,*,#7954,.F.);
#8191 = PLANE('',#8192);
#8192 = AXIS2_PLACEMENT_3D('',#8193,#8194,#8195);
#8193 = CARTESIAN_POINT('',(6.92,4.5,9.));
#8194 = DIRECTION('',(0.,0.,1.));
#8195 = DIRECTION('',(1.,0.,-0.));
#8196 = ADVANCED_FACE('',(#8197),#8215,.F.);
#8197 = FACE_BOUND('',#8198,.F.);
#8198 = EDGE_LOOP('',(#8199,#8200,#8208,#8214));
#8199 = ORIENTED_EDGE('',*,*,#8185,.F.);
#8200 = ORIENTED_EDGE('',*,*,#8201,.F.);
#8201 = EDGE_CURVE('',#8202,#8178,#8204,.T.);
#8202 = VERTEX_POINT('',#8203);
#8203 = CARTESIAN_POINT('',(12.12,4.5,3.));
#8204 = LINE('',#8205,#8206);
#8205 = CARTESIAN_POINT('',(12.12,4.5,3.));
#8206 = VECTOR('',#8207,1.);
#8207 = DIRECTION('',(0.,0.,1.));
#8208 = ORIENTED_EDGE('',*,*,#8209,.T.);
#8209 = EDGE_CURVE('',#8202,#7973,#8210,.T.);
#8210 = LINE('',#8211,#8212);
#8211 = CARTESIAN_POINT('',(12.12,4.5,3.));
#8212 = VECTOR('',#8213,1.);
#8213 = DIRECTION('',(0.,1.,0.));
#8214 = ORIENTED_EDGE('',*,*,#7980,.F.);
#8215 = PLANE('',#8216);
#8216 = AXIS2_PLACEMENT_3D('',#8217,#8218,#8219);
#8217 = CARTESIAN_POINT('',(12.12,4.5,3.));
#8218 = DIRECTION('',(1.,0.,0.));
#8219 = DIRECTION('',(0.,0.,1.));
#8220 = ADVANCED_FACE('',(#8221),#8239,.T.);
#8221 = FACE_BOUND('',#8222,.T.);
#8222 = EDGE_LOOP('',(#8223,#8231,#8237,#8238));
#8223 = ORIENTED_EDGE('',*,*,#8224,.F.);
#8224 = EDGE_CURVE('',#8225,#7965,#8227,.T.);
#8225 = VERTEX_POINT('',#8226);
#8226 = CARTESIAN_POINT('',(6.92,4.5,3.));
#8227 = LINE('',#8228,#8229);
#8228 = CARTESIAN_POINT('',(6.92,4.5,3.));
#8229 = VECTOR('',#8230,1.);
#8230 = DIRECTION('',(0.,1.,0.));
#8231 = ORIENTED_EDGE('',*,*,#8232,.T.);
#8232 = EDGE_CURVE('',#8225,#8202,#8233,.T.);
#8233 = LINE('',#8234,#8235);
#8234 = CARTESIAN_POINT('',(6.92,4.5,3.));
#8235 = VECTOR('',#8236,1.);
#8236 = DIRECTION('',(1.,0.,0.));
#8237 = ORIENTED_EDGE('',*,*,#8209,.T.);
#8238 = ORIENTED_EDGE('',*,*,#7972,.F.);
#8239 = PLANE('',#8240);
#8240 = AXIS2_PLACEMENT_3D('',#8241,#8242,#8243);
#8241 = CARTESIAN_POINT('',(6.92,4.5,3.));
#8242 = DIRECTION('',(0.,0.,1.));
#8243 = DIRECTION('',(1.,0.,-0.));
#8244 = ADVANCED_FACE('',(#8245),#8256,.T.);
#8245 = FACE_BOUND('',#8246,.T.);
#8246 = EDGE_LOOP('',(#8247,#8248,#8254,#8255));
#8247 = ORIENTED_EDGE('',*,*,#8169,.F.);
#8248 = ORIENTED_EDGE('',*,*,#8249,.F.);
#8249 = EDGE_CURVE('',#8225,#8170,#8250,.T.);
#8250 = LINE('',#8251,#8252);
#8251 = CARTESIAN_POINT('',(6.92,4.5,3.));
#8252 = VECTOR('',#8253,1.);
#8253 = DIRECTION('',(0.,0.,1.));
#8254 = ORIENTED_EDGE('',*,*,#8224,.T.);
#8255 = ORIENTED_EDGE('',*,*,#7964,.F.);
#8256 = PLANE('',#8257);
#8257 = AXIS2_PLACEMENT_3D('',#8258,#8259,#8260);
#8258 = CARTESIAN_POINT('',(6.92,4.5,3.));
#8259 = DIRECTION('',(1.,0.,0.));
#8260 = DIRECTION('',(0.,0.,1.));
#8261 = ADVANCED_FACE('',(#8262),#8265,.T.);
#8262 = FACE_BOUND('',#8263,.T.);
#8263 = EDGE_LOOP('',(#8264));
#8264 = ORIENTED_EDGE('',*,*,#8033,.T.);
#8265 = PLANE('',#8266);
#8266 = AXIS2_PLACEMENT_3D('',#8267,#8268,#8269);
#8267 = CARTESIAN_POINT('',(-1.831393034651E-16,1.5,17.5));
#8268 = DIRECTION('',(0.,0.,1.));
#8269 = DIRECTION('',(1.,0.,-0.));
#8270 = ADVANCED_FACE('',(#8271),#8274,.T.);
#8271 = FACE_BOUND('',#8272,.T.);
#8272 = EDGE_LOOP('',(#8273));
#8273 = ORIENTED_EDGE('',*,*,#8058,.T.);
#8274 = PLANE('',#8275);
#8275 = AXIS2_PLACEMENT_3D('',#8276,#8277,#8278);
#8276 = CARTESIAN_POINT('',(9.52,1.5,17.5));
#8277 = DIRECTION('',(0.,0.,1.));
#8278 = DIRECTION('',(1.,0.,-0.));
#8279 = ADVANCED_FACE('',(#8280),#8286,.T.);
#8280 = FACE_BOUND('',#8281,.T.);
#8281 = EDGE_LOOP('',(#8282,#8283,#8284,#8285));
#8282 = ORIENTED_EDGE('',*,*,#8153,.F.);
#8283 = ORIENTED_EDGE('',*,*,#8105,.T.);
#8284 = ORIENTED_EDGE('',*,*,#8081,.T.);
#8285 = ORIENTED_EDGE('',*,*,#8129,.F.);
#8286 = PLANE('',#8287);
#8287 = AXIS2_PLACEMENT_3D('',#8288,#8289,#8290);
#8288 = CARTESIAN_POINT('',(-2.6,4.5,3.));
#8289 = DIRECTION('',(0.,1.,0.));
#8290 = DIRECTION('',(0.,-0.,1.));
#8291 = ADVANCED_FACE('',(#8292),#8298,.T.);
#8292 = FACE_BOUND('',#8293,.T.);
#8293 = EDGE_LOOP('',(#8294,#8295,#8296,#8297));
#8294 = ORIENTED_EDGE('',*,*,#8232,.F.);
#8295 = ORIENTED_EDGE('',*,*,#8249,.T.);
#8296 = ORIENTED_EDGE('',*,*,#8177,.T.);
#8297 = ORIENTED_EDGE('',*,*,#8201,.F.);
#8298 = PLANE('',#8299);
#8299 = AXIS2_PLACEMENT_3D('',#8300,#8301,#8302);
#8300 = CARTESIAN_POINT('',(6.92,4.5,3.));
#8301 = DIRECTION('',(0.,1.,0.));
#8302 = DIRECTION('',(0.,-0.,1.));
#8303 = ( GEOMETRIC_REPRESENTATION_CONTEXT(3) 
GLOBAL_UNCERTAINTY_ASSIGNED_CONTEXT((#8307)) 
GLOBAL_UNIT_ASSIGNED_CONTEXT((#8304,#8305,#8306)) REPRESENTATION_CONTEXT
('Context #1','3D Context with UNIT and UNCERTAINTY') );
#8304 = ( LENGTH_UNIT() NAMED_UNIT(*) SI_UNIT(.MILLI.,.METRE.) );
#8305 = ( NAMED_UNIT(*) PLANE_ANGLE_UNIT() SI_UNIT($,.RADIAN.) );
#8306 = ( NAMED_UNIT(*) SI_UNIT($,.STERADIAN.) SOLID_ANGLE_UNIT() );
#8307 = UNCERTAINTY_MEASURE_WITH_UNIT(LENGTH_MEASURE(1.E-07),#8304,
  'distance_accuracy_value','confusion accuracy');
#8308 = CONTEXT_DEPENDENT_SHAPE_REPRESENTATION(#8309,#8311);
#8309 = ( REPRESENTATION_RELATIONSHIP('','',#7778,#7751) 
REPRESENTATION_RELATIONSHIP_WITH_TRANSFORMATION(#8310) 
SHAPE_REPRESENTATION_RELATIONSHIP() );
#8310 = ITEM_DEFINED_TRANSFORMATION('','',#11,#7752);
#8311 = PRODUCT_DEFINITION_SHAPE('Placement','Placement of an item',
  #8312);
#8312 = NEXT_ASSEMBLY_USAGE_OCCURRENCE('38','p0','',#7746,#7773,$);
#8313 = PRODUCT_RELATED_PRODUCT_CATEGORY('part',$,(#7775));
#8314 = SHAPE_DEFINITION_REPRESENTATION(#8315,#8321);
#8315 = PRODUCT_DEFINITION_SHAPE('','',#8316);
#8316 = PRODUCT_DEFINITION('design','',#8317,#8320);
#8317 = PRODUCT_DEFINITION_FORMATION('','',#8318);
#8318 = PRODUCT('p1','p1','',(#8319));
#8319 = PRODUCT_CONTEXT('',#2,'mechanical');
#8320 = PRODUCT_DEFINITION_CONTEXT('part definition',#2,'design');
#8321 = SHAPE_REPRESENTATION('',(#11,#8322,#8375,#8428,#8578),#8728);
#8322 = MANIFOLD_SOLID_BREP('',#8323);
#8323 = CLOSED_SHELL('',(#8324,#8357,#8366));
#8324 = ADVANCED_FACE('',(#8325),#8352,.T.);
#8325 = FACE_BOUND('',#8326,.T.);
#8326 = EDGE_LOOP('',(#8327,#8336,#8344,#8351));
#8327 = ORIENTED_EDGE('',*,*,#8328,.T.);
#8328 = EDGE_CURVE('',#8329,#8329,#8331,.T.);
#8329 = VERTEX_POINT('',#8330);
#8330 = CARTESIAN_POINT('',(2.5,1.5,15.5));
#8331 = CIRCLE('',#8332,2.5);
#8332 = AXIS2_PLACEMENT_3D('',#8333,#8334,#8335);
#8333 = CARTESIAN_POINT('',(0.,1.5,15.5));
#8334 = DIRECTION('',(0.,0.,1.));
#8335 = DIRECTION('',(1.,0.,-0.));
#8336 = ORIENTED_EDGE('',*,*,#8337,.T.);
#8337 = EDGE_CURVE('',#8329,#8338,#8340,.T.);
#8338 = VERTEX_POINT('',#8339);
#8339 = CARTESIAN_POINT('',(2.5,1.5,18.5));
#8340 = LINE('',#8341,#8342);
#8341 = CARTESIAN_POINT('',(2.5,1.5,15.5));
#8342 = VECTOR('',#8343,1.);
#8343 = DIRECTION('',(0.,0.,1.));
#8344 = ORIENTED_EDGE('',*,*,#8345,.F.);
#8345 = EDGE_CURVE('',#8338,#8338,#8346,.T.);
#8346 = CIRCLE('',#8347,2.5);
#8347 = AXIS2_PLACEMENT_3D('',#8348,#8349,#8350);
#8348 = CARTESIAN_POINT('',(0.,1.5,18.5));
#8349 = DIRECTION('',(0.,0.,1.));
#8350 = DIRECTION('',(1.,0.,-0.));
#8351 = ORIENTED_EDGE('',*,*,#8337,.F.);
#8352 = CYLINDRICAL_SURFACE('',#8353,2.5);
#8353 = AXIS2_PLACEMENT_3D('',#8354,#8355,#8356);
#8354 = CARTESIAN_POINT('',(0.,1.5,15.5));
#8355 = DIRECTION('',(-0.,-0.,-1.));
#8356 = DIRECTION('',(1.,0.,0.));
#8357 = ADVANCED_FACE('',(#8358),#8361,.F.);
#8358 = FACE_BOUND('',#8359,.F.);
#8359 = EDGE_LOOP('',(#8360));
#8360 = ORIENTED_EDGE('',*,*,#8328,.T.);
#8361 = PLANE('',#8362);
#8362 = AXIS2_PLACEMENT_3D('',#8363,#8364,#8365);
#8363 = CARTESIAN_POINT('',(-1.367440132539E-16,1.5,15.5));
#8364 = DIRECTION('',(0.,0.,1.));
#8365 = DIRECTION('',(1.,0.,-0.));
#8366 = ADVANCED_FACE('',(#8367),#8370,.T.);
#8367 = FACE_BOUND('',#8368,.T.);
#8368 = EDGE_LOOP('',(#8369));
#8369 = ORIENTED_EDGE('',*,*,#8345,.T.);
#8370 = PLANE('',#8371);
#8371 = AXIS2_PLACEMENT_3D('',#8372,#8373,#8374);
#8372 = CARTESIAN_POINT('',(-1.367440132539E-16,1.5,18.5));
#8373 = DIRECTION('',(0.,0.,1.));
#8374 = DIRECTION('',(1.,0.,-0.));
#8375 = MANIFOLD_SOLID_BREP('',#8376);
#8376 = CLOSED_SHELL('',(#8377,#8410,#8419));
#8377 = ADVANCED_FACE('',(#8378),#8405,.T.);
#8378 = FACE_BOUND('',#8379,.T.);
#8379 = EDGE_LOOP('',(#8380,#8389,#8397,#8404));
#8380 = ORIENTED_EDGE('',*,*,#8381,.T.);
#8381 = EDGE_CURVE('',#8382,#8382,#8384,.T.);
#8382 = VERTEX_POINT('',#8383);
#8383 = CARTESIAN_POINT('',(12.02,1.5,15.5));
#8384 = CIRCLE('',#8385,2.5);
#8385 = AXIS2_PLACEMENT_3D('',#8386,#8387,#8388);
#8386 = CARTESIAN_POINT('',(9.52,1.5,15.5));
#8387 = DIRECTION('',(0.,0.,1.));
#8388 = DIRECTION('',(1.,0.,-0.));
#8389 = ORIENTED_EDGE('',*,*,#8390,.T.);
#8390 = EDGE_CURVE('',#8382,#8391,#8393,.T.);
#8391 = VERTEX_POINT('',#8392);
#8392 = CARTESIAN_POINT('',(12.02,1.5,18.5));
#8393 = LINE('',#8394,#8395);
#8394 = CARTESIAN_POINT('',(12.02,1.5,15.5));
#8395 = VECTOR('',#8396,1.);
#8396 = DIRECTION('',(0.,0.,1.));
#8397 = ORIENTED_EDGE('',*,*,#8398,.F.);
#8398 = EDGE_CURVE('',#8391,#8391,#8399,.T.);
#8399 = CIRCLE('',#8400,2.5);
#8400 = AXIS2_PLACEMENT_3D('',#8401,#8402,#8403);
#8401 = CARTESIAN_POINT('',(9.52,1.5,18.5));
#8402 = DIRECTION('',(0.,0.,1.));
#8403 = DIRECTION('',(1.,0.,-0.));
#8404 = ORIENTED_EDGE('',*,*,#8390,.F.);
#8405 = CYLINDRICAL_SURFACE('',#8406,2.5);
#8406 = AXIS2_PLACEMENT_3D('',#8407,#8408,#8409);
#8407 = CARTESIAN_POINT('',(9.52,1.5,15.5));
#8408 = DIRECTION('',(-0.,-0.,-1.));
#8409 = DIRECTION('',(1.,0.,0.));
#8410 = ADVANCED_FACE('',(#8411),#8414,.F.);
#8411 = FACE_BOUND('',#8412,.F.);
#8412 = EDGE_LOOP('',(#8413));
#8413 = ORIENTED_EDGE('',*,*,#8381,.T.);
#8414 = PLANE('',#8415);
#8415 = AXIS2_PLACEMENT_3D('',#8416,#8417,#8418);
#8416 = CARTESIAN_POINT('',(9.52,1.5,15.5));
#8417 = DIRECTION('',(0.,0.,1.));
#8418 = DIRECTION('',(1.,0.,-0.));
#8419 = ADVANCED_FACE('',(#8420),#8423,.T.);
#8420 = FACE_BOUND('',#8421,.T.);
#8421 = EDGE_LOOP('',(#8422));
#8422 = ORIENTED_EDGE('',*,*,#8398,.T.);
#8423 = PLANE('',#8424);
#8424 = AXIS2_PLACEMENT_3D('',#8425,#8426,#8427);
#8425 = CARTESIAN_POINT('',(9.52,1.5,18.5));
#8426 = DIRECTION('',(0.,0.,1.));
#8427 = DIRECTION('',(1.,0.,-0.));
#8428 = MANIFOLD_SOLID_BREP('',#8429);
#8429 = CLOSED_SHELL('',(#8430,#8470,#8510,#8532,#8554,#8566));
#8430 = ADVANCED_FACE('',(#8431),#8465,.F.);
#8431 = FACE_BOUND('',#8432,.F.);
#8432 = EDGE_LOOP('',(#8433,#8443,#8451,#8459));
#8433 = ORIENTED_EDGE('',*,*,#8434,.F.);
#8434 = EDGE_CURVE('',#8435,#8437,#8439,.T.);
#8435 = VERTEX_POINT('',#8436);
#8436 = CARTESIAN_POINT('',(-0.45,-0.45,-5.));
#8437 = VERTEX_POINT('',#8438);
#8438 = CARTESIAN_POINT('',(-0.45,-0.45,0.));
#8439 = LINE('',#8440,#8441);
#8440 = CARTESIAN_POINT('',(-0.45,-0.45,-5.));
#8441 = VECTOR('',#8442,1.);
#8442 = DIRECTION('',(0.,0.,1.));
#8443 = ORIENTED_EDGE('',*,*,#8444,.T.);
#8444 = EDGE_CURVE('',#8435,#8445,#8447,.T.);
#8445 = VERTEX_POINT('',#8446);
#8446 = CARTESIAN_POINT('',(-0.45,0.45,-5.));
#8447 = LINE('',#8448,#8449);
#8448 = CARTESIAN_POINT('',(-0.45,-0.45,-5.));
#8449 = VECTOR('',#8450,1.);
#8450 = DIRECTION('',(0.,1.,0.));
#8451 = ORIENTED_EDGE('',*,*,#8452,.T.);
#8452 = EDGE_CURVE('',#8445,#8453,#8455,.T.);
#8453 = VERTEX_POINT('',#8454);
#8454 = CARTESIAN_POINT('',(-0.45,0.45,0.));
#8455 = LINE('',#8456,#8457);
#8456 = CARTESIAN_POINT('',(-0.45,0.45,-5.));
#8457 = VECTOR('',#8458,1.);
#8458 = DIRECTION('',(0.,0.,1.));
#8459 = ORIENTED_EDGE('',*,*,#8460,.F.);
#8460 = EDGE_CURVE('',#8437,#8453,#8461,.T.);
#8461 = LINE('',#8462,#8463);
#8462 = CARTESIAN_POINT('',(-0.45,-0.45,0.));
#8463 = VECTOR('',#8464,1.);
#8464 = DIRECTION('',(0.,1.,0.));
#8465 = PLANE('',#8466);
#8466 = AXIS2_PLACEMENT_3D('',#8467,#8468,#8469);
#8467 = CARTESIAN_POINT('',(-0.45,-0.45,-5.));
#8468 = DIRECTION('',(1.,0.,0.));
#8469 = DIRECTION('',(0.,0.,1.));
#8470 = ADVANCED_FACE('',(#8471),#8505,.T.);
#8471 = FACE_BOUND('',#8472,.T.);
#8472 = EDGE_LOOP('',(#8473,#8483,#8491,#8499));
#8473 = ORIENTED_EDGE('',*,*,#8474,.F.);
#8474 = EDGE_CURVE('',#8475,#8477,#8479,.T.);
#8475 = VERTEX_POINT('',#8476);
#8476 = CARTESIAN_POINT('',(0.45,-0.45,-5.));
#8477 = VERTEX_POINT('',#8478);
#8478 = CARTESIAN_POINT('',(0.45,-0.45,0.));
#8479 = LINE('',#8480,#8481);
#8480 = CARTESIAN_POINT('',(0.45,-0.45,-5.));
#8481 = VECTOR('',#8482,1.);
#8482 = DIRECTION('',(0.,0.,1.));
#8483 = ORIENTED_EDGE('',*,*,#8484,.T.);
#8484 = EDGE_CURVE('',#8475,#8485,#8487,.T.);
#8485 = VERTEX_POINT('',#8486);
#8486 = CARTESIAN_POINT('',(0.45,0.45,-5.));
#8487 = LINE('',#8488,#8489);
#8488 = CARTESIAN_POINT('',(0.45,-0.45,-5.));
#8489 = VECTOR('',#8490,1.);
#8490 = DIRECTION('',(0.,1.,0.));
#8491 = ORIENTED_EDGE('',*,*,#8492,.T.);
#8492 = EDGE_CURVE('',#8485,#8493,#8495,.T.);
#8493 = VERTEX_POINT('',#8494);
#8494 = CARTESIAN_POINT('',(0.45,0.45,0.));
#8495 = LINE('',#8496,#8497);
#8496 = CARTESIAN_POINT('',(0.45,0.45,-5.));
#8497 = VECTOR('',#8498,1.);
#8498 = DIRECTION('',(0.,0.,1.));
#8499 = ORIENTED_EDGE('',*,*,#8500,.F.);
#8500 = EDGE_CURVE('',#8477,#8493,#8501,.T.);
#8501 = LINE('',#8502,#8503);
#8502 = CARTESIAN_POINT('',(0.45,-0.45,0.));
#8503 = VECTOR('',#8504,1.);
#8504 = DIRECTION('',(0.,1.,0.));
#8505 = PLANE('',#8506);
#8506 = AXIS2_PLACEMENT_3D('',#8507,#8508,#8509);
#8507 = CARTESIAN_POINT('',(0.45,-0.45,-5.));
#8508 = DIRECTION('',(1.,0.,0.));
#8509 = DIRECTION('',(0.,0.,1.));
#8510 = ADVANCED_FACE('',(#8511),#8527,.F.);
#8511 = FACE_BOUND('',#8512,.F.);
#8512 = EDGE_LOOP('',(#8513,#8519,#8520,#8526));
#8513 = ORIENTED_EDGE('',*,*,#8514,.F.);
#8514 = EDGE_CURVE('',#8435,#8475,#8515,.T.);
#8515 = LINE('',#8516,#8517);
#8516 = CARTESIAN_POINT('',(-0.45,-0.45,-5.));
#8517 = VECTOR('',#8518,1.);
#8518 = DIRECTION('',(1.,0.,0.));
#8519 = ORIENTED_EDGE('',*,*,#8434,.T.);
#8520 = ORIENTED_EDGE('',*,*,#8521,.T.);
#8521 = EDGE_CURVE('',#8437,#8477,#8522,.T.);
#8522 = LINE('',#8523,#8524);
#8523 = CARTESIAN_POINT('',(-0.45,-0.45,0.));
#8524 = VECTOR('',#8525,1.);
#8525 = DIRECTION('',(1.,0.,0.));
#8526 = ORIENTED_EDGE('',*,*,#8474,.F.);
#8527 = PLANE('',#8528);
#8528 = AXIS2_PLACEMENT_3D('',#8529,#8530,#8531);
#8529 = CARTESIAN_POINT('',(-0.45,-0.45,-5.));
#8530 = DIRECTION('',(0.,1.,0.));
#8531 = DIRECTION('',(0.,-0.,1.));
#8532 = ADVANCED_FACE('',(#8533),#8549,.T.);
#8533 = FACE_BOUND('',#8534,.T.);
#8534 = EDGE_LOOP('',(#8535,#8541,#8542,#8548));
#8535 = ORIENTED_EDGE('',*,*,#8536,.F.);
#8536 = EDGE_CURVE('',#8445,#8485,#8537,.T.);
#8537 = LINE('',#8538,#8539);
#8538 = CARTESIAN_POINT('',(-0.45,0.45,-5.));
#8539 = VECTOR('',#8540,1.);
#8540 = DIRECTION('',(1.,0.,0.));
#8541 = ORIENTED_EDGE('',*,*,#8452,.T.);
#8542 = ORIENTED_EDGE('',*,*,#8543,.T.);
#8543 = EDGE_CURVE('',#8453,#8493,#8544,.T.);
#8544 = LINE('',#8545,#8546);
#8545 = CARTESIAN_POINT('',(-0.45,0.45,0.));
#8546 = VECTOR('',#8547,1.);
#8547 = DIRECTION('',(1.,0.,0.));
#8548 = ORIENTED_EDGE('',*,*,#8492,.F.);
#8549 = PLANE('',#8550);
#8550 = AXIS2_PLACEMENT_3D('',#8551,#8552,#8553);
#8551 = CARTESIAN_POINT('',(-0.45,0.45,-5.));
#8552 = DIRECTION('',(0.,1.,0.));
#8553 = DIRECTION('',(0.,-0.,1.));
#8554 = ADVANCED_FACE('',(#8555),#8561,.F.);
#8555 = FACE_BOUND('',#8556,.F.);
#8556 = EDGE_LOOP('',(#8557,#8558,#8559,#8560));
#8557 = ORIENTED_EDGE('',*,*,#8444,.F.);
#8558 = ORIENTED_EDGE('',*,*,#8514,.T.);
#8559 = ORIENTED_EDGE('',*,*,#8484,.T.);
#8560 = ORIENTED_EDGE('',*,*,#8536,.F.);
#8561 = PLANE('',#8562);
#8562 = AXIS2_PLACEMENT_3D('',#8563,#8564,#8565);
#8563 = CARTESIAN_POINT('',(-0.45,-0.45,-5.));
#8564 = DIRECTION('',(0.,0.,1.));
#8565 = DIRECTION('',(1.,0.,-0.));
#8566 = ADVANCED_FACE('',(#8567),#8573,.T.);
#8567 = FACE_BOUND('',#8568,.T.);
#8568 = EDGE_LOOP('',(#8569,#8570,#8571,#8572));
#8569 = ORIENTED_EDGE('',*,*,#8460,.F.);
#8570 = ORIENTED_EDGE('',*,*,#8521,.T.);
#8571 = ORIENTED_EDGE('',*,*,#8500,.T.);
#8572 = ORIENTED_EDGE('',*,*,#8543,.F.);
#8573 = PLANE('',#8574);
#8574 = AXIS2_PLACEMENT_3D('',#8575,#8576,#8577);
#8575 = CARTESIAN_POINT('',(-0.45,-0.45,0.));
#8576 = DIRECTION('',(0.,0.,1.));
#8577 = DIRECTION('',(1.,0.,-0.));
#8578 = MANIFOLD_SOLID_BREP('',#8579);
#8579 = CLOSED_SHELL('',(#8580,#8620,#8660,#8682,#8704,#8716));
#8580 = ADVANCED_FACE('',(#8581),#8615,.F.);
#8581 = FACE_BOUND('',#8582,.F.);
#8582 = EDGE_LOOP('',(#8583,#8593,#8601,#8609));
#8583 = ORIENTED_EDGE('',*,*,#8584,.F.);
#8584 = EDGE_CURVE('',#8585,#8587,#8589,.T.);
#8585 = VERTEX_POINT('',#8586);
#8586 = CARTESIAN_POINT('',(9.07,-0.45,-5.));
#8587 = VERTEX_POINT('',#8588);
#8588 = CARTESIAN_POINT('',(9.07,-0.45,0.));
#8589 = LINE('',#8590,#8591);
#8590 = CARTESIAN_POINT('',(9.07,-0.45,-5.));
#8591 = VECTOR('',#8592,1.);
#8592 = DIRECTION('',(0.,0.,1.));
#8593 = ORIENTED_EDGE('',*,*,#8594,.T.);
#8594 = EDGE_CURVE('',#8585,#8595,#8597,.T.);
#8595 = VERTEX_POINT('',#8596);
#8596 = CARTESIAN_POINT('',(9.07,0.45,-5.));
#8597 = LINE('',#8598,#8599);
#8598 = CARTESIAN_POINT('',(9.07,-0.45,-5.));
#8599 = VECTOR('',#8600,1.);
#8600 = DIRECTION('',(0.,1.,0.));
#8601 = ORIENTED_EDGE('',*,*,#8602,.T.);
#8602 = EDGE_CURVE('',#8595,#8603,#8605,.T.);
#8603 = VERTEX_POINT('',#8604);
#8604 = CARTESIAN_POINT('',(9.07,0.45,0.));
#8605 = LINE('',#8606,#8607);
#8606 = CARTESIAN_POINT('',(9.07,0.45,-5.));
#8607 = VECTOR('',#8608,1.);
#8608 = DIRECTION('',(0.,0.,1.));
#8609 = ORIENTED_EDGE('',*,*,#8610,.F.);
#8610 = EDGE_CURVE('',#8587,#8603,#8611,.T.);
#8611 = LINE('',#8612,#8613);
#8612 = CARTESIAN_POINT('',(9.07,-0.45,0.));
#8613 = VECTOR('',#8614,1.);
#8614 = DIRECTION('',(0.,1.,0.));
#8615 = PLANE('',#8616);
#8616 = AXIS2_PLACEMENT_3D('',#8617,#8618,#8619);
#8617 = CARTESIAN_POINT('',(9.07,-0.45,-5.));
#8618 = DIRECTION('',(1.,0.,0.));
#8619 = DIRECTION('',(0.,0.,1.));
#8620 = ADVANCED_FACE('',(#8621),#8655,.T.);
#8621 = FACE_BOUND('',#8622,.T.);
#8622 = EDGE_LOOP('',(#8623,#8633,#8641,#8649));
#8623 = ORIENTED_EDGE('',*,*,#8624,.F.);
#8624 = EDGE_CURVE('',#8625,#8627,#8629,.T.);
#8625 = VERTEX_POINT('',#8626);
#8626 = CARTESIAN_POINT('',(9.97,-0.45,-5.));
#8627 = VERTEX_POINT('',#8628);
#8628 = CARTESIAN_POINT('',(9.97,-0.45,0.));
#8629 = LINE('',#8630,#8631);
#8630 = CARTESIAN_POINT('',(9.97,-0.45,-5.));
#8631 = VECTOR('',#8632,1.);
#8632 = DIRECTION('',(0.,0.,1.));
#8633 = ORIENTED_EDGE('',*,*,#8634,.T.);
#8634 = EDGE_CURVE('',#8625,#8635,#8637,.T.);
#8635 = VERTEX_POINT('',#8636);
#8636 = CARTESIAN_POINT('',(9.97,0.45,-5.));
#8637 = LINE('',#8638,#8639);
#8638 = CARTESIAN_POINT('',(9.97,-0.45,-5.));
#8639 = VECTOR('',#8640,1.);
#8640 = DIRECTION('',(0.,1.,0.));
#8641 = ORIENTED_EDGE('',*,*,#8642,.T.);
#8642 = EDGE_CURVE('',#8635,#8643,#8645,.T.);
#8643 = VERTEX_POINT('',#8644);
#8644 = CARTESIAN_POINT('',(9.97,0.45,0.));
#8645 = LINE('',#8646,#8647);
#8646 = CARTESIAN_POINT('',(9.97,0.45,-5.));
#8647 = VECTOR('',#8648,1.);
#8648 = DIRECTION('',(0.,0.,1.));
#8649 = ORIENTED_EDGE('',*,*,#8650,.F.);
#8650 = EDGE_CURVE('',#8627,#8643,#8651,.T.);
#8651 = LINE('',#8652,#8653);
#8652 = CARTESIAN_POINT('',(9.97,-0.45,0.));
#8653 = VECTOR('',#8654,1.);
#8654 = DIRECTION('',(0.,1.,0.));
#8655 = PLANE('',#8656);
#8656 = AXIS2_PLACEMENT_3D('',#8657,#8658,#8659);
#8657 = CARTESIAN_POINT('',(9.97,-0.45,-5.));
#8658 = DIRECTION('',(1.,0.,0.));
#8659 = DIRECTION('',(0.,0.,1.));
#8660 = ADVANCED_FACE('',(#8661),#8677,.F.);
#8661 = FACE_BOUND('',#8662,.F.);
#8662 = EDGE_LOOP('',(#8663,#8669,#8670,#8676));
#8663 = ORIENTED_EDGE('',*,*,#8664,.F.);
#8664 = EDGE_CURVE('',#8585,#8625,#8665,.T.);
#8665 = LINE('',#8666,#8667);
#8666 = CARTESIAN_POINT('',(9.07,-0.45,-5.));
#8667 = VECTOR('',#8668,1.);
#8668 = DIRECTION('',(1.,0.,0.));
#8669 = ORIENTED_EDGE('',*,*,#8584,.T.);
#8670 = ORIENTED_EDGE('',*,*,#8671,.T.);
#8671 = EDGE_CURVE('',#8587,#8627,#8672,.T.);
#8672 = LINE('',#8673,#8674);
#8673 = CARTESIAN_POINT('',(9.07,-0.45,0.));
#8674 = VECTOR('',#8675,1.);
#8675 = DIRECTION('',(1.,0.,0.));
#8676 = ORIENTED_EDGE('',*,*,#8624,.F.);
#8677 = PLANE('',#8678);
#8678 = AXIS2_PLACEMENT_3D('',#8679,#8680,#8681);
#8679 = CARTESIAN_POINT('',(9.07,-0.45,-5.));
#8680 = DIRECTION('',(0.,1.,0.));
#8681 = DIRECTION('',(0.,-0.,1.));
#8682 = ADVANCED_FACE('',(#8683),#8699,.T.);
#8683 = FACE_BOUND('',#8684,.T.);
#8684 = EDGE_LOOP('',(#8685,#8691,#8692,#8698));
#8685 = ORIENTED_EDGE('',*,*,#8686,.F.);
#8686 = EDGE_CURVE('',#8595,#8635,#8687,.T.);
#8687 = LINE('',#8688,#8689);
#8688 = CARTESIAN_POINT('',(9.07,0.45,-5.));
#8689 = VECTOR('',#8690,1.);
#8690 = DIRECTION('',(1.,0.,0.));
#8691 = ORIENTED_EDGE('',*,*,#8602,.T.);
#8692 = ORIENTED_EDGE('',*,*,#8693,.T.);
#8693 = EDGE_CURVE('',#8603,#8643,#8694,.T.);
#8694 = LINE('',#8695,#8696);
#8695 = CARTESIAN_POINT('',(9.07,0.45,0.));
#8696 = VECTOR('',#8697,1.);
#8697 = DIRECTION('',(1.,0.,0.));
#8698 = ORIENTED_EDGE('',*,*,#8642,.F.);
#8699 = PLANE('',#8700);
#8700 = AXIS2_PLACEMENT_3D('',#8701,#8702,#8703);
#8701 = CARTESIAN_POINT('',(9.07,0.45,-5.));
#8702 = DIRECTION('',(0.,1.,0.));
#8703 = DIRECTION('',(0.,-0.,1.));
#8704 = ADVANCED_FACE('',(#8705),#8711,.F.);
#8705 = FACE_BOUND('',#8706,.F.);
#8706 = EDGE_LOOP('',(#8707,#8708,#8709,#8710));
#8707 = ORIENTED_EDGE('',*,*,#8594,.F.);
#8708 = ORIENTED_EDGE('',*,*,#8664,.T.);
#8709 = ORIENTED_EDGE('',*,*,#8634,.T.);
#8710 = ORIENTED_EDGE('',*,*,#8686,.F.);
#8711 = PLANE('',#8712);
#8712 = AXIS2_PLACEMENT_3D('',#8713,#8714,#8715);
#8713 = CARTESIAN_POINT('',(9.07,-0.45,-5.));
#8714 = DIRECTION('',(0.,0.,1.));
#8715 = DIRECTION('',(1.,0.,-0.));
#8716 = ADVANCED_FACE('',(#8717),#8723,.T.);
#8717 = FACE_BOUND('',#8718,.T.);
#8718 = EDGE_LOOP('',(#8719,#8720,#8721,#8722));
#8719 = ORIENTED_EDGE('',*,*,#8610,.F.);
#8720 = ORIENTED_EDGE('',*,*,#8671,.T.);
#8721 = ORIENTED_EDGE('',*,*,#8650,.T.);
#8722 = ORIENTED_EDGE('',*,*,#8693,.F.);
#8723 = PLANE('',#8724);
#8724 = AXIS2_PLACEMENT_3D('',#8725,#8726,#8727);
#8725 = CARTESIAN_POINT('',(9.07,-0.45,0.));
#8726 = DIRECTION('',(0.,0.,1.));
#8727 = DIRECTION('',(1.,0.,-0.));
#8728 = ( GEOMETRIC_REPRESENTATION_CONTEXT(3) 
GLOBAL_UNCERTAINTY_ASSIGNED_CONTEXT((#8732)) 
GLOBAL_UNIT_ASSIGNED_CONTEXT((#8729,#8730,#8731)) REPRESENTATION_CONTEXT
('Context #1','3D Context with UNIT and UNCERTAINTY') );
#8729 = ( LENGTH_UNIT() NAMED_UNIT(*) SI_UNIT(.MILLI.,.METRE.) );
#8730 = ( NAMED_UNIT(*) PLANE_ANGLE_UNIT() SI_UNIT($,.RADIAN.) );
#8731 = ( NAMED_UNIT(*) SI_UNIT($,.STERADIAN.) SOLID_ANGLE_UNIT() );
#8732 = UNCERTAINTY_MEASURE_WITH_UNIT(LENGTH_MEASURE(1.E-07),#8729,
  'distance_accuracy_value','confusion accuracy');
#8733 = CONTEXT_DEPENDENT_SHAPE_REPRESENTATION(#8734,#8736);
#8734 = ( REPRESENTATION_RELATIONSHIP('','',#8321,#7751) 
REPRESENTATION_RELATIONSHIP_WITH_TRANSFORMATION(#8735) 
SHAPE_REPRESENTATION_RELATIONSHIP() );
#8735 = ITEM_DEFINED_TRANSFORMATION('','',#11,#7756);
#8736 = PRODUCT_DEFINITION_SHAPE('Placement','Placement of an item',
  #8737);
#8737 = NEXT_ASSEMBLY_USAGE_OCCURRENCE('39','p1','',#7746,#8316,$);
#8738 = PRODUCT_RELATED_PRODUCT_CATEGORY('part',$,(#8318));
#8739 = SHAPE_DEFINITION_REPRESENTATION(#8740,#8746);
#8740 = PRODUCT_DEFINITION_SHAPE('','',#8741);
#8741 = PRODUCT_DEFINITION('design','',#8742,#8745);
#8742 = PRODUCT_DEFINITION_FORMATION('','',#8743);
#8743 = PRODUCT('Fuseholder_Clip-10.3x38mm_Schurter_CSO_0751.0506',
  'Fuseholder_Clip-10.3x38mm_Schurter_CSO_0751.0506','',(#8744));
#8744 = PRODUCT_CONTEXT('',#2,'mechanical');
#8745 = PRODUCT_DEFINITION_CONTEXT('part definition',#2,'design');
#8746 = SHAPE_REPRESENTATION('',(#11,#8747),#8751);
#8747 = AXIS2_PLACEMENT_3D('',#8748,#8749,#8750);
#8748 = CARTESIAN_POINT('',(0.,0.,0.));
#8749 = DIRECTION('',(0.,0.,1.));
#8750 = DIRECTION('',(1.,0.,-0.));
#8751 = ( GEOMETRIC_REPRESENTATION_CONTEXT(3) 
GLOBAL_UNCERTAINTY_ASSIGNED_CONTEXT((#8755)) 
GLOBAL_UNIT_ASSIGNED_CONTEXT((#8752,#8753,#8754)) REPRESENTATION_CONTEXT
('Context #1','3D Context with UNIT and UNCERTAINTY') );
#8752 = ( LENGTH_UNIT() NAMED_UNIT(*) SI_UNIT(.MILLI.,.METRE.) );
#8753 = ( NAMED_UNIT(*) PLANE_ANGLE_UNIT() SI_UNIT($,.RADIAN.) );
#8754 = ( NAMED_UNIT(*) SI_UNIT($,.STERADIAN.) SOLID_ANGLE_UNIT() );
#8755 = UNCERTAINTY_MEASURE_WITH_UNIT(LENGTH_MEASURE(1.E-07),#8752,
  'distance_accuracy_value','confusion accuracy');
#8756 = CONTEXT_DEPENDENT_SHAPE_REPRESENTATION(#8757,#8759);
#8757 = ( REPRESENTATION_RELATIONSHIP('','',#8746,#10) 
REPRESENTATION_RELATIONSHIP_WITH_TRANSFORMATION(#8758) 
SHAPE_REPRESENTATION_RELATIONSHIP() );
#8758 = ITEM_DEFINED_TRANSFORMATION('','',#11,#99);
#8759 = PRODUCT_DEFINITION_SHAPE('Placement','Placement of an item',
  #8760);
#8760 = NEXT_ASSEMBLY_USAGE_OCCURRENCE('45','F1','',#5,#8741,$);
#8761 = PRODUCT_RELATED_PRODUCT_CATEGORY('part',$,(#8743));
#8762 = SHAPE_DEFINITION_REPRESENTATION(#8763,#8769);
#8763 = PRODUCT_DEFINITION_SHAPE('','',#8764);
#8764 = PRODUCT_DEFINITION('design','',#8765,#8768);
#8765 = PRODUCT_DEFINITION_FORMATION('','',#8766);
#8766 = PRODUCT('Fuseholder_Clip-10.3x38mm_Schurter_CSO_0751.0506',
  'Fuseholder_Clip-10.3x38mm_Schurter_CSO_0751.0506','',(#8767));
#8767 = PRODUCT_CONTEXT('',#2,'mechanical');
#8768 = PRODUCT_DEFINITION_CONTEXT('part definition',#2,'design');
#8769 = SHAPE_REPRESENTATION('',(#11,#8770,#8774),#8778);
#8770 = AXIS2_PLACEMENT_3D('',#8771,#8772,#8773);
#8771 = CARTESIAN_POINT('',(0.,0.,0.));
#8772 = DIRECTION('',(0.,0.,1.));
#8773 = DIRECTION('',(1.,0.,0.));
#8774 = AXIS2_PLACEMENT_3D('',#8775,#8776,#8777);
#8775 = CARTESIAN_POINT('',(0.,0.,0.));
#8776 = DIRECTION('',(0.,0.,1.));
#8777 = DIRECTION('',(1.,0.,0.));
#8778 = ( GEOMETRIC_REPRESENTATION_CONTEXT(3) 
GLOBAL_UNCERTAINTY_ASSIGNED_CONTEXT((#8782)) 
GLOBAL_UNIT_ASSIGNED_CONTEXT((#8779,#8780,#8781)) REPRESENTATION_CONTEXT
('Context #1','3D Context with UNIT and UNCERTAINTY') );
#8779 = ( LENGTH_UNIT() NAMED_UNIT(*) SI_UNIT(.MILLI.,.METRE.) );
#8780 = ( NAMED_UNIT(*) PLANE_ANGLE_UNIT() SI_UNIT($,.RADIAN.) );
#8781 = ( NAMED_UNIT(*) SI_UNIT($,.STERADIAN.) SOLID_ANGLE_UNIT() );
#8782 = UNCERTAINTY_MEASURE_WITH_UNIT(LENGTH_MEASURE(1.E-07),#8779,
  'distance_accuracy_value','confusion accuracy');
#8783 = CONTEXT_DEPENDENT_SHAPE_REPRESENTATION(#8784,#8786);
#8784 = ( REPRESENTATION_RELATIONSHIP('','',#8769,#8746) 
REPRESENTATION_RELATIONSHIP_WITH_TRANSFORMATION(#8785) 
SHAPE_REPRESENTATION_RELATIONSHIP() );
#8785 = ITEM_DEFINED_TRANSFORMATION('','',#11,#8747);
#8786 = PRODUCT_DEFINITION_SHAPE('Placement','Placement of an item',
  #8787);
#8787 = NEXT_ASSEMBLY_USAGE_OCCURRENCE('44','=>[0:1:1:36]','',#8741,
  #8764,$);
#8788 = PRODUCT_RELATED_PRODUCT_CATEGORY('part',$,(#8766));
#8789 = SHAPE_DEFINITION_REPRESENTATION(#8790,#8796);
#8790 = PRODUCT_DEFINITION_SHAPE('','',#8791);
#8791 = PRODUCT_DEFINITION('design','',#8792,#8795);
#8792 = PRODUCT_DEFINITION_FORMATION('','',#8793);
#8793 = PRODUCT('p0','p0','',(#8794));
#8794 = PRODUCT_CONTEXT('',#2,'mechanical');
#8795 = PRODUCT_DEFINITION_CONTEXT('part definition',#2,'design');
#8796 = SHAPE_REPRESENTATION('',(#11,#8797,#9079,#9229,#9379,#9661,#9811
    ,#9961,#10014),#10067);
#8797 = MANIFOLD_SOLID_BREP('',#8798);
#8798 = CLOSED_SHELL('',(#8799,#8871,#8902,#8965,#8982,#8999,#9016,#9033
    ,#9050,#9067));
#8799 = ADVANCED_FACE('',(#8800),#8866,.F.);
#8800 = FACE_BOUND('',#8801,.F.);
#8801 = EDGE_LOOP('',(#8802,#8812,#8820,#8828,#8836,#8844,#8852,#8860));
#8802 = ORIENTED_EDGE('',*,*,#8803,.F.);
#8803 = EDGE_CURVE('',#8804,#8806,#8808,.T.);
#8804 = VERTEX_POINT('',#8805);
#8805 = CARTESIAN_POINT('',(-21.,-6.9,0.));
#8806 = VERTEX_POINT('',#8807);
#8807 = CARTESIAN_POINT('',(-21.,-6.9,20.7));
#8808 = LINE('',#8809,#8810);
#8809 = CARTESIAN_POINT('',(-21.,-6.9,0.));
#8810 = VECTOR('',#8811,1.);
#8811 = DIRECTION('',(0.,0.,1.));
#8812 = ORIENTED_EDGE('',*,*,#8813,.F.);
#8813 = EDGE_CURVE('',#8814,#8804,#8816,.T.);
#8814 = VERTEX_POINT('',#8815);
#8815 = CARTESIAN_POINT('',(-21.,6.9,0.));
#8816 = LINE('',#8817,#8818);
#8817 = CARTESIAN_POINT('',(-21.,6.9,0.));
#8818 = VECTOR('',#8819,1.);
#8819 = DIRECTION('',(0.,-1.,0.));
#8820 = ORIENTED_EDGE('',*,*,#8821,.F.);
#8821 = EDGE_CURVE('',#8822,#8814,#8824,.T.);
#8822 = VERTEX_POINT('',#8823);
#8823 = CARTESIAN_POINT('',(-21.,6.9,20.7));
#8824 = LINE('',#8825,#8826);
#8825 = CARTESIAN_POINT('',(-21.,6.9,20.7));
#8826 = VECTOR('',#8827,1.);
#8827 = DIRECTION('',(0.,4.290717003382E-17,-1.));
#8828 = ORIENTED_EDGE('',*,*,#8829,.F.);
#8829 = EDGE_CURVE('',#8830,#8822,#8832,.T.);
#8830 = VERTEX_POINT('',#8831);
#8831 = CARTESIAN_POINT('',(-21.,6.3,20.7));
#8832 = LINE('',#8833,#8834);
#8833 = CARTESIAN_POINT('',(-21.,6.3,20.7));
#8834 = VECTOR('',#8835,1.);
#8835 = DIRECTION('',(0.,1.,0.));
#8836 = ORIENTED_EDGE('',*,*,#8837,.F.);
#8837 = EDGE_CURVE('',#8838,#8830,#8840,.T.);
#8838 = VERTEX_POINT('',#8839);
#8839 = CARTESIAN_POINT('',(-21.,6.3,1.));
#8840 = LINE('',#8841,#8842);
#8841 = CARTESIAN_POINT('',(-21.,6.3,0.));
#8842 = VECTOR('',#8843,1.);
#8843 = DIRECTION('',(0.,0.,1.));
#8844 = ORIENTED_EDGE('',*,*,#8845,.F.);
#8845 = EDGE_CURVE('',#8846,#8838,#8848,.T.);
#8846 = VERTEX_POINT('',#8847);
#8847 = CARTESIAN_POINT('',(-21.,-6.3,1.));
#8848 = LINE('',#8849,#8850);
#8849 = CARTESIAN_POINT('',(-21.,-6.9,1.));
#8850 = VECTOR('',#8851,1.);
#8851 = DIRECTION('',(0.,1.,0.));
#8852 = ORIENTED_EDGE('',*,*,#8853,.T.);
#8853 = EDGE_CURVE('',#8846,#8854,#8856,.T.);
#8854 = VERTEX_POINT('',#8855);
#8855 = CARTESIAN_POINT('',(-21.,-6.3,20.7));
#8856 = LINE('',#8857,#8858);
#8857 = CARTESIAN_POINT('',(-21.,-6.3,0.));
#8858 = VECTOR('',#8859,1.);
#8859 = DIRECTION('',(0.,0.,1.));
#8860 = ORIENTED_EDGE('',*,*,#8861,.F.);
#8861 = EDGE_CURVE('',#8806,#8854,#8862,.T.);
#8862 = LINE('',#8863,#8864);
#8863 = CARTESIAN_POINT('',(-21.,-6.9,20.7));
#8864 = VECTOR('',#8865,1.);
#8865 = DIRECTION('',(0.,1.,0.));
#8866 = PLANE('',#8867);
#8867 = AXIS2_PLACEMENT_3D('',#8868,#8869,#8870);
#8868 = CARTESIAN_POINT('',(-21.,-6.9,0.));
#8869 = DIRECTION('',(1.,0.,0.));
#8870 = DIRECTION('',(0.,0.,1.));
#8871 = ADVANCED_FACE('',(#8872),#8897,.T.);
#8872 = FACE_BOUND('',#8873,.T.);
#8873 = EDGE_LOOP('',(#8874,#8875,#8883,#8891));
#8874 = ORIENTED_EDGE('',*,*,#8861,.F.);
#8875 = ORIENTED_EDGE('',*,*,#8876,.T.);
#8876 = EDGE_CURVE('',#8806,#8877,#8879,.T.);
#8877 = VERTEX_POINT('',#8878);
#8878 = CARTESIAN_POINT('',(-9.,-6.9,20.7));
#8879 = LINE('',#8880,#8881);
#8880 = CARTESIAN_POINT('',(-21.,-6.9,20.7));
#8881 = VECTOR('',#8882,1.);
#8882 = DIRECTION('',(1.,0.,0.));
#8883 = ORIENTED_EDGE('',*,*,#8884,.T.);
#8884 = EDGE_CURVE('',#8877,#8885,#8887,.T.);
#8885 = VERTEX_POINT('',#8886);
#8886 = CARTESIAN_POINT('',(-9.,-6.3,20.7));
#8887 = LINE('',#8888,#8889);
#8888 = CARTESIAN_POINT('',(-9.,-6.9,20.7));
#8889 = VECTOR('',#8890,1.);
#8890 = DIRECTION('',(0.,1.,0.));
#8891 = ORIENTED_EDGE('',*,*,#8892,.F.);
#8892 = EDGE_CURVE('',#8854,#8885,#8893,.T.);
#8893 = LINE('',#8894,#8895);
#8894 = CARTESIAN_POINT('',(-21.,-6.3,20.7));
#8895 = VECTOR('',#8896,1.);
#8896 = DIRECTION('',(1.,0.,0.));
#8897 = PLANE('',#8898);
#8898 = AXIS2_PLACEMENT_3D('',#8899,#8900,#8901);
#8899 = CARTESIAN_POINT('',(-21.,-6.9,20.7));
#8900 = DIRECTION('',(0.,0.,1.));
#8901 = DIRECTION('',(1.,0.,-0.));
#8902 = ADVANCED_FACE('',(#8903),#8960,.T.);
#8903 = FACE_BOUND('',#8904,.T.);
#8904 = EDGE_LOOP('',(#8905,#8913,#8921,#8929,#8937,#8945,#8953,#8959));
#8905 = ORIENTED_EDGE('',*,*,#8906,.F.);
#8906 = EDGE_CURVE('',#8907,#8877,#8909,.T.);
#8907 = VERTEX_POINT('',#8908);
#8908 = CARTESIAN_POINT('',(-9.,-6.9,0.));
#8909 = LINE('',#8910,#8911);
#8910 = CARTESIAN_POINT('',(-9.,-6.9,0.));
#8911 = VECTOR('',#8912,1.);
#8912 = DIRECTION('',(0.,0.,1.));
#8913 = ORIENTED_EDGE('',*,*,#8914,.F.);
#8914 = EDGE_CURVE('',#8915,#8907,#8917,.T.);
#8915 = VERTEX_POINT('',#8916);
#8916 = CARTESIAN_POINT('',(-9.,6.9,0.));
#8917 = LINE('',#8918,#8919);
#8918 = CARTESIAN_POINT('',(-9.,6.9,0.));
#8919 = VECTOR('',#8920,1.);
#8920 = DIRECTION('',(0.,-1.,0.));
#8921 = ORIENTED_EDGE('',*,*,#8922,.T.);
#8922 = EDGE_CURVE('',#8915,#8923,#8925,.T.);
#8923 = VERTEX_POINT('',#8924);
#8924 = CARTESIAN_POINT('',(-9.,6.9,20.7));
#8925 = LINE('',#8926,#8927);
#8926 = CARTESIAN_POINT('',(-9.,6.9,0.));
#8927 = VECTOR('',#8928,1.);
#8928 = DIRECTION('',(0.,-4.290717003382E-17,1.));
#8929 = ORIENTED_EDGE('',*,*,#8930,.F.);
#8930 = EDGE_CURVE('',#8931,#8923,#8933,.T.);
#8931 = VERTEX_POINT('',#8932);
#8932 = CARTESIAN_POINT('',(-9.,6.3,20.7));
#8933 = LINE('',#8934,#8935);
#8934 = CARTESIAN_POINT('',(-9.,6.3,20.7));
#8935 = VECTOR('',#8936,1.);
#8936 = DIRECTION('',(0.,1.,0.));
#8937 = ORIENTED_EDGE('',*,*,#8938,.F.);
#8938 = EDGE_CURVE('',#8939,#8931,#8941,.T.);
#8939 = VERTEX_POINT('',#8940);
#8940 = CARTESIAN_POINT('',(-9.,6.3,1.));
#8941 = LINE('',#8942,#8943);
#8942 = CARTESIAN_POINT('',(-9.,6.3,0.));
#8943 = VECTOR('',#8944,1.);
#8944 = DIRECTION('',(0.,0.,1.));
#8945 = ORIENTED_EDGE('',*,*,#8946,.F.);
#8946 = EDGE_CURVE('',#8947,#8939,#8949,.T.);
#8947 = VERTEX_POINT('',#8948);
#8948 = CARTESIAN_POINT('',(-9.,-6.3,1.));
#8949 = LINE('',#8950,#8951);
#8950 = CARTESIAN_POINT('',(-9.,-6.9,1.));
#8951 = VECTOR('',#8952,1.);
#8952 = DIRECTION('',(0.,1.,0.));
#8953 = ORIENTED_EDGE('',*,*,#8954,.T.);
#8954 = EDGE_CURVE('',#8947,#8885,#8955,.T.);
#8955 = LINE('',#8956,#8957);
#8956 = CARTESIAN_POINT('',(-9.,-6.3,0.));
#8957 = VECTOR('',#8958,1.);
#8958 = DIRECTION('',(0.,0.,1.));
#8959 = ORIENTED_EDGE('',*,*,#8884,.F.);
#8960 = PLANE('',#8961);
#8961 = AXIS2_PLACEMENT_3D('',#8962,#8963,#8964);
#8962 = CARTESIAN_POINT('',(-9.,-6.9,0.));
#8963 = DIRECTION('',(1.,0.,0.));
#8964 = DIRECTION('',(0.,0.,1.));
#8965 = ADVANCED_FACE('',(#8966),#8977,.T.);
#8966 = FACE_BOUND('',#8967,.T.);
#8967 = EDGE_LOOP('',(#8968,#8969,#8975,#8976));
#8968 = ORIENTED_EDGE('',*,*,#8954,.F.);
#8969 = ORIENTED_EDGE('',*,*,#8970,.F.);
#8970 = EDGE_CURVE('',#8846,#8947,#8971,.T.);
#8971 = LINE('',#8972,#8973);
#8972 = CARTESIAN_POINT('',(-21.,-6.3,1.));
#8973 = VECTOR('',#8974,1.);
#8974 = DIRECTION('',(1.,0.,0.));
#8975 = ORIENTED_EDGE('',*,*,#8853,.T.);
#8976 = ORIENTED_EDGE('',*,*,#8892,.T.);
#8977 = PLANE('',#8978);
#8978 = AXIS2_PLACEMENT_3D('',#8979,#8980,#8981);
#8979 = CARTESIAN_POINT('',(-21.,-6.3,0.));
#8980 = DIRECTION('',(0.,1.,0.));
#8981 = DIRECTION('',(0.,-0.,1.));
#8982 = ADVANCED_FACE('',(#8983),#8994,.T.);
#8983 = FACE_BOUND('',#8984,.T.);
#8984 = EDGE_LOOP('',(#8985,#8986,#8987,#8988));
#8985 = ORIENTED_EDGE('',*,*,#8845,.F.);
#8986 = ORIENTED_EDGE('',*,*,#8970,.T.);
#8987 = ORIENTED_EDGE('',*,*,#8946,.T.);
#8988 = ORIENTED_EDGE('',*,*,#8989,.F.);
#8989 = EDGE_CURVE('',#8838,#8939,#8990,.T.);
#8990 = LINE('',#8991,#8992);
#8991 = CARTESIAN_POINT('',(-21.,6.3,1.));
#8992 = VECTOR('',#8993,1.);
#8993 = DIRECTION('',(1.,0.,0.));
#8994 = PLANE('',#8995);
#8995 = AXIS2_PLACEMENT_3D('',#8996,#8997,#8998);
#8996 = CARTESIAN_POINT('',(-21.,-6.9,1.));
#8997 = DIRECTION('',(0.,0.,1.));
#8998 = DIRECTION('',(1.,0.,-0.));
#8999 = ADVANCED_FACE('',(#9000),#9011,.F.);
#9000 = FACE_BOUND('',#9001,.F.);
#9001 = EDGE_LOOP('',(#9002,#9003,#9004,#9005));
#9002 = ORIENTED_EDGE('',*,*,#8938,.F.);
#9003 = ORIENTED_EDGE('',*,*,#8989,.F.);
#9004 = ORIENTED_EDGE('',*,*,#8837,.T.);
#9005 = ORIENTED_EDGE('',*,*,#9006,.T.);
#9006 = EDGE_CURVE('',#8830,#8931,#9007,.T.);
#9007 = LINE('',#9008,#9009);
#9008 = CARTESIAN_POINT('',(-21.,6.3,20.7));
#9009 = VECTOR('',#9010,1.);
#9010 = DIRECTION('',(1.,0.,0.));
#9011 = PLANE('',#9012);
#9012 = AXIS2_PLACEMENT_3D('',#9013,#9014,#9015);
#9013 = CARTESIAN_POINT('',(-21.,6.3,0.));
#9014 = DIRECTION('',(0.,1.,0.));
#9015 = DIRECTION('',(0.,-0.,1.));
#9016 = ADVANCED_FACE('',(#9017),#9028,.T.);
#9017 = FACE_BOUND('',#9018,.T.);
#9018 = EDGE_LOOP('',(#9019,#9020,#9021,#9022));
#9019 = ORIENTED_EDGE('',*,*,#8829,.F.);
#9020 = ORIENTED_EDGE('',*,*,#9006,.T.);
#9021 = ORIENTED_EDGE('',*,*,#8930,.T.);
#9022 = ORIENTED_EDGE('',*,*,#9023,.F.);
#9023 = EDGE_CURVE('',#8822,#8923,#9024,.T.);
#9024 = LINE('',#9025,#9026);
#9025 = CARTESIAN_POINT('',(-21.,6.9,20.7));
#9026 = VECTOR('',#9027,1.);
#9027 = DIRECTION('',(1.,0.,0.));
#9028 = PLANE('',#9029);
#9029 = AXIS2_PLACEMENT_3D('',#9030,#9031,#9032);
#9030 = CARTESIAN_POINT('',(-21.,6.3,20.7));
#9031 = DIRECTION('',(0.,0.,1.));
#9032 = DIRECTION('',(1.,0.,-0.));
#9033 = ADVANCED_FACE('',(#9034),#9045,.T.);
#9034 = FACE_BOUND('',#9035,.T.);
#9035 = EDGE_LOOP('',(#9036,#9042,#9043,#9044));
#9036 = ORIENTED_EDGE('',*,*,#9037,.F.);
#9037 = EDGE_CURVE('',#8814,#8915,#9038,.T.);
#9038 = LINE('',#9039,#9040);
#9039 = CARTESIAN_POINT('',(-21.,6.9,0.));
#9040 = VECTOR('',#9041,1.);
#9041 = DIRECTION('',(1.,0.,0.));
#9042 = ORIENTED_EDGE('',*,*,#8821,.F.);
#9043 = ORIENTED_EDGE('',*,*,#9023,.T.);
#9044 = ORIENTED_EDGE('',*,*,#8922,.F.);
#9045 = PLANE('',#9046);
#9046 = AXIS2_PLACEMENT_3D('',#9047,#9048,#9049);
#9047 = CARTESIAN_POINT('',(-21.,6.9,0.));
#9048 = DIRECTION('',(0.,1.,0.));
#9049 = DIRECTION('',(0.,-0.,1.));
#9050 = ADVANCED_FACE('',(#9051),#9062,.F.);
#9051 = FACE_BOUND('',#9052,.F.);
#9052 = EDGE_LOOP('',(#9053,#9059,#9060,#9061));
#9053 = ORIENTED_EDGE('',*,*,#9054,.T.);
#9054 = EDGE_CURVE('',#8804,#8907,#9055,.T.);
#9055 = LINE('',#9056,#9057);
#9056 = CARTESIAN_POINT('',(-21.,-6.9,0.));
#9057 = VECTOR('',#9058,1.);
#9058 = DIRECTION('',(1.,0.,0.));
#9059 = ORIENTED_EDGE('',*,*,#8914,.F.);
#9060 = ORIENTED_EDGE('',*,*,#9037,.F.);
#9061 = ORIENTED_EDGE('',*,*,#8813,.T.);
#9062 = PLANE('',#9063);
#9063 = AXIS2_PLACEMENT_3D('',#9064,#9065,#9066);
#9064 = CARTESIAN_POINT('',(-21.,-6.9,0.));
#9065 = DIRECTION('',(0.,0.,1.));
#9066 = DIRECTION('',(1.,0.,-0.));
#9067 = ADVANCED_FACE('',(#9068),#9074,.F.);
#9068 = FACE_BOUND('',#9069,.F.);
#9069 = EDGE_LOOP('',(#9070,#9071,#9072,#9073));
#9070 = ORIENTED_EDGE('',*,*,#9054,.F.);
#9071 = ORIENTED_EDGE('',*,*,#8803,.T.);
#9072 = ORIENTED_EDGE('',*,*,#8876,.T.);
#9073 = ORIENTED_EDGE('',*,*,#8906,.F.);
#9074 = PLANE('',#9075);
#9075 = AXIS2_PLACEMENT_3D('',#9076,#9077,#9078);
#9076 = CARTESIAN_POINT('',(-21.,-6.9,0.));
#9077 = DIRECTION('',(0.,1.,0.));
#9078 = DIRECTION('',(0.,-0.,1.));
#9079 = MANIFOLD_SOLID_BREP('',#9080);
#9080 = CLOSED_SHELL('',(#9081,#9121,#9161,#9183,#9205,#9217));
#9081 = ADVANCED_FACE('',(#9082),#9116,.F.);
#9082 = FACE_BOUND('',#9083,.F.);
#9083 = EDGE_LOOP('',(#9084,#9094,#9102,#9110));
#9084 = ORIENTED_EDGE('',*,*,#9085,.F.);
#9085 = EDGE_CURVE('',#9086,#9088,#9090,.T.);
#9086 = VERTEX_POINT('',#9087);
#9087 = CARTESIAN_POINT('',(-23.5,-0.4,-4.1));
#9088 = VERTEX_POINT('',#9089);
#9089 = CARTESIAN_POINT('',(-23.5,-0.4,1.));
#9090 = LINE('',#9091,#9092);
#9091 = CARTESIAN_POINT('',(-23.5,-0.4,-4.1));
#9092 = VECTOR('',#9093,1.);
#9093 = DIRECTION('',(0.,0.,1.));
#9094 = ORIENTED_EDGE('',*,*,#9095,.T.);
#9095 = EDGE_CURVE('',#9086,#9096,#9098,.T.);
#9096 = VERTEX_POINT('',#9097);
#9097 = CARTESIAN_POINT('',(-23.5,0.4,-4.1));
#9098 = LINE('',#9099,#9100);
#9099 = CARTESIAN_POINT('',(-23.5,-0.4,-4.1));
#9100 = VECTOR('',#9101,1.);
#9101 = DIRECTION('',(0.,1.,0.));
#9102 = ORIENTED_EDGE('',*,*,#9103,.T.);
#9103 = EDGE_CURVE('',#9096,#9104,#9106,.T.);
#9104 = VERTEX_POINT('',#9105);
#9105 = CARTESIAN_POINT('',(-23.5,0.4,1.));
#9106 = LINE('',#9107,#9108);
#9107 = CARTESIAN_POINT('',(-23.5,0.4,-4.1));
#9108 = VECTOR('',#9109,1.);
#9109 = DIRECTION('',(0.,0.,1.));
#9110 = ORIENTED_EDGE('',*,*,#9111,.F.);
#9111 = EDGE_CURVE('',#9088,#9104,#9112,.T.);
#9112 = LINE('',#9113,#9114);
#9113 = CARTESIAN_POINT('',(-23.5,-0.4,1.));
#9114 = VECTOR('',#9115,1.);
#9115 = DIRECTION('',(0.,1.,0.));
#9116 = PLANE('',#9117);
#9117 = AXIS2_PLACEMENT_3D('',#9118,#9119,#9120);
#9118 = CARTESIAN_POINT('',(-23.5,-0.4,-4.1));
#9119 = DIRECTION('',(1.,0.,0.));
#9120 = DIRECTION('',(0.,0.,1.));
#9121 = ADVANCED_FACE('',(#9122),#9156,.T.);
#9122 = FACE_BOUND('',#9123,.T.);
#9123 = EDGE_LOOP('',(#9124,#9134,#9142,#9150));
#9124 = ORIENTED_EDGE('',*,*,#9125,.F.);
#9125 = EDGE_CURVE('',#9126,#9128,#9130,.T.);
#9126 = VERTEX_POINT('',#9127);
#9127 = CARTESIAN_POINT('',(-21.5,-0.4,-4.1));
#9128 = VERTEX_POINT('',#9129);
#9129 = CARTESIAN_POINT('',(-21.5,-0.4,1.));
#9130 = LINE('',#9131,#9132);
#9131 = CARTESIAN_POINT('',(-21.5,-0.4,-4.1));
#9132 = VECTOR('',#9133,1.);
#9133 = DIRECTION('',(0.,0.,1.));
#9134 = ORIENTED_EDGE('',*,*,#9135,.T.);
#9135 = EDGE_CURVE('',#9126,#9136,#9138,.T.);
#9136 = VERTEX_POINT('',#9137);
#9137 = CARTESIAN_POINT('',(-21.5,0.4,-4.1));
#9138 = LINE('',#9139,#9140);
#9139 = CARTESIAN_POINT('',(-21.5,-0.4,-4.1));
#9140 = VECTOR('',#9141,1.);
#9141 = DIRECTION('',(0.,1.,0.));
#9142 = ORIENTED_EDGE('',*,*,#9143,.T.);
#9143 = EDGE_CURVE('',#9136,#9144,#9146,.T.);
#9144 = VERTEX_POINT('',#9145);
#9145 = CARTESIAN_POINT('',(-21.5,0.4,1.));
#9146 = LINE('',#9147,#9148);
#9147 = CARTESIAN_POINT('',(-21.5,0.4,-4.1));
#9148 = VECTOR('',#9149,1.);
#9149 = DIRECTION('',(0.,0.,1.));
#9150 = ORIENTED_EDGE('',*,*,#9151,.F.);
#9151 = EDGE_CURVE('',#9128,#9144,#9152,.T.);
#9152 = LINE('',#9153,#9154);
#9153 = CARTESIAN_POINT('',(-21.5,-0.4,1.));
#9154 = VECTOR('',#9155,1.);
#9155 = DIRECTION('',(0.,1.,0.));
#9156 = PLANE('',#9157);
#9157 = AXIS2_PLACEMENT_3D('',#9158,#9159,#9160);
#9158 = CARTESIAN_POINT('',(-21.5,-0.4,-4.1));
#9159 = DIRECTION('',(1.,0.,0.));
#9160 = DIRECTION('',(0.,0.,1.));
#9161 = ADVANCED_FACE('',(#9162),#9178,.F.);
#9162 = FACE_BOUND('',#9163,.F.);
#9163 = EDGE_LOOP('',(#9164,#9170,#9171,#9177));
#9164 = ORIENTED_EDGE('',*,*,#9165,.F.);
#9165 = EDGE_CURVE('',#9086,#9126,#9166,.T.);
#9166 = LINE('',#9167,#9168);
#9167 = CARTESIAN_POINT('',(-23.5,-0.4,-4.1));
#9168 = VECTOR('',#9169,1.);
#9169 = DIRECTION('',(1.,0.,0.));
#9170 = ORIENTED_EDGE('',*,*,#9085,.T.);
#9171 = ORIENTED_EDGE('',*,*,#9172,.T.);
#9172 = EDGE_CURVE('',#9088,#9128,#9173,.T.);
#9173 = LINE('',#9174,#9175);
#9174 = CARTESIAN_POINT('',(-23.5,-0.4,1.));
#9175 = VECTOR('',#9176,1.);
#9176 = DIRECTION('',(1.,0.,0.));
#9177 = ORIENTED_EDGE('',*,*,#9125,.F.);
#9178 = PLANE('',#9179);
#9179 = AXIS2_PLACEMENT_3D('',#9180,#9181,#9182);
#9180 = CARTESIAN_POINT('',(-23.5,-0.4,-4.1));
#9181 = DIRECTION('',(0.,1.,0.));
#9182 = DIRECTION('',(0.,-0.,1.));
#9183 = ADVANCED_FACE('',(#9184),#9200,.T.);
#9184 = FACE_BOUND('',#9185,.T.);
#9185 = EDGE_LOOP('',(#9186,#9192,#9193,#9199));
#9186 = ORIENTED_EDGE('',*,*,#9187,.F.);
#9187 = EDGE_CURVE('',#9096,#9136,#9188,.T.);
#9188 = LINE('',#9189,#9190);
#9189 = CARTESIAN_POINT('',(-23.5,0.4,-4.1));
#9190 = VECTOR('',#9191,1.);
#9191 = DIRECTION('',(1.,0.,0.));
#9192 = ORIENTED_EDGE('',*,*,#9103,.T.);
#9193 = ORIENTED_EDGE('',*,*,#9194,.T.);
#9194 = EDGE_CURVE('',#9104,#9144,#9195,.T.);
#9195 = LINE('',#9196,#9197);
#9196 = CARTESIAN_POINT('',(-23.5,0.4,1.));
#9197 = VECTOR('',#9198,1.);
#9198 = DIRECTION('',(1.,0.,0.));
#9199 = ORIENTED_EDGE('',*,*,#9143,.F.);
#9200 = PLANE('',#9201);
#9201 = AXIS2_PLACEMENT_3D('',#9202,#9203,#9204);
#9202 = CARTESIAN_POINT('',(-23.5,0.4,-4.1));
#9203 = DIRECTION('',(0.,1.,0.));
#9204 = DIRECTION('',(0.,-0.,1.));
#9205 = ADVANCED_FACE('',(#9206),#9212,.F.);
#9206 = FACE_BOUND('',#9207,.F.);
#9207 = EDGE_LOOP('',(#9208,#9209,#9210,#9211));
#9208 = ORIENTED_EDGE('',*,*,#9095,.F.);
#9209 = ORIENTED_EDGE('',*,*,#9165,.T.);
#9210 = ORIENTED_EDGE('',*,*,#9135,.T.);
#9211 = ORIENTED_EDGE('',*,*,#9187,.F.);
#9212 = PLANE('',#9213);
#9213 = AXIS2_PLACEMENT_3D('',#9214,#9215,#9216);
#9214 = CARTESIAN_POINT('',(-23.5,-0.4,-4.1));
#9215 = DIRECTION('',(0.,0.,1.));
#9216 = DIRECTION('',(1.,0.,-0.));
#9217 = ADVANCED_FACE('',(#9218),#9224,.T.);
#9218 = FACE_BOUND('',#9219,.T.);
#9219 = EDGE_LOOP('',(#9220,#9221,#9222,#9223));
#9220 = ORIENTED_EDGE('',*,*,#9111,.F.);
#9221 = ORIENTED_EDGE('',*,*,#9172,.T.);
#9222 = ORIENTED_EDGE('',*,*,#9151,.T.);
#9223 = ORIENTED_EDGE('',*,*,#9194,.F.);
#9224 = PLANE('',#9225);
#9225 = AXIS2_PLACEMENT_3D('',#9226,#9227,#9228);
#9226 = CARTESIAN_POINT('',(-23.5,-0.4,1.));
#9227 = DIRECTION('',(0.,0.,1.));
#9228 = DIRECTION('',(1.,0.,-0.));
#9229 = MANIFOLD_SOLID_BREP('',#9230);
#9230 = CLOSED_SHELL('',(#9231,#9271,#9311,#9333,#9355,#9367));
#9231 = ADVANCED_FACE('',(#9232),#9266,.F.);
#9232 = FACE_BOUND('',#9233,.F.);
#9233 = EDGE_LOOP('',(#9234,#9244,#9252,#9260));
#9234 = ORIENTED_EDGE('',*,*,#9235,.F.);
#9235 = EDGE_CURVE('',#9236,#9238,#9240,.T.);
#9236 = VERTEX_POINT('',#9237);
#9237 = CARTESIAN_POINT('',(-8.5,-0.4,-4.1));
#9238 = VERTEX_POINT('',#9239);
#9239 = CARTESIAN_POINT('',(-8.5,-0.4,1.));
#9240 = LINE('',#9241,#9242);
#9241 = CARTESIAN_POINT('',(-8.5,-0.4,-4.1));
#9242 = VECTOR('',#9243,1.);
#9243 = DIRECTION('',(0.,0.,1.));
#9244 = ORIENTED_EDGE('',*,*,#9245,.T.);
#9245 = EDGE_CURVE('',#9236,#9246,#9248,.T.);
#9246 = VERTEX_POINT('',#9247);
#9247 = CARTESIAN_POINT('',(-8.5,0.4,-4.1));
#9248 = LINE('',#9249,#9250);
#9249 = CARTESIAN_POINT('',(-8.5,-0.4,-4.1));
#9250 = VECTOR('',#9251,1.);
#9251 = DIRECTION('',(0.,1.,0.));
#9252 = ORIENTED_EDGE('',*,*,#9253,.T.);
#9253 = EDGE_CURVE('',#9246,#9254,#9256,.T.);
#9254 = VERTEX_POINT('',#9255);
#9255 = CARTESIAN_POINT('',(-8.5,0.4,1.));
#9256 = LINE('',#9257,#9258);
#9257 = CARTESIAN_POINT('',(-8.5,0.4,-4.1));
#9258 = VECTOR('',#9259,1.);
#9259 = DIRECTION('',(0.,0.,1.));
#9260 = ORIENTED_EDGE('',*,*,#9261,.F.);
#9261 = EDGE_CURVE('',#9238,#9254,#9262,.T.);
#9262 = LINE('',#9263,#9264);
#9263 = CARTESIAN_POINT('',(-8.5,-0.4,1.));
#9264 = VECTOR('',#9265,1.);
#9265 = DIRECTION('',(0.,1.,0.));
#9266 = PLANE('',#9267);
#9267 = AXIS2_PLACEMENT_3D('',#9268,#9269,#9270);
#9268 = CARTESIAN_POINT('',(-8.5,-0.4,-4.1));
#9269 = DIRECTION('',(1.,0.,0.));
#9270 = DIRECTION('',(0.,0.,1.));
#9271 = ADVANCED_FACE('',(#9272),#9306,.T.);
#9272 = FACE_BOUND('',#9273,.T.);
#9273 = EDGE_LOOP('',(#9274,#9284,#9292,#9300));
#9274 = ORIENTED_EDGE('',*,*,#9275,.F.);
#9275 = EDGE_CURVE('',#9276,#9278,#9280,.T.);
#9276 = VERTEX_POINT('',#9277);
#9277 = CARTESIAN_POINT('',(-6.5,-0.4,-4.1));
#9278 = VERTEX_POINT('',#9279);
#9279 = CARTESIAN_POINT('',(-6.5,-0.4,1.));
#9280 = LINE('',#9281,#9282);
#9281 = CARTESIAN_POINT('',(-6.5,-0.4,-4.1));
#9282 = VECTOR('',#9283,1.);
#9283 = DIRECTION('',(0.,0.,1.));
#9284 = ORIENTED_EDGE('',*,*,#9285,.T.);
#9285 = EDGE_CURVE('',#9276,#9286,#9288,.T.);
#9286 = VERTEX_POINT('',#9287);
#9287 = CARTESIAN_POINT('',(-6.5,0.4,-4.1));
#9288 = LINE('',#9289,#9290);
#9289 = CARTESIAN_POINT('',(-6.5,-0.4,-4.1));
#9290 = VECTOR('',#9291,1.);
#9291 = DIRECTION('',(0.,1.,0.));
#9292 = ORIENTED_EDGE('',*,*,#9293,.T.);
#9293 = EDGE_CURVE('',#9286,#9294,#9296,.T.);
#9294 = VERTEX_POINT('',#9295);
#9295 = CARTESIAN_POINT('',(-6.5,0.4,1.));
#9296 = LINE('',#9297,#9298);
#9297 = CARTESIAN_POINT('',(-6.5,0.4,-4.1));
#9298 = VECTOR('',#9299,1.);
#9299 = DIRECTION('',(0.,0.,1.));
#9300 = ORIENTED_EDGE('',*,*,#9301,.F.);
#9301 = EDGE_CURVE('',#9278,#9294,#9302,.T.);
#9302 = LINE('',#9303,#9304);
#9303 = CARTESIAN_POINT('',(-6.5,-0.4,1.));
#9304 = VECTOR('',#9305,1.);
#9305 = DIRECTION('',(0.,1.,0.));
#9306 = PLANE('',#9307);
#9307 = AXIS2_PLACEMENT_3D('',#9308,#9309,#9310);
#9308 = CARTESIAN_POINT('',(-6.5,-0.4,-4.1));
#9309 = DIRECTION('',(1.,0.,0.));
#9310 = DIRECTION('',(0.,0.,1.));
#9311 = ADVANCED_FACE('',(#9312),#9328,.F.);
#9312 = FACE_BOUND('',#9313,.F.);
#9313 = EDGE_LOOP('',(#9314,#9320,#9321,#9327));
#9314 = ORIENTED_EDGE('',*,*,#9315,.F.);
#9315 = EDGE_CURVE('',#9236,#9276,#9316,.T.);
#9316 = LINE('',#9317,#9318);
#9317 = CARTESIAN_POINT('',(-8.5,-0.4,-4.1));
#9318 = VECTOR('',#9319,1.);
#9319 = DIRECTION('',(1.,0.,0.));
#9320 = ORIENTED_EDGE('',*,*,#9235,.T.);
#9321 = ORIENTED_EDGE('',*,*,#9322,.T.);
#9322 = EDGE_CURVE('',#9238,#9278,#9323,.T.);
#9323 = LINE('',#9324,#9325);
#9324 = CARTESIAN_POINT('',(-8.5,-0.4,1.));
#9325 = VECTOR('',#9326,1.);
#9326 = DIRECTION('',(1.,0.,0.));
#9327 = ORIENTED_EDGE('',*,*,#9275,.F.);
#9328 = PLANE('',#9329);
#9329 = AXIS2_PLACEMENT_3D('',#9330,#9331,#9332);
#9330 = CARTESIAN_POINT('',(-8.5,-0.4,-4.1));
#9331 = DIRECTION('',(0.,1.,0.));
#9332 = DIRECTION('',(0.,-0.,1.));
#9333 = ADVANCED_FACE('',(#9334),#9350,.T.);
#9334 = FACE_BOUND('',#9335,.T.);
#9335 = EDGE_LOOP('',(#9336,#9342,#9343,#9349));
#9336 = ORIENTED_EDGE('',*,*,#9337,.F.);
#9337 = EDGE_CURVE('',#9246,#9286,#9338,.T.);
#9338 = LINE('',#9339,#9340);
#9339 = CARTESIAN_POINT('',(-8.5,0.4,-4.1));
#9340 = VECTOR('',#9341,1.);
#9341 = DIRECTION('',(1.,0.,0.));
#9342 = ORIENTED_EDGE('',*,*,#9253,.T.);
#9343 = ORIENTED_EDGE('',*,*,#9344,.T.);
#9344 = EDGE_CURVE('',#9254,#9294,#9345,.T.);
#9345 = LINE('',#9346,#9347);
#9346 = CARTESIAN_POINT('',(-8.5,0.4,1.));
#9347 = VECTOR('',#9348,1.);
#9348 = DIRECTION('',(1.,0.,0.));
#9349 = ORIENTED_EDGE('',*,*,#9293,.F.);
#9350 = PLANE('',#9351);
#9351 = AXIS2_PLACEMENT_3D('',#9352,#9353,#9354);
#9352 = CARTESIAN_POINT('',(-8.5,0.4,-4.1));
#9353 = DIRECTION('',(0.,1.,0.));
#9354 = DIRECTION('',(0.,-0.,1.));
#9355 = ADVANCED_FACE('',(#9356),#9362,.F.);
#9356 = FACE_BOUND('',#9357,.F.);
#9357 = EDGE_LOOP('',(#9358,#9359,#9360,#9361));
#9358 = ORIENTED_EDGE('',*,*,#9245,.F.);
#9359 = ORIENTED_EDGE('',*,*,#9315,.T.);
#9360 = ORIENTED_EDGE('',*,*,#9285,.T.);
#9361 = ORIENTED_EDGE('',*,*,#9337,.F.);
#9362 = PLANE('',#9363);
#9363 = AXIS2_PLACEMENT_3D('',#9364,#9365,#9366);
#9364 = CARTESIAN_POINT('',(-8.5,-0.4,-4.1));
#9365 = DIRECTION('',(0.,0.,1.));
#9366 = DIRECTION('',(1.,0.,-0.));
#9367 = ADVANCED_FACE('',(#9368),#9374,.T.);
#9368 = FACE_BOUND('',#9369,.T.);
#9369 = EDGE_LOOP('',(#9370,#9371,#9372,#9373));
#9370 = ORIENTED_EDGE('',*,*,#9261,.F.);
#9371 = ORIENTED_EDGE('',*,*,#9322,.T.);
#9372 = ORIENTED_EDGE('',*,*,#9301,.T.);
#9373 = ORIENTED_EDGE('',*,*,#9344,.F.);
#9374 = PLANE('',#9375);
#9375 = AXIS2_PLACEMENT_3D('',#9376,#9377,#9378);
#9376 = CARTESIAN_POINT('',(-8.5,-0.4,1.));
#9377 = DIRECTION('',(0.,0.,1.));
#9378 = DIRECTION('',(1.,0.,-0.));
#9379 = MANIFOLD_SOLID_BREP('',#9380);
#9380 = CLOSED_SHELL('',(#9381,#9453,#9484,#9547,#9564,#9581,#9598,#9615
    ,#9632,#9649));
#9381 = ADVANCED_FACE('',(#9382),#9448,.F.);
#9382 = FACE_BOUND('',#9383,.F.);
#9383 = EDGE_LOOP('',(#9384,#9394,#9402,#9410,#9418,#9426,#9434,#9442));
#9384 = ORIENTED_EDGE('',*,*,#9385,.F.);
#9385 = EDGE_CURVE('',#9386,#9388,#9390,.T.);
#9386 = VERTEX_POINT('',#9387);
#9387 = CARTESIAN_POINT('',(9.,-6.9,0.));
#9388 = VERTEX_POINT('',#9389);
#9389 = CARTESIAN_POINT('',(9.,-6.9,20.7));
#9390 = LINE('',#9391,#9392);
#9391 = CARTESIAN_POINT('',(9.,-6.9,0.));
#9392 = VECTOR('',#9393,1.);
#9393 = DIRECTION('',(0.,0.,1.));
#9394 = ORIENTED_EDGE('',*,*,#9395,.F.);
#9395 = EDGE_CURVE('',#9396,#9386,#9398,.T.);
#9396 = VERTEX_POINT('',#9397);
#9397 = CARTESIAN_POINT('',(9.,6.9,0.));
#9398 = LINE('',#9399,#9400);
#9399 = CARTESIAN_POINT('',(9.,6.9,0.));
#9400 = VECTOR('',#9401,1.);
#9401 = DIRECTION('',(0.,-1.,0.));
#9402 = ORIENTED_EDGE('',*,*,#9403,.F.);
#9403 = EDGE_CURVE('',#9404,#9396,#9406,.T.);
#9404 = VERTEX_POINT('',#9405);
#9405 = CARTESIAN_POINT('',(9.,6.9,20.7));
#9406 = LINE('',#9407,#9408);
#9407 = CARTESIAN_POINT('',(9.,6.9,20.7));
#9408 = VECTOR('',#9409,1.);
#9409 = DIRECTION('',(0.,4.290717003382E-17,-1.));
#9410 = ORIENTED_EDGE('',*,*,#9411,.F.);
#9411 = EDGE_CURVE('',#9412,#9404,#9414,.T.);
#9412 = VERTEX_POINT('',#9413);
#9413 = CARTESIAN_POINT('',(9.,6.3,20.7));
#9414 = LINE('',#9415,#9416);
#9415 = CARTESIAN_POINT('',(9.,6.3,20.7));
#9416 = VECTOR('',#9417,1.);
#9417 = DIRECTION('',(0.,1.,0.));
#9418 = ORIENTED_EDGE('',*,*,#9419,.F.);
#9419 = EDGE_CURVE('',#9420,#9412,#9422,.T.);
#9420 = VERTEX_POINT('',#9421);
#9421 = CARTESIAN_POINT('',(9.,6.3,1.));
#9422 = LINE('',#9423,#9424);
#9423 = CARTESIAN_POINT('',(9.,6.3,0.));
#9424 = VECTOR('',#9425,1.);
#9425 = DIRECTION('',(0.,0.,1.));
#9426 = ORIENTED_EDGE('',*,*,#9427,.F.);
#9427 = EDGE_CURVE('',#9428,#9420,#9430,.T.);
#9428 = VERTEX_POINT('',#9429);
#9429 = CARTESIAN_POINT('',(9.,-6.3,1.));
#9430 = LINE('',#9431,#9432);
#9431 = CARTESIAN_POINT('',(9.,-6.9,1.));
#9432 = VECTOR('',#9433,1.);
#9433 = DIRECTION('',(0.,1.,0.));
#9434 = ORIENTED_EDGE('',*,*,#9435,.T.);
#9435 = EDGE_CURVE('',#9428,#9436,#9438,.T.);
#9436 = VERTEX_POINT('',#9437);
#9437 = CARTESIAN_POINT('',(9.,-6.3,20.7));
#9438 = LINE('',#9439,#9440);
#9439 = CARTESIAN_POINT('',(9.,-6.3,0.));
#9440 = VECTOR('',#9441,1.);
#9441 = DIRECTION('',(0.,0.,1.));
#9442 = ORIENTED_EDGE('',*,*,#9443,.F.);
#9443 = EDGE_CURVE('',#9388,#9436,#9444,.T.);
#9444 = LINE('',#9445,#9446);
#9445 = CARTESIAN_POINT('',(9.,-6.9,20.7));
#9446 = VECTOR('',#9447,1.);
#9447 = DIRECTION('',(0.,1.,0.));
#9448 = PLANE('',#9449);
#9449 = AXIS2_PLACEMENT_3D('',#9450,#9451,#9452);
#9450 = CARTESIAN_POINT('',(9.,-6.9,0.));
#9451 = DIRECTION('',(1.,0.,0.));
#9452 = DIRECTION('',(0.,0.,1.));
#9453 = ADVANCED_FACE('',(#9454),#9479,.T.);
#9454 = FACE_BOUND('',#9455,.T.);
#9455 = EDGE_LOOP('',(#9456,#9457,#9465,#9473));
#9456 = ORIENTED_EDGE('',*,*,#9443,.F.);
#9457 = ORIENTED_EDGE('',*,*,#9458,.T.);
#9458 = EDGE_CURVE('',#9388,#9459,#9461,.T.);
#9459 = VERTEX_POINT('',#9460);
#9460 = CARTESIAN_POINT('',(21.,-6.9,20.7));
#9461 = LINE('',#9462,#9463);
#9462 = CARTESIAN_POINT('',(9.,-6.9,20.7));
#9463 = VECTOR('',#9464,1.);
#9464 = DIRECTION('',(1.,0.,0.));
#9465 = ORIENTED_EDGE('',*,*,#9466,.T.);
#9466 = EDGE_CURVE('',#9459,#9467,#9469,.T.);
#9467 = VERTEX_POINT('',#9468);
#9468 = CARTESIAN_POINT('',(21.,-6.3,20.7));
#9469 = LINE('',#9470,#9471);
#9470 = CARTESIAN_POINT('',(21.,-6.9,20.7));
#9471 = VECTOR('',#9472,1.);
#9472 = DIRECTION('',(0.,1.,0.));
#9473 = ORIENTED_EDGE('',*,*,#9474,.F.);
#9474 = EDGE_CURVE('',#9436,#9467,#9475,.T.);
#9475 = LINE('',#9476,#9477);
#9476 = CARTESIAN_POINT('',(9.,-6.3,20.7));
#9477 = VECTOR('',#9478,1.);
#9478 = DIRECTION('',(1.,0.,0.));
#9479 = PLANE('',#9480);
#9480 = AXIS2_PLACEMENT_3D('',#9481,#9482,#9483);
#9481 = CARTESIAN_POINT('',(9.,-6.9,20.7));
#9482 = DIRECTION('',(0.,0.,1.));
#9483 = DIRECTION('',(1.,0.,-0.));
#9484 = ADVANCED_FACE('',(#9485),#9542,.T.);
#9485 = FACE_BOUND('',#9486,.T.);
#9486 = EDGE_LOOP('',(#9487,#9495,#9503,#9511,#9519,#9527,#9535,#9541));
#9487 = ORIENTED_EDGE('',*,*,#9488,.F.);
#9488 = EDGE_CURVE('',#9489,#9459,#9491,.T.);
#9489 = VERTEX_POINT('',#9490);
#9490 = CARTESIAN_POINT('',(21.,-6.9,0.));
#9491 = LINE('',#9492,#9493);
#9492 = CARTESIAN_POINT('',(21.,-6.9,0.));
#9493 = VECTOR('',#9494,1.);
#9494 = DIRECTION('',(0.,0.,1.));
#9495 = ORIENTED_EDGE('',*,*,#9496,.F.);
#9496 = EDGE_CURVE('',#9497,#9489,#9499,.T.);
#9497 = VERTEX_POINT('',#9498);
#9498 = CARTESIAN_POINT('',(21.,6.9,0.));
#9499 = LINE('',#9500,#9501);
#9500 = CARTESIAN_POINT('',(21.,6.9,0.));
#9501 = VECTOR('',#9502,1.);
#9502 = DIRECTION('',(0.,-1.,0.));
#9503 = ORIENTED_EDGE('',*,*,#9504,.T.);
#9504 = EDGE_CURVE('',#9497,#9505,#9507,.T.);
#9505 = VERTEX_POINT('',#9506);
#9506 = CARTESIAN_POINT('',(21.,6.9,20.7));
#9507 = LINE('',#9508,#9509);
#9508 = CARTESIAN_POINT('',(21.,6.9,0.));
#9509 = VECTOR('',#9510,1.);
#9510 = DIRECTION('',(0.,-4.290717003382E-17,1.));
#9511 = ORIENTED_EDGE('',*,*,#9512,.F.);
#9512 = EDGE_CURVE('',#9513,#9505,#9515,.T.);
#9513 = VERTEX_POINT('',#9514);
#9514 = CARTESIAN_POINT('',(21.,6.3,20.7));
#9515 = LINE('',#9516,#9517);
#9516 = CARTESIAN_POINT('',(21.,6.3,20.7));
#9517 = VECTOR('',#9518,1.);
#9518 = DIRECTION('',(0.,1.,0.));
#9519 = ORIENTED_EDGE('',*,*,#9520,.F.);
#9520 = EDGE_CURVE('',#9521,#9513,#9523,.T.);
#9521 = VERTEX_POINT('',#9522);
#9522 = CARTESIAN_POINT('',(21.,6.3,1.));
#9523 = LINE('',#9524,#9525);
#9524 = CARTESIAN_POINT('',(21.,6.3,0.));
#9525 = VECTOR('',#9526,1.);
#9526 = DIRECTION('',(0.,0.,1.));
#9527 = ORIENTED_EDGE('',*,*,#9528,.F.);
#9528 = EDGE_CURVE('',#9529,#9521,#9531,.T.);
#9529 = VERTEX_POINT('',#9530);
#9530 = CARTESIAN_POINT('',(21.,-6.3,1.));
#9531 = LINE('',#9532,#9533);
#9532 = CARTESIAN_POINT('',(21.,-6.9,1.));
#9533 = VECTOR('',#9534,1.);
#9534 = DIRECTION('',(0.,1.,0.));
#9535 = ORIENTED_EDGE('',*,*,#9536,.T.);
#9536 = EDGE_CURVE('',#9529,#9467,#9537,.T.);
#9537 = LINE('',#9538,#9539);
#9538 = CARTESIAN_POINT('',(21.,-6.3,0.));
#9539 = VECTOR('',#9540,1.);
#9540 = DIRECTION('',(0.,0.,1.));
#9541 = ORIENTED_EDGE('',*,*,#9466,.F.);
#9542 = PLANE('',#9543);
#9543 = AXIS2_PLACEMENT_3D('',#9544,#9545,#9546);
#9544 = CARTESIAN_POINT('',(21.,-6.9,0.));
#9545 = DIRECTION('',(1.,0.,0.));
#9546 = DIRECTION('',(0.,0.,1.));
#9547 = ADVANCED_FACE('',(#9548),#9559,.T.);
#9548 = FACE_BOUND('',#9549,.T.);
#9549 = EDGE_LOOP('',(#9550,#9551,#9557,#9558));
#9550 = ORIENTED_EDGE('',*,*,#9536,.F.);
#9551 = ORIENTED_EDGE('',*,*,#9552,.F.);
#9552 = EDGE_CURVE('',#9428,#9529,#9553,.T.);
#9553 = LINE('',#9554,#9555);
#9554 = CARTESIAN_POINT('',(9.,-6.3,1.));
#9555 = VECTOR('',#9556,1.);
#9556 = DIRECTION('',(1.,0.,0.));
#9557 = ORIENTED_EDGE('',*,*,#9435,.T.);
#9558 = ORIENTED_EDGE('',*,*,#9474,.T.);
#9559 = PLANE('',#9560);
#9560 = AXIS2_PLACEMENT_3D('',#9561,#9562,#9563);
#9561 = CARTESIAN_POINT('',(9.,-6.3,0.));
#9562 = DIRECTION('',(0.,1.,0.));
#9563 = DIRECTION('',(0.,-0.,1.));
#9564 = ADVANCED_FACE('',(#9565),#9576,.T.);
#9565 = FACE_BOUND('',#9566,.T.);
#9566 = EDGE_LOOP('',(#9567,#9568,#9569,#9570));
#9567 = ORIENTED_EDGE('',*,*,#9427,.F.);
#9568 = ORIENTED_EDGE('',*,*,#9552,.T.);
#9569 = ORIENTED_EDGE('',*,*,#9528,.T.);
#9570 = ORIENTED_EDGE('',*,*,#9571,.F.);
#9571 = EDGE_CURVE('',#9420,#9521,#9572,.T.);
#9572 = LINE('',#9573,#9574);
#9573 = CARTESIAN_POINT('',(9.,6.3,1.));
#9574 = VECTOR('',#9575,1.);
#9575 = DIRECTION('',(1.,0.,0.));
#9576 = PLANE('',#9577);
#9577 = AXIS2_PLACEMENT_3D('',#9578,#9579,#9580);
#9578 = CARTESIAN_POINT('',(9.,-6.9,1.));
#9579 = DIRECTION('',(0.,0.,1.));
#9580 = DIRECTION('',(1.,0.,-0.));
#9581 = ADVANCED_FACE('',(#9582),#9593,.F.);
#9582 = FACE_BOUND('',#9583,.F.);
#9583 = EDGE_LOOP('',(#9584,#9585,#9586,#9587));
#9584 = ORIENTED_EDGE('',*,*,#9520,.F.);
#9585 = ORIENTED_EDGE('',*,*,#9571,.F.);
#9586 = ORIENTED_EDGE('',*,*,#9419,.T.);
#9587 = ORIENTED_EDGE('',*,*,#9588,.T.);
#9588 = EDGE_CURVE('',#9412,#9513,#9589,.T.);
#9589 = LINE('',#9590,#9591);
#9590 = CARTESIAN_POINT('',(9.,6.3,20.7));
#9591 = VECTOR('',#9592,1.);
#9592 = DIRECTION('',(1.,0.,0.));
#9593 = PLANE('',#9594);
#9594 = AXIS2_PLACEMENT_3D('',#9595,#9596,#9597);
#9595 = CARTESIAN_POINT('',(9.,6.3,0.));
#9596 = DIRECTION('',(0.,1.,0.));
#9597 = DIRECTION('',(0.,-0.,1.));
#9598 = ADVANCED_FACE('',(#9599),#9610,.T.);
#9599 = FACE_BOUND('',#9600,.T.);
#9600 = EDGE_LOOP('',(#9601,#9602,#9603,#9604));
#9601 = ORIENTED_EDGE('',*,*,#9411,.F.);
#9602 = ORIENTED_EDGE('',*,*,#9588,.T.);
#9603 = ORIENTED_EDGE('',*,*,#9512,.T.);
#9604 = ORIENTED_EDGE('',*,*,#9605,.F.);
#9605 = EDGE_CURVE('',#9404,#9505,#9606,.T.);
#9606 = LINE('',#9607,#9608);
#9607 = CARTESIAN_POINT('',(9.,6.9,20.7));
#9608 = VECTOR('',#9609,1.);
#9609 = DIRECTION('',(1.,0.,0.));
#9610 = PLANE('',#9611);
#9611 = AXIS2_PLACEMENT_3D('',#9612,#9613,#9614);
#9612 = CARTESIAN_POINT('',(9.,6.3,20.7));
#9613 = DIRECTION('',(0.,0.,1.));
#9614 = DIRECTION('',(1.,0.,-0.));
#9615 = ADVANCED_FACE('',(#9616),#9627,.T.);
#9616 = FACE_BOUND('',#9617,.T.);
#9617 = EDGE_LOOP('',(#9618,#9624,#9625,#9626));
#9618 = ORIENTED_EDGE('',*,*,#9619,.F.);
#9619 = EDGE_CURVE('',#9396,#9497,#9620,.T.);
#9620 = LINE('',#9621,#9622);
#9621 = CARTESIAN_POINT('',(9.,6.9,0.));
#9622 = VECTOR('',#9623,1.);
#9623 = DIRECTION('',(1.,0.,0.));
#9624 = ORIENTED_EDGE('',*,*,#9403,.F.);
#9625 = ORIENTED_EDGE('',*,*,#9605,.T.);
#9626 = ORIENTED_EDGE('',*,*,#9504,.F.);
#9627 = PLANE('',#9628);
#9628 = AXIS2_PLACEMENT_3D('',#9629,#9630,#9631);
#9629 = CARTESIAN_POINT('',(9.,6.9,0.));
#9630 = DIRECTION('',(0.,1.,0.));
#9631 = DIRECTION('',(0.,-0.,1.));
#9632 = ADVANCED_FACE('',(#9633),#9644,.F.);
#9633 = FACE_BOUND('',#9634,.F.);
#9634 = EDGE_LOOP('',(#9635,#9641,#9642,#9643));
#9635 = ORIENTED_EDGE('',*,*,#9636,.T.);
#9636 = EDGE_CURVE('',#9386,#9489,#9637,.T.);
#9637 = LINE('',#9638,#9639);
#9638 = CARTESIAN_POINT('',(9.,-6.9,0.));
#9639 = VECTOR('',#9640,1.);
#9640 = DIRECTION('',(1.,0.,0.));
#9641 = ORIENTED_EDGE('',*,*,#9496,.F.);
#9642 = ORIENTED_EDGE('',*,*,#9619,.F.);
#9643 = ORIENTED_EDGE('',*,*,#9395,.T.);
#9644 = PLANE('',#9645);
#9645 = AXIS2_PLACEMENT_3D('',#9646,#9647,#9648);
#9646 = CARTESIAN_POINT('',(9.,-6.9,0.));
#9647 = DIRECTION('',(0.,0.,1.));
#9648 = DIRECTION('',(1.,0.,-0.));
#9649 = ADVANCED_FACE('',(#9650),#9656,.F.);
#9650 = FACE_BOUND('',#9651,.F.);
#9651 = EDGE_LOOP('',(#9652,#9653,#9654,#9655));
#9652 = ORIENTED_EDGE('',*,*,#9636,.F.);
#9653 = ORIENTED_EDGE('',*,*,#9385,.T.);
#9654 = ORIENTED_EDGE('',*,*,#9458,.T.);
#9655 = ORIENTED_EDGE('',*,*,#9488,.F.);
#9656 = PLANE('',#9657);
#9657 = AXIS2_PLACEMENT_3D('',#9658,#9659,#9660);
#9658 = CARTESIAN_POINT('',(9.,-6.9,0.));
#9659 = DIRECTION('',(0.,1.,0.));
#9660 = DIRECTION('',(0.,-0.,1.));
#9661 = MANIFOLD_SOLID_BREP('',#9662);
#9662 = CLOSED_SHELL('',(#9663,#9703,#9743,#9765,#9787,#9799));
#9663 = ADVANCED_FACE('',(#9664),#9698,.F.);
#9664 = FACE_BOUND('',#9665,.F.);
#9665 = EDGE_LOOP('',(#9666,#9676,#9684,#9692));
#9666 = ORIENTED_EDGE('',*,*,#9667,.F.);
#9667 = EDGE_CURVE('',#9668,#9670,#9672,.T.);
#9668 = VERTEX_POINT('',#9669);
#9669 = CARTESIAN_POINT('',(6.5,-0.4,-4.1));
#9670 = VERTEX_POINT('',#9671);
#9671 = CARTESIAN_POINT('',(6.5,-0.4,1.));
#9672 = LINE('',#9673,#9674);
#9673 = CARTESIAN_POINT('',(6.5,-0.4,-4.1));
#9674 = VECTOR('',#9675,1.);
#9675 = DIRECTION('',(0.,0.,1.));
#9676 = ORIENTED_EDGE('',*,*,#9677,.T.);
#9677 = EDGE_CURVE('',#9668,#9678,#9680,.T.);
#9678 = VERTEX_POINT('',#9679);
#9679 = CARTESIAN_POINT('',(6.5,0.4,-4.1));
#9680 = LINE('',#9681,#9682);
#9681 = CARTESIAN_POINT('',(6.5,-0.4,-4.1));
#9682 = VECTOR('',#9683,1.);
#9683 = DIRECTION('',(0.,1.,0.));
#9684 = ORIENTED_EDGE('',*,*,#9685,.T.);
#9685 = EDGE_CURVE('',#9678,#9686,#9688,.T.);
#9686 = VERTEX_POINT('',#9687);
#9687 = CARTESIAN_POINT('',(6.5,0.4,1.));
#9688 = LINE('',#9689,#9690);
#9689 = CARTESIAN_POINT('',(6.5,0.4,-4.1));
#9690 = VECTOR('',#9691,1.);
#9691 = DIRECTION('',(0.,0.,1.));
#9692 = ORIENTED_EDGE('',*,*,#9693,.F.);
#9693 = EDGE_CURVE('',#9670,#9686,#9694,.T.);
#9694 = LINE('',#9695,#9696);
#9695 = CARTESIAN_POINT('',(6.5,-0.4,1.));
#9696 = VECTOR('',#9697,1.);
#9697 = DIRECTION('',(0.,1.,0.));
#9698 = PLANE('',#9699);
#9699 = AXIS2_PLACEMENT_3D('',#9700,#9701,#9702);
#9700 = CARTESIAN_POINT('',(6.5,-0.4,-4.1));
#9701 = DIRECTION('',(1.,0.,0.));
#9702 = DIRECTION('',(0.,0.,1.));
#9703 = ADVANCED_FACE('',(#9704),#9738,.T.);
#9704 = FACE_BOUND('',#9705,.T.);
#9705 = EDGE_LOOP('',(#9706,#9716,#9724,#9732));
#9706 = ORIENTED_EDGE('',*,*,#9707,.F.);
#9707 = EDGE_CURVE('',#9708,#9710,#9712,.T.);
#9708 = VERTEX_POINT('',#9709);
#9709 = CARTESIAN_POINT('',(8.5,-0.4,-4.1));
#9710 = VERTEX_POINT('',#9711);
#9711 = CARTESIAN_POINT('',(8.5,-0.4,1.));
#9712 = LINE('',#9713,#9714);
#9713 = CARTESIAN_POINT('',(8.5,-0.4,-4.1));
#9714 = VECTOR('',#9715,1.);
#9715 = DIRECTION('',(0.,0.,1.));
#9716 = ORIENTED_EDGE('',*,*,#9717,.T.);
#9717 = EDGE_CURVE('',#9708,#9718,#9720,.T.);
#9718 = VERTEX_POINT('',#9719);
#9719 = CARTESIAN_POINT('',(8.5,0.4,-4.1));
#9720 = LINE('',#9721,#9722);
#9721 = CARTESIAN_POINT('',(8.5,-0.4,-4.1));
#9722 = VECTOR('',#9723,1.);
#9723 = DIRECTION('',(0.,1.,0.));
#9724 = ORIENTED_EDGE('',*,*,#9725,.T.);
#9725 = EDGE_CURVE('',#9718,#9726,#9728,.T.);
#9726 = VERTEX_POINT('',#9727);
#9727 = CARTESIAN_POINT('',(8.5,0.4,1.));
#9728 = LINE('',#9729,#9730);
#9729 = CARTESIAN_POINT('',(8.5,0.4,-4.1));
#9730 = VECTOR('',#9731,1.);
#9731 = DIRECTION('',(0.,0.,1.));
#9732 = ORIENTED_EDGE('',*,*,#9733,.F.);
#9733 = EDGE_CURVE('',#9710,#9726,#9734,.T.);
#9734 = LINE('',#9735,#9736);
#9735 = CARTESIAN_POINT('',(8.5,-0.4,1.));
#9736 = VECTOR('',#9737,1.);
#9737 = DIRECTION('',(0.,1.,0.));
#9738 = PLANE('',#9739);
#9739 = AXIS2_PLACEMENT_3D('',#9740,#9741,#9742);
#9740 = CARTESIAN_POINT('',(8.5,-0.4,-4.1));
#9741 = DIRECTION('',(1.,0.,0.));
#9742 = DIRECTION('',(0.,0.,1.));
#9743 = ADVANCED_FACE('',(#9744),#9760,.F.);
#9744 = FACE_BOUND('',#9745,.F.);
#9745 = EDGE_LOOP('',(#9746,#9752,#9753,#9759));
#9746 = ORIENTED_EDGE('',*,*,#9747,.F.);
#9747 = EDGE_CURVE('',#9668,#9708,#9748,.T.);
#9748 = LINE('',#9749,#9750);
#9749 = CARTESIAN_POINT('',(6.5,-0.4,-4.1));
#9750 = VECTOR('',#9751,1.);
#9751 = DIRECTION('',(1.,0.,0.));
#9752 = ORIENTED_EDGE('',*,*,#9667,.T.);
#9753 = ORIENTED_EDGE('',*,*,#9754,.T.);
#9754 = EDGE_CURVE('',#9670,#9710,#9755,.T.);
#9755 = LINE('',#9756,#9757);
#9756 = CARTESIAN_POINT('',(6.5,-0.4,1.));
#9757 = VECTOR('',#9758,1.);
#9758 = DIRECTION('',(1.,0.,0.));
#9759 = ORIENTED_EDGE('',*,*,#9707,.F.);
#9760 = PLANE('',#9761);
#9761 = AXIS2_PLACEMENT_3D('',#9762,#9763,#9764);
#9762 = CARTESIAN_POINT('',(6.5,-0.4,-4.1));
#9763 = DIRECTION('',(0.,1.,0.));
#9764 = DIRECTION('',(0.,-0.,1.));
#9765 = ADVANCED_FACE('',(#9766),#9782,.T.);
#9766 = FACE_BOUND('',#9767,.T.);
#9767 = EDGE_LOOP('',(#9768,#9774,#9775,#9781));
#9768 = ORIENTED_EDGE('',*,*,#9769,.F.);
#9769 = EDGE_CURVE('',#9678,#9718,#9770,.T.);
#9770 = LINE('',#9771,#9772);
#9771 = CARTESIAN_POINT('',(6.5,0.4,-4.1));
#9772 = VECTOR('',#9773,1.);
#9773 = DIRECTION('',(1.,0.,0.));
#9774 = ORIENTED_EDGE('',*,*,#9685,.T.);
#9775 = ORIENTED_EDGE('',*,*,#9776,.T.);
#9776 = EDGE_CURVE('',#9686,#9726,#9777,.T.);
#9777 = LINE('',#9778,#9779);
#9778 = CARTESIAN_POINT('',(6.5,0.4,1.));
#9779 = VECTOR('',#9780,1.);
#9780 = DIRECTION('',(1.,0.,0.));
#9781 = ORIENTED_EDGE('',*,*,#9725,.F.);
#9782 = PLANE('',#9783);
#9783 = AXIS2_PLACEMENT_3D('',#9784,#9785,#9786);
#9784 = CARTESIAN_POINT('',(6.5,0.4,-4.1));
#9785 = DIRECTION('',(0.,1.,0.));
#9786 = DIRECTION('',(0.,-0.,1.));
#9787 = ADVANCED_FACE('',(#9788),#9794,.F.);
#9788 = FACE_BOUND('',#9789,.F.);
#9789 = EDGE_LOOP('',(#9790,#9791,#9792,#9793));
#9790 = ORIENTED_EDGE('',*,*,#9677,.F.);
#9791 = ORIENTED_EDGE('',*,*,#9747,.T.);
#9792 = ORIENTED_EDGE('',*,*,#9717,.T.);
#9793 = ORIENTED_EDGE('',*,*,#9769,.F.);
#9794 = PLANE('',#9795);
#9795 = AXIS2_PLACEMENT_3D('',#9796,#9797,#9798);
#9796 = CARTESIAN_POINT('',(6.5,-0.4,-4.1));
#9797 = DIRECTION('',(0.,0.,1.));
#9798 = DIRECTION('',(1.,0.,-0.));
#9799 = ADVANCED_FACE('',(#9800),#9806,.T.);
#9800 = FACE_BOUND('',#9801,.T.);
#9801 = EDGE_LOOP('',(#9802,#9803,#9804,#9805));
#9802 = ORIENTED_EDGE('',*,*,#9693,.F.);
#9803 = ORIENTED_EDGE('',*,*,#9754,.T.);
#9804 = ORIENTED_EDGE('',*,*,#9733,.T.);
#9805 = ORIENTED_EDGE('',*,*,#9776,.F.);
#9806 = PLANE('',#9807);
#9807 = AXIS2_PLACEMENT_3D('',#9808,#9809,#9810);
#9808 = CARTESIAN_POINT('',(6.5,-0.4,1.));
#9809 = DIRECTION('',(0.,0.,1.));
#9810 = DIRECTION('',(1.,0.,-0.));
#9811 = MANIFOLD_SOLID_BREP('',#9812);
#9812 = CLOSED_SHELL('',(#9813,#9853,#9893,#9915,#9937,#9949));
#9813 = ADVANCED_FACE('',(#9814),#9848,.F.);
#9814 = FACE_BOUND('',#9815,.F.);
#9815 = EDGE_LOOP('',(#9816,#9826,#9834,#9842));
#9816 = ORIENTED_EDGE('',*,*,#9817,.F.);
#9817 = EDGE_CURVE('',#9818,#9820,#9822,.T.);
#9818 = VERTEX_POINT('',#9819);
#9819 = CARTESIAN_POINT('',(21.5,-0.4,-4.1));
#9820 = VERTEX_POINT('',#9821);
#9821 = CARTESIAN_POINT('',(21.5,-0.4,1.));
#9822 = LINE('',#9823,#9824);
#9823 = CARTESIAN_POINT('',(21.5,-0.4,-4.1));
#9824 = VECTOR('',#9825,1.);
#9825 = DIRECTION('',(0.,0.,1.));
#9826 = ORIENTED_EDGE('',*,*,#9827,.T.);
#9827 = EDGE_CURVE('',#9818,#9828,#9830,.T.);
#9828 = VERTEX_POINT('',#9829);
#9829 = CARTESIAN_POINT('',(21.5,0.4,-4.1));
#9830 = LINE('',#9831,#9832);
#9831 = CARTESIAN_POINT('',(21.5,-0.4,-4.1));
#9832 = VECTOR('',#9833,1.);
#9833 = DIRECTION('',(0.,1.,0.));
#9834 = ORIENTED_EDGE('',*,*,#9835,.T.);
#9835 = EDGE_CURVE('',#9828,#9836,#9838,.T.);
#9836 = VERTEX_POINT('',#9837);
#9837 = CARTESIAN_POINT('',(21.5,0.4,1.));
#9838 = LINE('',#9839,#9840);
#9839 = CARTESIAN_POINT('',(21.5,0.4,-4.1));
#9840 = VECTOR('',#9841,1.);
#9841 = DIRECTION('',(0.,0.,1.));
#9842 = ORIENTED_EDGE('',*,*,#9843,.F.);
#9843 = EDGE_CURVE('',#9820,#9836,#9844,.T.);
#9844 = LINE('',#9845,#9846);
#9845 = CARTESIAN_POINT('',(21.5,-0.4,1.));
#9846 = VECTOR('',#9847,1.);
#9847 = DIRECTION('',(0.,1.,0.));
#9848 = PLANE('',#9849);
#9849 = AXIS2_PLACEMENT_3D('',#9850,#9851,#9852);
#9850 = CARTESIAN_POINT('',(21.5,-0.4,-4.1));
#9851 = DIRECTION('',(1.,0.,0.));
#9852 = DIRECTION('',(0.,0.,1.));
#9853 = ADVANCED_FACE('',(#9854),#9888,.T.);
#9854 = FACE_BOUND('',#9855,.T.);
#9855 = EDGE_LOOP('',(#9856,#9866,#9874,#9882));
#9856 = ORIENTED_EDGE('',*,*,#9857,.F.);
#9857 = EDGE_CURVE('',#9858,#9860,#9862,.T.);
#9858 = VERTEX_POINT('',#9859);
#9859 = CARTESIAN_POINT('',(23.5,-0.4,-4.1));
#9860 = VERTEX_POINT('',#9861);
#9861 = CARTESIAN_POINT('',(23.5,-0.4,1.));
#9862 = LINE('',#9863,#9864);
#9863 = CARTESIAN_POINT('',(23.5,-0.4,-4.1));
#9864 = VECTOR('',#9865,1.);
#9865 = DIRECTION('',(0.,0.,1.));
#9866 = ORIENTED_EDGE('',*,*,#9867,.T.);
#9867 = EDGE_CURVE('',#9858,#9868,#9870,.T.);
#9868 = VERTEX_POINT('',#9869);
#9869 = CARTESIAN_POINT('',(23.5,0.4,-4.1));
#9870 = LINE('',#9871,#9872);
#9871 = CARTESIAN_POINT('',(23.5,-0.4,-4.1));
#9872 = VECTOR('',#9873,1.);
#9873 = DIRECTION('',(0.,1.,0.));
#9874 = ORIENTED_EDGE('',*,*,#9875,.T.);
#9875 = EDGE_CURVE('',#9868,#9876,#9878,.T.);
#9876 = VERTEX_POINT('',#9877);
#9877 = CARTESIAN_POINT('',(23.5,0.4,1.));
#9878 = LINE('',#9879,#9880);
#9879 = CARTESIAN_POINT('',(23.5,0.4,-4.1));
#9880 = VECTOR('',#9881,1.);
#9881 = DIRECTION('',(0.,0.,1.));
#9882 = ORIENTED_EDGE('',*,*,#9883,.F.);
#9883 = EDGE_CURVE('',#9860,#9876,#9884,.T.);
#9884 = LINE('',#9885,#9886);
#9885 = CARTESIAN_POINT('',(23.5,-0.4,1.));
#9886 = VECTOR('',#9887,1.);
#9887 = DIRECTION('',(0.,1.,0.));
#9888 = PLANE('',#9889);
#9889 = AXIS2_PLACEMENT_3D('',#9890,#9891,#9892);
#9890 = CARTESIAN_POINT('',(23.5,-0.4,-4.1));
#9891 = DIRECTION('',(1.,0.,0.));
#9892 = DIRECTION('',(0.,0.,1.));
#9893 = ADVANCED_FACE('',(#9894),#9910,.F.);
#9894 = FACE_BOUND('',#9895,.F.);
#9895 = EDGE_LOOP('',(#9896,#9902,#9903,#9909));
#9896 = ORIENTED_EDGE('',*,*,#9897,.F.);
#9897 = EDGE_CURVE('',#9818,#9858,#9898,.T.);
#9898 = LINE('',#9899,#9900);
#9899 = CARTESIAN_POINT('',(21.5,-0.4,-4.1));
#9900 = VECTOR('',#9901,1.);
#9901 = DIRECTION('',(1.,0.,0.));
#9902 = ORIENTED_EDGE('',*,*,#9817,.T.);
#9903 = ORIENTED_EDGE('',*,*,#9904,.T.);
#9904 = EDGE_CURVE('',#9820,#9860,#9905,.T.);
#9905 = LINE('',#9906,#9907);
#9906 = CARTESIAN_POINT('',(21.5,-0.4,1.));
#9907 = VECTOR('',#9908,1.);
#9908 = DIRECTION('',(1.,0.,0.));
#9909 = ORIENTED_EDGE('',*,*,#9857,.F.);
#9910 = PLANE('',#9911);
#9911 = AXIS2_PLACEMENT_3D('',#9912,#9913,#9914);
#9912 = CARTESIAN_POINT('',(21.5,-0.4,-4.1));
#9913 = DIRECTION('',(0.,1.,0.));
#9914 = DIRECTION('',(0.,-0.,1.));
#9915 = ADVANCED_FACE('',(#9916),#9932,.T.);
#9916 = FACE_BOUND('',#9917,.T.);
#9917 = EDGE_LOOP('',(#9918,#9924,#9925,#9931));
#9918 = ORIENTED_EDGE('',*,*,#9919,.F.);
#9919 = EDGE_CURVE('',#9828,#9868,#9920,.T.);
#9920 = LINE('',#9921,#9922);
#9921 = CARTESIAN_POINT('',(21.5,0.4,-4.1));
#9922 = VECTOR('',#9923,1.);
#9923 = DIRECTION('',(1.,0.,0.));
#9924 = ORIENTED_EDGE('',*,*,#9835,.T.);
#9925 = ORIENTED_EDGE('',*,*,#9926,.T.);
#9926 = EDGE_CURVE('',#9836,#9876,#9927,.T.);
#9927 = LINE('',#9928,#9929);
#9928 = CARTESIAN_POINT('',(21.5,0.4,1.));
#9929 = VECTOR('',#9930,1.);
#9930 = DIRECTION('',(1.,0.,0.));
#9931 = ORIENTED_EDGE('',*,*,#9875,.F.);
#9932 = PLANE('',#9933);
#9933 = AXIS2_PLACEMENT_3D('',#9934,#9935,#9936);
#9934 = CARTESIAN_POINT('',(21.5,0.4,-4.1));
#9935 = DIRECTION('',(0.,1.,0.));
#9936 = DIRECTION('',(0.,-0.,1.));
#9937 = ADVANCED_FACE('',(#9938),#9944,.F.);
#9938 = FACE_BOUND('',#9939,.F.);
#9939 = EDGE_LOOP('',(#9940,#9941,#9942,#9943));
#9940 = ORIENTED_EDGE('',*,*,#9827,.F.);
#9941 = ORIENTED_EDGE('',*,*,#9897,.T.);
#9942 = ORIENTED_EDGE('',*,*,#9867,.T.);
#9943 = ORIENTED_EDGE('',*,*,#9919,.F.);
#9944 = PLANE('',#9945);
#9945 = AXIS2_PLACEMENT_3D('',#9946,#9947,#9948);
#9946 = CARTESIAN_POINT('',(21.5,-0.4,-4.1));
#9947 = DIRECTION('',(0.,0.,1.));
#9948 = DIRECTION('',(1.,0.,-0.));
#9949 = ADVANCED_FACE('',(#9950),#9956,.T.);
#9950 = FACE_BOUND('',#9951,.T.);
#9951 = EDGE_LOOP('',(#9952,#9953,#9954,#9955));
#9952 = ORIENTED_EDGE('',*,*,#9843,.F.);
#9953 = ORIENTED_EDGE('',*,*,#9904,.T.);
#9954 = ORIENTED_EDGE('',*,*,#9883,.T.);
#9955 = ORIENTED_EDGE('',*,*,#9926,.F.);
#9956 = PLANE('',#9957);
#9957 = AXIS2_PLACEMENT_3D('',#9958,#9959,#9960);
#9958 = CARTESIAN_POINT('',(21.5,-0.4,1.));
#9959 = DIRECTION('',(0.,0.,1.));
#9960 = DIRECTION('',(1.,0.,-0.));
#9961 = MANIFOLD_SOLID_BREP('',#9962);
#9962 = CLOSED_SHELL('',(#9963,#9996,#10005));
#9963 = ADVANCED_FACE('',(#9964),#9991,.T.);
#9964 = FACE_BOUND('',#9965,.T.);
#9965 = EDGE_LOOP('',(#9966,#9975,#9983,#9990));
#9966 = ORIENTED_EDGE('',*,*,#9967,.T.);
#9967 = EDGE_CURVE('',#9968,#9968,#9970,.T.);
#9968 = VERTEX_POINT('',#9969);
#9969 = CARTESIAN_POINT('',(-19.,5.15,13.));
#9970 = CIRCLE('',#9971,5.15);
#9971 = AXIS2_PLACEMENT_3D('',#9972,#9973,#9974);
#9972 = CARTESIAN_POINT('',(-19.,0.,13.));
#9973 = DIRECTION('',(1.,0.,0.));
#9974 = DIRECTION('',(-0.,1.,0.));
#9975 = ORIENTED_EDGE('',*,*,#9976,.T.);
#9976 = EDGE_CURVE('',#9968,#9977,#9979,.T.);
#9977 = VERTEX_POINT('',#9978);
#9978 = CARTESIAN_POINT('',(-9.,5.15,13.));
#9979 = LINE('',#9980,#9981);
#9980 = CARTESIAN_POINT('',(-19.,5.15,13.));
#9981 = VECTOR('',#9982,1.);
#9982 = DIRECTION('',(1.,0.,0.));
#9983 = ORIENTED_EDGE('',*,*,#9984,.F.);
#9984 = EDGE_CURVE('',#9977,#9977,#9985,.T.);
#9985 = CIRCLE('',#9986,5.15);
#9986 = AXIS2_PLACEMENT_3D('',#9987,#9988,#9989);
#9987 = CARTESIAN_POINT('',(-9.,0.,13.));
#9988 = DIRECTION('',(1.,0.,0.));
#9989 = DIRECTION('',(-0.,1.,0.));
#9990 = ORIENTED_EDGE('',*,*,#9976,.F.);
#9991 = CYLINDRICAL_SURFACE('',#9992,5.15);
#9992 = AXIS2_PLACEMENT_3D('',#9993,#9994,#9995);
#9993 = CARTESIAN_POINT('',(-19.,0.,13.));
#9994 = DIRECTION('',(-1.,-0.,-0.));
#9995 = DIRECTION('',(0.,1.,0.));
#9996 = ADVANCED_FACE('',(#9997),#10000,.F.);
#9997 = FACE_BOUND('',#9998,.F.);
#9998 = EDGE_LOOP('',(#9999));
#9999 = ORIENTED_EDGE('',*,*,#9967,.T.);
#10000 = PLANE('',#10001);
#10001 = AXIS2_PLACEMENT_3D('',#10002,#10003,#10004);
#10002 = CARTESIAN_POINT('',(-19.,-2.655223558329E-16,13.));
#10003 = DIRECTION('',(1.,0.,0.));
#10004 = DIRECTION('',(-0.,0.,1.));
#10005 = ADVANCED_FACE('',(#10006),#10009,.T.);
#10006 = FACE_BOUND('',#10007,.T.);
#10007 = EDGE_LOOP('',(#10008));
#10008 = ORIENTED_EDGE('',*,*,#9984,.T.);
#10009 = PLANE('',#10010);
#10010 = AXIS2_PLACEMENT_3D('',#10011,#10012,#10013);
#10011 = CARTESIAN_POINT('',(-9.,-2.655223558329E-16,13.));
#10012 = DIRECTION('',(1.,0.,0.));
#10013 = DIRECTION('',(-0.,0.,1.));
#10014 = MANIFOLD_SOLID_BREP('',#10015);
#10015 = CLOSED_SHELL('',(#10016,#10049,#10058));
#10016 = ADVANCED_FACE('',(#10017),#10044,.T.);
#10017 = FACE_BOUND('',#10018,.T.);
#10018 = EDGE_LOOP('',(#10019,#10028,#10036,#10043));
#10019 = ORIENTED_EDGE('',*,*,#10020,.T.);
#10020 = EDGE_CURVE('',#10021,#10021,#10023,.T.);
#10021 = VERTEX_POINT('',#10022);
#10022 = CARTESIAN_POINT('',(9.,5.15,13.));
#10023 = CIRCLE('',#10024,5.15);
#10024 = AXIS2_PLACEMENT_3D('',#10025,#10026,#10027);
#10025 = CARTESIAN_POINT('',(9.,0.,13.));
#10026 = DIRECTION('',(1.,0.,0.));
#10027 = DIRECTION('',(-0.,1.,0.));
#10028 = ORIENTED_EDGE('',*,*,#10029,.T.);
#10029 = EDGE_CURVE('',#10021,#10030,#10032,.T.);
#10030 = VERTEX_POINT('',#10031);
#10031 = CARTESIAN_POINT('',(19.,5.15,13.));
#10032 = LINE('',#10033,#10034);
#10033 = CARTESIAN_POINT('',(9.,5.15,13.));
#10034 = VECTOR('',#10035,1.);
#10035 = DIRECTION('',(1.,0.,0.));
#10036 = ORIENTED_EDGE('',*,*,#10037,.F.);
#10037 = EDGE_CURVE('',#10030,#10030,#10038,.T.);
#10038 = CIRCLE('',#10039,5.15);
#10039 = AXIS2_PLACEMENT_3D('',#10040,#10041,#10042);
#10040 = CARTESIAN_POINT('',(19.,0.,13.));
#10041 = DIRECTION('',(1.,0.,0.));
#10042 = DIRECTION('',(-0.,1.,0.));
#10043 = ORIENTED_EDGE('',*,*,#10029,.F.);
#10044 = CYLINDRICAL_SURFACE('',#10045,5.15);
#10045 = AXIS2_PLACEMENT_3D('',#10046,#10047,#10048);
#10046 = CARTESIAN_POINT('',(9.,0.,13.));
#10047 = DIRECTION('',(-1.,-0.,-0.));
#10048 = DIRECTION('',(0.,1.,0.));
#10049 = ADVANCED_FACE('',(#10050),#10053,.F.);
#10050 = FACE_BOUND('',#10051,.F.);
#10051 = EDGE_LOOP('',(#10052));
#10052 = ORIENTED_EDGE('',*,*,#10020,.T.);
#10053 = PLANE('',#10054);
#10054 = AXIS2_PLACEMENT_3D('',#10055,#10056,#10057);
#10055 = CARTESIAN_POINT('',(9.,-2.655223558329E-16,13.));
#10056 = DIRECTION('',(1.,0.,0.));
#10057 = DIRECTION('',(-0.,0.,1.));
#10058 = ADVANCED_FACE('',(#10059),#10062,.T.);
#10059 = FACE_BOUND('',#10060,.T.);
#10060 = EDGE_LOOP('',(#10061));
#10061 = ORIENTED_EDGE('',*,*,#10037,.T.);
#10062 = PLANE('',#10063);
#10063 = AXIS2_PLACEMENT_3D('',#10064,#10065,#10066);
#10064 = CARTESIAN_POINT('',(19.,-2.655223558329E-16,13.));
#10065 = DIRECTION('',(1.,0.,0.));
#10066 = DIRECTION('',(-0.,0.,1.));
#10067 = ( GEOMETRIC_REPRESENTATION_CONTEXT(3) 
GLOBAL_UNCERTAINTY_ASSIGNED_CONTEXT((#10071)) 
GLOBAL_UNIT_ASSIGNED_CONTEXT((#10068,#10069,#10070)) 
REPRESENTATION_CONTEXT('Context #1',
  '3D Context with UNIT and UNCERTAINTY') );
#10068 = ( LENGTH_UNIT() NAMED_UNIT(*) SI_UNIT(.MILLI.,.METRE.) );
#10069 = ( NAMED_UNIT(*) PLANE_ANGLE_UNIT() SI_UNIT($,.RADIAN.) );
#10070 = ( NAMED_UNIT(*) SI_UNIT($,.STERADIAN.) SOLID_ANGLE_UNIT() );
#10071 = UNCERTAINTY_MEASURE_WITH_UNIT(LENGTH_MEASURE(1.E-07),#10068,
  'distance_accuracy_value','confusion accuracy');
#10072 = CONTEXT_DEPENDENT_SHAPE_REPRESENTATION(#10073,#10075);
#10073 = ( REPRESENTATION_RELATIONSHIP('','',#8796,#8769) 
REPRESENTATION_RELATIONSHIP_WITH_TRANSFORMATION(#10074) 
SHAPE_REPRESENTATION_RELATIONSHIP() );
#10074 = ITEM_DEFINED_TRANSFORMATION('','',#11,#8770);
#10075 = PRODUCT_DEFINITION_SHAPE('Placement','Placement of an item',
  #10076);
#10076 = NEXT_ASSEMBLY_USAGE_OCCURRENCE('42','p0','',#8764,#8791,$);
#10077 = PRODUCT_RELATED_PRODUCT_CATEGORY('part',$,(#8793));
#10078 = SHAPE_DEFINITION_REPRESENTATION(#10079,#10085);
#10079 = PRODUCT_DEFINITION_SHAPE('','',#10080);
#10080 = PRODUCT_DEFINITION('design','',#10081,#10084);
#10081 = PRODUCT_DEFINITION_FORMATION('','',#10082);
#10082 = PRODUCT('p1','p1','',(#10083));
#10083 = PRODUCT_CONTEXT('',#2,'mechanical');
#10084 = PRODUCT_DEFINITION_CONTEXT('part definition',#2,'design');
#10085 = ADVANCED_BREP_SHAPE_REPRESENTATION('',(#11,#10086),#10139);
#10086 = MANIFOLD_SOLID_BREP('',#10087);
#10087 = CLOSED_SHELL('',(#10088,#10121,#10130));
#10088 = ADVANCED_FACE('',(#10089),#10116,.T.);
#10089 = FACE_BOUND('',#10090,.T.);
#10090 = EDGE_LOOP('',(#10091,#10100,#10108,#10115));
#10091 = ORIENTED_EDGE('',*,*,#10092,.T.);
#10092 = EDGE_CURVE('',#10093,#10093,#10095,.T.);
#10093 = VERTEX_POINT('',#10094);
#10094 = CARTESIAN_POINT('',(-9.,5.15,13.));
#10095 = CIRCLE('',#10096,5.15);
#10096 = AXIS2_PLACEMENT_3D('',#10097,#10098,#10099);
#10097 = CARTESIAN_POINT('',(-9.,0.,13.));
#10098 = DIRECTION('',(1.,0.,0.));
#10099 = DIRECTION('',(-0.,1.,0.));
#10100 = ORIENTED_EDGE('',*,*,#10101,.T.);
#10101 = EDGE_CURVE('',#10093,#10102,#10104,.T.);
#10102 = VERTEX_POINT('',#10103);
#10103 = CARTESIAN_POINT('',(9.,5.15,13.));
#10104 = LINE('',#10105,#10106);
#10105 = CARTESIAN_POINT('',(-9.,5.15,13.));
#10106 = VECTOR('',#10107,1.);
#10107 = DIRECTION('',(1.,0.,0.));
#10108 = ORIENTED_EDGE('',*,*,#10109,.F.);
#10109 = EDGE_CURVE('',#10102,#10102,#10110,.T.);
#10110 = CIRCLE('',#10111,5.15);
#10111 = AXIS2_PLACEMENT_3D('',#10112,#10113,#10114);
#10112 = CARTESIAN_POINT('',(9.,0.,13.));
#10113 = DIRECTION('',(1.,0.,0.));
#10114 = DIRECTION('',(-0.,1.,0.));
#10115 = ORIENTED_EDGE('',*,*,#10101,.F.);
#10116 = CYLINDRICAL_SURFACE('',#10117,5.15);
#10117 = AXIS2_PLACEMENT_3D('',#10118,#10119,#10120);
#10118 = CARTESIAN_POINT('',(-9.,0.,13.));
#10119 = DIRECTION('',(-1.,-0.,-0.));
#10120 = DIRECTION('',(0.,1.,0.));
#10121 = ADVANCED_FACE('',(#10122),#10125,.F.);
#10122 = FACE_BOUND('',#10123,.F.);
#10123 = EDGE_LOOP('',(#10124));
#10124 = ORIENTED_EDGE('',*,*,#10092,.T.);
#10125 = PLANE('',#10126);
#10126 = AXIS2_PLACEMENT_3D('',#10127,#10128,#10129);
#10127 = CARTESIAN_POINT('',(-9.,-2.655223558329E-16,13.));
#10128 = DIRECTION('',(1.,0.,0.));
#10129 = DIRECTION('',(-0.,0.,1.));
#10130 = ADVANCED_FACE('',(#10131),#10134,.T.);
#10131 = FACE_BOUND('',#10132,.T.);
#10132 = EDGE_LOOP('',(#10133));
#10133 = ORIENTED_EDGE('',*,*,#10109,.T.);
#10134 = PLANE('',#10135);
#10135 = AXIS2_PLACEMENT_3D('',#10136,#10137,#10138);
#10136 = CARTESIAN_POINT('',(9.,-2.655223558329E-16,13.));
#10137 = DIRECTION('',(1.,0.,0.));
#10138 = DIRECTION('',(-0.,0.,1.));
#10139 = ( GEOMETRIC_REPRESENTATION_CONTEXT(3) 
GLOBAL_UNCERTAINTY_ASSIGNED_CONTEXT((#10143)) 
GLOBAL_UNIT_ASSIGNED_CONTEXT((#10140,#10141,#10142)) 
REPRESENTATION_CONTEXT('Context #1',
  '3D Context with UNIT and UNCERTAINTY') );
#10140 = ( LENGTH_UNIT() NAMED_UNIT(*) SI_UNIT(.MILLI.,.METRE.) );
#10141 = ( NAMED_UNIT(*) PLANE_ANGLE_UNIT() SI_UNIT($,.RADIAN.) );
#10142 = ( NAMED_UNIT(*) SI_UNIT($,.STERADIAN.) SOLID_ANGLE_UNIT() );
#10143 = UNCERTAINTY_MEASURE_WITH_UNIT(LENGTH_MEASURE(1.E-07),#10140,
  'distance_accuracy_value','confusion accuracy');
#10144 = CONTEXT_DEPENDENT_SHAPE_REPRESENTATION(#10145,#10147);
#10145 = ( REPRESENTATION_RELATIONSHIP('','',#10085,#8769) 
REPRESENTATION_RELATIONSHIP_WITH_TRANSFORMATION(#10146) 
SHAPE_REPRESENTATION_RELATIONSHIP() );
#10146 = ITEM_DEFINED_TRANSFORMATION('','',#11,#8774);
#10147 = PRODUCT_DEFINITION_SHAPE('Placement','Placement of an item',
  #10148);
#10148 = NEXT_ASSEMBLY_USAGE_OCCURRENCE('43','p1','',#8764,#10080,$);
#10149 = PRODUCT_RELATED_PRODUCT_CATEGORY('part',$,(#10082));
#10150 = SHAPE_DEFINITION_REPRESENTATION(#10151,#10157);
#10151 = PRODUCT_DEFINITION_SHAPE('','',#10152);
#10152 = PRODUCT_DEFINITION('design','',#10153,#10156);
#10153 = PRODUCT_DEFINITION_FORMATION('','',#10154);
#10154 = PRODUCT('LED_D5.0mm','LED_D5.0mm','',(#10155));
#10155 = PRODUCT_CONTEXT('',#2,'mechanical');
#10156 = PRODUCT_DEFINITION_CONTEXT('part definition',#2,'design');
#10157 = SHAPE_REPRESENTATION('',(#11,#10158),#10162);
#10158 = AXIS2_PLACEMENT_3D('',#10159,#10160,#10161);
#10159 = CARTESIAN_POINT('',(0.,0.,0.));
#10160 = DIRECTION('',(0.,0.,1.));
#10161 = DIRECTION('',(1.,0.,-0.));
#10162 = ( GEOMETRIC_REPRESENTATION_CONTEXT(3) 
GLOBAL_UNCERTAINTY_ASSIGNED_CONTEXT((#10166)) 
GLOBAL_UNIT_ASSIGNED_CONTEXT((#10163,#10164,#10165)) 
REPRESENTATION_CONTEXT('Context #1',
  '3D Context with UNIT and UNCERTAINTY') );
#10163 = ( LENGTH_UNIT() NAMED_UNIT(*) SI_UNIT(.MILLI.,.METRE.) );
#10164 = ( NAMED_UNIT(*) PLANE_ANGLE_UNIT() SI_UNIT($,.RADIAN.) );
#10165 = ( NAMED_UNIT(*) SI_UNIT($,.STERADIAN.) SOLID_ANGLE_UNIT() );
#10166 = UNCERTAINTY_MEASURE_WITH_UNIT(LENGTH_MEASURE(1.E-07),#10163,
  'distance_accuracy_value','confusion accuracy');
#10167 = CONTEXT_DEPENDENT_SHAPE_REPRESENTATION(#10168,#10170);
#10168 = ( REPRESENTATION_RELATIONSHIP('','',#10157,#10) 
REPRESENTATION_RELATIONSHIP_WITH_TRANSFORMATION(#10169) 
SHAPE_REPRESENTATION_RELATIONSHIP() );
#10169 = ITEM_DEFINED_TRANSFORMATION('','',#11,#103);
#10170 = PRODUCT_DEFINITION_SHAPE('Placement','Placement of an item',
  #10171);
#10171 = NEXT_ASSEMBLY_USAGE_OCCURRENCE('47','LED1','',#5,#10152,$);
#10172 = PRODUCT_RELATED_PRODUCT_CATEGORY('part',$,(#10154));
#10173 = SHAPE_DEFINITION_REPRESENTATION(#10174,#10180);
#10174 = PRODUCT_DEFINITION_SHAPE('','',#10175);
#10175 = PRODUCT_DEFINITION('design','',#10176,#10179);
#10176 = PRODUCT_DEFINITION_FORMATION('','',#10177);
#10177 = PRODUCT('LED_D5.0mm','LED_D5.0mm','',(#10178));
#10178 = PRODUCT_CONTEXT('',#2,'mechanical');
#10179 = PRODUCT_DEFINITION_CONTEXT('part definition',#2,'design');
#10180 = ADVANCED_BREP_SHAPE_REPRESENTATION('',(#11,#10181),#10606);
#10181 = MANIFOLD_SOLID_BREP('',#10182);
#10182 = CLOSED_SHELL('',(#10183,#10210,#10235,#10263,#10295,#10312,
    #10390,#10421,#10445,#10469,#10486,#10517,#10541,#10565,#10582,
    #10594));
#10183 = ADVANCED_FACE('',(#10184),#10205,.T.);
#10184 = FACE_BOUND('',#10185,.T.);
#10185 = EDGE_LOOP('',(#10186,#10197,#10198));
#10186 = ORIENTED_EDGE('',*,*,#10187,.T.);
#10187 = EDGE_CURVE('',#10188,#10190,#10192,.T.);
#10188 = VERTEX_POINT('',#10189);
#10189 = CARTESIAN_POINT('',(3.72,6.095124405192E-15,9.15));
#10190 = VERTEX_POINT('',#10191);
#10191 = CARTESIAN_POINT('',(1.27,7.727152251391E-15,11.6));
#10192 = CIRCLE('',#10193,2.45);
#10193 = AXIS2_PLACEMENT_3D('',#10194,#10195,#10196);
#10194 = CARTESIAN_POINT('',(1.27,6.095124405192E-15,9.15));
#10195 = DIRECTION('',(0.,-1.,6.661338147751E-16));
#10196 = DIRECTION('',(1.,0.,0.));
#10197 = ORIENTED_EDGE('',*,*,#10187,.F.);
#10198 = ORIENTED_EDGE('',*,*,#10199,.F.);
#10199 = EDGE_CURVE('',#10188,#10188,#10200,.T.);
#10200 = CIRCLE('',#10201,2.45);
#10201 = AXIS2_PLACEMENT_3D('',#10202,#10203,#10204);
#10202 = CARTESIAN_POINT('',(1.27,4.063416270128E-15,9.15));
#10203 = DIRECTION('',(-4.379057701015E-47,-4.440892098501E-16,-1.));
#10204 = DIRECTION('',(1.,8.292686265567E-16,-3.68269249121E-31));
#10205 = SPHERICAL_SURFACE('',#10206,2.45);
#10206 = AXIS2_PLACEMENT_3D('',#10207,#10208,#10209);
#10207 = CARTESIAN_POINT('',(1.27,6.095124405192E-15,9.15));
#10208 = DIRECTION('',(0.,4.440892098501E-16,1.));
#10209 = DIRECTION('',(1.,1.394807543452E-15,-6.194189798646E-31));
#10210 = ADVANCED_FACE('',(#10211),#10230,.T.);
#10211 = FACE_BOUND('',#10212,.T.);
#10212 = EDGE_LOOP('',(#10213,#10221,#10222,#10223));
#10213 = ORIENTED_EDGE('',*,*,#10214,.F.);
#10214 = EDGE_CURVE('',#10188,#10215,#10217,.T.);
#10215 = VERTEX_POINT('',#10216);
#10216 = CARTESIAN_POINT('',(3.72,2.6645352591E-15,4.));
#10217 = LINE('',#10218,#10219);
#10218 = CARTESIAN_POINT('',(3.72,6.095124405192E-15,9.15));
#10219 = VECTOR('',#10220,1.);
#10220 = DIRECTION('',(0.,-6.661338147751E-16,-1.));
#10221 = ORIENTED_EDGE('',*,*,#10199,.T.);
#10222 = ORIENTED_EDGE('',*,*,#10214,.T.);
#10223 = ORIENTED_EDGE('',*,*,#10224,.F.);
#10224 = EDGE_CURVE('',#10215,#10215,#10225,.T.);
#10225 = CIRCLE('',#10226,2.45);
#10226 = AXIS2_PLACEMENT_3D('',#10227,#10228,#10229);
#10227 = CARTESIAN_POINT('',(1.27,1.7763568394E-15,4.));
#10228 = DIRECTION('',(-2.189528850508E-47,-4.440892098501E-16,-1.));
#10229 = DIRECTION('',(1.,3.625218039592E-16,-1.609920214737E-31));
#10230 = CYLINDRICAL_SURFACE('',#10231,2.45);
#10231 = AXIS2_PLACEMENT_3D('',#10232,#10233,#10234);
#10232 = CARTESIAN_POINT('',(1.27,4.063416270128E-15,9.15));
#10233 = DIRECTION('',(0.,-4.440892098501E-16,-1.));
#10234 = DIRECTION('',(1.,8.292686265567E-16,-3.68269249121E-31));
#10235 = ADVANCED_FACE('',(#10236,#10255),#10258,.F.);
#10236 = FACE_BOUND('',#10237,.F.);
#10237 = EDGE_LOOP('',(#10238,#10249));
#10238 = ORIENTED_EDGE('',*,*,#10239,.F.);
#10239 = EDGE_CURVE('',#10240,#10242,#10244,.T.);
#10240 = VERTEX_POINT('',#10241);
#10241 = CARTESIAN_POINT('',(-1.229999999999,-1.46969384567,4.));
#10242 = VERTEX_POINT('',#10243);
#10243 = CARTESIAN_POINT('',(-1.23,1.469693845669,4.));
#10244 = CIRCLE('',#10245,2.9);
#10245 = AXIS2_PLACEMENT_3D('',#10246,#10247,#10248);
#10246 = CARTESIAN_POINT('',(1.27,0.,4.));
#10247 = DIRECTION('',(0.,0.,1.));
#10248 = DIRECTION('',(1.,0.,-0.));
#10249 = ORIENTED_EDGE('',*,*,#10250,.T.);
#10250 = EDGE_CURVE('',#10240,#10242,#10251,.T.);
#10251 = LINE('',#10252,#10253);
#10252 = CARTESIAN_POINT('',(-1.229999999999,-1.46969384567,4.));
#10253 = VECTOR('',#10254,1.);
#10254 = DIRECTION('',(0.,1.,0.));
#10255 = FACE_BOUND('',#10256,.F.);
#10256 = EDGE_LOOP('',(#10257));
#10257 = ORIENTED_EDGE('',*,*,#10224,.F.);
#10258 = PLANE('',#10259);
#10259 = AXIS2_PLACEMENT_3D('',#10260,#10261,#10262);
#10260 = CARTESIAN_POINT('',(-1.229999999999,-1.469693845671,4.));
#10261 = DIRECTION('',(0.,0.,-1.));
#10262 = DIRECTION('',(-1.,0.,0.));
#10263 = ADVANCED_FACE('',(#10264),#10290,.T.);
#10264 = FACE_BOUND('',#10265,.T.);
#10265 = EDGE_LOOP('',(#10266,#10277,#10283,#10284));
#10266 = ORIENTED_EDGE('',*,*,#10267,.T.);
#10267 = EDGE_CURVE('',#10268,#10270,#10272,.T.);
#10268 = VERTEX_POINT('',#10269);
#10269 = CARTESIAN_POINT('',(-1.229999999999,-1.46969384567,3.));
#10270 = VERTEX_POINT('',#10271);
#10271 = CARTESIAN_POINT('',(-1.23,1.469693845669,3.));
#10272 = CIRCLE('',#10273,2.9);
#10273 = AXIS2_PLACEMENT_3D('',#10274,#10275,#10276);
#10274 = CARTESIAN_POINT('',(1.27,0.,3.));
#10275 = DIRECTION('',(0.,0.,1.));
#10276 = DIRECTION('',(1.,0.,-0.));
#10277 = ORIENTED_EDGE('',*,*,#10278,.T.);
#10278 = EDGE_CURVE('',#10270,#10242,#10279,.T.);
#10279 = LINE('',#10280,#10281);
#10280 = CARTESIAN_POINT('',(-1.23,1.469693845669,3.));
#10281 = VECTOR('',#10282,1.);
#10282 = DIRECTION('',(0.,0.,1.));
#10283 = ORIENTED_EDGE('',*,*,#10239,.F.);
#10284 = ORIENTED_EDGE('',*,*,#10285,.F.);
#10285 = EDGE_CURVE('',#10268,#10240,#10286,.T.);
#10286 = LINE('',#10287,#10288);
#10287 = CARTESIAN_POINT('',(-1.229999999999,-1.46969384567,3.));
#10288 = VECTOR('',#10289,1.);
#10289 = DIRECTION('',(0.,0.,1.));
#10290 = CYLINDRICAL_SURFACE('',#10291,2.9);
#10291 = AXIS2_PLACEMENT_3D('',#10292,#10293,#10294);
#10292 = CARTESIAN_POINT('',(1.27,0.,3.));
#10293 = DIRECTION('',(-0.,-0.,-1.));
#10294 = DIRECTION('',(1.,0.,0.));
#10295 = ADVANCED_FACE('',(#10296),#10307,.T.);
#10296 = FACE_BOUND('',#10297,.T.);
#10297 = EDGE_LOOP('',(#10298,#10299,#10300,#10301));
#10298 = ORIENTED_EDGE('',*,*,#10285,.T.);
#10299 = ORIENTED_EDGE('',*,*,#10250,.T.);
#10300 = ORIENTED_EDGE('',*,*,#10278,.F.);
#10301 = ORIENTED_EDGE('',*,*,#10302,.F.);
#10302 = EDGE_CURVE('',#10268,#10270,#10303,.T.);
#10303 = LINE('',#10304,#10305);
#10304 = CARTESIAN_POINT('',(-1.229999999999,-1.46969384567,3.));
#10305 = VECTOR('',#10306,1.);
#10306 = DIRECTION('',(0.,1.,0.));
#10307 = PLANE('',#10308);
#10308 = AXIS2_PLACEMENT_3D('',#10309,#10310,#10311);
#10309 = CARTESIAN_POINT('',(-1.229999999999,-1.46969384567,3.));
#10310 = DIRECTION('',(-1.,0.,0.));
#10311 = DIRECTION('',(0.,1.,0.));
#10312 = ADVANCED_FACE('',(#10313,#10317,#10351),#10385,.T.);
#10313 = FACE_BOUND('',#10314,.T.);
#10314 = EDGE_LOOP('',(#10315,#10316));
#10315 = ORIENTED_EDGE('',*,*,#10267,.F.);
#10316 = ORIENTED_EDGE('',*,*,#10302,.T.);
#10317 = FACE_BOUND('',#10318,.T.);
#10318 = EDGE_LOOP('',(#10319,#10329,#10337,#10345));
#10319 = ORIENTED_EDGE('',*,*,#10320,.T.);
#10320 = EDGE_CURVE('',#10321,#10323,#10325,.T.);
#10321 = VERTEX_POINT('',#10322);
#10322 = CARTESIAN_POINT('',(-0.2,-0.2,3.));
#10323 = VERTEX_POINT('',#10324);
#10324 = CARTESIAN_POINT('',(0.2,-0.2,3.));
#10325 = LINE('',#10326,#10327);
#10326 = CARTESIAN_POINT('',(-0.515,-0.2,3.));
#10327 = VECTOR('',#10328,1.);
#10328 = DIRECTION('',(1.,0.,0.));
#10329 = ORIENTED_EDGE('',*,*,#10330,.T.);
#10330 = EDGE_CURVE('',#10323,#10331,#10333,.T.);
#10331 = VERTEX_POINT('',#10332);
#10332 = CARTESIAN_POINT('',(0.2,0.2,3.));
#10333 = LINE('',#10334,#10335);
#10334 = CARTESIAN_POINT('',(0.2,-0.634846922835,3.));
#10335 = VECTOR('',#10336,1.);
#10336 = DIRECTION('',(0.,1.,0.));
#10337 = ORIENTED_EDGE('',*,*,#10338,.T.);
#10338 = EDGE_CURVE('',#10331,#10339,#10341,.T.);
#10339 = VERTEX_POINT('',#10340);
#10340 = CARTESIAN_POINT('',(-0.2,0.2,3.));
#10341 = LINE('',#10342,#10343);
#10342 = CARTESIAN_POINT('',(-0.715,0.2,3.));
#10343 = VECTOR('',#10344,1.);
#10344 = DIRECTION('',(-1.,-0.,-0.));
#10345 = ORIENTED_EDGE('',*,*,#10346,.T.);
#10346 = EDGE_CURVE('',#10339,#10321,#10347,.T.);
#10347 = LINE('',#10348,#10349);
#10348 = CARTESIAN_POINT('',(-0.2,-0.834846922835,3.));
#10349 = VECTOR('',#10350,1.);
#10350 = DIRECTION('',(0.,-1.,0.));
#10351 = FACE_BOUND('',#10352,.T.);
#10352 = EDGE_LOOP('',(#10353,#10363,#10371,#10379));
#10353 = ORIENTED_EDGE('',*,*,#10354,.T.);
#10354 = EDGE_CURVE('',#10355,#10357,#10359,.T.);
#10355 = VERTEX_POINT('',#10356);
#10356 = CARTESIAN_POINT('',(2.34,0.2,3.));
#10357 = VERTEX_POINT('',#10358);
#10358 = CARTESIAN_POINT('',(2.34,-0.2,3.));
#10359 = LINE('',#10360,#10361);
#10360 = CARTESIAN_POINT('',(2.34,-0.834846922835,3.));
#10361 = VECTOR('',#10362,1.);
#10362 = DIRECTION('',(0.,-1.,0.));
#10363 = ORIENTED_EDGE('',*,*,#10364,.T.);
#10364 = EDGE_CURVE('',#10357,#10365,#10367,.T.);
#10365 = VERTEX_POINT('',#10366);
#10366 = CARTESIAN_POINT('',(2.74,-0.2,3.));
#10367 = LINE('',#10368,#10369);
#10368 = CARTESIAN_POINT('',(0.755,-0.2,3.));
#10369 = VECTOR('',#10370,1.);
#10370 = DIRECTION('',(1.,0.,0.));
#10371 = ORIENTED_EDGE('',*,*,#10372,.T.);
#10372 = EDGE_CURVE('',#10365,#10373,#10375,.T.);
#10373 = VERTEX_POINT('',#10374);
#10374 = CARTESIAN_POINT('',(2.74,0.2,3.));
#10375 = LINE('',#10376,#10377);
#10376 = CARTESIAN_POINT('',(2.74,-0.634846922835,3.));
#10377 = VECTOR('',#10378,1.);
#10378 = DIRECTION('',(0.,1.,0.));
#10379 = ORIENTED_EDGE('',*,*,#10380,.T.);
#10380 = EDGE_CURVE('',#10373,#10355,#10381,.T.);
#10381 = LINE('',#10382,#10383);
#10382 = CARTESIAN_POINT('',(0.555,0.2,3.));
#10383 = VECTOR('',#10384,1.);
#10384 = DIRECTION('',(-1.,-0.,-0.));
#10385 = PLANE('',#10386);
#10386 = AXIS2_PLACEMENT_3D('',#10387,#10388,#10389);
#10387 = CARTESIAN_POINT('',(-1.229999999999,-1.469693845671,3.));
#10388 = DIRECTION('',(0.,0.,-1.));
#10389 = DIRECTION('',(-1.,0.,0.));
#10390 = ADVANCED_FACE('',(#10391),#10416,.F.);
#10391 = FACE_BOUND('',#10392,.F.);
#10392 = EDGE_LOOP('',(#10393,#10394,#10402,#10410));
#10393 = ORIENTED_EDGE('',*,*,#10320,.T.);
#10394 = ORIENTED_EDGE('',*,*,#10395,.T.);
#10395 = EDGE_CURVE('',#10323,#10396,#10398,.T.);
#10396 = VERTEX_POINT('',#10397);
#10397 = CARTESIAN_POINT('',(0.2,-0.2,-2.5));
#10398 = LINE('',#10399,#10400);
#10399 = CARTESIAN_POINT('',(0.2,-0.2,3.5));
#10400 = VECTOR('',#10401,1.);
#10401 = DIRECTION('',(-0.,-0.,-1.));
#10402 = ORIENTED_EDGE('',*,*,#10403,.T.);
#10403 = EDGE_CURVE('',#10396,#10404,#10406,.T.);
#10404 = VERTEX_POINT('',#10405);
#10405 = CARTESIAN_POINT('',(-0.2,-0.2,-2.5));
#10406 = LINE('',#10407,#10408);
#10407 = CARTESIAN_POINT('',(0.2,-0.2,-2.5));
#10408 = VECTOR('',#10409,1.);
#10409 = DIRECTION('',(-1.,0.,0.));
#10410 = ORIENTED_EDGE('',*,*,#10411,.F.);
#10411 = EDGE_CURVE('',#10321,#10404,#10412,.T.);
#10412 = LINE('',#10413,#10414);
#10413 = CARTESIAN_POINT('',(-0.2,-0.2,3.5));
#10414 = VECTOR('',#10415,1.);
#10415 = DIRECTION('',(-0.,-0.,-1.));
#10416 = PLANE('',#10417);
#10417 = AXIS2_PLACEMENT_3D('',#10418,#10419,#10420);
#10418 = CARTESIAN_POINT('',(0.2,-0.2,3.5));
#10419 = DIRECTION('',(0.,1.,0.));
#10420 = DIRECTION('',(-1.,0.,0.));
#10421 = ADVANCED_FACE('',(#10422),#10440,.F.);
#10422 = FACE_BOUND('',#10423,.F.);
#10423 = EDGE_LOOP('',(#10424,#10425,#10426,#10434));
#10424 = ORIENTED_EDGE('',*,*,#10346,.T.);
#10425 = ORIENTED_EDGE('',*,*,#10411,.T.);
#10426 = ORIENTED_EDGE('',*,*,#10427,.T.);
#10427 = EDGE_CURVE('',#10404,#10428,#10430,.T.);
#10428 = VERTEX_POINT('',#10429);
#10429 = CARTESIAN_POINT('',(-0.2,0.2,-2.5));
#10430 = LINE('',#10431,#10432);
#10431 = CARTESIAN_POINT('',(-0.2,-0.2,-2.5));
#10432 = VECTOR('',#10433,1.);
#10433 = DIRECTION('',(0.,1.,0.));
#10434 = ORIENTED_EDGE('',*,*,#10435,.F.);
#10435 = EDGE_CURVE('',#10339,#10428,#10436,.T.);
#10436 = LINE('',#10437,#10438);
#10437 = CARTESIAN_POINT('',(-0.2,0.2,3.5));
#10438 = VECTOR('',#10439,1.);
#10439 = DIRECTION('',(-0.,-0.,-1.));
#10440 = PLANE('',#10441);
#10441 = AXIS2_PLACEMENT_3D('',#10442,#10443,#10444);
#10442 = CARTESIAN_POINT('',(-0.2,-0.2,3.5));
#10443 = DIRECTION('',(1.,0.,0.));
#10444 = DIRECTION('',(-0.,1.,0.));
#10445 = ADVANCED_FACE('',(#10446),#10464,.F.);
#10446 = FACE_BOUND('',#10447,.F.);
#10447 = EDGE_LOOP('',(#10448,#10449,#10450,#10458));
#10448 = ORIENTED_EDGE('',*,*,#10338,.T.);
#10449 = ORIENTED_EDGE('',*,*,#10435,.T.);
#10450 = ORIENTED_EDGE('',*,*,#10451,.T.);
#10451 = EDGE_CURVE('',#10428,#10452,#10454,.T.);
#10452 = VERTEX_POINT('',#10453);
#10453 = CARTESIAN_POINT('',(0.2,0.2,-2.5));
#10454 = LINE('',#10455,#10456);
#10455 = CARTESIAN_POINT('',(-0.2,0.2,-2.5));
#10456 = VECTOR('',#10457,1.);
#10457 = DIRECTION('',(1.,0.,0.));
#10458 = ORIENTED_EDGE('',*,*,#10459,.F.);
#10459 = EDGE_CURVE('',#10331,#10452,#10460,.T.);
#10460 = LINE('',#10461,#10462);
#10461 = CARTESIAN_POINT('',(0.2,0.2,3.5));
#10462 = VECTOR('',#10463,1.);
#10463 = DIRECTION('',(-0.,-0.,-1.));
#10464 = PLANE('',#10465);
#10465 = AXIS2_PLACEMENT_3D('',#10466,#10467,#10468);
#10466 = CARTESIAN_POINT('',(-0.2,0.2,3.5));
#10467 = DIRECTION('',(0.,-1.,0.));
#10468 = DIRECTION('',(1.,0.,0.));
#10469 = ADVANCED_FACE('',(#10470),#10481,.F.);
#10470 = FACE_BOUND('',#10471,.F.);
#10471 = EDGE_LOOP('',(#10472,#10473,#10474,#10480));
#10472 = ORIENTED_EDGE('',*,*,#10330,.T.);
#10473 = ORIENTED_EDGE('',*,*,#10459,.T.);
#10474 = ORIENTED_EDGE('',*,*,#10475,.T.);
#10475 = EDGE_CURVE('',#10452,#10396,#10476,.T.);
#10476 = LINE('',#10477,#10478);
#10477 = CARTESIAN_POINT('',(0.2,0.2,-2.5));
#10478 = VECTOR('',#10479,1.);
#10479 = DIRECTION('',(0.,-1.,0.));
#10480 = ORIENTED_EDGE('',*,*,#10395,.F.);
#10481 = PLANE('',#10482);
#10482 = AXIS2_PLACEMENT_3D('',#10483,#10484,#10485);
#10483 = CARTESIAN_POINT('',(0.2,0.2,3.5));
#10484 = DIRECTION('',(-1.,0.,0.));
#10485 = DIRECTION('',(0.,-1.,0.));
#10486 = ADVANCED_FACE('',(#10487),#10512,.F.);
#10487 = FACE_BOUND('',#10488,.F.);
#10488 = EDGE_LOOP('',(#10489,#10490,#10498,#10506));
#10489 = ORIENTED_EDGE('',*,*,#10354,.T.);
#10490 = ORIENTED_EDGE('',*,*,#10491,.T.);
#10491 = EDGE_CURVE('',#10357,#10492,#10494,.T.);
#10492 = VERTEX_POINT('',#10493);
#10493 = CARTESIAN_POINT('',(2.34,-0.2,-2.5));
#10494 = LINE('',#10495,#10496);
#10495 = CARTESIAN_POINT('',(2.34,-0.2,3.5));
#10496 = VECTOR('',#10497,1.);
#10497 = DIRECTION('',(-0.,-0.,-1.));
#10498 = ORIENTED_EDGE('',*,*,#10499,.T.);
#10499 = EDGE_CURVE('',#10492,#10500,#10502,.T.);
#10500 = VERTEX_POINT('',#10501);
#10501 = CARTESIAN_POINT('',(2.34,0.2,-2.5));
#10502 = LINE('',#10503,#10504);
#10503 = CARTESIAN_POINT('',(2.34,-0.2,-2.5));
#10504 = VECTOR('',#10505,1.);
#10505 = DIRECTION('',(0.,1.,0.));
#10506 = ORIENTED_EDGE('',*,*,#10507,.F.);
#10507 = EDGE_CURVE('',#10355,#10500,#10508,.T.);
#10508 = LINE('',#10509,#10510);
#10509 = CARTESIAN_POINT('',(2.34,0.2,3.5));
#10510 = VECTOR('',#10511,1.);
#10511 = DIRECTION('',(-0.,-0.,-1.));
#10512 = PLANE('',#10513);
#10513 = AXIS2_PLACEMENT_3D('',#10514,#10515,#10516);
#10514 = CARTESIAN_POINT('',(2.34,-0.2,3.5));
#10515 = DIRECTION('',(1.,0.,0.));
#10516 = DIRECTION('',(-0.,1.,0.));
#10517 = ADVANCED_FACE('',(#10518),#10536,.F.);
#10518 = FACE_BOUND('',#10519,.F.);
#10519 = EDGE_LOOP('',(#10520,#10521,#10522,#10530));
#10520 = ORIENTED_EDGE('',*,*,#10380,.T.);
#10521 = ORIENTED_EDGE('',*,*,#10507,.T.);
#10522 = ORIENTED_EDGE('',*,*,#10523,.T.);
#10523 = EDGE_CURVE('',#10500,#10524,#10526,.T.);
#10524 = VERTEX_POINT('',#10525);
#10525 = CARTESIAN_POINT('',(2.74,0.2,-2.5));
#10526 = LINE('',#10527,#10528);
#10527 = CARTESIAN_POINT('',(2.34,0.2,-2.5));
#10528 = VECTOR('',#10529,1.);
#10529 = DIRECTION('',(1.,0.,0.));
#10530 = ORIENTED_EDGE('',*,*,#10531,.F.);
#10531 = EDGE_CURVE('',#10373,#10524,#10532,.T.);
#10532 = LINE('',#10533,#10534);
#10533 = CARTESIAN_POINT('',(2.74,0.2,3.5));
#10534 = VECTOR('',#10535,1.);
#10535 = DIRECTION('',(-0.,-0.,-1.));
#10536 = PLANE('',#10537);
#10537 = AXIS2_PLACEMENT_3D('',#10538,#10539,#10540);
#10538 = CARTESIAN_POINT('',(2.34,0.2,3.5));
#10539 = DIRECTION('',(0.,-1.,0.));
#10540 = DIRECTION('',(1.,0.,0.));
#10541 = ADVANCED_FACE('',(#10542),#10560,.F.);
#10542 = FACE_BOUND('',#10543,.F.);
#10543 = EDGE_LOOP('',(#10544,#10545,#10546,#10554));
#10544 = ORIENTED_EDGE('',*,*,#10372,.T.);
#10545 = ORIENTED_EDGE('',*,*,#10531,.T.);
#10546 = ORIENTED_EDGE('',*,*,#10547,.T.);
#10547 = EDGE_CURVE('',#10524,#10548,#10550,.T.);
#10548 = VERTEX_POINT('',#10549);
#10549 = CARTESIAN_POINT('',(2.74,-0.2,-2.5));
#10550 = LINE('',#10551,#10552);
#10551 = CARTESIAN_POINT('',(2.74,0.2,-2.5));
#10552 = VECTOR('',#10553,1.);
#10553 = DIRECTION('',(0.,-1.,0.));
#10554 = ORIENTED_EDGE('',*,*,#10555,.F.);
#10555 = EDGE_CURVE('',#10365,#10548,#10556,.T.);
#10556 = LINE('',#10557,#10558);
#10557 = CARTESIAN_POINT('',(2.74,-0.2,3.5));
#10558 = VECTOR('',#10559,1.);
#10559 = DIRECTION('',(-0.,-0.,-1.));
#10560 = PLANE('',#10561);
#10561 = AXIS2_PLACEMENT_3D('',#10562,#10563,#10564);
#10562 = CARTESIAN_POINT('',(2.74,0.2,3.5));
#10563 = DIRECTION('',(-1.,0.,0.));
#10564 = DIRECTION('',(0.,-1.,0.));
#10565 = ADVANCED_FACE('',(#10566),#10577,.F.);
#10566 = FACE_BOUND('',#10567,.F.);
#10567 = EDGE_LOOP('',(#10568,#10569,#10570,#10576));
#10568 = ORIENTED_EDGE('',*,*,#10364,.T.);
#10569 = ORIENTED_EDGE('',*,*,#10555,.T.);
#10570 = ORIENTED_EDGE('',*,*,#10571,.T.);
#10571 = EDGE_CURVE('',#10548,#10492,#10572,.T.);
#10572 = LINE('',#10573,#10574);
#10573 = CARTESIAN_POINT('',(2.74,-0.2,-2.5));
#10574 = VECTOR('',#10575,1.);
#10575 = DIRECTION('',(-1.,0.,0.));
#10576 = ORIENTED_EDGE('',*,*,#10491,.F.);
#10577 = PLANE('',#10578);
#10578 = AXIS2_PLACEMENT_3D('',#10579,#10580,#10581);
#10579 = CARTESIAN_POINT('',(2.74,-0.2,3.5));
#10580 = DIRECTION('',(0.,1.,0.));
#10581 = DIRECTION('',(-1.,0.,0.));
#10582 = ADVANCED_FACE('',(#10583),#10589,.F.);
#10583 = FACE_BOUND('',#10584,.T.);
#10584 = EDGE_LOOP('',(#10585,#10586,#10587,#10588));
#10585 = ORIENTED_EDGE('',*,*,#10451,.T.);
#10586 = ORIENTED_EDGE('',*,*,#10475,.T.);
#10587 = ORIENTED_EDGE('',*,*,#10403,.T.);
#10588 = ORIENTED_EDGE('',*,*,#10427,.T.);
#10589 = PLANE('',#10590);
#10590 = AXIS2_PLACEMENT_3D('',#10591,#10592,#10593);
#10591 = CARTESIAN_POINT('',(-0.2,0.2,-2.5));
#10592 = DIRECTION('',(0.,0.,1.));
#10593 = DIRECTION('',(1.,0.,-0.));
#10594 = ADVANCED_FACE('',(#10595),#10601,.F.);
#10595 = FACE_BOUND('',#10596,.T.);
#10596 = EDGE_LOOP('',(#10597,#10598,#10599,#10600));
#10597 = ORIENTED_EDGE('',*,*,#10523,.T.);
#10598 = ORIENTED_EDGE('',*,*,#10547,.T.);
#10599 = ORIENTED_EDGE('',*,*,#10571,.T.);
#10600 = ORIENTED_EDGE('',*,*,#10499,.T.);
#10601 = PLANE('',#10602);
#10602 = AXIS2_PLACEMENT_3D('',#10603,#10604,#10605);
#10603 = CARTESIAN_POINT('',(2.34,0.2,-2.5));
#10604 = DIRECTION('',(0.,0.,1.));
#10605 = DIRECTION('',(1.,0.,-0.));
#10606 = ( GEOMETRIC_REPRESENTATION_CONTEXT(3) 
GLOBAL_UNCERTAINTY_ASSIGNED_CONTEXT((#10610)) 
GLOBAL_UNIT_ASSIGNED_CONTEXT((#10607,#10608,#10609)) 
REPRESENTATION_CONTEXT('Context #1',
  '3D Context with UNIT and UNCERTAINTY') );
#10607 = ( LENGTH_UNIT() NAMED_UNIT(*) SI_UNIT(.MILLI.,.METRE.) );
#10608 = ( NAMED_UNIT(*) PLANE_ANGLE_UNIT() SI_UNIT($,.RADIAN.) );
#10609 = ( NAMED_UNIT(*) SI_UNIT($,.STERADIAN.) SOLID_ANGLE_UNIT() );
#10610 = UNCERTAINTY_MEASURE_WITH_UNIT(LENGTH_MEASURE(1.E-07),#10607,
  'distance_accuracy_value','confusion accuracy');
#10611 = CONTEXT_DEPENDENT_SHAPE_REPRESENTATION(#10612,#10614);
#10612 = ( REPRESENTATION_RELATIONSHIP('','',#10180,#10157) 
REPRESENTATION_RELATIONSHIP_WITH_TRANSFORMATION(#10613) 
SHAPE_REPRESENTATION_RELATIONSHIP() );
#10613 = ITEM_DEFINED_TRANSFORMATION('','',#11,#10158);
#10614 = PRODUCT_DEFINITION_SHAPE('Placement','Placement of an item',
  #10615);
#10615 = NEXT_ASSEMBLY_USAGE_OCCURRENCE('46','=>[0:1:1:40]','',#10152,
  #10175,$);
#10616 = PRODUCT_RELATED_PRODUCT_CATEGORY('part',$,(#10177));
#10617 = SHAPE_DEFINITION_REPRESENTATION(#10618,#10624);
#10618 = PRODUCT_DEFINITION_SHAPE('','',#10619);
#10619 = PRODUCT_DEFINITION('design','',#10620,#10623);
#10620 = PRODUCT_DEFINITION_FORMATION('','',#10621);
#10621 = PRODUCT(
  'R_Axial_DIN0516_L15.5mm_D5.0mm_P10.16mm_Vertical_BodyOnPad2',
  'R_Axial_DIN0516_L15.5mm_D5.0mm_P10.16mm_Vertical_BodyOnPad2','',(
    #10622));
#10622 = PRODUCT_CONTEXT('',#2,'mechanical');
#10623 = PRODUCT_DEFINITION_CONTEXT('part definition',#2,'design');
#10624 = SHAPE_REPRESENTATION('',(#11,#10625),#10629);
#10625 = AXIS2_PLACEMENT_3D('',#10626,#10627,#10628);
#10626 = CARTESIAN_POINT('',(0.,0.,0.));
#10627 = DIRECTION('',(0.,0.,1.));
#10628 = DIRECTION('',(1.,0.,-0.));
#10629 = ( GEOMETRIC_REPRESENTATION_CONTEXT(3) 
GLOBAL_UNCERTAINTY_ASSIGNED_CONTEXT((#10633)) 
GLOBAL_UNIT_ASSIGNED_CONTEXT((#10630,#10631,#10632)) 
REPRESENTATION_CONTEXT('Context #1',
  '3D Context with UNIT and UNCERTAINTY') );
#10630 = ( LENGTH_UNIT() NAMED_UNIT(*) SI_UNIT(.MILLI.,.METRE.) );
#10631 = ( NAMED_UNIT(*) PLANE_ANGLE_UNIT() SI_UNIT($,.RADIAN.) );
#10632 = ( NAMED_UNIT(*) SI_UNIT($,.STERADIAN.) SOLID_ANGLE_UNIT() );
#10633 = UNCERTAINTY_MEASURE_WITH_UNIT(LENGTH_MEASURE(1.E-07),#10630,
  'distance_accuracy_value','confusion accuracy');
#10634 = CONTEXT_DEPENDENT_SHAPE_REPRESENTATION(#10635,#10637);
#10635 = ( REPRESENTATION_RELATIONSHIP('','',#10624,#10) 
REPRESENTATION_RELATIONSHIP_WITH_TRANSFORMATION(#10636) 
SHAPE_REPRESENTATION_RELATIONSHIP() );
#10636 = ITEM_DEFINED_TRANSFORMATION('','',#11,#107);
#10637 = PRODUCT_DEFINITION_SHAPE('Placement','Placement of an item',
  #10638);
#10638 = NEXT_ASSEMBLY_USAGE_OCCURRENCE('51','R1','',#5,#10619,$);
#10639 = PRODUCT_RELATED_PRODUCT_CATEGORY('part',$,(#10621));
#10640 = SHAPE_DEFINITION_REPRESENTATION(#10641,#10647);
#10641 = PRODUCT_DEFINITION_SHAPE('','',#10642);
#10642 = PRODUCT_DEFINITION('design','',#10643,#10646);
#10643 = PRODUCT_DEFINITION_FORMATION('','',#10644);
#10644 = PRODUCT(
  'R_Axial_DIN0516_L15.5mm_D5.0mm_P10.16mm_Vertical_BodyOnPad2',
  'R_Axial_DIN0516_L15.5mm_D5.0mm_P10.16mm_Vertical_BodyOnPad2','',(
    #10645));
#10645 = PRODUCT_CONTEXT('',#2,'mechanical');
#10646 = PRODUCT_DEFINITION_CONTEXT('part definition',#2,'design');
#10647 = SHAPE_REPRESENTATION('',(#11,#10648,#10652),#10656);
#10648 = AXIS2_PLACEMENT_3D('',#10649,#10650,#10651);
#10649 = CARTESIAN_POINT('',(0.,0.,0.));
#10650 = DIRECTION('',(0.,0.,1.));
#10651 = DIRECTION('',(1.,0.,0.));
#10652 = AXIS2_PLACEMENT_3D('',#10653,#10654,#10655);
#10653 = CARTESIAN_POINT('',(0.,0.,0.));
#10654 = DIRECTION('',(0.,0.,1.));
#10655 = DIRECTION('',(1.,0.,0.));
#10656 = ( GEOMETRIC_REPRESENTATION_CONTEXT(3) 
GLOBAL_UNCERTAINTY_ASSIGNED_CONTEXT((#10660)) 
GLOBAL_UNIT_ASSIGNED_CONTEXT((#10657,#10658,#10659)) 
REPRESENTATION_CONTEXT('Context #1',
  '3D Context with UNIT and UNCERTAINTY') );
#10657 = ( LENGTH_UNIT() NAMED_UNIT(*) SI_UNIT(.MILLI.,.METRE.) );
#10658 = ( NAMED_UNIT(*) PLANE_ANGLE_UNIT() SI_UNIT($,.RADIAN.) );
#10659 = ( NAMED_UNIT(*) SI_UNIT($,.STERADIAN.) SOLID_ANGLE_UNIT() );
#10660 = UNCERTAINTY_MEASURE_WITH_UNIT(LENGTH_MEASURE(1.E-07),#10657,
  'distance_accuracy_value','confusion accuracy');
#10661 = CONTEXT_DEPENDENT_SHAPE_REPRESENTATION(#10662,#10664);
#10662 = ( REPRESENTATION_RELATIONSHIP('','',#10647,#10624) 
REPRESENTATION_RELATIONSHIP_WITH_TRANSFORMATION(#10663) 
SHAPE_REPRESENTATION_RELATIONSHIP() );
#10663 = ITEM_DEFINED_TRANSFORMATION('','',#11,#10625);
#10664 = PRODUCT_DEFINITION_SHAPE('Placement','Placement of an item',
  #10665);
#10665 = NEXT_ASSEMBLY_USAGE_OCCURRENCE('50','=>[0:1:1:42]','',#10619,
  #10642,$);
#10666 = PRODUCT_RELATED_PRODUCT_CATEGORY('part',$,(#10644));
#10667 = SHAPE_DEFINITION_REPRESENTATION(#10668,#10674);
#10668 = PRODUCT_DEFINITION_SHAPE('','',#10669);
#10669 = PRODUCT_DEFINITION('design','',#10670,#10673);
#10670 = PRODUCT_DEFINITION_FORMATION('','',#10671);
#10671 = PRODUCT('p0','p0','',(#10672));
#10672 = PRODUCT_CONTEXT('',#2,'mechanical');
#10673 = PRODUCT_DEFINITION_CONTEXT('part definition',#2,'design');
#10674 = ADVANCED_BREP_SHAPE_REPRESENTATION('',(#11,#10675),#10728);
#10675 = MANIFOLD_SOLID_BREP('',#10676);
#10676 = CLOSED_SHELL('',(#10677,#10710,#10719));
#10677 = ADVANCED_FACE('',(#10678),#10705,.T.);
#10678 = FACE_BOUND('',#10679,.T.);
#10679 = EDGE_LOOP('',(#10680,#10689,#10697,#10704));
#10680 = ORIENTED_EDGE('',*,*,#10681,.T.);
#10681 = EDGE_CURVE('',#10682,#10682,#10684,.T.);
#10682 = VERTEX_POINT('',#10683);
#10683 = CARTESIAN_POINT('',(12.66,0.,1.));
#10684 = CIRCLE('',#10685,2.5);
#10685 = AXIS2_PLACEMENT_3D('',#10686,#10687,#10688);
#10686 = CARTESIAN_POINT('',(10.16,0.,1.));
#10687 = DIRECTION('',(0.,0.,1.));
#10688 = DIRECTION('',(1.,0.,-0.));
#10689 = ORIENTED_EDGE('',*,*,#10690,.T.);
#10690 = EDGE_CURVE('',#10682,#10691,#10693,.T.);
#10691 = VERTEX_POINT('',#10692);
#10692 = CARTESIAN_POINT('',(12.66,0.,16.5));
#10693 = LINE('',#10694,#10695);
#10694 = CARTESIAN_POINT('',(12.66,0.,1.));
#10695 = VECTOR('',#10696,1.);
#10696 = DIRECTION('',(0.,0.,1.));
#10697 = ORIENTED_EDGE('',*,*,#10698,.F.);
#10698 = EDGE_CURVE('',#10691,#10691,#10699,.T.);
#10699 = CIRCLE('',#10700,2.5);
#10700 = AXIS2_PLACEMENT_3D('',#10701,#10702,#10703);
#10701 = CARTESIAN_POINT('',(10.16,0.,16.5));
#10702 = DIRECTION('',(0.,0.,1.));
#10703 = DIRECTION('',(1.,0.,-0.));
#10704 = ORIENTED_EDGE('',*,*,#10690,.F.);
#10705 = CYLINDRICAL_SURFACE('',#10706,2.5);
#10706 = AXIS2_PLACEMENT_3D('',#10707,#10708,#10709);
#10707 = CARTESIAN_POINT('',(10.16,0.,1.));
#10708 = DIRECTION('',(-0.,-0.,-1.));
#10709 = DIRECTION('',(1.,0.,0.));
#10710 = ADVANCED_FACE('',(#10711),#10714,.F.);
#10711 = FACE_BOUND('',#10712,.F.);
#10712 = EDGE_LOOP('',(#10713));
#10713 = ORIENTED_EDGE('',*,*,#10681,.T.);
#10714 = PLANE('',#10715);
#10715 = AXIS2_PLACEMENT_3D('',#10716,#10717,#10718);
#10716 = CARTESIAN_POINT('',(10.16,-1.020538999289E-16,1.));
#10717 = DIRECTION('',(0.,0.,1.));
#10718 = DIRECTION('',(1.,0.,-0.));
#10719 = ADVANCED_FACE('',(#10720),#10723,.T.);
#10720 = FACE_BOUND('',#10721,.T.);
#10721 = EDGE_LOOP('',(#10722));
#10722 = ORIENTED_EDGE('',*,*,#10698,.T.);
#10723 = PLANE('',#10724);
#10724 = AXIS2_PLACEMENT_3D('',#10725,#10726,#10727);
#10725 = CARTESIAN_POINT('',(10.16,-1.020538999289E-16,16.5));
#10726 = DIRECTION('',(0.,0.,1.));
#10727 = DIRECTION('',(1.,0.,-0.));
#10728 = ( GEOMETRIC_REPRESENTATION_CONTEXT(3) 
GLOBAL_UNCERTAINTY_ASSIGNED_CONTEXT((#10732)) 
GLOBAL_UNIT_ASSIGNED_CONTEXT((#10729,#10730,#10731)) 
REPRESENTATION_CONTEXT('Context #1',
  '3D Context with UNIT and UNCERTAINTY') );
#10729 = ( LENGTH_UNIT() NAMED_UNIT(*) SI_UNIT(.MILLI.,.METRE.) );
#10730 = ( NAMED_UNIT(*) PLANE_ANGLE_UNIT() SI_UNIT($,.RADIAN.) );
#10731 = ( NAMED_UNIT(*) SI_UNIT($,.STERADIAN.) SOLID_ANGLE_UNIT() );
#10732 = UNCERTAINTY_MEASURE_WITH_UNIT(LENGTH_MEASURE(1.E-07),#10729,
  'distance_accuracy_value','confusion accuracy');
#10733 = CONTEXT_DEPENDENT_SHAPE_REPRESENTATION(#10734,#10736);
#10734 = ( REPRESENTATION_RELATIONSHIP('','',#10674,#10647) 
REPRESENTATION_RELATIONSHIP_WITH_TRANSFORMATION(#10735) 
SHAPE_REPRESENTATION_RELATIONSHIP() );
#10735 = ITEM_DEFINED_TRANSFORMATION('','',#11,#10648);
#10736 = PRODUCT_DEFINITION_SHAPE('Placement','Placement of an item',
  #10737);
#10737 = NEXT_ASSEMBLY_USAGE_OCCURRENCE('48','p0','',#10642,#10669,$);
#10738 = PRODUCT_RELATED_PRODUCT_CATEGORY('part',$,(#10671));
#10739 = SHAPE_DEFINITION_REPRESENTATION(#10740,#10746);
#10740 = PRODUCT_DEFINITION_SHAPE('','',#10741);
#10741 = PRODUCT_DEFINITION('design','',#10742,#10745);
#10742 = PRODUCT_DEFINITION_FORMATION('','',#10743);
#10743 = PRODUCT('p1','p1','',(#10744));
#10744 = PRODUCT_CONTEXT('',#2,'mechanical');
#10745 = PRODUCT_DEFINITION_CONTEXT('part definition',#2,'design');
#10746 = ADVANCED_BREP_SHAPE_REPRESENTATION('',(#11,#10747),#10962);
#10747 = MANIFOLD_SOLID_BREP('',#10748);
#10748 = CLOSED_SHELL('',(#10749,#10809,#10818,#10834,#10885,#10895,
    #10910,#10943,#10953));
#10749 = ADVANCED_FACE('',(#10750),#10804,.T.);
#10750 = FACE_BOUND('',#10751,.T.);
#10751 = EDGE_LOOP('',(#10752,#10762,#10771,#10780,#10789,#10796,#10797)
  );
#10752 = ORIENTED_EDGE('',*,*,#10753,.T.);
#10753 = EDGE_CURVE('',#10754,#10756,#10758,.T.);
#10754 = VERTEX_POINT('',#10755);
#10755 = CARTESIAN_POINT('',(10.56,0.,-3.));
#10756 = VERTEX_POINT('',#10757);
#10757 = CARTESIAN_POINT('',(10.56,0.,18.));
#10758 = LINE('',#10759,#10760);
#10759 = CARTESIAN_POINT('',(10.56,0.,-3.));
#10760 = VECTOR('',#10761,1.);
#10761 = DIRECTION('',(0.,0.,1.));
#10762 = ORIENTED_EDGE('',*,*,#10763,.F.);
#10763 = EDGE_CURVE('',#10764,#10756,#10766,.T.);
#10764 = VERTEX_POINT('',#10765);
#10765 = CARTESIAN_POINT('',(10.16,-0.4,18.));
#10766 = CIRCLE('',#10767,0.4);
#10767 = AXIS2_PLACEMENT_3D('',#10768,#10769,#10770);
#10768 = CARTESIAN_POINT('',(10.16,0.,18.));
#10769 = DIRECTION('',(0.,0.,1.));
#10770 = DIRECTION('',(1.,0.,-0.));
#10771 = ORIENTED_EDGE('',*,*,#10772,.T.);
#10772 = EDGE_CURVE('',#10764,#10773,#10775,.T.);
#10773 = VERTEX_POINT('',#10774);
#10774 = CARTESIAN_POINT('',(9.76,-9.797174393179E-17,17.6));
#10775 = ELLIPSE('',#10776,0.565685424949,0.4);
#10776 = AXIS2_PLACEMENT_3D('',#10777,#10778,#10779);
#10777 = CARTESIAN_POINT('',(10.16,0.,18.));
#10778 = DIRECTION('',(0.707106781187,0.,-0.707106781187));
#10779 = DIRECTION('',(-0.707106781187,-0.,-0.707106781187));
#10780 = ORIENTED_EDGE('',*,*,#10781,.T.);
#10781 = EDGE_CURVE('',#10773,#10782,#10784,.T.);
#10782 = VERTEX_POINT('',#10783);
#10783 = CARTESIAN_POINT('',(10.16,0.4,18.));
#10784 = ELLIPSE('',#10785,0.565685424949,0.4);
#10785 = AXIS2_PLACEMENT_3D('',#10786,#10787,#10788);
#10786 = CARTESIAN_POINT('',(10.16,0.,18.));
#10787 = DIRECTION('',(0.707106781187,0.,-0.707106781187));
#10788 = DIRECTION('',(-0.707106781187,-0.,-0.707106781187));
#10789 = ORIENTED_EDGE('',*,*,#10790,.F.);
#10790 = EDGE_CURVE('',#10756,#10782,#10791,.T.);
#10791 = CIRCLE('',#10792,0.4);
#10792 = AXIS2_PLACEMENT_3D('',#10793,#10794,#10795);
#10793 = CARTESIAN_POINT('',(10.16,0.,18.));
#10794 = DIRECTION('',(0.,0.,1.));
#10795 = DIRECTION('',(1.,0.,-0.));
#10796 = ORIENTED_EDGE('',*,*,#10753,.F.);
#10797 = ORIENTED_EDGE('',*,*,#10798,.T.);
#10798 = EDGE_CURVE('',#10754,#10754,#10799,.T.);
#10799 = CIRCLE('',#10800,0.4);
#10800 = AXIS2_PLACEMENT_3D('',#10801,#10802,#10803);
#10801 = CARTESIAN_POINT('',(10.16,0.,-3.));
#10802 = DIRECTION('',(0.,0.,1.));
#10803 = DIRECTION('',(1.,0.,-0.));
#10804 = CYLINDRICAL_SURFACE('',#10805,0.4);
#10805 = AXIS2_PLACEMENT_3D('',#10806,#10807,#10808);
#10806 = CARTESIAN_POINT('',(10.16,0.,-3.));
#10807 = DIRECTION('',(-0.,-0.,-1.));
#10808 = DIRECTION('',(1.,0.,0.));
#10809 = ADVANCED_FACE('',(#10810),#10813,.F.);
#10810 = FACE_BOUND('',#10811,.F.);
#10811 = EDGE_LOOP('',(#10812));
#10812 = ORIENTED_EDGE('',*,*,#10798,.T.);
#10813 = PLANE('',#10814);
#10814 = AXIS2_PLACEMENT_3D('',#10815,#10816,#10817);
#10815 = CARTESIAN_POINT('',(10.16,3.708700618869E-17,-3.));
#10816 = DIRECTION('',(0.,0.,1.));
#10817 = DIRECTION('',(1.,0.,-0.));
#10818 = ADVANCED_FACE('',(#10819),#10829,.T.);
#10819 = FACE_BOUND('',#10820,.T.);
#10820 = EDGE_LOOP('',(#10821,#10822,#10823));
#10821 = ORIENTED_EDGE('',*,*,#10763,.T.);
#10822 = ORIENTED_EDGE('',*,*,#10790,.T.);
#10823 = ORIENTED_EDGE('',*,*,#10824,.F.);
#10824 = EDGE_CURVE('',#10764,#10782,#10825,.T.);
#10825 = LINE('',#10826,#10827);
#10826 = CARTESIAN_POINT('',(10.16,-1.14995572349E-16,18.));
#10827 = VECTOR('',#10828,1.);
#10828 = DIRECTION('',(0.,1.,0.));
#10829 = PLANE('',#10830);
#10830 = AXIS2_PLACEMENT_3D('',#10831,#10832,#10833);
#10831 = CARTESIAN_POINT('',(10.16,3.708700618869E-17,18.));
#10832 = DIRECTION('',(0.,0.,1.));
#10833 = DIRECTION('',(1.,0.,-0.));
#10834 = ADVANCED_FACE('',(#10835),#10880,.T.);
#10835 = FACE_BOUND('',#10836,.T.);
#10836 = EDGE_LOOP('',(#10837,#10848,#10857,#10863,#10864,#10865,#10872,
    #10873));
#10837 = ORIENTED_EDGE('',*,*,#10838,.F.);
#10838 = EDGE_CURVE('',#10839,#10841,#10843,.T.);
#10839 = VERTEX_POINT('',#10840);
#10840 = CARTESIAN_POINT('',(0.4,0.,17.6));
#10841 = VERTEX_POINT('',#10842);
#10842 = CARTESIAN_POINT('',(1.408962799656E-16,-0.4,18.));
#10843 = ELLIPSE('',#10844,0.565685424949,0.4);
#10844 = AXIS2_PLACEMENT_3D('',#10845,#10846,#10847);
#10845 = CARTESIAN_POINT('',(0.,0.,18.));
#10846 = DIRECTION('',(-0.707106781187,0.,-0.707106781187));
#10847 = DIRECTION('',(-0.707106781187,0.,0.707106781187));
#10848 = ORIENTED_EDGE('',*,*,#10849,.F.);
#10849 = EDGE_CURVE('',#10850,#10839,#10852,.T.);
#10850 = VERTEX_POINT('',#10851);
#10851 = CARTESIAN_POINT('',(0.,0.4,18.));
#10852 = ELLIPSE('',#10853,0.565685424949,0.4);
#10853 = AXIS2_PLACEMENT_3D('',#10854,#10855,#10856);
#10854 = CARTESIAN_POINT('',(0.,0.,18.));
#10855 = DIRECTION('',(-0.707106781187,0.,-0.707106781187));
#10856 = DIRECTION('',(-0.707106781187,0.,0.707106781187));
#10857 = ORIENTED_EDGE('',*,*,#10858,.T.);
#10858 = EDGE_CURVE('',#10850,#10782,#10859,.T.);
#10859 = LINE('',#10860,#10861);
#10860 = CARTESIAN_POINT('',(0.,0.4,18.));
#10861 = VECTOR('',#10862,1.);
#10862 = DIRECTION('',(1.,0.,0.));
#10863 = ORIENTED_EDGE('',*,*,#10781,.F.);
#10864 = ORIENTED_EDGE('',*,*,#10772,.F.);
#10865 = ORIENTED_EDGE('',*,*,#10866,.F.);
#10866 = EDGE_CURVE('',#10782,#10764,#10867,.T.);
#10867 = CIRCLE('',#10868,0.4);
#10868 = AXIS2_PLACEMENT_3D('',#10869,#10870,#10871);
#10869 = CARTESIAN_POINT('',(10.16,0.,18.));
#10870 = DIRECTION('',(1.,0.,0.));
#10871 = DIRECTION('',(-0.,1.,0.));
#10872 = ORIENTED_EDGE('',*,*,#10858,.F.);
#10873 = ORIENTED_EDGE('',*,*,#10874,.T.);
#10874 = EDGE_CURVE('',#10850,#10841,#10875,.T.);
#10875 = CIRCLE('',#10876,0.4);
#10876 = AXIS2_PLACEMENT_3D('',#10877,#10878,#10879);
#10877 = CARTESIAN_POINT('',(0.,0.,18.));
#10878 = DIRECTION('',(1.,0.,0.));
#10879 = DIRECTION('',(-0.,1.,0.));
#10880 = CYLINDRICAL_SURFACE('',#10881,0.4);
#10881 = AXIS2_PLACEMENT_3D('',#10882,#10883,#10884);
#10882 = CARTESIAN_POINT('',(0.,0.,18.));
#10883 = DIRECTION('',(-1.,-0.,-0.));
#10884 = DIRECTION('',(0.,1.,0.));
#10885 = ADVANCED_FACE('',(#10886),#10890,.T.);
#10886 = FACE_BOUND('',#10887,.T.);
#10887 = EDGE_LOOP('',(#10888,#10889));
#10888 = ORIENTED_EDGE('',*,*,#10824,.T.);
#10889 = ORIENTED_EDGE('',*,*,#10866,.T.);
#10890 = PLANE('',#10891);
#10891 = AXIS2_PLACEMENT_3D('',#10892,#10893,#10894);
#10892 = CARTESIAN_POINT('',(10.16,-2.670781508866E-16,18.));
#10893 = DIRECTION('',(1.,0.,0.));
#10894 = DIRECTION('',(-0.,0.,1.));
#10895 = ADVANCED_FACE('',(#10896),#10905,.F.);
#10896 = FACE_BOUND('',#10897,.F.);
#10897 = EDGE_LOOP('',(#10898,#10904));
#10898 = ORIENTED_EDGE('',*,*,#10899,.F.);
#10899 = EDGE_CURVE('',#10850,#10841,#10900,.T.);
#10900 = LINE('',#10901,#10902);
#10901 = CARTESIAN_POINT('',(0.,-1.216725261211E-16,18.));
#10902 = VECTOR('',#10903,1.);
#10903 = DIRECTION('',(0.,-1.,0.));
#10904 = ORIENTED_EDGE('',*,*,#10874,.T.);
#10905 = PLANE('',#10906);
#10906 = AXIS2_PLACEMENT_3D('',#10907,#10908,#10909);
#10907 = CARTESIAN_POINT('',(0.,-2.670781508866E-16,18.));
#10908 = DIRECTION('',(1.,0.,0.));
#10909 = DIRECTION('',(-0.,0.,1.));
#10910 = ADVANCED_FACE('',(#10911),#10938,.T.);
#10911 = FACE_BOUND('',#10912,.T.);
#10912 = EDGE_LOOP('',(#10913,#10921,#10922,#10929,#10930,#10931));
#10913 = ORIENTED_EDGE('',*,*,#10914,.T.);
#10914 = EDGE_CURVE('',#10915,#10839,#10917,.T.);
#10915 = VERTEX_POINT('',#10916);
#10916 = CARTESIAN_POINT('',(0.4,0.,-3.));
#10917 = LINE('',#10918,#10919);
#10918 = CARTESIAN_POINT('',(0.4,0.,-3.));
#10919 = VECTOR('',#10920,1.);
#10920 = DIRECTION('',(0.,0.,1.));
#10921 = ORIENTED_EDGE('',*,*,#10838,.T.);
#10922 = ORIENTED_EDGE('',*,*,#10923,.F.);
#10923 = EDGE_CURVE('',#10850,#10841,#10924,.T.);
#10924 = CIRCLE('',#10925,0.4);
#10925 = AXIS2_PLACEMENT_3D('',#10926,#10927,#10928);
#10926 = CARTESIAN_POINT('',(0.,0.,18.));
#10927 = DIRECTION('',(0.,0.,1.));
#10928 = DIRECTION('',(1.,0.,-0.));
#10929 = ORIENTED_EDGE('',*,*,#10849,.T.);
#10930 = ORIENTED_EDGE('',*,*,#10914,.F.);
#10931 = ORIENTED_EDGE('',*,*,#10932,.T.);
#10932 = EDGE_CURVE('',#10915,#10915,#10933,.T.);
#10933 = CIRCLE('',#10934,0.4);
#10934 = AXIS2_PLACEMENT_3D('',#10935,#10936,#10937);
#10935 = CARTESIAN_POINT('',(0.,0.,-3.));
#10936 = DIRECTION('',(0.,0.,1.));
#10937 = DIRECTION('',(1.,0.,-0.));
#10938 = CYLINDRICAL_SURFACE('',#10939,0.4);
#10939 = AXIS2_PLACEMENT_3D('',#10940,#10941,#10942);
#10940 = CARTESIAN_POINT('',(0.,0.,-3.));
#10941 = DIRECTION('',(-0.,-0.,-1.));
#10942 = DIRECTION('',(1.,0.,0.));
#10943 = ADVANCED_FACE('',(#10944),#10948,.T.);
#10944 = FACE_BOUND('',#10945,.T.);
#10945 = EDGE_LOOP('',(#10946,#10947));
#10946 = ORIENTED_EDGE('',*,*,#10899,.F.);
#10947 = ORIENTED_EDGE('',*,*,#10923,.T.);
#10948 = PLANE('',#10949);
#10949 = AXIS2_PLACEMENT_3D('',#10950,#10951,#10952);
#10950 = CARTESIAN_POINT('',(-1.335390754433E-17,2.373309864436E-17,18.)
  );
#10951 = DIRECTION('',(0.,0.,1.));
#10952 = DIRECTION('',(1.,0.,-0.));
#10953 = ADVANCED_FACE('',(#10954),#10957,.F.);
#10954 = FACE_BOUND('',#10955,.F.);
#10955 = EDGE_LOOP('',(#10956));
#10956 = ORIENTED_EDGE('',*,*,#10932,.T.);
#10957 = PLANE('',#10958);
#10958 = AXIS2_PLACEMENT_3D('',#10959,#10960,#10961);
#10959 = CARTESIAN_POINT('',(-1.335390754433E-17,2.373309864436E-17,-3.)
  );
#10960 = DIRECTION('',(0.,0.,1.));
#10961 = DIRECTION('',(1.,0.,-0.));
#10962 = ( GEOMETRIC_REPRESENTATION_CONTEXT(3) 
GLOBAL_UNCERTAINTY_ASSIGNED_CONTEXT((#10966)) 
GLOBAL_UNIT_ASSIGNED_CONTEXT((#10963,#10964,#10965)) 
REPRESENTATION_CONTEXT('Context #1',
  '3D Context with UNIT and UNCERTAINTY') );
#10963 = ( LENGTH_UNIT() NAMED_UNIT(*) SI_UNIT(.MILLI.,.METRE.) );
#10964 = ( NAMED_UNIT(*) PLANE_ANGLE_UNIT() SI_UNIT($,.RADIAN.) );
#10965 = ( NAMED_UNIT(*) SI_UNIT($,.STERADIAN.) SOLID_ANGLE_UNIT() );
#10966 = UNCERTAINTY_MEASURE_WITH_UNIT(LENGTH_MEASURE(1.E-07),#10963,
  'distance_accuracy_value','confusion accuracy');
#10967 = CONTEXT_DEPENDENT_SHAPE_REPRESENTATION(#10968,#10970);
#10968 = ( REPRESENTATION_RELATIONSHIP('','',#10746,#10647) 
REPRESENTATION_RELATIONSHIP_WITH_TRANSFORMATION(#10969) 
SHAPE_REPRESENTATION_RELATIONSHIP() );
#10969 = ITEM_DEFINED_TRANSFORMATION('','',#11,#10652);
#10970 = PRODUCT_DEFINITION_SHAPE('Placement','Placement of an item',
  #10971);
#10971 = NEXT_ASSEMBLY_USAGE_OCCURRENCE('49','p1','',#10642,#10741,$);
#10972 = PRODUCT_RELATED_PRODUCT_CATEGORY('part',$,(#10743));
#10973 = SHAPE_DEFINITION_REPRESENTATION(#10974,#10980);
#10974 = PRODUCT_DEFINITION_SHAPE('','',#10975);
#10975 = PRODUCT_DEFINITION('design','',#10976,#10979);
#10976 = PRODUCT_DEFINITION_FORMATION('','',#10977);
#10977 = PRODUCT('R_Axial_Ohmite_27J_7W_Vertical',
  'R_Axial_Ohmite_27J_7W_Vertical','',(#10978));
#10978 = PRODUCT_CONTEXT('',#2,'mechanical');
#10979 = PRODUCT_DEFINITION_CONTEXT('part definition',#2,'design');
#10980 = SHAPE_REPRESENTATION('',(#11,#10981),#10985);
#10981 = AXIS2_PLACEMENT_3D('',#10982,#10983,#10984);
#10982 = CARTESIAN_POINT('',(0.,0.,0.));
#10983 = DIRECTION('',(0.,0.,1.));
#10984 = DIRECTION('',(1.,0.,-0.));
#10985 = ( GEOMETRIC_REPRESENTATION_CONTEXT(3) 
GLOBAL_UNCERTAINTY_ASSIGNED_CONTEXT((#10989)) 
GLOBAL_UNIT_ASSIGNED_CONTEXT((#10986,#10987,#10988)) 
REPRESENTATION_CONTEXT('Context #1',
  '3D Context with UNIT and UNCERTAINTY') );
#10986 = ( LENGTH_UNIT() NAMED_UNIT(*) SI_UNIT(.MILLI.,.METRE.) );
#10987 = ( NAMED_UNIT(*) PLANE_ANGLE_UNIT() SI_UNIT($,.RADIAN.) );
#10988 = ( NAMED_UNIT(*) SI_UNIT($,.STERADIAN.) SOLID_ANGLE_UNIT() );
#10989 = UNCERTAINTY_MEASURE_WITH_UNIT(LENGTH_MEASURE(1.E-07),#10986,
  'distance_accuracy_value','confusion accuracy');
#10990 = CONTEXT_DEPENDENT_SHAPE_REPRESENTATION(#10991,#10993);
#10991 = ( REPRESENTATION_RELATIONSHIP('','',#10980,#10) 
REPRESENTATION_RELATIONSHIP_WITH_TRANSFORMATION(#10992) 
SHAPE_REPRESENTATION_RELATIONSHIP() );
#10992 = ITEM_DEFINED_TRANSFORMATION('','',#11,#111);
#10993 = PRODUCT_DEFINITION_SHAPE('Placement','Placement of an item',
  #10994);
#10994 = NEXT_ASSEMBLY_USAGE_OCCURRENCE('55','R_fast1','',#5,#10975,$);
#10995 = PRODUCT_RELATED_PRODUCT_CATEGORY('part',$,(#10977));
#10996 = SHAPE_DEFINITION_REPRESENTATION(#10997,#11003);
#10997 = PRODUCT_DEFINITION_SHAPE('','',#10998);
#10998 = PRODUCT_DEFINITION('design','',#10999,#11002);
#10999 = PRODUCT_DEFINITION_FORMATION('','',#11000);
#11000 = PRODUCT('R_Axial_Ohmite_27J_7W_Vertical',
  'R_Axial_Ohmite_27J_7W_Vertical','',(#11001));
#11001 = PRODUCT_CONTEXT('',#2,'mechanical');
#11002 = PRODUCT_DEFINITION_CONTEXT('part definition',#2,'design');
#11003 = SHAPE_REPRESENTATION('',(#11,#11004,#11008),#11012);
#11004 = AXIS2_PLACEMENT_3D('',#11005,#11006,#11007);
#11005 = CARTESIAN_POINT('',(0.,0.,0.));
#11006 = DIRECTION('',(0.,0.,1.));
#11007 = DIRECTION('',(1.,0.,0.));
#11008 = AXIS2_PLACEMENT_3D('',#11009,#11010,#11011);
#11009 = CARTESIAN_POINT('',(0.,0.,0.));
#11010 = DIRECTION('',(0.,0.,1.));
#11011 = DIRECTION('',(1.,0.,0.));
#11012 = ( GEOMETRIC_REPRESENTATION_CONTEXT(3) 
GLOBAL_UNCERTAINTY_ASSIGNED_CONTEXT((#11016)) 
GLOBAL_UNIT_ASSIGNED_CONTEXT((#11013,#11014,#11015)) 
REPRESENTATION_CONTEXT('Context #1',
  '3D Context with UNIT and UNCERTAINTY') );
#11013 = ( LENGTH_UNIT() NAMED_UNIT(*) SI_UNIT(.MILLI.,.METRE.) );
#11014 = ( NAMED_UNIT(*) PLANE_ANGLE_UNIT() SI_UNIT($,.RADIAN.) );
#11015 = ( NAMED_UNIT(*) SI_UNIT($,.STERADIAN.) SOLID_ANGLE_UNIT() );
#11016 = UNCERTAINTY_MEASURE_WITH_UNIT(LENGTH_MEASURE(1.E-07),#11013,
  'distance_accuracy_value','confusion accuracy');
#11017 = CONTEXT_DEPENDENT_SHAPE_REPRESENTATION(#11018,#11020);
#11018 = ( REPRESENTATION_RELATIONSHIP('','',#11003,#10980) 
REPRESENTATION_RELATIONSHIP_WITH_TRANSFORMATION(#11019) 
SHAPE_REPRESENTATION_RELATIONSHIP() );
#11019 = ITEM_DEFINED_TRANSFORMATION('','',#11,#10981);
#11020 = PRODUCT_DEFINITION_SHAPE('Placement','Placement of an item',
  #11021);
#11021 = NEXT_ASSEMBLY_USAGE_OCCURRENCE('54','=>[0:1:1:46]','',#10975,
  #10998,$);
#11022 = PRODUCT_RELATED_PRODUCT_CATEGORY('part',$,(#11000));
#11023 = SHAPE_DEFINITION_REPRESENTATION(#11024,#11030);
#11024 = PRODUCT_DEFINITION_SHAPE('','',#11025);
#11025 = PRODUCT_DEFINITION('design','',#11026,#11029);
#11026 = PRODUCT_DEFINITION_FORMATION('','',#11027);
#11027 = PRODUCT('p0','p0','',(#11028));
#11028 = PRODUCT_CONTEXT('',#2,'mechanical');
#11029 = PRODUCT_DEFINITION_CONTEXT('part definition',#2,'design');
#11030 = ADVANCED_BREP_SHAPE_REPRESENTATION('',(#11,#11031),#11084);
#11031 = MANIFOLD_SOLID_BREP('',#11032);
#11032 = CLOSED_SHELL('',(#11033,#11066,#11075));
#11033 = ADVANCED_FACE('',(#11034),#11061,.T.);
#11034 = FACE_BOUND('',#11035,.T.);
#11035 = EDGE_LOOP('',(#11036,#11045,#11053,#11060));
#11036 = ORIENTED_EDGE('',*,*,#11037,.T.);
#11037 = EDGE_CURVE('',#11038,#11038,#11040,.T.);
#11038 = VERTEX_POINT('',#11039);
#11039 = CARTESIAN_POINT('',(5.,0.,3.));
#11040 = CIRCLE('',#11041,5.);
#11041 = AXIS2_PLACEMENT_3D('',#11042,#11043,#11044);
#11042 = CARTESIAN_POINT('',(0.,0.,3.));
#11043 = DIRECTION('',(0.,0.,1.));
#11044 = DIRECTION('',(1.,0.,-0.));
#11045 = ORIENTED_EDGE('',*,*,#11046,.T.);
#11046 = EDGE_CURVE('',#11038,#11047,#11049,.T.);
#11047 = VERTEX_POINT('',#11048);
#11048 = CARTESIAN_POINT('',(5.,0.,35.1));
#11049 = LINE('',#11050,#11051);
#11050 = CARTESIAN_POINT('',(5.,0.,3.));
#11051 = VECTOR('',#11052,1.);
#11052 = DIRECTION('',(0.,0.,1.));
#11053 = ORIENTED_EDGE('',*,*,#11054,.F.);
#11054 = EDGE_CURVE('',#11047,#11047,#11055,.T.);
#11055 = CIRCLE('',#11056,5.);
#11056 = AXIS2_PLACEMENT_3D('',#11057,#11058,#11059);
#11057 = CARTESIAN_POINT('',(0.,0.,35.1));
#11058 = DIRECTION('',(0.,0.,1.));
#11059 = DIRECTION('',(1.,0.,-0.));
#11060 = ORIENTED_EDGE('',*,*,#11046,.F.);
#11061 = CYLINDRICAL_SURFACE('',#11062,5.);
#11062 = AXIS2_PLACEMENT_3D('',#11063,#11064,#11065);
#11063 = CARTESIAN_POINT('',(0.,0.,3.));
#11064 = DIRECTION('',(-0.,-0.,-1.));
#11065 = DIRECTION('',(1.,0.,0.));
#11066 = ADVANCED_FACE('',(#11067),#11070,.F.);
#11067 = FACE_BOUND('',#11068,.F.);
#11068 = EDGE_LOOP('',(#11069));
#11069 = ORIENTED_EDGE('',*,*,#11037,.T.);
#11070 = PLANE('',#11071);
#11071 = AXIS2_PLACEMENT_3D('',#11072,#11073,#11074);
#11072 = CARTESIAN_POINT('',(-2.734880265079E-16,6.938022664999E-17,3.)
  );
#11073 = DIRECTION('',(0.,0.,1.));
#11074 = DIRECTION('',(1.,0.,-0.));
#11075 = ADVANCED_FACE('',(#11076),#11079,.T.);
#11076 = FACE_BOUND('',#11077,.T.);
#11077 = EDGE_LOOP('',(#11078));
#11078 = ORIENTED_EDGE('',*,*,#11054,.T.);
#11079 = PLANE('',#11080);
#11080 = AXIS2_PLACEMENT_3D('',#11081,#11082,#11083);
#11081 = CARTESIAN_POINT('',(-2.734880265079E-16,6.938022664999E-17,35.1
    ));
#11082 = DIRECTION('',(0.,0.,1.));
#11083 = DIRECTION('',(1.,0.,-0.));
#11084 = ( GEOMETRIC_REPRESENTATION_CONTEXT(3) 
GLOBAL_UNCERTAINTY_ASSIGNED_CONTEXT((#11088)) 
GLOBAL_UNIT_ASSIGNED_CONTEXT((#11085,#11086,#11087)) 
REPRESENTATION_CONTEXT('Context #1',
  '3D Context with UNIT and UNCERTAINTY') );
#11085 = ( LENGTH_UNIT() NAMED_UNIT(*) SI_UNIT(.MILLI.,.METRE.) );
#11086 = ( NAMED_UNIT(*) PLANE_ANGLE_UNIT() SI_UNIT($,.RADIAN.) );
#11087 = ( NAMED_UNIT(*) SI_UNIT($,.STERADIAN.) SOLID_ANGLE_UNIT() );
#11088 = UNCERTAINTY_MEASURE_WITH_UNIT(LENGTH_MEASURE(1.E-07),#11085,
  'distance_accuracy_value','confusion accuracy');
#11089 = CONTEXT_DEPENDENT_SHAPE_REPRESENTATION(#11090,#11092);
#11090 = ( REPRESENTATION_RELATIONSHIP('','',#11030,#11003) 
REPRESENTATION_RELATIONSHIP_WITH_TRANSFORMATION(#11091) 
SHAPE_REPRESENTATION_RELATIONSHIP() );
#11091 = ITEM_DEFINED_TRANSFORMATION('','',#11,#11004);
#11092 = PRODUCT_DEFINITION_SHAPE('Placement','Placement of an item',
  #11093);
#11093 = NEXT_ASSEMBLY_USAGE_OCCURRENCE('52','p0','',#10998,#11025,$);
#11094 = PRODUCT_RELATED_PRODUCT_CATEGORY('part',$,(#11027));
#11095 = SHAPE_DEFINITION_REPRESENTATION(#11096,#11102);
#11096 = PRODUCT_DEFINITION_SHAPE('','',#11097);
#11097 = PRODUCT_DEFINITION('design','',#11098,#11101);
#11098 = PRODUCT_DEFINITION_FORMATION('','',#11099);
#11099 = PRODUCT('p1','p1','',(#11100));
#11100 = PRODUCT_CONTEXT('',#2,'mechanical');
#11101 = PRODUCT_DEFINITION_CONTEXT('part definition',#2,'design');
#11102 = ADVANCED_BREP_SHAPE_REPRESENTATION('',(#11,#11103),#11318);
#11103 = MANIFOLD_SOLID_BREP('',#11104);
#11104 = CLOSED_SHELL('',(#11105,#11156,#11165,#11216,#11231,#11273,
    #11288,#11298,#11307));
#11105 = ADVANCED_FACE('',(#11106),#11151,.T.);
#11106 = FACE_BOUND('',#11107,.T.);
#11107 = EDGE_LOOP('',(#11108,#11118,#11127,#11136,#11143,#11144));
#11108 = ORIENTED_EDGE('',*,*,#11109,.T.);
#11109 = EDGE_CURVE('',#11110,#11112,#11114,.T.);
#11110 = VERTEX_POINT('',#11111);
#11111 = CARTESIAN_POINT('',(0.405,0.,-3.));
#11112 = VERTEX_POINT('',#11113);
#11113 = CARTESIAN_POINT('',(0.405,0.,36.195));
#11114 = LINE('',#11115,#11116);
#11115 = CARTESIAN_POINT('',(0.405,0.,-3.));
#11116 = VECTOR('',#11117,1.);
#11117 = DIRECTION('',(0.,0.,1.));
#11118 = ORIENTED_EDGE('',*,*,#11119,.T.);
#11119 = EDGE_CURVE('',#11112,#11120,#11122,.T.);
#11120 = VERTEX_POINT('',#11121);
#11121 = CARTESIAN_POINT('',(-3.71986465241E-17,-0.405,36.6));
#11122 = ELLIPSE('',#11123,0.572756492761,0.405);
#11123 = AXIS2_PLACEMENT_3D('',#11124,#11125,#11126);
#11124 = CARTESIAN_POINT('',(0.,0.,36.6));
#11125 = DIRECTION('',(-0.707106781187,-0.,-0.707106781187));
#11126 = DIRECTION('',(0.707106781187,0.,-0.707106781187));
#11127 = ORIENTED_EDGE('',*,*,#11128,.F.);
#11128 = EDGE_CURVE('',#11129,#11120,#11131,.T.);
#11129 = VERTEX_POINT('',#11130);
#11130 = CARTESIAN_POINT('',(0.,0.405,36.6));
#11131 = CIRCLE('',#11132,0.405);
#11132 = AXIS2_PLACEMENT_3D('',#11133,#11134,#11135);
#11133 = CARTESIAN_POINT('',(0.,0.,36.6));
#11134 = DIRECTION('',(0.,0.,1.));
#11135 = DIRECTION('',(1.,0.,-0.));
#11136 = ORIENTED_EDGE('',*,*,#11137,.T.);
#11137 = EDGE_CURVE('',#11129,#11112,#11138,.T.);
#11138 = ELLIPSE('',#11139,0.572756492761,0.405);
#11139 = AXIS2_PLACEMENT_3D('',#11140,#11141,#11142);
#11140 = CARTESIAN_POINT('',(0.,0.,36.6));
#11141 = DIRECTION('',(-0.707106781187,-0.,-0.707106781187));
#11142 = DIRECTION('',(0.707106781187,0.,-0.707106781187));
#11143 = ORIENTED_EDGE('',*,*,#11109,.F.);
#11144 = ORIENTED_EDGE('',*,*,#11145,.T.);
#11145 = EDGE_CURVE('',#11110,#11110,#11146,.T.);
#11146 = CIRCLE('',#11147,0.405);
#11147 = AXIS2_PLACEMENT_3D('',#11148,#11149,#11150);
#11148 = CARTESIAN_POINT('',(0.,0.,-3.));
#11149 = DIRECTION('',(0.,0.,1.));
#11150 = DIRECTION('',(1.,0.,-0.));
#11151 = CYLINDRICAL_SURFACE('',#11152,0.405);
#11152 = AXIS2_PLACEMENT_3D('',#11153,#11154,#11155);
#11153 = CARTESIAN_POINT('',(0.,0.,-3.));
#11154 = DIRECTION('',(-0.,-0.,-1.));
#11155 = DIRECTION('',(1.,0.,0.));
#11156 = ADVANCED_FACE('',(#11157),#11160,.F.);
#11157 = FACE_BOUND('',#11158,.F.);
#11158 = EDGE_LOOP('',(#11159));
#11159 = ORIENTED_EDGE('',*,*,#11145,.T.);
#11160 = PLANE('',#11161);
#11161 = AXIS2_PLACEMENT_3D('',#11162,#11163,#11164);
#11162 = CARTESIAN_POINT('',(-3.956713346468E-17,-3.343687300262E-18,-3.
    ));
#11163 = DIRECTION('',(0.,0.,1.));
#11164 = DIRECTION('',(1.,0.,-0.));
#11165 = ADVANCED_FACE('',(#11166),#11211,.T.);
#11166 = FACE_BOUND('',#11167,.T.);
#11167 = EDGE_LOOP('',(#11168,#11179,#11188,#11195,#11201,#11208,#11209,
    #11210));
#11168 = ORIENTED_EDGE('',*,*,#11169,.T.);
#11169 = EDGE_CURVE('',#11170,#11172,#11174,.T.);
#11170 = VERTEX_POINT('',#11171);
#11171 = CARTESIAN_POINT('',(10.16,0.405,36.6));
#11172 = VERTEX_POINT('',#11173);
#11173 = CARTESIAN_POINT('',(9.755,9.919639073094E-17,36.195));
#11174 = ELLIPSE('',#11175,0.572756492761,0.405);
#11175 = AXIS2_PLACEMENT_3D('',#11176,#11177,#11178);
#11176 = CARTESIAN_POINT('',(10.16,0.,36.6));
#11177 = DIRECTION('',(-0.707106781187,0.,0.707106781187));
#11178 = DIRECTION('',(-0.707106781187,0.,-0.707106781187));
#11179 = ORIENTED_EDGE('',*,*,#11180,.T.);
#11180 = EDGE_CURVE('',#11172,#11181,#11183,.T.);
#11181 = VERTEX_POINT('',#11182);
#11182 = CARTESIAN_POINT('',(10.16,-0.405,36.6));
#11183 = ELLIPSE('',#11184,0.572756492761,0.405);
#11184 = AXIS2_PLACEMENT_3D('',#11185,#11186,#11187);
#11185 = CARTESIAN_POINT('',(10.16,0.,36.6));
#11186 = DIRECTION('',(-0.707106781187,0.,0.707106781187));
#11187 = DIRECTION('',(-0.707106781187,0.,-0.707106781187));
#11188 = ORIENTED_EDGE('',*,*,#11189,.F.);
#11189 = EDGE_CURVE('',#11170,#11181,#11190,.T.);
#11190 = CIRCLE('',#11191,0.405);
#11191 = AXIS2_PLACEMENT_3D('',#11192,#11193,#11194);
#11192 = CARTESIAN_POINT('',(10.16,0.,36.6));
#11193 = DIRECTION('',(1.,0.,0.));
#11194 = DIRECTION('',(-0.,1.,0.));
#11195 = ORIENTED_EDGE('',*,*,#11196,.F.);
#11196 = EDGE_CURVE('',#11129,#11170,#11197,.T.);
#11197 = LINE('',#11198,#11199);
#11198 = CARTESIAN_POINT('',(0.,0.405,36.6));
#11199 = VECTOR('',#11200,1.);
#11200 = DIRECTION('',(1.,0.,0.));
#11201 = ORIENTED_EDGE('',*,*,#11202,.T.);
#11202 = EDGE_CURVE('',#11129,#11120,#11203,.T.);
#11203 = CIRCLE('',#11204,0.405);
#11204 = AXIS2_PLACEMENT_3D('',#11205,#11206,#11207);
#11205 = CARTESIAN_POINT('',(0.,0.,36.6));
#11206 = DIRECTION('',(1.,0.,0.));
#11207 = DIRECTION('',(-0.,1.,0.));
#11208 = ORIENTED_EDGE('',*,*,#11119,.F.);
#11209 = ORIENTED_EDGE('',*,*,#11137,.F.);
#11210 = ORIENTED_EDGE('',*,*,#11196,.T.);
#11211 = CYLINDRICAL_SURFACE('',#11212,0.405);
#11212 = AXIS2_PLACEMENT_3D('',#11213,#11214,#11215);
#11213 = CARTESIAN_POINT('',(0.,0.,36.6));
#11214 = DIRECTION('',(-1.,-0.,-0.));
#11215 = DIRECTION('',(0.,1.,0.));
#11216 = ADVANCED_FACE('',(#11217),#11226,.T.);
#11217 = FACE_BOUND('',#11218,.T.);
#11218 = EDGE_LOOP('',(#11219,#11225));
#11219 = ORIENTED_EDGE('',*,*,#11220,.T.);
#11220 = EDGE_CURVE('',#11120,#11129,#11221,.T.);
#11221 = LINE('',#11222,#11223);
#11222 = CARTESIAN_POINT('',(0.,-5.442802160304E-17,36.6));
#11223 = VECTOR('',#11224,1.);
#11224 = DIRECTION('',(0.,1.,0.));
#11225 = ORIENTED_EDGE('',*,*,#11128,.T.);
#11226 = PLANE('',#11227);
#11227 = AXIS2_PLACEMENT_3D('',#11228,#11229,#11230);
#11228 = CARTESIAN_POINT('',(-3.956713346468E-17,-3.343687300262E-18,
    36.6));
#11229 = DIRECTION('',(0.,0.,1.));
#11230 = DIRECTION('',(1.,0.,-0.));
#11231 = ADVANCED_FACE('',(#11232),#11268,.T.);
#11232 = FACE_BOUND('',#11233,.T.);
#11233 = EDGE_LOOP('',(#11234,#11244,#11251,#11252,#11253,#11260,#11261)
  );
#11234 = ORIENTED_EDGE('',*,*,#11235,.T.);
#11235 = EDGE_CURVE('',#11236,#11238,#11240,.T.);
#11236 = VERTEX_POINT('',#11237);
#11237 = CARTESIAN_POINT('',(10.565,0.,-3.));
#11238 = VERTEX_POINT('',#11239);
#11239 = CARTESIAN_POINT('',(10.565,0.,36.6));
#11240 = LINE('',#11241,#11242);
#11241 = CARTESIAN_POINT('',(10.565,0.,-3.));
#11242 = VECTOR('',#11243,1.);
#11243 = DIRECTION('',(0.,0.,1.));
#11244 = ORIENTED_EDGE('',*,*,#11245,.F.);
#11245 = EDGE_CURVE('',#11181,#11238,#11246,.T.);
#11246 = CIRCLE('',#11247,0.405);
#11247 = AXIS2_PLACEMENT_3D('',#11248,#11249,#11250);
#11248 = CARTESIAN_POINT('',(10.16,0.,36.6));
#11249 = DIRECTION('',(0.,0.,1.));
#11250 = DIRECTION('',(1.,0.,-0.));
#11251 = ORIENTED_EDGE('',*,*,#11180,.F.);
#11252 = ORIENTED_EDGE('',*,*,#11169,.F.);
#11253 = ORIENTED_EDGE('',*,*,#11254,.F.);
#11254 = EDGE_CURVE('',#11238,#11170,#11255,.T.);
#11255 = CIRCLE('',#11256,0.405);
#11256 = AXIS2_PLACEMENT_3D('',#11257,#11258,#11259);
#11257 = CARTESIAN_POINT('',(10.16,0.,36.6));
#11258 = DIRECTION('',(0.,0.,1.));
#11259 = DIRECTION('',(1.,0.,-0.));
#11260 = ORIENTED_EDGE('',*,*,#11235,.F.);
#11261 = ORIENTED_EDGE('',*,*,#11262,.T.);
#11262 = EDGE_CURVE('',#11236,#11236,#11263,.T.);
#11263 = CIRCLE('',#11264,0.405);
#11264 = AXIS2_PLACEMENT_3D('',#11265,#11266,#11267);
#11265 = CARTESIAN_POINT('',(10.16,0.,-3.));
#11266 = DIRECTION('',(0.,0.,1.));
#11267 = DIRECTION('',(1.,0.,-0.));
#11268 = CYLINDRICAL_SURFACE('',#11269,0.405);
#11269 = AXIS2_PLACEMENT_3D('',#11270,#11271,#11272);
#11270 = CARTESIAN_POINT('',(10.16,0.,-3.));
#11271 = DIRECTION('',(-0.,-0.,-1.));
#11272 = DIRECTION('',(1.,0.,0.));
#11273 = ADVANCED_FACE('',(#11274),#11283,.T.);
#11274 = FACE_BOUND('',#11275,.T.);
#11275 = EDGE_LOOP('',(#11276,#11282));
#11276 = ORIENTED_EDGE('',*,*,#11277,.F.);
#11277 = EDGE_CURVE('',#11170,#11181,#11278,.T.);
#11278 = LINE('',#11279,#11280);
#11279 = CARTESIAN_POINT('',(10.16,-4.783349935893E-17,36.6));
#11280 = VECTOR('',#11281,1.);
#11281 = DIRECTION('',(0.,-1.,0.));
#11282 = ORIENTED_EDGE('',*,*,#11189,.T.);
#11283 = PLANE('',#11284);
#11284 = AXIS2_PLACEMENT_3D('',#11285,#11286,#11287);
#11285 = CARTESIAN_POINT('',(10.16,-1.055123559058E-16,36.6));
#11286 = DIRECTION('',(1.,0.,0.));
#11287 = DIRECTION('',(-0.,0.,1.));
#11288 = ADVANCED_FACE('',(#11289),#11293,.F.);
#11289 = FACE_BOUND('',#11290,.F.);
#11290 = EDGE_LOOP('',(#11291,#11292));
#11291 = ORIENTED_EDGE('',*,*,#11220,.T.);
#11292 = ORIENTED_EDGE('',*,*,#11202,.T.);
#11293 = PLANE('',#11294);
#11294 = AXIS2_PLACEMENT_3D('',#11295,#11296,#11297);
#11295 = CARTESIAN_POINT('',(0.,-1.055123559058E-16,36.6));
#11296 = DIRECTION('',(1.,0.,0.));
#11297 = DIRECTION('',(-0.,0.,1.));
#11298 = ADVANCED_FACE('',(#11299),#11302,.F.);
#11299 = FACE_BOUND('',#11300,.F.);
#11300 = EDGE_LOOP('',(#11301));
#11301 = ORIENTED_EDGE('',*,*,#11262,.T.);
#11302 = PLANE('',#11303);
#11303 = AXIS2_PLACEMENT_3D('',#11304,#11305,#11306);
#11304 = CARTESIAN_POINT('',(10.16,9.845357187966E-18,-3.));
#11305 = DIRECTION('',(0.,0.,1.));
#11306 = DIRECTION('',(1.,0.,-0.));
#11307 = ADVANCED_FACE('',(#11308),#11313,.T.);
#11308 = FACE_BOUND('',#11309,.T.);
#11309 = EDGE_LOOP('',(#11310,#11311,#11312));
#11310 = ORIENTED_EDGE('',*,*,#11245,.T.);
#11311 = ORIENTED_EDGE('',*,*,#11254,.T.);
#11312 = ORIENTED_EDGE('',*,*,#11277,.T.);
#11313 = PLANE('',#11314);
#11314 = AXIS2_PLACEMENT_3D('',#11315,#11316,#11317);
#11315 = CARTESIAN_POINT('',(10.16,9.845357187966E-18,36.6));
#11316 = DIRECTION('',(0.,0.,1.));
#11317 = DIRECTION('',(1.,0.,-0.));
#11318 = ( GEOMETRIC_REPRESENTATION_CONTEXT(3) 
GLOBAL_UNCERTAINTY_ASSIGNED_CONTEXT((#11322)) 
GLOBAL_UNIT_ASSIGNED_CONTEXT((#11319,#11320,#11321)) 
REPRESENTATION_CONTEXT('Context #1',
  '3D Context with UNIT and UNCERTAINTY') );
#11319 = ( LENGTH_UNIT() NAMED_UNIT(*) SI_UNIT(.MILLI.,.METRE.) );
#11320 = ( NAMED_UNIT(*) PLANE_ANGLE_UNIT() SI_UNIT($,.RADIAN.) );
#11321 = ( NAMED_UNIT(*) SI_UNIT($,.STERADIAN.) SOLID_ANGLE_UNIT() );
#11322 = UNCERTAINTY_MEASURE_WITH_UNIT(LENGTH_MEASURE(1.E-07),#11319,
  'distance_accuracy_value','confusion accuracy');
#11323 = CONTEXT_DEPENDENT_SHAPE_REPRESENTATION(#11324,#11326);
#11324 = ( REPRESENTATION_RELATIONSHIP('','',#11102,#11003) 
REPRESENTATION_RELATIONSHIP_WITH_TRANSFORMATION(#11325) 
SHAPE_REPRESENTATION_RELATIONSHIP() );
#11325 = ITEM_DEFINED_TRANSFORMATION('','',#11,#11008);
#11326 = PRODUCT_DEFINITION_SHAPE('Placement','Placement of an item',
  #11327);
#11327 = NEXT_ASSEMBLY_USAGE_OCCURRENCE('53','p1','',#10998,#11097,$);
#11328 = PRODUCT_RELATED_PRODUCT_CATEGORY('part',$,(#11099));
#11329 = CONTEXT_DEPENDENT_SHAPE_REPRESENTATION(#11330,#11332);
#11330 = ( REPRESENTATION_RELATIONSHIP('','',#3518,#10) 
REPRESENTATION_RELATIONSHIP_WITH_TRANSFORMATION(#11331) 
SHAPE_REPRESENTATION_RELATIONSHIP() );
#11331 = ITEM_DEFINED_TRANSFORMATION('','',#11,#115);
#11332 = PRODUCT_DEFINITION_SHAPE('Placement','Placement of an item',
  #11333);
#11333 = NEXT_ASSEMBLY_USAGE_OCCURRENCE('56','R_slow4','',#5,#3513,$);
#11334 = CONTEXT_DEPENDENT_SHAPE_REPRESENTATION(#11335,#11337);
#11335 = ( REPRESENTATION_RELATIONSHIP('','',#3518,#10) 
REPRESENTATION_RELATIONSHIP_WITH_TRANSFORMATION(#11336) 
SHAPE_REPRESENTATION_RELATIONSHIP() );
#11336 = ITEM_DEFINED_TRANSFORMATION('','',#11,#119);
#11337 = PRODUCT_DEFINITION_SHAPE('Placement','Placement of an item',
  #11338);
#11338 = NEXT_ASSEMBLY_USAGE_OCCURRENCE('57','R_slow5','',#5,#3513,$);
#11339 = CONTEXT_DEPENDENT_SHAPE_REPRESENTATION(#11340,#11342);
#11340 = ( REPRESENTATION_RELATIONSHIP('','',#3879,#10) 
REPRESENTATION_RELATIONSHIP_WITH_TRANSFORMATION(#11341) 
SHAPE_REPRESENTATION_RELATIONSHIP() );
#11341 = ITEM_DEFINED_TRANSFORMATION('','',#11,#123);
#11342 = PRODUCT_DEFINITION_SHAPE('Placement','Placement of an item',
  #11343);
#11343 = NEXT_ASSEMBLY_USAGE_OCCURRENCE('58','R2','',#5,#3874,$);
#11344 = CONTEXT_DEPENDENT_SHAPE_REPRESENTATION(#11345,#11347);
#11345 = ( REPRESENTATION_RELATIONSHIP('','',#2408,#10) 
REPRESENTATION_RELATIONSHIP_WITH_TRANSFORMATION(#11346) 
SHAPE_REPRESENTATION_RELATIONSHIP() );
#11346 = ITEM_DEFINED_TRANSFORMATION('','',#11,#127);
#11347 = PRODUCT_DEFINITION_SHAPE('Placement','Placement of an item',
  #11348);
#11348 = NEXT_ASSEMBLY_USAGE_OCCURRENCE('59','D_clamp1','',#5,#2403,$);
#11349 = CONTEXT_DEPENDENT_SHAPE_REPRESENTATION(#11350,#11352);
#11350 = ( REPRESENTATION_RELATIONSHIP('','',#3879,#10) 
REPRESENTATION_RELATIONSHIP_WITH_TRANSFORMATION(#11351) 
SHAPE_REPRESENTATION_RELATIONSHIP() );
#11351 = ITEM_DEFINED_TRANSFORMATION('','',#11,#131);
#11352 = PRODUCT_DEFINITION_SHAPE('Placement','Placement of an item',
  #11353);
#11353 = NEXT_ASSEMBLY_USAGE_OCCURRENCE('60','R4','',#5,#3874,$);
#11354 = CONTEXT_DEPENDENT_SHAPE_REPRESENTATION(#11355,#11357);
#11355 = ( REPRESENTATION_RELATIONSHIP('','',#188,#10) 
REPRESENTATION_RELATIONSHIP_WITH_TRANSFORMATION(#11356) 
SHAPE_REPRESENTATION_RELATIONSHIP() );
#11356 = ITEM_DEFINED_TRANSFORMATION('','',#11,#135);
#11357 = PRODUCT_DEFINITION_SHAPE('Placement','Placement of an item',
  #11358);
#11358 = NEXT_ASSEMBLY_USAGE_OCCURRENCE('61','R_LED1','',#5,#183,$);
#11359 = CONTEXT_DEPENDENT_SHAPE_REPRESENTATION(#11360,#11362);
#11360 = ( REPRESENTATION_RELATIONSHIP('','',#3879,#10) 
REPRESENTATION_RELATIONSHIP_WITH_TRANSFORMATION(#11361) 
SHAPE_REPRESENTATION_RELATIONSHIP() );
#11361 = ITEM_DEFINED_TRANSFORMATION('','',#11,#139);
#11362 = PRODUCT_DEFINITION_SHAPE('Placement','Placement of an item',
  #11363);
#11363 = NEXT_ASSEMBLY_USAGE_OCCURRENCE('62','R_sig_bot2','',#5,#3874,$
  );
#11364 = CONTEXT_DEPENDENT_SHAPE_REPRESENTATION(#11365,#11367);
#11365 = ( REPRESENTATION_RELATIONSHIP('','',#3141,#10) 
REPRESENTATION_RELATIONSHIP_WITH_TRANSFORMATION(#11366) 
SHAPE_REPRESENTATION_RELATIONSHIP() );
#11366 = ITEM_DEFINED_TRANSFORMATION('','',#11,#143);
#11367 = PRODUCT_DEFINITION_SHAPE('Placement','Placement of an item',
  #11368);
#11368 = NEXT_ASSEMBLY_USAGE_OCCURRENCE('63','D2','',#5,#3136,$);
#11369 = CONTEXT_DEPENDENT_SHAPE_REPRESENTATION(#11370,#11372);
#11370 = ( REPRESENTATION_RELATIONSHIP('','',#3141,#10) 
REPRESENTATION_RELATIONSHIP_WITH_TRANSFORMATION(#11371) 
SHAPE_REPRESENTATION_RELATIONSHIP() );
#11371 = ITEM_DEFINED_TRANSFORMATION('','',#11,#147);
#11372 = PRODUCT_DEFINITION_SHAPE('Placement','Placement of an item',
  #11373);
#11373 = NEXT_ASSEMBLY_USAGE_OCCURRENCE('64','D1','',#5,#3136,$);
#11374 = CONTEXT_DEPENDENT_SHAPE_REPRESENTATION(#11375,#11377);
#11375 = ( REPRESENTATION_RELATIONSHIP('','',#3141,#10) 
REPRESENTATION_RELATIONSHIP_WITH_TRANSFORMATION(#11376) 
SHAPE_REPRESENTATION_RELATIONSHIP() );
#11376 = ITEM_DEFINED_TRANSFORMATION('','',#11,#151);
#11377 = PRODUCT_DEFINITION_SHAPE('Placement','Placement of an item',
  #11378);
#11378 = NEXT_ASSEMBLY_USAGE_OCCURRENCE('65','D3','',#5,#3136,$);
#11379 = CONTEXT_DEPENDENT_SHAPE_REPRESENTATION(#11380,#11382);
#11380 = ( REPRESENTATION_RELATIONSHIP('','',#10624,#10) 
REPRESENTATION_RELATIONSHIP_WITH_TRANSFORMATION(#11381) 
SHAPE_REPRESENTATION_RELATIONSHIP() );
#11381 = ITEM_DEFINED_TRANSFORMATION('','',#11,#155);
#11382 = PRODUCT_DEFINITION_SHAPE('Placement','Placement of an item',
  #11383);
#11383 = NEXT_ASSEMBLY_USAGE_OCCURRENCE('66','R5','',#5,#10619,$);
#11384 = CONTEXT_DEPENDENT_SHAPE_REPRESENTATION(#11385,#11387);
#11385 = ( REPRESENTATION_RELATIONSHIP('','',#7728,#10) 
REPRESENTATION_RELATIONSHIP_WITH_TRANSFORMATION(#11386) 
SHAPE_REPRESENTATION_RELATIONSHIP() );
#11386 = ITEM_DEFINED_TRANSFORMATION('','',#11,#159);
#11387 = PRODUCT_DEFINITION_SHAPE('Placement','Placement of an item',
  #11388);
#11388 = NEXT_ASSEMBLY_USAGE_OCCURRENCE('67','J3','',#5,#7723,$);
#11389 = CONTEXT_DEPENDENT_SHAPE_REPRESENTATION(#11390,#11392);
#11390 = ( REPRESENTATION_RELATIONSHIP('','',#3518,#10) 
REPRESENTATION_RELATIONSHIP_WITH_TRANSFORMATION(#11391) 
SHAPE_REPRESENTATION_RELATIONSHIP() );
#11391 = ITEM_DEFINED_TRANSFORMATION('','',#11,#163);
#11392 = PRODUCT_DEFINITION_SHAPE('Placement','Placement of an item',
  #11393);
#11393 = NEXT_ASSEMBLY_USAGE_OCCURRENCE('68','R_slow2','',#5,#3513,$);
#11394 = CONTEXT_DEPENDENT_SHAPE_REPRESENTATION(#11395,#11397);
#11395 = ( REPRESENTATION_RELATIONSHIP('','',#188,#10) 
REPRESENTATION_RELATIONSHIP_WITH_TRANSFORMATION(#11396) 
SHAPE_REPRESENTATION_RELATIONSHIP() );
#11396 = ITEM_DEFINED_TRANSFORMATION('','',#11,#167);
#11397 = PRODUCT_DEFINITION_SHAPE('Placement','Placement of an item',
  #11398);
#11398 = NEXT_ASSEMBLY_USAGE_OCCURRENCE('69','R_sig2','',#5,#183,$);
#11399 = SHAPE_DEFINITION_REPRESENTATION(#11400,#11406);
#11400 = PRODUCT_DEFINITION_SHAPE('','',#11401);
#11401 = PRODUCT_DEFINITION('design','',#11402,#11405);
#11402 = PRODUCT_DEFINITION_FORMATION('','',#11403);
#11403 = PRODUCT('CapacitorDischarger_1S_PCB',
  'CapacitorDischarger_1S_PCB','',(#11404));
#11404 = PRODUCT_CONTEXT('',#2,'mechanical');
#11405 = PRODUCT_DEFINITION_CONTEXT('part definition',#2,'design');
#11406 = ADVANCED_BREP_SHAPE_REPRESENTATION('',(#11,#11407),#14969);
#11407 = MANIFOLD_SOLID_BREP('',#11408);
#11408 = CLOSED_SHELL('',(#11409,#11449,#11480,#11511,#12486,#13461,
    #13473,#13490,#13507,#13524,#13541,#13558,#13575,#13592,#13609,
    #13626,#13643,#13660,#13677,#13694,#13711,#13728,#13745,#13762,
    #13779,#13796,#13813,#13830,#13847,#13864,#13881,#13898,#13915,
    #13932,#13949,#13966,#13983,#14000,#14017,#14034,#14051,#14068,
    #14085,#14102,#14119,#14136,#14153,#14170,#14187,#14204,#14221,
    #14238,#14255,#14272,#14289,#14306,#14323,#14340,#14357,#14374,
    #14391,#14408,#14425,#14442,#14459,#14476,#14493,#14510,#14527,
    #14549,#14566,#14583,#14595,#14612,#14629,#14646,#14663,#14680,
    #14697,#14714,#14731,#14748,#14765,#14782,#14799,#14816,#14833,
    #14850,#14867,#14884,#14901,#14918,#14935,#14952));
#11409 = ADVANCED_FACE('',(#11410),#11444,.T.);
#11410 = FACE_BOUND('',#11411,.T.);
#11411 = EDGE_LOOP('',(#11412,#11422,#11430,#11438));
#11412 = ORIENTED_EDGE('',*,*,#11413,.T.);
#11413 = EDGE_CURVE('',#11414,#11416,#11418,.T.);
#11414 = VERTEX_POINT('',#11415);
#11415 = CARTESIAN_POINT('',(150.,-125.,0.));
#11416 = VERTEX_POINT('',#11417);
#11417 = CARTESIAN_POINT('',(150.,-125.,1.51));
#11418 = LINE('',#11419,#11420);
#11419 = CARTESIAN_POINT('',(150.,-125.,0.));
#11420 = VECTOR('',#11421,1.);
#11421 = DIRECTION('',(0.,0.,1.));
#11422 = ORIENTED_EDGE('',*,*,#11423,.T.);
#11423 = EDGE_CURVE('',#11416,#11424,#11426,.T.);
#11424 = VERTEX_POINT('',#11425);
#11425 = CARTESIAN_POINT('',(50.,-125.,1.51));
#11426 = LINE('',#11427,#11428);
#11427 = CARTESIAN_POINT('',(150.,-125.,1.51));
#11428 = VECTOR('',#11429,1.);
#11429 = DIRECTION('',(-1.,0.,0.));
#11430 = ORIENTED_EDGE('',*,*,#11431,.F.);
#11431 = EDGE_CURVE('',#11432,#11424,#11434,.T.);
#11432 = VERTEX_POINT('',#11433);
#11433 = CARTESIAN_POINT('',(50.,-125.,0.));
#11434 = LINE('',#11435,#11436);
#11435 = CARTESIAN_POINT('',(50.,-125.,0.));
#11436 = VECTOR('',#11437,1.);
#11437 = DIRECTION('',(0.,0.,1.));
#11438 = ORIENTED_EDGE('',*,*,#11439,.F.);
#11439 = EDGE_CURVE('',#11414,#11432,#11440,.T.);
#11440 = LINE('',#11441,#11442);
#11441 = CARTESIAN_POINT('',(150.,-125.,0.));
#11442 = VECTOR('',#11443,1.);
#11443 = DIRECTION('',(-1.,0.,0.));
#11444 = PLANE('',#11445);
#11445 = AXIS2_PLACEMENT_3D('',#11446,#11447,#11448);
#11446 = CARTESIAN_POINT('',(150.,-125.,0.));
#11447 = DIRECTION('',(0.,-1.,0.));
#11448 = DIRECTION('',(-1.,0.,0.));
#11449 = ADVANCED_FACE('',(#11450),#11475,.T.);
#11450 = FACE_BOUND('',#11451,.T.);
#11451 = EDGE_LOOP('',(#11452,#11462,#11468,#11469));
#11452 = ORIENTED_EDGE('',*,*,#11453,.T.);
#11453 = EDGE_CURVE('',#11454,#11456,#11458,.T.);
#11454 = VERTEX_POINT('',#11455);
#11455 = CARTESIAN_POINT('',(150.,-50.,0.));
#11456 = VERTEX_POINT('',#11457);
#11457 = CARTESIAN_POINT('',(150.,-50.,1.51));
#11458 = LINE('',#11459,#11460);
#11459 = CARTESIAN_POINT('',(150.,-50.,0.));
#11460 = VECTOR('',#11461,1.);
#11461 = DIRECTION('',(0.,0.,1.));
#11462 = ORIENTED_EDGE('',*,*,#11463,.T.);
#11463 = EDGE_CURVE('',#11456,#11416,#11464,.T.);
#11464 = LINE('',#11465,#11466);
#11465 = CARTESIAN_POINT('',(150.,-50.,1.51));
#11466 = VECTOR('',#11467,1.);
#11467 = DIRECTION('',(0.,-1.,0.));
#11468 = ORIENTED_EDGE('',*,*,#11413,.F.);
#11469 = ORIENTED_EDGE('',*,*,#11470,.F.);
#11470 = EDGE_CURVE('',#11454,#11414,#11471,.T.);
#11471 = LINE('',#11472,#11473);
#11472 = CARTESIAN_POINT('',(150.,-50.,0.));
#11473 = VECTOR('',#11474,1.);
#11474 = DIRECTION('',(0.,-1.,0.));
#11475 = PLANE('',#11476);
#11476 = AXIS2_PLACEMENT_3D('',#11477,#11478,#11479);
#11477 = CARTESIAN_POINT('',(150.,-50.,0.));
#11478 = DIRECTION('',(1.,0.,-0.));
#11479 = DIRECTION('',(0.,-1.,0.));
#11480 = ADVANCED_FACE('',(#11481),#11506,.T.);
#11481 = FACE_BOUND('',#11482,.T.);
#11482 = EDGE_LOOP('',(#11483,#11484,#11492,#11500));
#11483 = ORIENTED_EDGE('',*,*,#11431,.T.);
#11484 = ORIENTED_EDGE('',*,*,#11485,.T.);
#11485 = EDGE_CURVE('',#11424,#11486,#11488,.T.);
#11486 = VERTEX_POINT('',#11487);
#11487 = CARTESIAN_POINT('',(50.,-50.,1.51));
#11488 = LINE('',#11489,#11490);
#11489 = CARTESIAN_POINT('',(50.,-125.,1.51));
#11490 = VECTOR('',#11491,1.);
#11491 = DIRECTION('',(0.,1.,0.));
#11492 = ORIENTED_EDGE('',*,*,#11493,.F.);
#11493 = EDGE_CURVE('',#11494,#11486,#11496,.T.);
#11494 = VERTEX_POINT('',#11495);
#11495 = CARTESIAN_POINT('',(50.,-50.,0.));
#11496 = LINE('',#11497,#11498);
#11497 = CARTESIAN_POINT('',(50.,-50.,0.));
#11498 = VECTOR('',#11499,1.);
#11499 = DIRECTION('',(0.,0.,1.));
#11500 = ORIENTED_EDGE('',*,*,#11501,.F.);
#11501 = EDGE_CURVE('',#11432,#11494,#11502,.T.);
#11502 = LINE('',#11503,#11504);
#11503 = CARTESIAN_POINT('',(50.,-125.,0.));
#11504 = VECTOR('',#11505,1.);
#11505 = DIRECTION('',(0.,1.,0.));
#11506 = PLANE('',#11507);
#11507 = AXIS2_PLACEMENT_3D('',#11508,#11509,#11510);
#11508 = CARTESIAN_POINT('',(50.,-125.,0.));
#11509 = DIRECTION('',(-1.,0.,0.));
#11510 = DIRECTION('',(0.,1.,0.));
#11511 = ADVANCED_FACE('',(#11512,#11523,#11534,#11545,#11556,#11567,
    #11578,#11589,#11600,#11611,#11622,#11633,#11644,#11655,#11666,
    #11677,#11688,#11699,#11710,#11721,#11732,#11743,#11754,#11765,
    #11776,#11787,#11798,#11809,#11820,#11831,#11842,#11853,#11864,
    #11875,#11886,#11897,#11908,#11919,#11930,#11941,#11952,#11963,
    #11974,#11985,#11996,#12007,#12018,#12029,#12040,#12051,#12062,
    #12073,#12084,#12095,#12106,#12117,#12128,#12139,#12150,#12161,
    #12172,#12183,#12194,#12205,#12239,#12250,#12261,#12272,#12283,
    #12294,#12305,#12316,#12327,#12338,#12349,#12360,#12371,#12382,
    #12393,#12404,#12415,#12426,#12437,#12448,#12459,#12470),#12481,.F.
  );
#11512 = FACE_BOUND('',#11513,.F.);
#11513 = EDGE_LOOP('',(#11514,#11515,#11516,#11522));
#11514 = ORIENTED_EDGE('',*,*,#11439,.F.);
#11515 = ORIENTED_EDGE('',*,*,#11470,.F.);
#11516 = ORIENTED_EDGE('',*,*,#11517,.F.);
#11517 = EDGE_CURVE('',#11494,#11454,#11518,.T.);
#11518 = LINE('',#11519,#11520);
#11519 = CARTESIAN_POINT('',(50.,-50.,0.));
#11520 = VECTOR('',#11521,1.);
#11521 = DIRECTION('',(1.,0.,0.));
#11522 = ORIENTED_EDGE('',*,*,#11501,.F.);
#11523 = FACE_BOUND('',#11524,.F.);
#11524 = EDGE_LOOP('',(#11525));
#11525 = ORIENTED_EDGE('',*,*,#11526,.T.);
#11526 = EDGE_CURVE('',#11527,#11527,#11529,.T.);
#11527 = VERTEX_POINT('',#11528);
#11528 = CARTESIAN_POINT('',(55.5,-121.1,0.));
#11529 = CIRCLE('',#11530,1.6);
#11530 = AXIS2_PLACEMENT_3D('',#11531,#11532,#11533);
#11531 = CARTESIAN_POINT('',(55.5,-119.5,0.));
#11532 = DIRECTION('',(-0.,0.,-1.));
#11533 = DIRECTION('',(-0.,-1.,0.));
#11534 = FACE_BOUND('',#11535,.F.);
#11535 = EDGE_LOOP('',(#11536));
#11536 = ORIENTED_EDGE('',*,*,#11537,.T.);
#11537 = EDGE_CURVE('',#11538,#11538,#11540,.T.);
#11538 = VERTEX_POINT('',#11539);
#11539 = CARTESIAN_POINT('',(64.,-115.86,0.));
#11540 = CIRCLE('',#11541,0.7);
#11541 = AXIS2_PLACEMENT_3D('',#11542,#11543,#11544);
#11542 = CARTESIAN_POINT('',(64.,-115.16,0.));
#11543 = DIRECTION('',(-0.,0.,-1.));
#11544 = DIRECTION('',(-0.,-1.,0.));
#11545 = FACE_BOUND('',#11546,.F.);
#11546 = EDGE_LOOP('',(#11547));
#11547 = ORIENTED_EDGE('',*,*,#11548,.T.);
#11548 = EDGE_CURVE('',#11549,#11549,#11551,.T.);
#11549 = VERTEX_POINT('',#11550);
#11550 = CARTESIAN_POINT('',(75.,-115.86,0.));
#11551 = CIRCLE('',#11552,0.7);
#11552 = AXIS2_PLACEMENT_3D('',#11553,#11554,#11555);
#11553 = CARTESIAN_POINT('',(75.,-115.16,0.));
#11554 = DIRECTION('',(-0.,0.,-1.));
#11555 = DIRECTION('',(-0.,-1.,0.));
#11556 = FACE_BOUND('',#11557,.F.);
#11557 = EDGE_LOOP('',(#11558));
#11558 = ORIENTED_EDGE('',*,*,#11559,.T.);
#11559 = EDGE_CURVE('',#11560,#11560,#11562,.T.);
#11560 = VERTEX_POINT('',#11561);
#11561 = CARTESIAN_POINT('',(64.,-105.7,0.));
#11562 = CIRCLE('',#11563,0.7);
#11563 = AXIS2_PLACEMENT_3D('',#11564,#11565,#11566);
#11564 = CARTESIAN_POINT('',(64.,-105.,0.));
#11565 = DIRECTION('',(-0.,0.,-1.));
#11566 = DIRECTION('',(-0.,-1.,0.));
#11567 = FACE_BOUND('',#11568,.F.);
#11568 = EDGE_LOOP('',(#11569));
#11569 = ORIENTED_EDGE('',*,*,#11570,.T.);
#11570 = EDGE_CURVE('',#11571,#11571,#11573,.T.);
#11571 = VERTEX_POINT('',#11572);
#11572 = CARTESIAN_POINT('',(75.,-105.7,0.));
#11573 = CIRCLE('',#11574,0.7);
#11574 = AXIS2_PLACEMENT_3D('',#11575,#11576,#11577);
#11575 = CARTESIAN_POINT('',(75.,-105.,0.));
#11576 = DIRECTION('',(-0.,0.,-1.));
#11577 = DIRECTION('',(-0.,-1.,0.));
#11578 = FACE_BOUND('',#11579,.F.);
#11579 = EDGE_LOOP('',(#11580));
#11580 = ORIENTED_EDGE('',*,*,#11581,.T.);
#11581 = EDGE_CURVE('',#11582,#11582,#11584,.T.);
#11582 = VERTEX_POINT('',#11583);
#11583 = CARTESIAN_POINT('',(86.,-115.86,0.));
#11584 = CIRCLE('',#11585,0.7);
#11585 = AXIS2_PLACEMENT_3D('',#11586,#11587,#11588);
#11586 = CARTESIAN_POINT('',(86.,-115.16,0.));
#11587 = DIRECTION('',(-0.,0.,-1.));
#11588 = DIRECTION('',(-0.,-1.,0.));
#11589 = FACE_BOUND('',#11590,.F.);
#11590 = EDGE_LOOP('',(#11591));
#11591 = ORIENTED_EDGE('',*,*,#11592,.T.);
#11592 = EDGE_CURVE('',#11593,#11593,#11595,.T.);
#11593 = VERTEX_POINT('',#11594);
#11594 = CARTESIAN_POINT('',(97.,-115.86,0.));
#11595 = CIRCLE('',#11596,0.7);
#11596 = AXIS2_PLACEMENT_3D('',#11597,#11598,#11599);
#11597 = CARTESIAN_POINT('',(97.,-115.16,0.));
#11598 = DIRECTION('',(-0.,0.,-1.));
#11599 = DIRECTION('',(-0.,-1.,0.));
#11600 = FACE_BOUND('',#11601,.F.);
#11601 = EDGE_LOOP('',(#11602));
#11602 = ORIENTED_EDGE('',*,*,#11603,.T.);
#11603 = EDGE_CURVE('',#11604,#11604,#11606,.T.);
#11604 = VERTEX_POINT('',#11605);
#11605 = CARTESIAN_POINT('',(86.,-105.7,0.));
#11606 = CIRCLE('',#11607,0.7);
#11607 = AXIS2_PLACEMENT_3D('',#11608,#11609,#11610);
#11608 = CARTESIAN_POINT('',(86.,-105.,0.));
#11609 = DIRECTION('',(-0.,0.,-1.));
#11610 = DIRECTION('',(-0.,-1.,0.));
#11611 = FACE_BOUND('',#11612,.F.);
#11612 = EDGE_LOOP('',(#11613));
#11613 = ORIENTED_EDGE('',*,*,#11614,.T.);
#11614 = EDGE_CURVE('',#11615,#11615,#11617,.T.);
#11615 = VERTEX_POINT('',#11616);
#11616 = CARTESIAN_POINT('',(97.,-105.7,0.));
#11617 = CIRCLE('',#11618,0.7);
#11618 = AXIS2_PLACEMENT_3D('',#11619,#11620,#11621);
#11619 = CARTESIAN_POINT('',(97.,-105.,0.));
#11620 = DIRECTION('',(-0.,0.,-1.));
#11621 = DIRECTION('',(-0.,-1.,0.));
#11622 = FACE_BOUND('',#11623,.F.);
#11623 = EDGE_LOOP('',(#11624));
#11624 = ORIENTED_EDGE('',*,*,#11625,.T.);
#11625 = EDGE_CURVE('',#11626,#11626,#11628,.T.);
#11626 = VERTEX_POINT('',#11627);
#11627 = CARTESIAN_POINT('',(65.,-91.175,0.));
#11628 = CIRCLE('',#11629,1.175);
#11629 = AXIS2_PLACEMENT_3D('',#11630,#11631,#11632);
#11630 = CARTESIAN_POINT('',(65.,-90.,0.));
#11631 = DIRECTION('',(-0.,0.,-1.));
#11632 = DIRECTION('',(-0.,-1.,0.));
#11633 = FACE_BOUND('',#11634,.F.);
#11634 = EDGE_LOOP('',(#11635));
#11635 = ORIENTED_EDGE('',*,*,#11636,.T.);
#11636 = EDGE_CURVE('',#11637,#11637,#11639,.T.);
#11637 = VERTEX_POINT('',#11638);
#11638 = CARTESIAN_POINT('',(72.5,-91.7,0.));
#11639 = CIRCLE('',#11640,1.7);
#11640 = AXIS2_PLACEMENT_3D('',#11641,#11642,#11643);
#11641 = CARTESIAN_POINT('',(72.5,-90.,0.));
#11642 = DIRECTION('',(-0.,0.,-1.));
#11643 = DIRECTION('',(-0.,-1.,0.));
#11644 = FACE_BOUND('',#11645,.F.);
#11645 = EDGE_LOOP('',(#11646));
#11646 = ORIENTED_EDGE('',*,*,#11647,.T.);
#11647 = EDGE_CURVE('',#11648,#11648,#11650,.T.);
#11648 = VERTEX_POINT('',#11649);
#11649 = CARTESIAN_POINT('',(80.,-91.175,0.));
#11650 = CIRCLE('',#11651,1.175);
#11651 = AXIS2_PLACEMENT_3D('',#11652,#11653,#11654);
#11652 = CARTESIAN_POINT('',(80.,-90.,0.));
#11653 = DIRECTION('',(-0.,0.,-1.));
#11654 = DIRECTION('',(-0.,-1.,0.));
#11655 = FACE_BOUND('',#11656,.F.);
#11656 = EDGE_LOOP('',(#11657));
#11657 = ORIENTED_EDGE('',*,*,#11658,.T.);
#11658 = EDGE_CURVE('',#11659,#11659,#11661,.T.);
#11659 = VERTEX_POINT('',#11660);
#11660 = CARTESIAN_POINT('',(95.,-91.175,0.));
#11661 = CIRCLE('',#11662,1.175);
#11662 = AXIS2_PLACEMENT_3D('',#11663,#11664,#11665);
#11663 = CARTESIAN_POINT('',(95.,-90.,0.));
#11664 = DIRECTION('',(-0.,0.,-1.));
#11665 = DIRECTION('',(-0.,-1.,0.));
#11666 = FACE_BOUND('',#11667,.F.);
#11667 = EDGE_LOOP('',(#11668));
#11668 = ORIENTED_EDGE('',*,*,#11669,.T.);
#11669 = EDGE_CURVE('',#11670,#11670,#11672,.T.);
#11670 = VERTEX_POINT('',#11671);
#11671 = CARTESIAN_POINT('',(108.,-115.86,0.));
#11672 = CIRCLE('',#11673,0.7);
#11673 = AXIS2_PLACEMENT_3D('',#11674,#11675,#11676);
#11674 = CARTESIAN_POINT('',(108.,-115.16,0.));
#11675 = DIRECTION('',(-0.,0.,-1.));
#11676 = DIRECTION('',(-0.,-1.,0.));
#11677 = FACE_BOUND('',#11678,.F.);
#11678 = EDGE_LOOP('',(#11679));
#11679 = ORIENTED_EDGE('',*,*,#11680,.T.);
#11680 = EDGE_CURVE('',#11681,#11681,#11683,.T.);
#11681 = VERTEX_POINT('',#11682);
#11682 = CARTESIAN_POINT('',(116.,-120.5,0.));
#11683 = CIRCLE('',#11684,0.5);
#11684 = AXIS2_PLACEMENT_3D('',#11685,#11686,#11687);
#11685 = CARTESIAN_POINT('',(116.,-120.,0.));
#11686 = DIRECTION('',(-0.,0.,-1.));
#11687 = DIRECTION('',(-0.,-1.,0.));
#11688 = FACE_BOUND('',#11689,.F.);
#11689 = EDGE_LOOP('',(#11690));
#11690 = ORIENTED_EDGE('',*,*,#11691,.T.);
#11691 = EDGE_CURVE('',#11692,#11692,#11694,.T.);
#11692 = VERTEX_POINT('',#11693);
#11693 = CARTESIAN_POINT('',(118.54,-120.5,0.));
#11694 = CIRCLE('',#11695,0.5);
#11695 = AXIS2_PLACEMENT_3D('',#11696,#11697,#11698);
#11696 = CARTESIAN_POINT('',(118.54,-120.,0.));
#11697 = DIRECTION('',(-0.,0.,-1.));
#11698 = DIRECTION('',(-0.,-1.,0.));
#11699 = FACE_BOUND('',#11700,.F.);
#11700 = EDGE_LOOP('',(#11701));
#11701 = ORIENTED_EDGE('',*,*,#11702,.T.);
#11702 = EDGE_CURVE('',#11703,#11703,#11705,.T.);
#11703 = VERTEX_POINT('',#11704);
#11704 = CARTESIAN_POINT('',(122.,-121.05,0.));
#11705 = CIRCLE('',#11706,0.55);
#11706 = AXIS2_PLACEMENT_3D('',#11707,#11708,#11709);
#11707 = CARTESIAN_POINT('',(122.,-120.5,0.));
#11708 = DIRECTION('',(-0.,0.,-1.));
#11709 = DIRECTION('',(-0.,-1.,0.));
#11710 = FACE_BOUND('',#11711,.F.);
#11711 = EDGE_LOOP('',(#11712));
#11712 = ORIENTED_EDGE('',*,*,#11713,.T.);
#11713 = EDGE_CURVE('',#11714,#11714,#11716,.T.);
#11714 = VERTEX_POINT('',#11715);
#11715 = CARTESIAN_POINT('',(122.,-115.97,0.));
#11716 = CIRCLE('',#11717,0.55);
#11717 = AXIS2_PLACEMENT_3D('',#11718,#11719,#11720);
#11718 = CARTESIAN_POINT('',(122.,-115.42,0.));
#11719 = DIRECTION('',(-0.,0.,-1.));
#11720 = DIRECTION('',(-0.,-1.,0.));
#11721 = FACE_BOUND('',#11722,.F.);
#11722 = EDGE_LOOP('',(#11723));
#11723 = ORIENTED_EDGE('',*,*,#11724,.T.);
#11724 = EDGE_CURVE('',#11725,#11725,#11727,.T.);
#11725 = VERTEX_POINT('',#11726);
#11726 = CARTESIAN_POINT('',(108.,-105.7,0.));
#11727 = CIRCLE('',#11728,0.7);
#11728 = AXIS2_PLACEMENT_3D('',#11729,#11730,#11731);
#11729 = CARTESIAN_POINT('',(108.,-105.,0.));
#11730 = DIRECTION('',(-0.,0.,-1.));
#11731 = DIRECTION('',(-0.,-1.,0.));
#11732 = FACE_BOUND('',#11733,.F.);
#11733 = EDGE_LOOP('',(#11734));
#11734 = ORIENTED_EDGE('',*,*,#11735,.T.);
#11735 = EDGE_CURVE('',#11736,#11736,#11738,.T.);
#11736 = VERTEX_POINT('',#11737);
#11737 = CARTESIAN_POINT('',(126.,-120.44,0.));
#11738 = CIRCLE('',#11739,0.4);
#11739 = AXIS2_PLACEMENT_3D('',#11740,#11741,#11742);
#11740 = CARTESIAN_POINT('',(126.,-120.04,0.));
#11741 = DIRECTION('',(-0.,0.,-1.));
#11742 = DIRECTION('',(-0.,-1.,0.));
#11743 = FACE_BOUND('',#11744,.F.);
#11744 = EDGE_LOOP('',(#11745));
#11745 = ORIENTED_EDGE('',*,*,#11746,.T.);
#11746 = EDGE_CURVE('',#11747,#11747,#11749,.T.);
#11747 = VERTEX_POINT('',#11748);
#11748 = CARTESIAN_POINT('',(126.,-117.9,0.));
#11749 = CIRCLE('',#11750,0.4);
#11750 = AXIS2_PLACEMENT_3D('',#11751,#11752,#11753);
#11751 = CARTESIAN_POINT('',(126.,-117.5,0.));
#11752 = DIRECTION('',(-0.,0.,-1.));
#11753 = DIRECTION('',(-0.,-1.,0.));
#11754 = FACE_BOUND('',#11755,.F.);
#11755 = EDGE_LOOP('',(#11756));
#11756 = ORIENTED_EDGE('',*,*,#11757,.T.);
#11757 = EDGE_CURVE('',#11758,#11758,#11760,.T.);
#11758 = VERTEX_POINT('',#11759);
#11759 = CARTESIAN_POINT('',(130.,-120.44,0.));
#11760 = CIRCLE('',#11761,0.4);
#11761 = AXIS2_PLACEMENT_3D('',#11762,#11763,#11764);
#11762 = CARTESIAN_POINT('',(130.,-120.04,0.));
#11763 = DIRECTION('',(-0.,0.,-1.));
#11764 = DIRECTION('',(-0.,-1.,0.));
#11765 = FACE_BOUND('',#11766,.F.);
#11766 = EDGE_LOOP('',(#11767));
#11767 = ORIENTED_EDGE('',*,*,#11768,.T.);
#11768 = EDGE_CURVE('',#11769,#11769,#11771,.T.);
#11769 = VERTEX_POINT('',#11770);
#11770 = CARTESIAN_POINT('',(130.,-117.9,0.));
#11771 = CIRCLE('',#11772,0.4);
#11772 = AXIS2_PLACEMENT_3D('',#11773,#11774,#11775);
#11773 = CARTESIAN_POINT('',(130.,-117.5,0.));
#11774 = DIRECTION('',(-0.,0.,-1.));
#11775 = DIRECTION('',(-0.,-1.,0.));
#11776 = FACE_BOUND('',#11777,.F.);
#11777 = EDGE_LOOP('',(#11778));
#11778 = ORIENTED_EDGE('',*,*,#11779,.T.);
#11779 = EDGE_CURVE('',#11780,#11780,#11782,.T.);
#11780 = VERTEX_POINT('',#11781);
#11781 = CARTESIAN_POINT('',(131.,-114.72,0.));
#11782 = CIRCLE('',#11783,0.4);
#11783 = AXIS2_PLACEMENT_3D('',#11784,#11785,#11786);
#11784 = CARTESIAN_POINT('',(131.,-114.32,0.));
#11785 = DIRECTION('',(-0.,0.,-1.));
#11786 = DIRECTION('',(-0.,-1.,0.));
#11787 = FACE_BOUND('',#11788,.F.);
#11788 = EDGE_LOOP('',(#11789));
#11789 = ORIENTED_EDGE('',*,*,#11790,.T.);
#11790 = EDGE_CURVE('',#11791,#11791,#11793,.T.);
#11791 = VERTEX_POINT('',#11792);
#11792 = CARTESIAN_POINT('',(136.,-119.8,0.));
#11793 = CIRCLE('',#11794,0.4);
#11794 = AXIS2_PLACEMENT_3D('',#11795,#11796,#11797);
#11795 = CARTESIAN_POINT('',(136.,-119.4,0.));
#11796 = DIRECTION('',(-0.,0.,-1.));
#11797 = DIRECTION('',(-0.,-1.,0.));
#11798 = FACE_BOUND('',#11799,.F.);
#11799 = EDGE_LOOP('',(#11800));
#11800 = ORIENTED_EDGE('',*,*,#11801,.T.);
#11801 = EDGE_CURVE('',#11802,#11802,#11804,.T.);
#11802 = VERTEX_POINT('',#11803);
#11803 = CARTESIAN_POINT('',(144.5,-120.45,0.));
#11804 = CIRCLE('',#11805,0.45);
#11805 = AXIS2_PLACEMENT_3D('',#11806,#11807,#11808);
#11806 = CARTESIAN_POINT('',(144.5,-120.,0.));
#11807 = DIRECTION('',(-0.,0.,-1.));
#11808 = DIRECTION('',(-0.,-1.,0.));
#11809 = FACE_BOUND('',#11810,.F.);
#11810 = EDGE_LOOP('',(#11811));
#11811 = ORIENTED_EDGE('',*,*,#11812,.T.);
#11812 = EDGE_CURVE('',#11813,#11813,#11815,.T.);
#11813 = VERTEX_POINT('',#11814);
#11814 = CARTESIAN_POINT('',(144.5,-117.91,0.));
#11815 = CIRCLE('',#11816,0.45);
#11816 = AXIS2_PLACEMENT_3D('',#11817,#11818,#11819);
#11817 = CARTESIAN_POINT('',(144.5,-117.46,0.));
#11818 = DIRECTION('',(-0.,0.,-1.));
#11819 = DIRECTION('',(-0.,-1.,0.));
#11820 = FACE_BOUND('',#11821,.F.);
#11821 = EDGE_LOOP('',(#11822));
#11822 = ORIENTED_EDGE('',*,*,#11823,.T.);
#11823 = EDGE_CURVE('',#11824,#11824,#11826,.T.);
#11824 = VERTEX_POINT('',#11825);
#11825 = CARTESIAN_POINT('',(136.,-114.72,0.));
#11826 = CIRCLE('',#11827,0.4);
#11827 = AXIS2_PLACEMENT_3D('',#11828,#11829,#11830);
#11828 = CARTESIAN_POINT('',(136.,-114.32,0.));
#11829 = DIRECTION('',(-0.,0.,-1.));
#11830 = DIRECTION('',(-0.,-1.,0.));
#11831 = FACE_BOUND('',#11832,.F.);
#11832 = EDGE_LOOP('',(#11833));
#11833 = ORIENTED_EDGE('',*,*,#11834,.T.);
#11834 = EDGE_CURVE('',#11835,#11835,#11837,.T.);
#11835 = VERTEX_POINT('',#11836);
#11836 = CARTESIAN_POINT('',(140.,-114.72,0.));
#11837 = CIRCLE('',#11838,0.4);
#11838 = AXIS2_PLACEMENT_3D('',#11839,#11840,#11841);
#11839 = CARTESIAN_POINT('',(140.,-114.32,0.));
#11840 = DIRECTION('',(-0.,0.,-1.));
#11841 = DIRECTION('',(-0.,-1.,0.));
#11842 = FACE_BOUND('',#11843,.F.);
#11843 = EDGE_LOOP('',(#11844));
#11844 = ORIENTED_EDGE('',*,*,#11845,.T.);
#11845 = EDGE_CURVE('',#11846,#11846,#11848,.T.);
#11846 = VERTEX_POINT('',#11847);
#11847 = CARTESIAN_POINT('',(126.,-109.64,0.));
#11848 = CIRCLE('',#11849,0.4);
#11849 = AXIS2_PLACEMENT_3D('',#11850,#11851,#11852);
#11850 = CARTESIAN_POINT('',(126.,-109.24,0.));
#11851 = DIRECTION('',(-0.,0.,-1.));
#11852 = DIRECTION('',(-0.,-1.,0.));
#11853 = FACE_BOUND('',#11854,.F.);
#11854 = EDGE_LOOP('',(#11855));
#11855 = ORIENTED_EDGE('',*,*,#11856,.T.);
#11856 = EDGE_CURVE('',#11857,#11857,#11859,.T.);
#11857 = VERTEX_POINT('',#11858);
#11858 = CARTESIAN_POINT('',(131.,-109.64,0.));
#11859 = CIRCLE('',#11860,0.4);
#11860 = AXIS2_PLACEMENT_3D('',#11861,#11862,#11863);
#11861 = CARTESIAN_POINT('',(131.,-109.24,0.));
#11862 = DIRECTION('',(-0.,0.,-1.));
#11863 = DIRECTION('',(-0.,-1.,0.));
#11864 = FACE_BOUND('',#11865,.F.);
#11865 = EDGE_LOOP('',(#11866));
#11866 = ORIENTED_EDGE('',*,*,#11867,.T.);
#11867 = EDGE_CURVE('',#11868,#11868,#11870,.T.);
#11868 = VERTEX_POINT('',#11869);
#11869 = CARTESIAN_POINT('',(135.,-109.64,0.));
#11870 = CIRCLE('',#11871,0.4);
#11871 = AXIS2_PLACEMENT_3D('',#11872,#11873,#11874);
#11872 = CARTESIAN_POINT('',(135.,-109.24,0.));
#11873 = DIRECTION('',(-0.,0.,-1.));
#11874 = DIRECTION('',(-0.,-1.,0.));
#11875 = FACE_BOUND('',#11876,.F.);
#11876 = EDGE_LOOP('',(#11877));
#11877 = ORIENTED_EDGE('',*,*,#11878,.T.);
#11878 = EDGE_CURVE('',#11879,#11879,#11881,.T.);
#11879 = VERTEX_POINT('',#11880);
#11880 = CARTESIAN_POINT('',(144.5,-112.98,0.));
#11881 = CIRCLE('',#11882,0.4);
#11882 = AXIS2_PLACEMENT_3D('',#11883,#11884,#11885);
#11883 = CARTESIAN_POINT('',(144.5,-112.58,0.));
#11884 = DIRECTION('',(-0.,0.,-1.));
#11885 = DIRECTION('',(-0.,-1.,0.));
#11886 = FACE_BOUND('',#11887,.F.);
#11887 = EDGE_LOOP('',(#11888));
#11888 = ORIENTED_EDGE('',*,*,#11889,.T.);
#11889 = EDGE_CURVE('',#11890,#11890,#11892,.T.);
#11890 = VERTEX_POINT('',#11891);
#11891 = CARTESIAN_POINT('',(140.,-109.64,0.));
#11892 = CIRCLE('',#11893,0.4);
#11893 = AXIS2_PLACEMENT_3D('',#11894,#11895,#11896);
#11894 = CARTESIAN_POINT('',(140.,-109.24,0.));
#11895 = DIRECTION('',(-0.,0.,-1.));
#11896 = DIRECTION('',(-0.,-1.,0.));
#11897 = FACE_BOUND('',#11898,.F.);
#11898 = EDGE_LOOP('',(#11899));
#11899 = ORIENTED_EDGE('',*,*,#11900,.T.);
#11900 = EDGE_CURVE('',#11901,#11901,#11903,.T.);
#11901 = VERTEX_POINT('',#11902);
#11902 = CARTESIAN_POINT('',(144.5,-107.9,0.));
#11903 = CIRCLE('',#11904,0.4);
#11904 = AXIS2_PLACEMENT_3D('',#11905,#11906,#11907);
#11905 = CARTESIAN_POINT('',(144.5,-107.5,0.));
#11906 = DIRECTION('',(-0.,0.,-1.));
#11907 = DIRECTION('',(-0.,-1.,0.));
#11908 = FACE_BOUND('',#11909,.F.);
#11909 = EDGE_LOOP('',(#11910));
#11910 = ORIENTED_EDGE('',*,*,#11911,.T.);
#11911 = EDGE_CURVE('',#11912,#11912,#11914,.T.);
#11912 = VERTEX_POINT('',#11913);
#11913 = CARTESIAN_POINT('',(121.,-104.56,0.));
#11914 = CIRCLE('',#11915,0.4);
#11915 = AXIS2_PLACEMENT_3D('',#11916,#11917,#11918);
#11916 = CARTESIAN_POINT('',(121.,-104.16,0.));
#11917 = DIRECTION('',(-0.,0.,-1.));
#11918 = DIRECTION('',(-0.,-1.,0.));
#11919 = FACE_BOUND('',#11920,.F.);
#11920 = EDGE_LOOP('',(#11921));
#11921 = ORIENTED_EDGE('',*,*,#11922,.T.);
#11922 = EDGE_CURVE('',#11923,#11923,#11925,.T.);
#11923 = VERTEX_POINT('',#11924);
#11924 = CARTESIAN_POINT('',(116.,-99.48,0.));
#11925 = CIRCLE('',#11926,0.4);
#11926 = AXIS2_PLACEMENT_3D('',#11927,#11928,#11929);
#11927 = CARTESIAN_POINT('',(116.,-99.08,0.));
#11928 = DIRECTION('',(-0.,0.,-1.));
#11929 = DIRECTION('',(-0.,-1.,0.));
#11930 = FACE_BOUND('',#11931,.F.);
#11931 = EDGE_LOOP('',(#11932));
#11932 = ORIENTED_EDGE('',*,*,#11933,.T.);
#11933 = EDGE_CURVE('',#11934,#11934,#11936,.T.);
#11934 = VERTEX_POINT('',#11935);
#11935 = CARTESIAN_POINT('',(121.,-99.48,0.));
#11936 = CIRCLE('',#11937,0.4);
#11937 = AXIS2_PLACEMENT_3D('',#11938,#11939,#11940);
#11938 = CARTESIAN_POINT('',(121.,-99.08,0.));
#11939 = DIRECTION('',(-0.,0.,-1.));
#11940 = DIRECTION('',(-0.,-1.,0.));
#11941 = FACE_BOUND('',#11942,.F.);
#11942 = EDGE_LOOP('',(#11943));
#11943 = ORIENTED_EDGE('',*,*,#11944,.T.);
#11944 = EDGE_CURVE('',#11945,#11945,#11947,.T.);
#11945 = VERTEX_POINT('',#11946);
#11946 = CARTESIAN_POINT('',(102.5,-91.7,0.));
#11947 = CIRCLE('',#11948,1.7);
#11948 = AXIS2_PLACEMENT_3D('',#11949,#11950,#11951);
#11949 = CARTESIAN_POINT('',(102.5,-90.,0.));
#11950 = DIRECTION('',(-0.,0.,-1.));
#11951 = DIRECTION('',(-0.,-1.,0.));
#11952 = FACE_BOUND('',#11953,.F.);
#11953 = EDGE_LOOP('',(#11954));
#11954 = ORIENTED_EDGE('',*,*,#11955,.T.);
#11955 = EDGE_CURVE('',#11956,#11956,#11958,.T.);
#11956 = VERTEX_POINT('',#11957);
#11957 = CARTESIAN_POINT('',(110.,-91.175,0.));
#11958 = CIRCLE('',#11959,1.175);
#11959 = AXIS2_PLACEMENT_3D('',#11960,#11961,#11962);
#11960 = CARTESIAN_POINT('',(110.,-90.,0.));
#11961 = DIRECTION('',(-0.,0.,-1.));
#11962 = DIRECTION('',(-0.,-1.,0.));
#11963 = FACE_BOUND('',#11964,.F.);
#11964 = EDGE_LOOP('',(#11965));
#11965 = ORIENTED_EDGE('',*,*,#11966,.T.);
#11966 = EDGE_CURVE('',#11967,#11967,#11969,.T.);
#11967 = VERTEX_POINT('',#11968);
#11968 = CARTESIAN_POINT('',(116.,-94.4,0.));
#11969 = CIRCLE('',#11970,0.4);
#11970 = AXIS2_PLACEMENT_3D('',#11971,#11972,#11973);
#11971 = CARTESIAN_POINT('',(116.,-94.,0.));
#11972 = DIRECTION('',(-0.,0.,-1.));
#11973 = DIRECTION('',(-0.,-1.,0.));
#11974 = FACE_BOUND('',#11975,.F.);
#11975 = EDGE_LOOP('',(#11976));
#11976 = ORIENTED_EDGE('',*,*,#11977,.T.);
#11977 = EDGE_CURVE('',#11978,#11978,#11980,.T.);
#11978 = VERTEX_POINT('',#11979);
#11979 = CARTESIAN_POINT('',(126.,-104.56,0.));
#11980 = CIRCLE('',#11981,0.4);
#11981 = AXIS2_PLACEMENT_3D('',#11982,#11983,#11984);
#11982 = CARTESIAN_POINT('',(126.,-104.16,0.));
#11983 = DIRECTION('',(-0.,0.,-1.));
#11984 = DIRECTION('',(-0.,-1.,0.));
#11985 = FACE_BOUND('',#11986,.F.);
#11986 = EDGE_LOOP('',(#11987));
#11987 = ORIENTED_EDGE('',*,*,#11988,.T.);
#11988 = EDGE_CURVE('',#11989,#11989,#11991,.T.);
#11989 = VERTEX_POINT('',#11990);
#11990 = CARTESIAN_POINT('',(130.,-104.56,0.));
#11991 = CIRCLE('',#11992,0.4);
#11992 = AXIS2_PLACEMENT_3D('',#11993,#11994,#11995);
#11993 = CARTESIAN_POINT('',(130.,-104.16,0.));
#11994 = DIRECTION('',(-0.,0.,-1.));
#11995 = DIRECTION('',(-0.,-1.,0.));
#11996 = FACE_BOUND('',#11997,.F.);
#11997 = EDGE_LOOP('',(#11998));
#11998 = ORIENTED_EDGE('',*,*,#11999,.T.);
#11999 = EDGE_CURVE('',#12000,#12000,#12002,.T.);
#12000 = VERTEX_POINT('',#12001);
#12001 = CARTESIAN_POINT('',(125.,-99.48,0.));
#12002 = CIRCLE('',#12003,0.4);
#12003 = AXIS2_PLACEMENT_3D('',#12004,#12005,#12006);
#12004 = CARTESIAN_POINT('',(125.,-99.08,0.));
#12005 = DIRECTION('',(-0.,0.,-1.));
#12006 = DIRECTION('',(-0.,-1.,0.));
#12007 = FACE_BOUND('',#12008,.F.);
#12008 = EDGE_LOOP('',(#12009));
#12009 = ORIENTED_EDGE('',*,*,#12010,.T.);
#12010 = EDGE_CURVE('',#12011,#12011,#12013,.T.);
#12011 = VERTEX_POINT('',#12012);
#12012 = CARTESIAN_POINT('',(130.,-99.48,0.));
#12013 = CIRCLE('',#12014,0.4);
#12014 = AXIS2_PLACEMENT_3D('',#12015,#12016,#12017);
#12015 = CARTESIAN_POINT('',(130.,-99.08,0.));
#12016 = DIRECTION('',(-0.,0.,-1.));
#12017 = DIRECTION('',(-0.,-1.,0.));
#12018 = FACE_BOUND('',#12019,.F.);
#12019 = EDGE_LOOP('',(#12020));
#12020 = ORIENTED_EDGE('',*,*,#12021,.T.);
#12021 = EDGE_CURVE('',#12022,#12022,#12024,.T.);
#12022 = VERTEX_POINT('',#12023);
#12023 = CARTESIAN_POINT('',(135.,-104.56,0.));
#12024 = CIRCLE('',#12025,0.4);
#12025 = AXIS2_PLACEMENT_3D('',#12026,#12027,#12028);
#12026 = CARTESIAN_POINT('',(135.,-104.16,0.));
#12027 = DIRECTION('',(-0.,0.,-1.));
#12028 = DIRECTION('',(-0.,-1.,0.));
#12029 = FACE_BOUND('',#12030,.F.);
#12030 = EDGE_LOOP('',(#12031));
#12031 = ORIENTED_EDGE('',*,*,#12032,.T.);
#12032 = EDGE_CURVE('',#12033,#12033,#12035,.T.);
#12033 = VERTEX_POINT('',#12034);
#12034 = CARTESIAN_POINT('',(125.,-94.4,0.));
#12035 = CIRCLE('',#12036,0.4);
#12036 = AXIS2_PLACEMENT_3D('',#12037,#12038,#12039);
#12037 = CARTESIAN_POINT('',(125.,-94.,0.));
#12038 = DIRECTION('',(-0.,0.,-1.));
#12039 = DIRECTION('',(-0.,-1.,0.));
#12040 = FACE_BOUND('',#12041,.F.);
#12041 = EDGE_LOOP('',(#12042));
#12042 = ORIENTED_EDGE('',*,*,#12043,.T.);
#12043 = EDGE_CURVE('',#12044,#12044,#12046,.T.);
#12044 = VERTEX_POINT('',#12045);
#12045 = CARTESIAN_POINT('',(144.,-91.6,0.));
#12046 = CIRCLE('',#12047,1.6);
#12047 = AXIS2_PLACEMENT_3D('',#12048,#12049,#12050);
#12048 = CARTESIAN_POINT('',(144.,-90.,0.));
#12049 = DIRECTION('',(-0.,0.,-1.));
#12050 = DIRECTION('',(-0.,-1.,0.));
#12051 = FACE_BOUND('',#12052,.F.);
#12052 = EDGE_LOOP('',(#12053));
#12053 = ORIENTED_EDGE('',*,*,#12054,.T.);
#12054 = EDGE_CURVE('',#12055,#12055,#12057,.T.);
#12055 = VERTEX_POINT('',#12056);
#12056 = CARTESIAN_POINT('',(58.,-77.71,0.));
#12057 = CIRCLE('',#12058,0.55);
#12058 = AXIS2_PLACEMENT_3D('',#12059,#12060,#12061);
#12059 = CARTESIAN_POINT('',(58.,-77.16,0.));
#12060 = DIRECTION('',(-0.,0.,-1.));
#12061 = DIRECTION('',(-0.,-1.,0.));
#12062 = FACE_BOUND('',#12063,.F.);
#12063 = EDGE_LOOP('',(#12064));
#12064 = ORIENTED_EDGE('',*,*,#12065,.T.);
#12065 = EDGE_CURVE('',#12066,#12066,#12068,.T.);
#12066 = VERTEX_POINT('',#12067);
#12067 = CARTESIAN_POINT('',(67.52,-77.71,0.));
#12068 = CIRCLE('',#12069,0.55);
#12069 = AXIS2_PLACEMENT_3D('',#12070,#12071,#12072);
#12070 = CARTESIAN_POINT('',(67.52,-77.16,0.));
#12071 = DIRECTION('',(-0.,0.,-1.));
#12072 = DIRECTION('',(-0.,-1.,0.));
#12073 = FACE_BOUND('',#12074,.F.);
#12074 = EDGE_LOOP('',(#12075));
#12075 = ORIENTED_EDGE('',*,*,#12076,.T.);
#12076 = EDGE_CURVE('',#12077,#12077,#12079,.T.);
#12077 = VERTEX_POINT('',#12078);
#12078 = CARTESIAN_POINT('',(78.5,-77.71,0.));
#12079 = CIRCLE('',#12080,0.55);
#12080 = AXIS2_PLACEMENT_3D('',#12081,#12082,#12083);
#12081 = CARTESIAN_POINT('',(78.5,-77.16,0.));
#12082 = DIRECTION('',(-0.,0.,-1.));
#12083 = DIRECTION('',(-0.,-1.,0.));
#12084 = FACE_BOUND('',#12085,.F.);
#12085 = EDGE_LOOP('',(#12086));
#12086 = ORIENTED_EDGE('',*,*,#12087,.T.);
#12087 = EDGE_CURVE('',#12088,#12088,#12090,.T.);
#12088 = VERTEX_POINT('',#12089);
#12089 = CARTESIAN_POINT('',(88.02,-77.71,0.));
#12090 = CIRCLE('',#12091,0.55);
#12091 = AXIS2_PLACEMENT_3D('',#12092,#12093,#12094);
#12092 = CARTESIAN_POINT('',(88.02,-77.16,0.));
#12093 = DIRECTION('',(-0.,0.,-1.));
#12094 = DIRECTION('',(-0.,-1.,0.));
#12095 = FACE_BOUND('',#12096,.F.);
#12096 = EDGE_LOOP('',(#12097));
#12097 = ORIENTED_EDGE('',*,*,#12098,.T.);
#12098 = EDGE_CURVE('',#12099,#12099,#12101,.T.);
#12099 = VERTEX_POINT('',#12100);
#12100 = CARTESIAN_POINT('',(58.,-67.55,0.));
#12101 = CIRCLE('',#12102,0.55);
#12102 = AXIS2_PLACEMENT_3D('',#12103,#12104,#12105);
#12103 = CARTESIAN_POINT('',(58.,-67.,0.));
#12104 = DIRECTION('',(-0.,0.,-1.));
#12105 = DIRECTION('',(-0.,-1.,0.));
#12106 = FACE_BOUND('',#12107,.F.);
#12107 = EDGE_LOOP('',(#12108));
#12108 = ORIENTED_EDGE('',*,*,#12109,.T.);
#12109 = EDGE_CURVE('',#12110,#12110,#12112,.T.);
#12110 = VERTEX_POINT('',#12111);
#12111 = CARTESIAN_POINT('',(67.52,-67.55,0.));
#12112 = CIRCLE('',#12113,0.55);
#12113 = AXIS2_PLACEMENT_3D('',#12114,#12115,#12116);
#12114 = CARTESIAN_POINT('',(67.52,-67.,0.));
#12115 = DIRECTION('',(-0.,0.,-1.));
#12116 = DIRECTION('',(-0.,-1.,0.));
#12117 = FACE_BOUND('',#12118,.F.);
#12118 = EDGE_LOOP('',(#12119));
#12119 = ORIENTED_EDGE('',*,*,#12120,.T.);
#12120 = EDGE_CURVE('',#12121,#12121,#12123,.T.);
#12121 = VERTEX_POINT('',#12122);
#12122 = CARTESIAN_POINT('',(58.,-59.1,0.));
#12123 = CIRCLE('',#12124,0.7);
#12124 = AXIS2_PLACEMENT_3D('',#12125,#12126,#12127);
#12125 = CARTESIAN_POINT('',(58.,-58.4,0.));
#12126 = DIRECTION('',(-0.,0.,-1.));
#12127 = DIRECTION('',(-0.,-1.,0.));
#12128 = FACE_BOUND('',#12129,.F.);
#12129 = EDGE_LOOP('',(#12130));
#12130 = ORIENTED_EDGE('',*,*,#12131,.T.);
#12131 = EDGE_CURVE('',#12132,#12132,#12134,.T.);
#12132 = VERTEX_POINT('',#12133);
#12133 = CARTESIAN_POINT('',(67.52,-59.1,0.));
#12134 = CIRCLE('',#12135,0.7);
#12135 = AXIS2_PLACEMENT_3D('',#12136,#12137,#12138);
#12136 = CARTESIAN_POINT('',(67.52,-58.4,0.));
#12137 = DIRECTION('',(-0.,0.,-1.));
#12138 = DIRECTION('',(-0.,-1.,0.));
#12139 = FACE_BOUND('',#12140,.F.);
#12140 = EDGE_LOOP('',(#12141));
#12141 = ORIENTED_EDGE('',*,*,#12142,.T.);
#12142 = EDGE_CURVE('',#12143,#12143,#12145,.T.);
#12143 = VERTEX_POINT('',#12144);
#12144 = CARTESIAN_POINT('',(78.5,-67.55,0.));
#12145 = CIRCLE('',#12146,0.55);
#12146 = AXIS2_PLACEMENT_3D('',#12147,#12148,#12149);
#12147 = CARTESIAN_POINT('',(78.5,-67.,0.));
#12148 = DIRECTION('',(-0.,0.,-1.));
#12149 = DIRECTION('',(-0.,-1.,0.));
#12150 = FACE_BOUND('',#12151,.F.);
#12151 = EDGE_LOOP('',(#12152));
#12152 = ORIENTED_EDGE('',*,*,#12153,.T.);
#12153 = EDGE_CURVE('',#12154,#12154,#12156,.T.);
#12154 = VERTEX_POINT('',#12155);
#12155 = CARTESIAN_POINT('',(88.02,-67.55,0.));
#12156 = CIRCLE('',#12157,0.55);
#12157 = AXIS2_PLACEMENT_3D('',#12158,#12159,#12160);
#12158 = CARTESIAN_POINT('',(88.02,-67.,0.));
#12159 = DIRECTION('',(-0.,0.,-1.));
#12160 = DIRECTION('',(-0.,-1.,0.));
#12161 = FACE_BOUND('',#12162,.F.);
#12162 = EDGE_LOOP('',(#12163));
#12163 = ORIENTED_EDGE('',*,*,#12164,.T.);
#12164 = EDGE_CURVE('',#12165,#12165,#12167,.T.);
#12165 = VERTEX_POINT('',#12166);
#12166 = CARTESIAN_POINT('',(78.5,-59.1,0.));
#12167 = CIRCLE('',#12168,0.7);
#12168 = AXIS2_PLACEMENT_3D('',#12169,#12170,#12171);
#12169 = CARTESIAN_POINT('',(78.5,-58.4,0.));
#12170 = DIRECTION('',(-0.,0.,-1.));
#12171 = DIRECTION('',(-0.,-1.,0.));
#12172 = FACE_BOUND('',#12173,.F.);
#12173 = EDGE_LOOP('',(#12174));
#12174 = ORIENTED_EDGE('',*,*,#12175,.T.);
#12175 = EDGE_CURVE('',#12176,#12176,#12178,.T.);
#12176 = VERTEX_POINT('',#12177);
#12177 = CARTESIAN_POINT('',(88.02,-59.1,0.));
#12178 = CIRCLE('',#12179,0.7);
#12179 = AXIS2_PLACEMENT_3D('',#12180,#12181,#12182);
#12180 = CARTESIAN_POINT('',(88.02,-58.4,0.));
#12181 = DIRECTION('',(-0.,0.,-1.));
#12182 = DIRECTION('',(-0.,-1.,0.));
#12183 = FACE_BOUND('',#12184,.F.);
#12184 = EDGE_LOOP('',(#12185));
#12185 = ORIENTED_EDGE('',*,*,#12186,.T.);
#12186 = EDGE_CURVE('',#12187,#12187,#12189,.T.);
#12187 = VERTEX_POINT('',#12188);
#12188 = CARTESIAN_POINT('',(120.84,-84.71,0.));
#12189 = CIRCLE('',#12190,0.55);
#12190 = AXIS2_PLACEMENT_3D('',#12191,#12192,#12193);
#12191 = CARTESIAN_POINT('',(120.84,-84.16,0.));
#12192 = DIRECTION('',(-0.,0.,-1.));
#12193 = DIRECTION('',(-0.,-1.,0.));
#12194 = FACE_BOUND('',#12195,.F.);
#12195 = EDGE_LOOP('',(#12196));
#12196 = ORIENTED_EDGE('',*,*,#12197,.T.);
#12197 = EDGE_CURVE('',#12198,#12198,#12200,.T.);
#12198 = VERTEX_POINT('',#12199);
#12199 = CARTESIAN_POINT('',(106.,-76.5,0.));
#12200 = CIRCLE('',#12201,0.5);
#12201 = AXIS2_PLACEMENT_3D('',#12202,#12203,#12204);
#12202 = CARTESIAN_POINT('',(106.,-76.,0.));
#12203 = DIRECTION('',(-0.,0.,-1.));
#12204 = DIRECTION('',(-0.,-1.,0.));
#12205 = FACE_BOUND('',#12206,.F.);
#12206 = EDGE_LOOP('',(#12207,#12217,#12225,#12233));
#12207 = ORIENTED_EDGE('',*,*,#12208,.F.);
#12208 = EDGE_CURVE('',#12209,#12211,#12213,.T.);
#12209 = VERTEX_POINT('',#12210);
#12210 = CARTESIAN_POINT('',(98.,-72.5,0.));
#12211 = VERTEX_POINT('',#12212);
#12212 = CARTESIAN_POINT('',(115.5,-72.5,0.));
#12213 = LINE('',#12214,#12215);
#12214 = CARTESIAN_POINT('',(98.,-72.5,0.));
#12215 = VECTOR('',#12216,1.);
#12216 = DIRECTION('',(1.,0.,0.));
#12217 = ORIENTED_EDGE('',*,*,#12218,.F.);
#12218 = EDGE_CURVE('',#12219,#12209,#12221,.T.);
#12219 = VERTEX_POINT('',#12220);
#12220 = CARTESIAN_POINT('',(98.,-69.5,0.));
#12221 = LINE('',#12222,#12223);
#12222 = CARTESIAN_POINT('',(98.,-69.5,0.));
#12223 = VECTOR('',#12224,1.);
#12224 = DIRECTION('',(0.,-1.,0.));
#12225 = ORIENTED_EDGE('',*,*,#12226,.F.);
#12226 = EDGE_CURVE('',#12227,#12219,#12229,.T.);
#12227 = VERTEX_POINT('',#12228);
#12228 = CARTESIAN_POINT('',(115.5,-69.5,0.));
#12229 = LINE('',#12230,#12231);
#12230 = CARTESIAN_POINT('',(115.5,-69.5,0.));
#12231 = VECTOR('',#12232,1.);
#12232 = DIRECTION('',(-1.,0.,0.));
#12233 = ORIENTED_EDGE('',*,*,#12234,.F.);
#12234 = EDGE_CURVE('',#12211,#12227,#12235,.T.);
#12235 = LINE('',#12236,#12237);
#12236 = CARTESIAN_POINT('',(115.5,-72.5,0.));
#12237 = VECTOR('',#12238,1.);
#12238 = DIRECTION('',(0.,1.,0.));
#12239 = FACE_BOUND('',#12240,.F.);
#12240 = EDGE_LOOP('',(#12241));
#12241 = ORIENTED_EDGE('',*,*,#12242,.T.);
#12242 = EDGE_CURVE('',#12243,#12243,#12245,.T.);
#12243 = VERTEX_POINT('',#12244);
#12244 = CARTESIAN_POINT('',(112.,-76.5,0.));
#12245 = CIRCLE('',#12246,0.5);
#12246 = AXIS2_PLACEMENT_3D('',#12247,#12248,#12249);
#12247 = CARTESIAN_POINT('',(112.,-76.,0.));
#12248 = DIRECTION('',(-0.,0.,-1.));
#12249 = DIRECTION('',(-0.,-1.,0.));
#12250 = FACE_BOUND('',#12251,.F.);
#12251 = EDGE_LOOP('',(#12252));
#12252 = ORIENTED_EDGE('',*,*,#12253,.T.);
#12253 = EDGE_CURVE('',#12254,#12254,#12256,.T.);
#12254 = VERTEX_POINT('',#12255);
#12255 = CARTESIAN_POINT('',(120.84,-74.55,0.));
#12256 = CIRCLE('',#12257,0.55);
#12257 = AXIS2_PLACEMENT_3D('',#12258,#12259,#12260);
#12258 = CARTESIAN_POINT('',(120.84,-74.,0.));
#12259 = DIRECTION('',(-0.,0.,-1.));
#12260 = DIRECTION('',(-0.,-1.,0.));
#12261 = FACE_BOUND('',#12262,.F.);
#12262 = EDGE_LOOP('',(#12263));
#12263 = ORIENTED_EDGE('',*,*,#12264,.T.);
#12264 = EDGE_CURVE('',#12265,#12265,#12267,.T.);
#12265 = VERTEX_POINT('',#12266);
#12266 = CARTESIAN_POINT('',(128.34,-74.65,0.));
#12267 = CIRCLE('',#12268,0.65);
#12268 = AXIS2_PLACEMENT_3D('',#12269,#12270,#12271);
#12269 = CARTESIAN_POINT('',(128.34,-74.,0.));
#12270 = DIRECTION('',(-0.,0.,-1.));
#12271 = DIRECTION('',(-0.,-1.,0.));
#12272 = FACE_BOUND('',#12273,.F.);
#12273 = EDGE_LOOP('',(#12274));
#12274 = ORIENTED_EDGE('',*,*,#12275,.T.);
#12275 = EDGE_CURVE('',#12276,#12276,#12278,.T.);
#12276 = VERTEX_POINT('',#12277);
#12277 = CARTESIAN_POINT('',(138.5,-74.65,0.));
#12278 = CIRCLE('',#12279,0.65);
#12279 = AXIS2_PLACEMENT_3D('',#12280,#12281,#12282);
#12280 = CARTESIAN_POINT('',(138.5,-74.,0.));
#12281 = DIRECTION('',(-0.,0.,-1.));
#12282 = DIRECTION('',(-0.,-1.,0.));
#12283 = FACE_BOUND('',#12284,.F.);
#12284 = EDGE_LOOP('',(#12285));
#12285 = ORIENTED_EDGE('',*,*,#12286,.T.);
#12286 = EDGE_CURVE('',#12287,#12287,#12289,.T.);
#12287 = VERTEX_POINT('',#12288);
#12288 = CARTESIAN_POINT('',(106.,-66.34,0.));
#12289 = CIRCLE('',#12290,0.5);
#12290 = AXIS2_PLACEMENT_3D('',#12291,#12292,#12293);
#12291 = CARTESIAN_POINT('',(106.,-65.84,0.));
#12292 = DIRECTION('',(-0.,0.,-1.));
#12293 = DIRECTION('',(-0.,-1.,0.));
#12294 = FACE_BOUND('',#12295,.F.);
#12295 = EDGE_LOOP('',(#12296));
#12296 = ORIENTED_EDGE('',*,*,#12297,.T.);
#12297 = EDGE_CURVE('',#12298,#12298,#12300,.T.);
#12298 = VERTEX_POINT('',#12299);
#12299 = CARTESIAN_POINT('',(112.,-66.34,0.));
#12300 = CIRCLE('',#12301,0.5);
#12301 = AXIS2_PLACEMENT_3D('',#12302,#12303,#12304);
#12302 = CARTESIAN_POINT('',(112.,-65.84,0.));
#12303 = DIRECTION('',(-0.,0.,-1.));
#12304 = DIRECTION('',(-0.,-1.,0.));
#12305 = FACE_BOUND('',#12306,.F.);
#12306 = EDGE_LOOP('',(#12307));
#12307 = ORIENTED_EDGE('',*,*,#12308,.T.);
#12308 = EDGE_CURVE('',#12309,#12309,#12311,.T.);
#12309 = VERTEX_POINT('',#12310);
#12310 = CARTESIAN_POINT('',(102.,-60.4,0.));
#12311 = CIRCLE('',#12312,0.4);
#12312 = AXIS2_PLACEMENT_3D('',#12313,#12314,#12315);
#12313 = CARTESIAN_POINT('',(102.,-60.,0.));
#12314 = DIRECTION('',(-0.,0.,-1.));
#12315 = DIRECTION('',(-0.,-1.,0.));
#12316 = FACE_BOUND('',#12317,.F.);
#12317 = EDGE_LOOP('',(#12318));
#12318 = ORIENTED_EDGE('',*,*,#12319,.T.);
#12319 = EDGE_CURVE('',#12320,#12320,#12322,.T.);
#12320 = VERTEX_POINT('',#12321);
#12321 = CARTESIAN_POINT('',(108.,-59.4,0.));
#12322 = CIRCLE('',#12323,0.4);
#12323 = AXIS2_PLACEMENT_3D('',#12324,#12325,#12326);
#12324 = CARTESIAN_POINT('',(108.,-59.,0.));
#12325 = DIRECTION('',(-0.,0.,-1.));
#12326 = DIRECTION('',(-0.,-1.,0.));
#12327 = FACE_BOUND('',#12328,.F.);
#12328 = EDGE_LOOP('',(#12329));
#12329 = ORIENTED_EDGE('',*,*,#12330,.T.);
#12330 = EDGE_CURVE('',#12331,#12331,#12333,.T.);
#12331 = VERTEX_POINT('',#12332);
#12332 = CARTESIAN_POINT('',(110.54,-59.4,0.));
#12333 = CIRCLE('',#12334,0.4);
#12334 = AXIS2_PLACEMENT_3D('',#12335,#12336,#12337);
#12335 = CARTESIAN_POINT('',(110.54,-59.,0.));
#12336 = DIRECTION('',(-0.,0.,-1.));
#12337 = DIRECTION('',(3.5527136788E-14,-1.,-0.));
#12338 = FACE_BOUND('',#12339,.F.);
#12339 = EDGE_LOOP('',(#12340));
#12340 = ORIENTED_EDGE('',*,*,#12341,.T.);
#12341 = EDGE_CURVE('',#12342,#12342,#12344,.T.);
#12342 = VERTEX_POINT('',#12343);
#12343 = CARTESIAN_POINT('',(102.,-57.86,0.));
#12344 = CIRCLE('',#12345,0.4);
#12345 = AXIS2_PLACEMENT_3D('',#12346,#12347,#12348);
#12346 = CARTESIAN_POINT('',(102.,-57.46,0.));
#12347 = DIRECTION('',(-0.,0.,-1.));
#12348 = DIRECTION('',(-0.,-1.,0.));
#12349 = FACE_BOUND('',#12350,.F.);
#12350 = EDGE_LOOP('',(#12351));
#12351 = ORIENTED_EDGE('',*,*,#12352,.T.);
#12352 = EDGE_CURVE('',#12353,#12353,#12355,.T.);
#12353 = VERTEX_POINT('',#12354);
#12354 = CARTESIAN_POINT('',(116.,-60.4,0.));
#12355 = CIRCLE('',#12356,0.4);
#12356 = AXIS2_PLACEMENT_3D('',#12357,#12358,#12359);
#12357 = CARTESIAN_POINT('',(116.,-60.,0.));
#12358 = DIRECTION('',(-0.,0.,-1.));
#12359 = DIRECTION('',(-0.,-1.,0.));
#12360 = FACE_BOUND('',#12361,.F.);
#12361 = EDGE_LOOP('',(#12362));
#12362 = ORIENTED_EDGE('',*,*,#12363,.T.);
#12363 = EDGE_CURVE('',#12364,#12364,#12366,.T.);
#12364 = VERTEX_POINT('',#12365);
#12365 = CARTESIAN_POINT('',(118.54,-60.4,0.));
#12366 = CIRCLE('',#12367,0.4);
#12367 = AXIS2_PLACEMENT_3D('',#12368,#12369,#12370);
#12368 = CARTESIAN_POINT('',(118.54,-60.,0.));
#12369 = DIRECTION('',(-0.,0.,-1.));
#12370 = DIRECTION('',(3.5527136788E-14,-1.,-0.));
#12371 = FACE_BOUND('',#12372,.F.);
#12372 = EDGE_LOOP('',(#12373));
#12373 = ORIENTED_EDGE('',*,*,#12374,.T.);
#12374 = EDGE_CURVE('',#12375,#12375,#12377,.T.);
#12375 = VERTEX_POINT('',#12376);
#12376 = CARTESIAN_POINT('',(121.08,-60.4,0.));
#12377 = CIRCLE('',#12378,0.4);
#12378 = AXIS2_PLACEMENT_3D('',#12379,#12380,#12381);
#12379 = CARTESIAN_POINT('',(121.08,-60.,0.));
#12380 = DIRECTION('',(-0.,0.,-1.));
#12381 = DIRECTION('',(-3.552713678801E-14,-1.,0.));
#12382 = FACE_BOUND('',#12383,.F.);
#12383 = EDGE_LOOP('',(#12384));
#12384 = ORIENTED_EDGE('',*,*,#12385,.T.);
#12385 = EDGE_CURVE('',#12386,#12386,#12388,.T.);
#12386 = VERTEX_POINT('',#12387);
#12387 = CARTESIAN_POINT('',(127.,-66.24,0.));
#12388 = CIRCLE('',#12389,0.4);
#12389 = AXIS2_PLACEMENT_3D('',#12390,#12391,#12392);
#12390 = CARTESIAN_POINT('',(127.,-65.84,0.));
#12391 = DIRECTION('',(-0.,0.,-1.));
#12392 = DIRECTION('',(-0.,-1.,0.));
#12393 = FACE_BOUND('',#12394,.F.);
#12394 = EDGE_LOOP('',(#12395));
#12395 = ORIENTED_EDGE('',*,*,#12396,.T.);
#12396 = EDGE_CURVE('',#12397,#12397,#12399,.T.);
#12397 = VERTEX_POINT('',#12398);
#12398 = CARTESIAN_POINT('',(124.5,-63.05,0.));
#12399 = CIRCLE('',#12400,0.55);
#12400 = AXIS2_PLACEMENT_3D('',#12401,#12402,#12403);
#12401 = CARTESIAN_POINT('',(124.5,-62.5,0.));
#12402 = DIRECTION('',(-0.,0.,-1.));
#12403 = DIRECTION('',(-0.,-1.,0.));
#12404 = FACE_BOUND('',#12405,.F.);
#12405 = EDGE_LOOP('',(#12406));
#12406 = ORIENTED_EDGE('',*,*,#12407,.T.);
#12407 = EDGE_CURVE('',#12408,#12408,#12410,.T.);
#12408 = VERTEX_POINT('',#12409);
#12409 = CARTESIAN_POINT('',(129.54,-66.24,0.));
#12410 = CIRCLE('',#12411,0.4);
#12411 = AXIS2_PLACEMENT_3D('',#12412,#12413,#12414);
#12412 = CARTESIAN_POINT('',(129.54,-65.84,0.));
#12413 = DIRECTION('',(-0.,0.,-1.));
#12414 = DIRECTION('',(-0.,-1.,0.));
#12415 = FACE_BOUND('',#12416,.F.);
#12416 = EDGE_LOOP('',(#12417));
#12417 = ORIENTED_EDGE('',*,*,#12418,.T.);
#12418 = EDGE_CURVE('',#12419,#12419,#12421,.T.);
#12419 = VERTEX_POINT('',#12420);
#12420 = CARTESIAN_POINT('',(133.42,-64.6,0.));
#12421 = CIRCLE('',#12422,0.6);
#12422 = AXIS2_PLACEMENT_3D('',#12423,#12424,#12425);
#12423 = CARTESIAN_POINT('',(133.42,-64.,0.));
#12424 = DIRECTION('',(-0.,0.,-1.));
#12425 = DIRECTION('',(-4.736951571734E-14,-1.,0.));
#12426 = FACE_BOUND('',#12427,.F.);
#12427 = EDGE_LOOP('',(#12428));
#12428 = ORIENTED_EDGE('',*,*,#12429,.T.);
#12429 = EDGE_CURVE('',#12430,#12430,#12432,.T.);
#12430 = VERTEX_POINT('',#12431);
#12431 = CARTESIAN_POINT('',(138.5,-64.6,0.));
#12432 = CIRCLE('',#12433,0.6);
#12433 = AXIS2_PLACEMENT_3D('',#12434,#12435,#12436);
#12434 = CARTESIAN_POINT('',(138.5,-64.,0.));
#12435 = DIRECTION('',(-0.,0.,-1.));
#12436 = DIRECTION('',(-0.,-1.,0.));
#12437 = FACE_BOUND('',#12438,.F.);
#12438 = EDGE_LOOP('',(#12439));
#12439 = ORIENTED_EDGE('',*,*,#12440,.T.);
#12440 = EDGE_CURVE('',#12441,#12441,#12443,.T.);
#12441 = VERTEX_POINT('',#12442);
#12442 = CARTESIAN_POINT('',(143.58,-64.6,0.));
#12443 = CIRCLE('',#12444,0.6);
#12444 = AXIS2_PLACEMENT_3D('',#12445,#12446,#12447);
#12445 = CARTESIAN_POINT('',(143.58,-64.,0.));
#12446 = DIRECTION('',(-0.,0.,-1.));
#12447 = DIRECTION('',(4.736951571734E-14,-1.,-0.));
#12448 = FACE_BOUND('',#12449,.F.);
#12449 = EDGE_LOOP('',(#12450));
#12450 = ORIENTED_EDGE('',*,*,#12451,.T.);
#12451 = EDGE_CURVE('',#12452,#12452,#12454,.T.);
#12452 = VERTEX_POINT('',#12453);
#12453 = CARTESIAN_POINT('',(129.,-59.4,0.));
#12454 = CIRCLE('',#12455,0.4);
#12455 = AXIS2_PLACEMENT_3D('',#12456,#12457,#12458);
#12456 = CARTESIAN_POINT('',(129.,-59.,0.));
#12457 = DIRECTION('',(-0.,0.,-1.));
#12458 = DIRECTION('',(-0.,-1.,0.));
#12459 = FACE_BOUND('',#12460,.F.);
#12460 = EDGE_LOOP('',(#12461));
#12461 = ORIENTED_EDGE('',*,*,#12462,.T.);
#12462 = EDGE_CURVE('',#12463,#12463,#12465,.T.);
#12463 = VERTEX_POINT('',#12464);
#12464 = CARTESIAN_POINT('',(124.5,-57.97,0.));
#12465 = CIRCLE('',#12466,0.55);
#12466 = AXIS2_PLACEMENT_3D('',#12467,#12468,#12469);
#12467 = CARTESIAN_POINT('',(124.5,-57.42,0.));
#12468 = DIRECTION('',(-0.,0.,-1.));
#12469 = DIRECTION('',(-0.,-1.,0.));
#12470 = FACE_BOUND('',#12471,.F.);
#12471 = EDGE_LOOP('',(#12472));
#12472 = ORIENTED_EDGE('',*,*,#12473,.T.);
#12473 = EDGE_CURVE('',#12474,#12474,#12476,.T.);
#12474 = VERTEX_POINT('',#12475);
#12475 = CARTESIAN_POINT('',(129.,-54.4,0.));
#12476 = CIRCLE('',#12477,0.4);
#12477 = AXIS2_PLACEMENT_3D('',#12478,#12479,#12480);
#12478 = CARTESIAN_POINT('',(129.,-54.,0.));
#12479 = DIRECTION('',(-0.,0.,-1.));
#12480 = DIRECTION('',(-0.,-1.,0.));
#12481 = PLANE('',#12482);
#12482 = AXIS2_PLACEMENT_3D('',#12483,#12484,#12485);
#12483 = CARTESIAN_POINT('',(0.,0.,0.));
#12484 = DIRECTION('',(0.,0.,1.));
#12485 = DIRECTION('',(1.,0.,-0.));
#12486 = ADVANCED_FACE('',(#12487,#12498,#12509,#12520,#12531,#12542,
    #12553,#12564,#12575,#12586,#12597,#12608,#12619,#12630,#12641,
    #12652,#12663,#12674,#12685,#12696,#12707,#12718,#12729,#12740,
    #12751,#12762,#12773,#12784,#12795,#12806,#12817,#12828,#12839,
    #12850,#12861,#12872,#12883,#12894,#12905,#12916,#12927,#12938,
    #12949,#12960,#12971,#12982,#12993,#13004,#13015,#13026,#13037,
    #13048,#13059,#13070,#13081,#13092,#13103,#13114,#13125,#13136,
    #13147,#13158,#13169,#13180,#13214,#13225,#13236,#13247,#13258,
    #13269,#13280,#13291,#13302,#13313,#13324,#13335,#13346,#13357,
    #13368,#13379,#13390,#13401,#13412,#13423,#13434,#13445),#13456,.T.
  );
#12487 = FACE_BOUND('',#12488,.T.);
#12488 = EDGE_LOOP('',(#12489,#12490,#12491,#12497));
#12489 = ORIENTED_EDGE('',*,*,#11423,.F.);
#12490 = ORIENTED_EDGE('',*,*,#11463,.F.);
#12491 = ORIENTED_EDGE('',*,*,#12492,.F.);
#12492 = EDGE_CURVE('',#11486,#11456,#12493,.T.);
#12493 = LINE('',#12494,#12495);
#12494 = CARTESIAN_POINT('',(50.,-50.,1.51));
#12495 = VECTOR('',#12496,1.);
#12496 = DIRECTION('',(1.,0.,0.));
#12497 = ORIENTED_EDGE('',*,*,#11485,.F.);
#12498 = FACE_BOUND('',#12499,.T.);
#12499 = EDGE_LOOP('',(#12500));
#12500 = ORIENTED_EDGE('',*,*,#12501,.T.);
#12501 = EDGE_CURVE('',#12502,#12502,#12504,.T.);
#12502 = VERTEX_POINT('',#12503);
#12503 = CARTESIAN_POINT('',(55.5,-121.1,1.51));
#12504 = CIRCLE('',#12505,1.6);
#12505 = AXIS2_PLACEMENT_3D('',#12506,#12507,#12508);
#12506 = CARTESIAN_POINT('',(55.5,-119.5,1.51));
#12507 = DIRECTION('',(-0.,0.,-1.));
#12508 = DIRECTION('',(-0.,-1.,0.));
#12509 = FACE_BOUND('',#12510,.T.);
#12510 = EDGE_LOOP('',(#12511));
#12511 = ORIENTED_EDGE('',*,*,#12512,.T.);
#12512 = EDGE_CURVE('',#12513,#12513,#12515,.T.);
#12513 = VERTEX_POINT('',#12514);
#12514 = CARTESIAN_POINT('',(64.,-115.86,1.51));
#12515 = CIRCLE('',#12516,0.7);
#12516 = AXIS2_PLACEMENT_3D('',#12517,#12518,#12519);
#12517 = CARTESIAN_POINT('',(64.,-115.16,1.51));
#12518 = DIRECTION('',(-0.,0.,-1.));
#12519 = DIRECTION('',(-0.,-1.,0.));
#12520 = FACE_BOUND('',#12521,.T.);
#12521 = EDGE_LOOP('',(#12522));
#12522 = ORIENTED_EDGE('',*,*,#12523,.T.);
#12523 = EDGE_CURVE('',#12524,#12524,#12526,.T.);
#12524 = VERTEX_POINT('',#12525);
#12525 = CARTESIAN_POINT('',(75.,-115.86,1.51));
#12526 = CIRCLE('',#12527,0.7);
#12527 = AXIS2_PLACEMENT_3D('',#12528,#12529,#12530);
#12528 = CARTESIAN_POINT('',(75.,-115.16,1.51));
#12529 = DIRECTION('',(-0.,0.,-1.));
#12530 = DIRECTION('',(-0.,-1.,0.));
#12531 = FACE_BOUND('',#12532,.T.);
#12532 = EDGE_LOOP('',(#12533));
#12533 = ORIENTED_EDGE('',*,*,#12534,.T.);
#12534 = EDGE_CURVE('',#12535,#12535,#12537,.T.);
#12535 = VERTEX_POINT('',#12536);
#12536 = CARTESIAN_POINT('',(64.,-105.7,1.51));
#12537 = CIRCLE('',#12538,0.7);
#12538 = AXIS2_PLACEMENT_3D('',#12539,#12540,#12541);
#12539 = CARTESIAN_POINT('',(64.,-105.,1.51));
#12540 = DIRECTION('',(-0.,0.,-1.));
#12541 = DIRECTION('',(-0.,-1.,0.));
#12542 = FACE_BOUND('',#12543,.T.);
#12543 = EDGE_LOOP('',(#12544));
#12544 = ORIENTED_EDGE('',*,*,#12545,.T.);
#12545 = EDGE_CURVE('',#12546,#12546,#12548,.T.);
#12546 = VERTEX_POINT('',#12547);
#12547 = CARTESIAN_POINT('',(75.,-105.7,1.51));
#12548 = CIRCLE('',#12549,0.7);
#12549 = AXIS2_PLACEMENT_3D('',#12550,#12551,#12552);
#12550 = CARTESIAN_POINT('',(75.,-105.,1.51));
#12551 = DIRECTION('',(-0.,0.,-1.));
#12552 = DIRECTION('',(-0.,-1.,0.));
#12553 = FACE_BOUND('',#12554,.T.);
#12554 = EDGE_LOOP('',(#12555));
#12555 = ORIENTED_EDGE('',*,*,#12556,.T.);
#12556 = EDGE_CURVE('',#12557,#12557,#12559,.T.);
#12557 = VERTEX_POINT('',#12558);
#12558 = CARTESIAN_POINT('',(86.,-115.86,1.51));
#12559 = CIRCLE('',#12560,0.7);
#12560 = AXIS2_PLACEMENT_3D('',#12561,#12562,#12563);
#12561 = CARTESIAN_POINT('',(86.,-115.16,1.51));
#12562 = DIRECTION('',(-0.,0.,-1.));
#12563 = DIRECTION('',(-0.,-1.,0.));
#12564 = FACE_BOUND('',#12565,.T.);
#12565 = EDGE_LOOP('',(#12566));
#12566 = ORIENTED_EDGE('',*,*,#12567,.T.);
#12567 = EDGE_CURVE('',#12568,#12568,#12570,.T.);
#12568 = VERTEX_POINT('',#12569);
#12569 = CARTESIAN_POINT('',(97.,-115.86,1.51));
#12570 = CIRCLE('',#12571,0.7);
#12571 = AXIS2_PLACEMENT_3D('',#12572,#12573,#12574);
#12572 = CARTESIAN_POINT('',(97.,-115.16,1.51));
#12573 = DIRECTION('',(-0.,0.,-1.));
#12574 = DIRECTION('',(-0.,-1.,0.));
#12575 = FACE_BOUND('',#12576,.T.);
#12576 = EDGE_LOOP('',(#12577));
#12577 = ORIENTED_EDGE('',*,*,#12578,.T.);
#12578 = EDGE_CURVE('',#12579,#12579,#12581,.T.);
#12579 = VERTEX_POINT('',#12580);
#12580 = CARTESIAN_POINT('',(86.,-105.7,1.51));
#12581 = CIRCLE('',#12582,0.7);
#12582 = AXIS2_PLACEMENT_3D('',#12583,#12584,#12585);
#12583 = CARTESIAN_POINT('',(86.,-105.,1.51));
#12584 = DIRECTION('',(-0.,0.,-1.));
#12585 = DIRECTION('',(-0.,-1.,0.));
#12586 = FACE_BOUND('',#12587,.T.);
#12587 = EDGE_LOOP('',(#12588));
#12588 = ORIENTED_EDGE('',*,*,#12589,.T.);
#12589 = EDGE_CURVE('',#12590,#12590,#12592,.T.);
#12590 = VERTEX_POINT('',#12591);
#12591 = CARTESIAN_POINT('',(97.,-105.7,1.51));
#12592 = CIRCLE('',#12593,0.7);
#12593 = AXIS2_PLACEMENT_3D('',#12594,#12595,#12596);
#12594 = CARTESIAN_POINT('',(97.,-105.,1.51));
#12595 = DIRECTION('',(-0.,0.,-1.));
#12596 = DIRECTION('',(-0.,-1.,0.));
#12597 = FACE_BOUND('',#12598,.T.);
#12598 = EDGE_LOOP('',(#12599));
#12599 = ORIENTED_EDGE('',*,*,#12600,.T.);
#12600 = EDGE_CURVE('',#12601,#12601,#12603,.T.);
#12601 = VERTEX_POINT('',#12602);
#12602 = CARTESIAN_POINT('',(65.,-91.175,1.51));
#12603 = CIRCLE('',#12604,1.175);
#12604 = AXIS2_PLACEMENT_3D('',#12605,#12606,#12607);
#12605 = CARTESIAN_POINT('',(65.,-90.,1.51));
#12606 = DIRECTION('',(-0.,0.,-1.));
#12607 = DIRECTION('',(-0.,-1.,0.));
#12608 = FACE_BOUND('',#12609,.T.);
#12609 = EDGE_LOOP('',(#12610));
#12610 = ORIENTED_EDGE('',*,*,#12611,.T.);
#12611 = EDGE_CURVE('',#12612,#12612,#12614,.T.);
#12612 = VERTEX_POINT('',#12613);
#12613 = CARTESIAN_POINT('',(72.5,-91.7,1.51));
#12614 = CIRCLE('',#12615,1.7);
#12615 = AXIS2_PLACEMENT_3D('',#12616,#12617,#12618);
#12616 = CARTESIAN_POINT('',(72.5,-90.,1.51));
#12617 = DIRECTION('',(-0.,0.,-1.));
#12618 = DIRECTION('',(-0.,-1.,0.));
#12619 = FACE_BOUND('',#12620,.T.);
#12620 = EDGE_LOOP('',(#12621));
#12621 = ORIENTED_EDGE('',*,*,#12622,.T.);
#12622 = EDGE_CURVE('',#12623,#12623,#12625,.T.);
#12623 = VERTEX_POINT('',#12624);
#12624 = CARTESIAN_POINT('',(80.,-91.175,1.51));
#12625 = CIRCLE('',#12626,1.175);
#12626 = AXIS2_PLACEMENT_3D('',#12627,#12628,#12629);
#12627 = CARTESIAN_POINT('',(80.,-90.,1.51));
#12628 = DIRECTION('',(-0.,0.,-1.));
#12629 = DIRECTION('',(-0.,-1.,0.));
#12630 = FACE_BOUND('',#12631,.T.);
#12631 = EDGE_LOOP('',(#12632));
#12632 = ORIENTED_EDGE('',*,*,#12633,.T.);
#12633 = EDGE_CURVE('',#12634,#12634,#12636,.T.);
#12634 = VERTEX_POINT('',#12635);
#12635 = CARTESIAN_POINT('',(95.,-91.175,1.51));
#12636 = CIRCLE('',#12637,1.175);
#12637 = AXIS2_PLACEMENT_3D('',#12638,#12639,#12640);
#12638 = CARTESIAN_POINT('',(95.,-90.,1.51));
#12639 = DIRECTION('',(-0.,0.,-1.));
#12640 = DIRECTION('',(-0.,-1.,0.));
#12641 = FACE_BOUND('',#12642,.T.);
#12642 = EDGE_LOOP('',(#12643));
#12643 = ORIENTED_EDGE('',*,*,#12644,.T.);
#12644 = EDGE_CURVE('',#12645,#12645,#12647,.T.);
#12645 = VERTEX_POINT('',#12646);
#12646 = CARTESIAN_POINT('',(108.,-115.86,1.51));
#12647 = CIRCLE('',#12648,0.7);
#12648 = AXIS2_PLACEMENT_3D('',#12649,#12650,#12651);
#12649 = CARTESIAN_POINT('',(108.,-115.16,1.51));
#12650 = DIRECTION('',(-0.,0.,-1.));
#12651 = DIRECTION('',(-0.,-1.,0.));
#12652 = FACE_BOUND('',#12653,.T.);
#12653 = EDGE_LOOP('',(#12654));
#12654 = ORIENTED_EDGE('',*,*,#12655,.T.);
#12655 = EDGE_CURVE('',#12656,#12656,#12658,.T.);
#12656 = VERTEX_POINT('',#12657);
#12657 = CARTESIAN_POINT('',(116.,-120.5,1.51));
#12658 = CIRCLE('',#12659,0.5);
#12659 = AXIS2_PLACEMENT_3D('',#12660,#12661,#12662);
#12660 = CARTESIAN_POINT('',(116.,-120.,1.51));
#12661 = DIRECTION('',(-0.,0.,-1.));
#12662 = DIRECTION('',(-0.,-1.,0.));
#12663 = FACE_BOUND('',#12664,.T.);
#12664 = EDGE_LOOP('',(#12665));
#12665 = ORIENTED_EDGE('',*,*,#12666,.T.);
#12666 = EDGE_CURVE('',#12667,#12667,#12669,.T.);
#12667 = VERTEX_POINT('',#12668);
#12668 = CARTESIAN_POINT('',(118.54,-120.5,1.51));
#12669 = CIRCLE('',#12670,0.5);
#12670 = AXIS2_PLACEMENT_3D('',#12671,#12672,#12673);
#12671 = CARTESIAN_POINT('',(118.54,-120.,1.51));
#12672 = DIRECTION('',(-0.,0.,-1.));
#12673 = DIRECTION('',(-0.,-1.,0.));
#12674 = FACE_BOUND('',#12675,.T.);
#12675 = EDGE_LOOP('',(#12676));
#12676 = ORIENTED_EDGE('',*,*,#12677,.T.);
#12677 = EDGE_CURVE('',#12678,#12678,#12680,.T.);
#12678 = VERTEX_POINT('',#12679);
#12679 = CARTESIAN_POINT('',(122.,-121.05,1.51));
#12680 = CIRCLE('',#12681,0.55);
#12681 = AXIS2_PLACEMENT_3D('',#12682,#12683,#12684);
#12682 = CARTESIAN_POINT('',(122.,-120.5,1.51));
#12683 = DIRECTION('',(-0.,0.,-1.));
#12684 = DIRECTION('',(-0.,-1.,0.));
#12685 = FACE_BOUND('',#12686,.T.);
#12686 = EDGE_LOOP('',(#12687));
#12687 = ORIENTED_EDGE('',*,*,#12688,.T.);
#12688 = EDGE_CURVE('',#12689,#12689,#12691,.T.);
#12689 = VERTEX_POINT('',#12690);
#12690 = CARTESIAN_POINT('',(122.,-115.97,1.51));
#12691 = CIRCLE('',#12692,0.55);
#12692 = AXIS2_PLACEMENT_3D('',#12693,#12694,#12695);
#12693 = CARTESIAN_POINT('',(122.,-115.42,1.51));
#12694 = DIRECTION('',(-0.,0.,-1.));
#12695 = DIRECTION('',(-0.,-1.,0.));
#12696 = FACE_BOUND('',#12697,.T.);
#12697 = EDGE_LOOP('',(#12698));
#12698 = ORIENTED_EDGE('',*,*,#12699,.T.);
#12699 = EDGE_CURVE('',#12700,#12700,#12702,.T.);
#12700 = VERTEX_POINT('',#12701);
#12701 = CARTESIAN_POINT('',(108.,-105.7,1.51));
#12702 = CIRCLE('',#12703,0.7);
#12703 = AXIS2_PLACEMENT_3D('',#12704,#12705,#12706);
#12704 = CARTESIAN_POINT('',(108.,-105.,1.51));
#12705 = DIRECTION('',(-0.,0.,-1.));
#12706 = DIRECTION('',(-0.,-1.,0.));
#12707 = FACE_BOUND('',#12708,.T.);
#12708 = EDGE_LOOP('',(#12709));
#12709 = ORIENTED_EDGE('',*,*,#12710,.T.);
#12710 = EDGE_CURVE('',#12711,#12711,#12713,.T.);
#12711 = VERTEX_POINT('',#12712);
#12712 = CARTESIAN_POINT('',(126.,-120.44,1.51));
#12713 = CIRCLE('',#12714,0.4);
#12714 = AXIS2_PLACEMENT_3D('',#12715,#12716,#12717);
#12715 = CARTESIAN_POINT('',(126.,-120.04,1.51));
#12716 = DIRECTION('',(-0.,0.,-1.));
#12717 = DIRECTION('',(-0.,-1.,0.));
#12718 = FACE_BOUND('',#12719,.T.);
#12719 = EDGE_LOOP('',(#12720));
#12720 = ORIENTED_EDGE('',*,*,#12721,.T.);
#12721 = EDGE_CURVE('',#12722,#12722,#12724,.T.);
#12722 = VERTEX_POINT('',#12723);
#12723 = CARTESIAN_POINT('',(126.,-117.9,1.51));
#12724 = CIRCLE('',#12725,0.4);
#12725 = AXIS2_PLACEMENT_3D('',#12726,#12727,#12728);
#12726 = CARTESIAN_POINT('',(126.,-117.5,1.51));
#12727 = DIRECTION('',(-0.,0.,-1.));
#12728 = DIRECTION('',(-0.,-1.,0.));
#12729 = FACE_BOUND('',#12730,.T.);
#12730 = EDGE_LOOP('',(#12731));
#12731 = ORIENTED_EDGE('',*,*,#12732,.T.);
#12732 = EDGE_CURVE('',#12733,#12733,#12735,.T.);
#12733 = VERTEX_POINT('',#12734);
#12734 = CARTESIAN_POINT('',(130.,-120.44,1.51));
#12735 = CIRCLE('',#12736,0.4);
#12736 = AXIS2_PLACEMENT_3D('',#12737,#12738,#12739);
#12737 = CARTESIAN_POINT('',(130.,-120.04,1.51));
#12738 = DIRECTION('',(-0.,0.,-1.));
#12739 = DIRECTION('',(-0.,-1.,0.));
#12740 = FACE_BOUND('',#12741,.T.);
#12741 = EDGE_LOOP('',(#12742));
#12742 = ORIENTED_EDGE('',*,*,#12743,.T.);
#12743 = EDGE_CURVE('',#12744,#12744,#12746,.T.);
#12744 = VERTEX_POINT('',#12745);
#12745 = CARTESIAN_POINT('',(130.,-117.9,1.51));
#12746 = CIRCLE('',#12747,0.4);
#12747 = AXIS2_PLACEMENT_3D('',#12748,#12749,#12750);
#12748 = CARTESIAN_POINT('',(130.,-117.5,1.51));
#12749 = DIRECTION('',(-0.,0.,-1.));
#12750 = DIRECTION('',(-0.,-1.,0.));
#12751 = FACE_BOUND('',#12752,.T.);
#12752 = EDGE_LOOP('',(#12753));
#12753 = ORIENTED_EDGE('',*,*,#12754,.T.);
#12754 = EDGE_CURVE('',#12755,#12755,#12757,.T.);
#12755 = VERTEX_POINT('',#12756);
#12756 = CARTESIAN_POINT('',(131.,-114.72,1.51));
#12757 = CIRCLE('',#12758,0.4);
#12758 = AXIS2_PLACEMENT_3D('',#12759,#12760,#12761);
#12759 = CARTESIAN_POINT('',(131.,-114.32,1.51));
#12760 = DIRECTION('',(-0.,0.,-1.));
#12761 = DIRECTION('',(-0.,-1.,0.));
#12762 = FACE_BOUND('',#12763,.T.);
#12763 = EDGE_LOOP('',(#12764));
#12764 = ORIENTED_EDGE('',*,*,#12765,.T.);
#12765 = EDGE_CURVE('',#12766,#12766,#12768,.T.);
#12766 = VERTEX_POINT('',#12767);
#12767 = CARTESIAN_POINT('',(136.,-119.8,1.51));
#12768 = CIRCLE('',#12769,0.4);
#12769 = AXIS2_PLACEMENT_3D('',#12770,#12771,#12772);
#12770 = CARTESIAN_POINT('',(136.,-119.4,1.51));
#12771 = DIRECTION('',(-0.,0.,-1.));
#12772 = DIRECTION('',(-0.,-1.,0.));
#12773 = FACE_BOUND('',#12774,.T.);
#12774 = EDGE_LOOP('',(#12775));
#12775 = ORIENTED_EDGE('',*,*,#12776,.T.);
#12776 = EDGE_CURVE('',#12777,#12777,#12779,.T.);
#12777 = VERTEX_POINT('',#12778);
#12778 = CARTESIAN_POINT('',(144.5,-120.45,1.51));
#12779 = CIRCLE('',#12780,0.45);
#12780 = AXIS2_PLACEMENT_3D('',#12781,#12782,#12783);
#12781 = CARTESIAN_POINT('',(144.5,-120.,1.51));
#12782 = DIRECTION('',(-0.,0.,-1.));
#12783 = DIRECTION('',(-0.,-1.,0.));
#12784 = FACE_BOUND('',#12785,.T.);
#12785 = EDGE_LOOP('',(#12786));
#12786 = ORIENTED_EDGE('',*,*,#12787,.T.);
#12787 = EDGE_CURVE('',#12788,#12788,#12790,.T.);
#12788 = VERTEX_POINT('',#12789);
#12789 = CARTESIAN_POINT('',(144.5,-117.91,1.51));
#12790 = CIRCLE('',#12791,0.45);
#12791 = AXIS2_PLACEMENT_3D('',#12792,#12793,#12794);
#12792 = CARTESIAN_POINT('',(144.5,-117.46,1.51));
#12793 = DIRECTION('',(-0.,0.,-1.));
#12794 = DIRECTION('',(-0.,-1.,0.));
#12795 = FACE_BOUND('',#12796,.T.);
#12796 = EDGE_LOOP('',(#12797));
#12797 = ORIENTED_EDGE('',*,*,#12798,.T.);
#12798 = EDGE_CURVE('',#12799,#12799,#12801,.T.);
#12799 = VERTEX_POINT('',#12800);
#12800 = CARTESIAN_POINT('',(136.,-114.72,1.51));
#12801 = CIRCLE('',#12802,0.4);
#12802 = AXIS2_PLACEMENT_3D('',#12803,#12804,#12805);
#12803 = CARTESIAN_POINT('',(136.,-114.32,1.51));
#12804 = DIRECTION('',(-0.,0.,-1.));
#12805 = DIRECTION('',(-0.,-1.,0.));
#12806 = FACE_BOUND('',#12807,.T.);
#12807 = EDGE_LOOP('',(#12808));
#12808 = ORIENTED_EDGE('',*,*,#12809,.T.);
#12809 = EDGE_CURVE('',#12810,#12810,#12812,.T.);
#12810 = VERTEX_POINT('',#12811);
#12811 = CARTESIAN_POINT('',(140.,-114.72,1.51));
#12812 = CIRCLE('',#12813,0.4);
#12813 = AXIS2_PLACEMENT_3D('',#12814,#12815,#12816);
#12814 = CARTESIAN_POINT('',(140.,-114.32,1.51));
#12815 = DIRECTION('',(-0.,0.,-1.));
#12816 = DIRECTION('',(-0.,-1.,0.));
#12817 = FACE_BOUND('',#12818,.T.);
#12818 = EDGE_LOOP('',(#12819));
#12819 = ORIENTED_EDGE('',*,*,#12820,.T.);
#12820 = EDGE_CURVE('',#12821,#12821,#12823,.T.);
#12821 = VERTEX_POINT('',#12822);
#12822 = CARTESIAN_POINT('',(126.,-109.64,1.51));
#12823 = CIRCLE('',#12824,0.4);
#12824 = AXIS2_PLACEMENT_3D('',#12825,#12826,#12827);
#12825 = CARTESIAN_POINT('',(126.,-109.24,1.51));
#12826 = DIRECTION('',(-0.,0.,-1.));
#12827 = DIRECTION('',(-0.,-1.,0.));
#12828 = FACE_BOUND('',#12829,.T.);
#12829 = EDGE_LOOP('',(#12830));
#12830 = ORIENTED_EDGE('',*,*,#12831,.T.);
#12831 = EDGE_CURVE('',#12832,#12832,#12834,.T.);
#12832 = VERTEX_POINT('',#12833);
#12833 = CARTESIAN_POINT('',(131.,-109.64,1.51));
#12834 = CIRCLE('',#12835,0.4);
#12835 = AXIS2_PLACEMENT_3D('',#12836,#12837,#12838);
#12836 = CARTESIAN_POINT('',(131.,-109.24,1.51));
#12837 = DIRECTION('',(-0.,0.,-1.));
#12838 = DIRECTION('',(-0.,-1.,0.));
#12839 = FACE_BOUND('',#12840,.T.);
#12840 = EDGE_LOOP('',(#12841));
#12841 = ORIENTED_EDGE('',*,*,#12842,.T.);
#12842 = EDGE_CURVE('',#12843,#12843,#12845,.T.);
#12843 = VERTEX_POINT('',#12844);
#12844 = CARTESIAN_POINT('',(135.,-109.64,1.51));
#12845 = CIRCLE('',#12846,0.4);
#12846 = AXIS2_PLACEMENT_3D('',#12847,#12848,#12849);
#12847 = CARTESIAN_POINT('',(135.,-109.24,1.51));
#12848 = DIRECTION('',(-0.,0.,-1.));
#12849 = DIRECTION('',(-0.,-1.,0.));
#12850 = FACE_BOUND('',#12851,.T.);
#12851 = EDGE_LOOP('',(#12852));
#12852 = ORIENTED_EDGE('',*,*,#12853,.T.);
#12853 = EDGE_CURVE('',#12854,#12854,#12856,.T.);
#12854 = VERTEX_POINT('',#12855);
#12855 = CARTESIAN_POINT('',(144.5,-112.98,1.51));
#12856 = CIRCLE('',#12857,0.4);
#12857 = AXIS2_PLACEMENT_3D('',#12858,#12859,#12860);
#12858 = CARTESIAN_POINT('',(144.5,-112.58,1.51));
#12859 = DIRECTION('',(-0.,0.,-1.));
#12860 = DIRECTION('',(-0.,-1.,0.));
#12861 = FACE_BOUND('',#12862,.T.);
#12862 = EDGE_LOOP('',(#12863));
#12863 = ORIENTED_EDGE('',*,*,#12864,.T.);
#12864 = EDGE_CURVE('',#12865,#12865,#12867,.T.);
#12865 = VERTEX_POINT('',#12866);
#12866 = CARTESIAN_POINT('',(140.,-109.64,1.51));
#12867 = CIRCLE('',#12868,0.4);
#12868 = AXIS2_PLACEMENT_3D('',#12869,#12870,#12871);
#12869 = CARTESIAN_POINT('',(140.,-109.24,1.51));
#12870 = DIRECTION('',(-0.,0.,-1.));
#12871 = DIRECTION('',(-0.,-1.,0.));
#12872 = FACE_BOUND('',#12873,.T.);
#12873 = EDGE_LOOP('',(#12874));
#12874 = ORIENTED_EDGE('',*,*,#12875,.T.);
#12875 = EDGE_CURVE('',#12876,#12876,#12878,.T.);
#12876 = VERTEX_POINT('',#12877);
#12877 = CARTESIAN_POINT('',(144.5,-107.9,1.51));
#12878 = CIRCLE('',#12879,0.4);
#12879 = AXIS2_PLACEMENT_3D('',#12880,#12881,#12882);
#12880 = CARTESIAN_POINT('',(144.5,-107.5,1.51));
#12881 = DIRECTION('',(-0.,0.,-1.));
#12882 = DIRECTION('',(-0.,-1.,0.));
#12883 = FACE_BOUND('',#12884,.T.);
#12884 = EDGE_LOOP('',(#12885));
#12885 = ORIENTED_EDGE('',*,*,#12886,.T.);
#12886 = EDGE_CURVE('',#12887,#12887,#12889,.T.);
#12887 = VERTEX_POINT('',#12888);
#12888 = CARTESIAN_POINT('',(121.,-104.56,1.51));
#12889 = CIRCLE('',#12890,0.4);
#12890 = AXIS2_PLACEMENT_3D('',#12891,#12892,#12893);
#12891 = CARTESIAN_POINT('',(121.,-104.16,1.51));
#12892 = DIRECTION('',(-0.,0.,-1.));
#12893 = DIRECTION('',(-0.,-1.,0.));
#12894 = FACE_BOUND('',#12895,.T.);
#12895 = EDGE_LOOP('',(#12896));
#12896 = ORIENTED_EDGE('',*,*,#12897,.T.);
#12897 = EDGE_CURVE('',#12898,#12898,#12900,.T.);
#12898 = VERTEX_POINT('',#12899);
#12899 = CARTESIAN_POINT('',(116.,-99.48,1.51));
#12900 = CIRCLE('',#12901,0.4);
#12901 = AXIS2_PLACEMENT_3D('',#12902,#12903,#12904);
#12902 = CARTESIAN_POINT('',(116.,-99.08,1.51));
#12903 = DIRECTION('',(-0.,0.,-1.));
#12904 = DIRECTION('',(-0.,-1.,0.));
#12905 = FACE_BOUND('',#12906,.T.);
#12906 = EDGE_LOOP('',(#12907));
#12907 = ORIENTED_EDGE('',*,*,#12908,.T.);
#12908 = EDGE_CURVE('',#12909,#12909,#12911,.T.);
#12909 = VERTEX_POINT('',#12910);
#12910 = CARTESIAN_POINT('',(121.,-99.48,1.51));
#12911 = CIRCLE('',#12912,0.4);
#12912 = AXIS2_PLACEMENT_3D('',#12913,#12914,#12915);
#12913 = CARTESIAN_POINT('',(121.,-99.08,1.51));
#12914 = DIRECTION('',(-0.,0.,-1.));
#12915 = DIRECTION('',(-0.,-1.,0.));
#12916 = FACE_BOUND('',#12917,.T.);
#12917 = EDGE_LOOP('',(#12918));
#12918 = ORIENTED_EDGE('',*,*,#12919,.T.);
#12919 = EDGE_CURVE('',#12920,#12920,#12922,.T.);
#12920 = VERTEX_POINT('',#12921);
#12921 = CARTESIAN_POINT('',(102.5,-91.7,1.51));
#12922 = CIRCLE('',#12923,1.7);
#12923 = AXIS2_PLACEMENT_3D('',#12924,#12925,#12926);
#12924 = CARTESIAN_POINT('',(102.5,-90.,1.51));
#12925 = DIRECTION('',(-0.,0.,-1.));
#12926 = DIRECTION('',(-0.,-1.,0.));
#12927 = FACE_BOUND('',#12928,.T.);
#12928 = EDGE_LOOP('',(#12929));
#12929 = ORIENTED_EDGE('',*,*,#12930,.T.);
#12930 = EDGE_CURVE('',#12931,#12931,#12933,.T.);
#12931 = VERTEX_POINT('',#12932);
#12932 = CARTESIAN_POINT('',(110.,-91.175,1.51));
#12933 = CIRCLE('',#12934,1.175);
#12934 = AXIS2_PLACEMENT_3D('',#12935,#12936,#12937);
#12935 = CARTESIAN_POINT('',(110.,-90.,1.51));
#12936 = DIRECTION('',(-0.,0.,-1.));
#12937 = DIRECTION('',(-0.,-1.,0.));
#12938 = FACE_BOUND('',#12939,.T.);
#12939 = EDGE_LOOP('',(#12940));
#12940 = ORIENTED_EDGE('',*,*,#12941,.T.);
#12941 = EDGE_CURVE('',#12942,#12942,#12944,.T.);
#12942 = VERTEX_POINT('',#12943);
#12943 = CARTESIAN_POINT('',(116.,-94.4,1.51));
#12944 = CIRCLE('',#12945,0.4);
#12945 = AXIS2_PLACEMENT_3D('',#12946,#12947,#12948);
#12946 = CARTESIAN_POINT('',(116.,-94.,1.51));
#12947 = DIRECTION('',(-0.,0.,-1.));
#12948 = DIRECTION('',(-0.,-1.,0.));
#12949 = FACE_BOUND('',#12950,.T.);
#12950 = EDGE_LOOP('',(#12951));
#12951 = ORIENTED_EDGE('',*,*,#12952,.T.);
#12952 = EDGE_CURVE('',#12953,#12953,#12955,.T.);
#12953 = VERTEX_POINT('',#12954);
#12954 = CARTESIAN_POINT('',(126.,-104.56,1.51));
#12955 = CIRCLE('',#12956,0.4);
#12956 = AXIS2_PLACEMENT_3D('',#12957,#12958,#12959);
#12957 = CARTESIAN_POINT('',(126.,-104.16,1.51));
#12958 = DIRECTION('',(-0.,0.,-1.));
#12959 = DIRECTION('',(-0.,-1.,0.));
#12960 = FACE_BOUND('',#12961,.T.);
#12961 = EDGE_LOOP('',(#12962));
#12962 = ORIENTED_EDGE('',*,*,#12963,.T.);
#12963 = EDGE_CURVE('',#12964,#12964,#12966,.T.);
#12964 = VERTEX_POINT('',#12965);
#12965 = CARTESIAN_POINT('',(130.,-104.56,1.51));
#12966 = CIRCLE('',#12967,0.4);
#12967 = AXIS2_PLACEMENT_3D('',#12968,#12969,#12970);
#12968 = CARTESIAN_POINT('',(130.,-104.16,1.51));
#12969 = DIRECTION('',(-0.,0.,-1.));
#12970 = DIRECTION('',(-0.,-1.,0.));
#12971 = FACE_BOUND('',#12972,.T.);
#12972 = EDGE_LOOP('',(#12973));
#12973 = ORIENTED_EDGE('',*,*,#12974,.T.);
#12974 = EDGE_CURVE('',#12975,#12975,#12977,.T.);
#12975 = VERTEX_POINT('',#12976);
#12976 = CARTESIAN_POINT('',(125.,-99.48,1.51));
#12977 = CIRCLE('',#12978,0.4);
#12978 = AXIS2_PLACEMENT_3D('',#12979,#12980,#12981);
#12979 = CARTESIAN_POINT('',(125.,-99.08,1.51));
#12980 = DIRECTION('',(-0.,0.,-1.));
#12981 = DIRECTION('',(-0.,-1.,0.));
#12982 = FACE_BOUND('',#12983,.T.);
#12983 = EDGE_LOOP('',(#12984));
#12984 = ORIENTED_EDGE('',*,*,#12985,.T.);
#12985 = EDGE_CURVE('',#12986,#12986,#12988,.T.);
#12986 = VERTEX_POINT('',#12987);
#12987 = CARTESIAN_POINT('',(130.,-99.48,1.51));
#12988 = CIRCLE('',#12989,0.4);
#12989 = AXIS2_PLACEMENT_3D('',#12990,#12991,#12992);
#12990 = CARTESIAN_POINT('',(130.,-99.08,1.51));
#12991 = DIRECTION('',(-0.,0.,-1.));
#12992 = DIRECTION('',(-0.,-1.,0.));
#12993 = FACE_BOUND('',#12994,.T.);
#12994 = EDGE_LOOP('',(#12995));
#12995 = ORIENTED_EDGE('',*,*,#12996,.T.);
#12996 = EDGE_CURVE('',#12997,#12997,#12999,.T.);
#12997 = VERTEX_POINT('',#12998);
#12998 = CARTESIAN_POINT('',(135.,-104.56,1.51));
#12999 = CIRCLE('',#13000,0.4);
#13000 = AXIS2_PLACEMENT_3D('',#13001,#13002,#13003);
#13001 = CARTESIAN_POINT('',(135.,-104.16,1.51));
#13002 = DIRECTION('',(-0.,0.,-1.));
#13003 = DIRECTION('',(-0.,-1.,0.));
#13004 = FACE_BOUND('',#13005,.T.);
#13005 = EDGE_LOOP('',(#13006));
#13006 = ORIENTED_EDGE('',*,*,#13007,.T.);
#13007 = EDGE_CURVE('',#13008,#13008,#13010,.T.);
#13008 = VERTEX_POINT('',#13009);
#13009 = CARTESIAN_POINT('',(125.,-94.4,1.51));
#13010 = CIRCLE('',#13011,0.4);
#13011 = AXIS2_PLACEMENT_3D('',#13012,#13013,#13014);
#13012 = CARTESIAN_POINT('',(125.,-94.,1.51));
#13013 = DIRECTION('',(-0.,0.,-1.));
#13014 = DIRECTION('',(-0.,-1.,0.));
#13015 = FACE_BOUND('',#13016,.T.);
#13016 = EDGE_LOOP('',(#13017));
#13017 = ORIENTED_EDGE('',*,*,#13018,.T.);
#13018 = EDGE_CURVE('',#13019,#13019,#13021,.T.);
#13019 = VERTEX_POINT('',#13020);
#13020 = CARTESIAN_POINT('',(144.,-91.6,1.51));
#13021 = CIRCLE('',#13022,1.6);
#13022 = AXIS2_PLACEMENT_3D('',#13023,#13024,#13025);
#13023 = CARTESIAN_POINT('',(144.,-90.,1.51));
#13024 = DIRECTION('',(-0.,0.,-1.));
#13025 = DIRECTION('',(-0.,-1.,0.));
#13026 = FACE_BOUND('',#13027,.T.);
#13027 = EDGE_LOOP('',(#13028));
#13028 = ORIENTED_EDGE('',*,*,#13029,.T.);
#13029 = EDGE_CURVE('',#13030,#13030,#13032,.T.);
#13030 = VERTEX_POINT('',#13031);
#13031 = CARTESIAN_POINT('',(58.,-77.71,1.51));
#13032 = CIRCLE('',#13033,0.55);
#13033 = AXIS2_PLACEMENT_3D('',#13034,#13035,#13036);
#13034 = CARTESIAN_POINT('',(58.,-77.16,1.51));
#13035 = DIRECTION('',(-0.,0.,-1.));
#13036 = DIRECTION('',(-0.,-1.,0.));
#13037 = FACE_BOUND('',#13038,.T.);
#13038 = EDGE_LOOP('',(#13039));
#13039 = ORIENTED_EDGE('',*,*,#13040,.T.);
#13040 = EDGE_CURVE('',#13041,#13041,#13043,.T.);
#13041 = VERTEX_POINT('',#13042);
#13042 = CARTESIAN_POINT('',(67.52,-77.71,1.51));
#13043 = CIRCLE('',#13044,0.55);
#13044 = AXIS2_PLACEMENT_3D('',#13045,#13046,#13047);
#13045 = CARTESIAN_POINT('',(67.52,-77.16,1.51));
#13046 = DIRECTION('',(-0.,0.,-1.));
#13047 = DIRECTION('',(-0.,-1.,0.));
#13048 = FACE_BOUND('',#13049,.T.);
#13049 = EDGE_LOOP('',(#13050));
#13050 = ORIENTED_EDGE('',*,*,#13051,.T.);
#13051 = EDGE_CURVE('',#13052,#13052,#13054,.T.);
#13052 = VERTEX_POINT('',#13053);
#13053 = CARTESIAN_POINT('',(78.5,-77.71,1.51));
#13054 = CIRCLE('',#13055,0.55);
#13055 = AXIS2_PLACEMENT_3D('',#13056,#13057,#13058);
#13056 = CARTESIAN_POINT('',(78.5,-77.16,1.51));
#13057 = DIRECTION('',(-0.,0.,-1.));
#13058 = DIRECTION('',(-0.,-1.,0.));
#13059 = FACE_BOUND('',#13060,.T.);
#13060 = EDGE_LOOP('',(#13061));
#13061 = ORIENTED_EDGE('',*,*,#13062,.T.);
#13062 = EDGE_CURVE('',#13063,#13063,#13065,.T.);
#13063 = VERTEX_POINT('',#13064);
#13064 = CARTESIAN_POINT('',(88.02,-77.71,1.51));
#13065 = CIRCLE('',#13066,0.55);
#13066 = AXIS2_PLACEMENT_3D('',#13067,#13068,#13069);
#13067 = CARTESIAN_POINT('',(88.02,-77.16,1.51));
#13068 = DIRECTION('',(-0.,0.,-1.));
#13069 = DIRECTION('',(-0.,-1.,0.));
#13070 = FACE_BOUND('',#13071,.T.);
#13071 = EDGE_LOOP('',(#13072));
#13072 = ORIENTED_EDGE('',*,*,#13073,.T.);
#13073 = EDGE_CURVE('',#13074,#13074,#13076,.T.);
#13074 = VERTEX_POINT('',#13075);
#13075 = CARTESIAN_POINT('',(58.,-67.55,1.51));
#13076 = CIRCLE('',#13077,0.55);
#13077 = AXIS2_PLACEMENT_3D('',#13078,#13079,#13080);
#13078 = CARTESIAN_POINT('',(58.,-67.,1.51));
#13079 = DIRECTION('',(-0.,0.,-1.));
#13080 = DIRECTION('',(-0.,-1.,0.));
#13081 = FACE_BOUND('',#13082,.T.);
#13082 = EDGE_LOOP('',(#13083));
#13083 = ORIENTED_EDGE('',*,*,#13084,.T.);
#13084 = EDGE_CURVE('',#13085,#13085,#13087,.T.);
#13085 = VERTEX_POINT('',#13086);
#13086 = CARTESIAN_POINT('',(67.52,-67.55,1.51));
#13087 = CIRCLE('',#13088,0.55);
#13088 = AXIS2_PLACEMENT_3D('',#13089,#13090,#13091);
#13089 = CARTESIAN_POINT('',(67.52,-67.,1.51));
#13090 = DIRECTION('',(-0.,0.,-1.));
#13091 = DIRECTION('',(-0.,-1.,0.));
#13092 = FACE_BOUND('',#13093,.T.);
#13093 = EDGE_LOOP('',(#13094));
#13094 = ORIENTED_EDGE('',*,*,#13095,.T.);
#13095 = EDGE_CURVE('',#13096,#13096,#13098,.T.);
#13096 = VERTEX_POINT('',#13097);
#13097 = CARTESIAN_POINT('',(58.,-59.1,1.51));
#13098 = CIRCLE('',#13099,0.7);
#13099 = AXIS2_PLACEMENT_3D('',#13100,#13101,#13102);
#13100 = CARTESIAN_POINT('',(58.,-58.4,1.51));
#13101 = DIRECTION('',(-0.,0.,-1.));
#13102 = DIRECTION('',(-0.,-1.,0.));
#13103 = FACE_BOUND('',#13104,.T.);
#13104 = EDGE_LOOP('',(#13105));
#13105 = ORIENTED_EDGE('',*,*,#13106,.T.);
#13106 = EDGE_CURVE('',#13107,#13107,#13109,.T.);
#13107 = VERTEX_POINT('',#13108);
#13108 = CARTESIAN_POINT('',(67.52,-59.1,1.51));
#13109 = CIRCLE('',#13110,0.7);
#13110 = AXIS2_PLACEMENT_3D('',#13111,#13112,#13113);
#13111 = CARTESIAN_POINT('',(67.52,-58.4,1.51));
#13112 = DIRECTION('',(-0.,0.,-1.));
#13113 = DIRECTION('',(-0.,-1.,0.));
#13114 = FACE_BOUND('',#13115,.T.);
#13115 = EDGE_LOOP('',(#13116));
#13116 = ORIENTED_EDGE('',*,*,#13117,.T.);
#13117 = EDGE_CURVE('',#13118,#13118,#13120,.T.);
#13118 = VERTEX_POINT('',#13119);
#13119 = CARTESIAN_POINT('',(78.5,-67.55,1.51));
#13120 = CIRCLE('',#13121,0.55);
#13121 = AXIS2_PLACEMENT_3D('',#13122,#13123,#13124);
#13122 = CARTESIAN_POINT('',(78.5,-67.,1.51));
#13123 = DIRECTION('',(-0.,0.,-1.));
#13124 = DIRECTION('',(-0.,-1.,0.));
#13125 = FACE_BOUND('',#13126,.T.);
#13126 = EDGE_LOOP('',(#13127));
#13127 = ORIENTED_EDGE('',*,*,#13128,.T.);
#13128 = EDGE_CURVE('',#13129,#13129,#13131,.T.);
#13129 = VERTEX_POINT('',#13130);
#13130 = CARTESIAN_POINT('',(88.02,-67.55,1.51));
#13131 = CIRCLE('',#13132,0.55);
#13132 = AXIS2_PLACEMENT_3D('',#13133,#13134,#13135);
#13133 = CARTESIAN_POINT('',(88.02,-67.,1.51));
#13134 = DIRECTION('',(-0.,0.,-1.));
#13135 = DIRECTION('',(-0.,-1.,0.));
#13136 = FACE_BOUND('',#13137,.T.);
#13137 = EDGE_LOOP('',(#13138));
#13138 = ORIENTED_EDGE('',*,*,#13139,.T.);
#13139 = EDGE_CURVE('',#13140,#13140,#13142,.T.);
#13140 = VERTEX_POINT('',#13141);
#13141 = CARTESIAN_POINT('',(78.5,-59.1,1.51));
#13142 = CIRCLE('',#13143,0.7);
#13143 = AXIS2_PLACEMENT_3D('',#13144,#13145,#13146);
#13144 = CARTESIAN_POINT('',(78.5,-58.4,1.51));
#13145 = DIRECTION('',(-0.,0.,-1.));
#13146 = DIRECTION('',(-0.,-1.,0.));
#13147 = FACE_BOUND('',#13148,.T.);
#13148 = EDGE_LOOP('',(#13149));
#13149 = ORIENTED_EDGE('',*,*,#13150,.T.);
#13150 = EDGE_CURVE('',#13151,#13151,#13153,.T.);
#13151 = VERTEX_POINT('',#13152);
#13152 = CARTESIAN_POINT('',(88.02,-59.1,1.51));
#13153 = CIRCLE('',#13154,0.7);
#13154 = AXIS2_PLACEMENT_3D('',#13155,#13156,#13157);
#13155 = CARTESIAN_POINT('',(88.02,-58.4,1.51));
#13156 = DIRECTION('',(-0.,0.,-1.));
#13157 = DIRECTION('',(-0.,-1.,0.));
#13158 = FACE_BOUND('',#13159,.T.);
#13159 = EDGE_LOOP('',(#13160));
#13160 = ORIENTED_EDGE('',*,*,#13161,.T.);
#13161 = EDGE_CURVE('',#13162,#13162,#13164,.T.);
#13162 = VERTEX_POINT('',#13163);
#13163 = CARTESIAN_POINT('',(120.84,-84.71,1.51));
#13164 = CIRCLE('',#13165,0.55);
#13165 = AXIS2_PLACEMENT_3D('',#13166,#13167,#13168);
#13166 = CARTESIAN_POINT('',(120.84,-84.16,1.51));
#13167 = DIRECTION('',(-0.,0.,-1.));
#13168 = DIRECTION('',(-0.,-1.,0.));
#13169 = FACE_BOUND('',#13170,.T.);
#13170 = EDGE_LOOP('',(#13171));
#13171 = ORIENTED_EDGE('',*,*,#13172,.T.);
#13172 = EDGE_CURVE('',#13173,#13173,#13175,.T.);
#13173 = VERTEX_POINT('',#13174);
#13174 = CARTESIAN_POINT('',(106.,-76.5,1.51));
#13175 = CIRCLE('',#13176,0.5);
#13176 = AXIS2_PLACEMENT_3D('',#13177,#13178,#13179);
#13177 = CARTESIAN_POINT('',(106.,-76.,1.51));
#13178 = DIRECTION('',(-0.,0.,-1.));
#13179 = DIRECTION('',(-0.,-1.,0.));
#13180 = FACE_BOUND('',#13181,.T.);
#13181 = EDGE_LOOP('',(#13182,#13192,#13200,#13208));
#13182 = ORIENTED_EDGE('',*,*,#13183,.F.);
#13183 = EDGE_CURVE('',#13184,#13186,#13188,.T.);
#13184 = VERTEX_POINT('',#13185);
#13185 = CARTESIAN_POINT('',(98.,-72.5,1.51));
#13186 = VERTEX_POINT('',#13187);
#13187 = CARTESIAN_POINT('',(115.5,-72.5,1.51));
#13188 = LINE('',#13189,#13190);
#13189 = CARTESIAN_POINT('',(98.,-72.5,1.51));
#13190 = VECTOR('',#13191,1.);
#13191 = DIRECTION('',(1.,0.,0.));
#13192 = ORIENTED_EDGE('',*,*,#13193,.F.);
#13193 = EDGE_CURVE('',#13194,#13184,#13196,.T.);
#13194 = VERTEX_POINT('',#13195);
#13195 = CARTESIAN_POINT('',(98.,-69.5,1.51));
#13196 = LINE('',#13197,#13198);
#13197 = CARTESIAN_POINT('',(98.,-69.5,1.51));
#13198 = VECTOR('',#13199,1.);
#13199 = DIRECTION('',(0.,-1.,0.));
#13200 = ORIENTED_EDGE('',*,*,#13201,.F.);
#13201 = EDGE_CURVE('',#13202,#13194,#13204,.T.);
#13202 = VERTEX_POINT('',#13203);
#13203 = CARTESIAN_POINT('',(115.5,-69.5,1.51));
#13204 = LINE('',#13205,#13206);
#13205 = CARTESIAN_POINT('',(115.5,-69.5,1.51));
#13206 = VECTOR('',#13207,1.);
#13207 = DIRECTION('',(-1.,0.,0.));
#13208 = ORIENTED_EDGE('',*,*,#13209,.F.);
#13209 = EDGE_CURVE('',#13186,#13202,#13210,.T.);
#13210 = LINE('',#13211,#13212);
#13211 = CARTESIAN_POINT('',(115.5,-72.5,1.51));
#13212 = VECTOR('',#13213,1.);
#13213 = DIRECTION('',(0.,1.,0.));
#13214 = FACE_BOUND('',#13215,.T.);
#13215 = EDGE_LOOP('',(#13216));
#13216 = ORIENTED_EDGE('',*,*,#13217,.T.);
#13217 = EDGE_CURVE('',#13218,#13218,#13220,.T.);
#13218 = VERTEX_POINT('',#13219);
#13219 = CARTESIAN_POINT('',(112.,-76.5,1.51));
#13220 = CIRCLE('',#13221,0.5);
#13221 = AXIS2_PLACEMENT_3D('',#13222,#13223,#13224);
#13222 = CARTESIAN_POINT('',(112.,-76.,1.51));
#13223 = DIRECTION('',(-0.,0.,-1.));
#13224 = DIRECTION('',(-0.,-1.,0.));
#13225 = FACE_BOUND('',#13226,.T.);
#13226 = EDGE_LOOP('',(#13227));
#13227 = ORIENTED_EDGE('',*,*,#13228,.T.);
#13228 = EDGE_CURVE('',#13229,#13229,#13231,.T.);
#13229 = VERTEX_POINT('',#13230);
#13230 = CARTESIAN_POINT('',(120.84,-74.55,1.51));
#13231 = CIRCLE('',#13232,0.55);
#13232 = AXIS2_PLACEMENT_3D('',#13233,#13234,#13235);
#13233 = CARTESIAN_POINT('',(120.84,-74.,1.51));
#13234 = DIRECTION('',(-0.,0.,-1.));
#13235 = DIRECTION('',(-0.,-1.,0.));
#13236 = FACE_BOUND('',#13237,.T.);
#13237 = EDGE_LOOP('',(#13238));
#13238 = ORIENTED_EDGE('',*,*,#13239,.T.);
#13239 = EDGE_CURVE('',#13240,#13240,#13242,.T.);
#13240 = VERTEX_POINT('',#13241);
#13241 = CARTESIAN_POINT('',(128.34,-74.65,1.51));
#13242 = CIRCLE('',#13243,0.65);
#13243 = AXIS2_PLACEMENT_3D('',#13244,#13245,#13246);
#13244 = CARTESIAN_POINT('',(128.34,-74.,1.51));
#13245 = DIRECTION('',(-0.,0.,-1.));
#13246 = DIRECTION('',(-0.,-1.,0.));
#13247 = FACE_BOUND('',#13248,.T.);
#13248 = EDGE_LOOP('',(#13249));
#13249 = ORIENTED_EDGE('',*,*,#13250,.T.);
#13250 = EDGE_CURVE('',#13251,#13251,#13253,.T.);
#13251 = VERTEX_POINT('',#13252);
#13252 = CARTESIAN_POINT('',(138.5,-74.65,1.51));
#13253 = CIRCLE('',#13254,0.65);
#13254 = AXIS2_PLACEMENT_3D('',#13255,#13256,#13257);
#13255 = CARTESIAN_POINT('',(138.5,-74.,1.51));
#13256 = DIRECTION('',(-0.,0.,-1.));
#13257 = DIRECTION('',(-0.,-1.,0.));
#13258 = FACE_BOUND('',#13259,.T.);
#13259 = EDGE_LOOP('',(#13260));
#13260 = ORIENTED_EDGE('',*,*,#13261,.T.);
#13261 = EDGE_CURVE('',#13262,#13262,#13264,.T.);
#13262 = VERTEX_POINT('',#13263);
#13263 = CARTESIAN_POINT('',(106.,-66.34,1.51));
#13264 = CIRCLE('',#13265,0.5);
#13265 = AXIS2_PLACEMENT_3D('',#13266,#13267,#13268);
#13266 = CARTESIAN_POINT('',(106.,-65.84,1.51));
#13267 = DIRECTION('',(-0.,0.,-1.));
#13268 = DIRECTION('',(-0.,-1.,0.));
#13269 = FACE_BOUND('',#13270,.T.);
#13270 = EDGE_LOOP('',(#13271));
#13271 = ORIENTED_EDGE('',*,*,#13272,.T.);
#13272 = EDGE_CURVE('',#13273,#13273,#13275,.T.);
#13273 = VERTEX_POINT('',#13274);
#13274 = CARTESIAN_POINT('',(112.,-66.34,1.51));
#13275 = CIRCLE('',#13276,0.5);
#13276 = AXIS2_PLACEMENT_3D('',#13277,#13278,#13279);
#13277 = CARTESIAN_POINT('',(112.,-65.84,1.51));
#13278 = DIRECTION('',(-0.,0.,-1.));
#13279 = DIRECTION('',(-0.,-1.,0.));
#13280 = FACE_BOUND('',#13281,.T.);
#13281 = EDGE_LOOP('',(#13282));
#13282 = ORIENTED_EDGE('',*,*,#13283,.T.);
#13283 = EDGE_CURVE('',#13284,#13284,#13286,.T.);
#13284 = VERTEX_POINT('',#13285);
#13285 = CARTESIAN_POINT('',(102.,-60.4,1.51));
#13286 = CIRCLE('',#13287,0.4);
#13287 = AXIS2_PLACEMENT_3D('',#13288,#13289,#13290);
#13288 = CARTESIAN_POINT('',(102.,-60.,1.51));
#13289 = DIRECTION('',(-0.,0.,-1.));
#13290 = DIRECTION('',(-0.,-1.,0.));
#13291 = FACE_BOUND('',#13292,.T.);
#13292 = EDGE_LOOP('',(#13293));
#13293 = ORIENTED_EDGE('',*,*,#13294,.T.);
#13294 = EDGE_CURVE('',#13295,#13295,#13297,.T.);
#13295 = VERTEX_POINT('',#13296);
#13296 = CARTESIAN_POINT('',(108.,-59.4,1.51));
#13297 = CIRCLE('',#13298,0.4);
#13298 = AXIS2_PLACEMENT_3D('',#13299,#13300,#13301);
#13299 = CARTESIAN_POINT('',(108.,-59.,1.51));
#13300 = DIRECTION('',(-0.,0.,-1.));
#13301 = DIRECTION('',(-0.,-1.,0.));
#13302 = FACE_BOUND('',#13303,.T.);
#13303 = EDGE_LOOP('',(#13304));
#13304 = ORIENTED_EDGE('',*,*,#13305,.T.);
#13305 = EDGE_CURVE('',#13306,#13306,#13308,.T.);
#13306 = VERTEX_POINT('',#13307);
#13307 = CARTESIAN_POINT('',(110.54,-59.4,1.51));
#13308 = CIRCLE('',#13309,0.4);
#13309 = AXIS2_PLACEMENT_3D('',#13310,#13311,#13312);
#13310 = CARTESIAN_POINT('',(110.54,-59.,1.51));
#13311 = DIRECTION('',(-0.,0.,-1.));
#13312 = DIRECTION('',(3.5527136788E-14,-1.,-0.));
#13313 = FACE_BOUND('',#13314,.T.);
#13314 = EDGE_LOOP('',(#13315));
#13315 = ORIENTED_EDGE('',*,*,#13316,.T.);
#13316 = EDGE_CURVE('',#13317,#13317,#13319,.T.);
#13317 = VERTEX_POINT('',#13318);
#13318 = CARTESIAN_POINT('',(102.,-57.86,1.51));
#13319 = CIRCLE('',#13320,0.4);
#13320 = AXIS2_PLACEMENT_3D('',#13321,#13322,#13323);
#13321 = CARTESIAN_POINT('',(102.,-57.46,1.51));
#13322 = DIRECTION('',(-0.,0.,-1.));
#13323 = DIRECTION('',(-0.,-1.,0.));
#13324 = FACE_BOUND('',#13325,.T.);
#13325 = EDGE_LOOP('',(#13326));
#13326 = ORIENTED_EDGE('',*,*,#13327,.T.);
#13327 = EDGE_CURVE('',#13328,#13328,#13330,.T.);
#13328 = VERTEX_POINT('',#13329);
#13329 = CARTESIAN_POINT('',(116.,-60.4,1.51));
#13330 = CIRCLE('',#13331,0.4);
#13331 = AXIS2_PLACEMENT_3D('',#13332,#13333,#13334);
#13332 = CARTESIAN_POINT('',(116.,-60.,1.51));
#13333 = DIRECTION('',(-0.,0.,-1.));
#13334 = DIRECTION('',(-0.,-1.,0.));
#13335 = FACE_BOUND('',#13336,.T.);
#13336 = EDGE_LOOP('',(#13337));
#13337 = ORIENTED_EDGE('',*,*,#13338,.T.);
#13338 = EDGE_CURVE('',#13339,#13339,#13341,.T.);
#13339 = VERTEX_POINT('',#13340);
#13340 = CARTESIAN_POINT('',(118.54,-60.4,1.51));
#13341 = CIRCLE('',#13342,0.4);
#13342 = AXIS2_PLACEMENT_3D('',#13343,#13344,#13345);
#13343 = CARTESIAN_POINT('',(118.54,-60.,1.51));
#13344 = DIRECTION('',(-0.,0.,-1.));
#13345 = DIRECTION('',(3.5527136788E-14,-1.,-0.));
#13346 = FACE_BOUND('',#13347,.T.);
#13347 = EDGE_LOOP('',(#13348));
#13348 = ORIENTED_EDGE('',*,*,#13349,.T.);
#13349 = EDGE_CURVE('',#13350,#13350,#13352,.T.);
#13350 = VERTEX_POINT('',#13351);
#13351 = CARTESIAN_POINT('',(121.08,-60.4,1.51));
#13352 = CIRCLE('',#13353,0.4);
#13353 = AXIS2_PLACEMENT_3D('',#13354,#13355,#13356);
#13354 = CARTESIAN_POINT('',(121.08,-60.,1.51));
#13355 = DIRECTION('',(-0.,0.,-1.));
#13356 = DIRECTION('',(-3.552713678801E-14,-1.,0.));
#13357 = FACE_BOUND('',#13358,.T.);
#13358 = EDGE_LOOP('',(#13359));
#13359 = ORIENTED_EDGE('',*,*,#13360,.T.);
#13360 = EDGE_CURVE('',#13361,#13361,#13363,.T.);
#13361 = VERTEX_POINT('',#13362);
#13362 = CARTESIAN_POINT('',(127.,-66.24,1.51));
#13363 = CIRCLE('',#13364,0.4);
#13364 = AXIS2_PLACEMENT_3D('',#13365,#13366,#13367);
#13365 = CARTESIAN_POINT('',(127.,-65.84,1.51));
#13366 = DIRECTION('',(-0.,0.,-1.));
#13367 = DIRECTION('',(-0.,-1.,0.));
#13368 = FACE_BOUND('',#13369,.T.);
#13369 = EDGE_LOOP('',(#13370));
#13370 = ORIENTED_EDGE('',*,*,#13371,.T.);
#13371 = EDGE_CURVE('',#13372,#13372,#13374,.T.);
#13372 = VERTEX_POINT('',#13373);
#13373 = CARTESIAN_POINT('',(124.5,-63.05,1.51));
#13374 = CIRCLE('',#13375,0.55);
#13375 = AXIS2_PLACEMENT_3D('',#13376,#13377,#13378);
#13376 = CARTESIAN_POINT('',(124.5,-62.5,1.51));
#13377 = DIRECTION('',(-0.,0.,-1.));
#13378 = DIRECTION('',(-0.,-1.,0.));
#13379 = FACE_BOUND('',#13380,.T.);
#13380 = EDGE_LOOP('',(#13381));
#13381 = ORIENTED_EDGE('',*,*,#13382,.T.);
#13382 = EDGE_CURVE('',#13383,#13383,#13385,.T.);
#13383 = VERTEX_POINT('',#13384);
#13384 = CARTESIAN_POINT('',(129.54,-66.24,1.51));
#13385 = CIRCLE('',#13386,0.4);
#13386 = AXIS2_PLACEMENT_3D('',#13387,#13388,#13389);
#13387 = CARTESIAN_POINT('',(129.54,-65.84,1.51));
#13388 = DIRECTION('',(-0.,0.,-1.));
#13389 = DIRECTION('',(-0.,-1.,0.));
#13390 = FACE_BOUND('',#13391,.T.);
#13391 = EDGE_LOOP('',(#13392));
#13392 = ORIENTED_EDGE('',*,*,#13393,.T.);
#13393 = EDGE_CURVE('',#13394,#13394,#13396,.T.);
#13394 = VERTEX_POINT('',#13395);
#13395 = CARTESIAN_POINT('',(133.42,-64.6,1.51));
#13396 = CIRCLE('',#13397,0.6);
#13397 = AXIS2_PLACEMENT_3D('',#13398,#13399,#13400);
#13398 = CARTESIAN_POINT('',(133.42,-64.,1.51));
#13399 = DIRECTION('',(-0.,0.,-1.));
#13400 = DIRECTION('',(-4.736951571734E-14,-1.,0.));
#13401 = FACE_BOUND('',#13402,.T.);
#13402 = EDGE_LOOP('',(#13403));
#13403 = ORIENTED_EDGE('',*,*,#13404,.T.);
#13404 = EDGE_CURVE('',#13405,#13405,#13407,.T.);
#13405 = VERTEX_POINT('',#13406);
#13406 = CARTESIAN_POINT('',(138.5,-64.6,1.51));
#13407 = CIRCLE('',#13408,0.6);
#13408 = AXIS2_PLACEMENT_3D('',#13409,#13410,#13411);
#13409 = CARTESIAN_POINT('',(138.5,-64.,1.51));
#13410 = DIRECTION('',(-0.,0.,-1.));
#13411 = DIRECTION('',(-0.,-1.,0.));
#13412 = FACE_BOUND('',#13413,.T.);
#13413 = EDGE_LOOP('',(#13414));
#13414 = ORIENTED_EDGE('',*,*,#13415,.T.);
#13415 = EDGE_CURVE('',#13416,#13416,#13418,.T.);
#13416 = VERTEX_POINT('',#13417);
#13417 = CARTESIAN_POINT('',(143.58,-64.6,1.51));
#13418 = CIRCLE('',#13419,0.6);
#13419 = AXIS2_PLACEMENT_3D('',#13420,#13421,#13422);
#13420 = CARTESIAN_POINT('',(143.58,-64.,1.51));
#13421 = DIRECTION('',(-0.,0.,-1.));
#13422 = DIRECTION('',(4.736951571734E-14,-1.,-0.));
#13423 = FACE_BOUND('',#13424,.T.);
#13424 = EDGE_LOOP('',(#13425));
#13425 = ORIENTED_EDGE('',*,*,#13426,.T.);
#13426 = EDGE_CURVE('',#13427,#13427,#13429,.T.);
#13427 = VERTEX_POINT('',#13428);
#13428 = CARTESIAN_POINT('',(129.,-59.4,1.51));
#13429 = CIRCLE('',#13430,0.4);
#13430 = AXIS2_PLACEMENT_3D('',#13431,#13432,#13433);
#13431 = CARTESIAN_POINT('',(129.,-59.,1.51));
#13432 = DIRECTION('',(-0.,0.,-1.));
#13433 = DIRECTION('',(-0.,-1.,0.));
#13434 = FACE_BOUND('',#13435,.T.);
#13435 = EDGE_LOOP('',(#13436));
#13436 = ORIENTED_EDGE('',*,*,#13437,.T.);
#13437 = EDGE_CURVE('',#13438,#13438,#13440,.T.);
#13438 = VERTEX_POINT('',#13439);
#13439 = CARTESIAN_POINT('',(124.5,-57.97,1.51));
#13440 = CIRCLE('',#13441,0.55);
#13441 = AXIS2_PLACEMENT_3D('',#13442,#13443,#13444);
#13442 = CARTESIAN_POINT('',(124.5,-57.42,1.51));
#13443 = DIRECTION('',(-0.,0.,-1.));
#13444 = DIRECTION('',(-0.,-1.,0.));
#13445 = FACE_BOUND('',#13446,.T.);
#13446 = EDGE_LOOP('',(#13447));
#13447 = ORIENTED_EDGE('',*,*,#13448,.T.);
#13448 = EDGE_CURVE('',#13449,#13449,#13451,.T.);
#13449 = VERTEX_POINT('',#13450);
#13450 = CARTESIAN_POINT('',(129.,-54.4,1.51));
#13451 = CIRCLE('',#13452,0.4);
#13452 = AXIS2_PLACEMENT_3D('',#13453,#13454,#13455);
#13453 = CARTESIAN_POINT('',(129.,-54.,1.51));
#13454 = DIRECTION('',(-0.,0.,-1.));
#13455 = DIRECTION('',(-0.,-1.,0.));
#13456 = PLANE('',#13457);
#13457 = AXIS2_PLACEMENT_3D('',#13458,#13459,#13460);
#13458 = CARTESIAN_POINT('',(0.,0.,1.51));
#13459 = DIRECTION('',(0.,0.,1.));
#13460 = DIRECTION('',(1.,0.,-0.));
#13461 = ADVANCED_FACE('',(#13462),#13468,.T.);
#13462 = FACE_BOUND('',#13463,.T.);
#13463 = EDGE_LOOP('',(#13464,#13465,#13466,#13467));
#13464 = ORIENTED_EDGE('',*,*,#11493,.T.);
#13465 = ORIENTED_EDGE('',*,*,#12492,.T.);
#13466 = ORIENTED_EDGE('',*,*,#11453,.F.);
#13467 = ORIENTED_EDGE('',*,*,#11517,.F.);
#13468 = PLANE('',#13469);
#13469 = AXIS2_PLACEMENT_3D('',#13470,#13471,#13472);
#13470 = CARTESIAN_POINT('',(50.,-50.,0.));
#13471 = DIRECTION('',(0.,1.,0.));
#13472 = DIRECTION('',(1.,0.,0.));
#13473 = ADVANCED_FACE('',(#13474),#13485,.F.);
#13474 = FACE_BOUND('',#13475,.T.);
#13475 = EDGE_LOOP('',(#13476,#13477,#13483,#13484));
#13476 = ORIENTED_EDGE('',*,*,#11526,.T.);
#13477 = ORIENTED_EDGE('',*,*,#13478,.T.);
#13478 = EDGE_CURVE('',#11527,#12502,#13479,.T.);
#13479 = LINE('',#13480,#13481);
#13480 = CARTESIAN_POINT('',(55.5,-121.1,-4.6E-02));
#13481 = VECTOR('',#13482,1.);
#13482 = DIRECTION('',(0.,0.,1.));
#13483 = ORIENTED_EDGE('',*,*,#12501,.F.);
#13484 = ORIENTED_EDGE('',*,*,#13478,.F.);
#13485 = CYLINDRICAL_SURFACE('',#13486,1.6);
#13486 = AXIS2_PLACEMENT_3D('',#13487,#13488,#13489);
#13487 = CARTESIAN_POINT('',(55.5,-119.5,-4.6E-02));
#13488 = DIRECTION('',(-0.,-0.,-1.));
#13489 = DIRECTION('',(-0.,-1.,0.));
#13490 = ADVANCED_FACE('',(#13491),#13502,.F.);
#13491 = FACE_BOUND('',#13492,.T.);
#13492 = EDGE_LOOP('',(#13493,#13494,#13500,#13501));
#13493 = ORIENTED_EDGE('',*,*,#11537,.T.);
#13494 = ORIENTED_EDGE('',*,*,#13495,.T.);
#13495 = EDGE_CURVE('',#11538,#12513,#13496,.T.);
#13496 = LINE('',#13497,#13498);
#13497 = CARTESIAN_POINT('',(64.,-115.86,-4.6E-02));
#13498 = VECTOR('',#13499,1.);
#13499 = DIRECTION('',(0.,0.,1.));
#13500 = ORIENTED_EDGE('',*,*,#12512,.F.);
#13501 = ORIENTED_EDGE('',*,*,#13495,.F.);
#13502 = CYLINDRICAL_SURFACE('',#13503,0.7);
#13503 = AXIS2_PLACEMENT_3D('',#13504,#13505,#13506);
#13504 = CARTESIAN_POINT('',(64.,-115.16,-4.6E-02));
#13505 = DIRECTION('',(-0.,-0.,-1.));
#13506 = DIRECTION('',(-0.,-1.,0.));
#13507 = ADVANCED_FACE('',(#13508),#13519,.F.);
#13508 = FACE_BOUND('',#13509,.T.);
#13509 = EDGE_LOOP('',(#13510,#13511,#13517,#13518));
#13510 = ORIENTED_EDGE('',*,*,#11548,.T.);
#13511 = ORIENTED_EDGE('',*,*,#13512,.T.);
#13512 = EDGE_CURVE('',#11549,#12524,#13513,.T.);
#13513 = LINE('',#13514,#13515);
#13514 = CARTESIAN_POINT('',(75.,-115.86,-4.6E-02));
#13515 = VECTOR('',#13516,1.);
#13516 = DIRECTION('',(0.,0.,1.));
#13517 = ORIENTED_EDGE('',*,*,#12523,.F.);
#13518 = ORIENTED_EDGE('',*,*,#13512,.F.);
#13519 = CYLINDRICAL_SURFACE('',#13520,0.7);
#13520 = AXIS2_PLACEMENT_3D('',#13521,#13522,#13523);
#13521 = CARTESIAN_POINT('',(75.,-115.16,-4.6E-02));
#13522 = DIRECTION('',(-0.,-0.,-1.));
#13523 = DIRECTION('',(-0.,-1.,0.));
#13524 = ADVANCED_FACE('',(#13525),#13536,.F.);
#13525 = FACE_BOUND('',#13526,.T.);
#13526 = EDGE_LOOP('',(#13527,#13528,#13534,#13535));
#13527 = ORIENTED_EDGE('',*,*,#11559,.T.);
#13528 = ORIENTED_EDGE('',*,*,#13529,.T.);
#13529 = EDGE_CURVE('',#11560,#12535,#13530,.T.);
#13530 = LINE('',#13531,#13532);
#13531 = CARTESIAN_POINT('',(64.,-105.7,-4.6E-02));
#13532 = VECTOR('',#13533,1.);
#13533 = DIRECTION('',(0.,0.,1.));
#13534 = ORIENTED_EDGE('',*,*,#12534,.F.);
#13535 = ORIENTED_EDGE('',*,*,#13529,.F.);
#13536 = CYLINDRICAL_SURFACE('',#13537,0.7);
#13537 = AXIS2_PLACEMENT_3D('',#13538,#13539,#13540);
#13538 = CARTESIAN_POINT('',(64.,-105.,-4.6E-02));
#13539 = DIRECTION('',(-0.,-0.,-1.));
#13540 = DIRECTION('',(-0.,-1.,0.));
#13541 = ADVANCED_FACE('',(#13542),#13553,.F.);
#13542 = FACE_BOUND('',#13543,.T.);
#13543 = EDGE_LOOP('',(#13544,#13545,#13551,#13552));
#13544 = ORIENTED_EDGE('',*,*,#11570,.T.);
#13545 = ORIENTED_EDGE('',*,*,#13546,.T.);
#13546 = EDGE_CURVE('',#11571,#12546,#13547,.T.);
#13547 = LINE('',#13548,#13549);
#13548 = CARTESIAN_POINT('',(75.,-105.7,-4.6E-02));
#13549 = VECTOR('',#13550,1.);
#13550 = DIRECTION('',(0.,0.,1.));
#13551 = ORIENTED_EDGE('',*,*,#12545,.F.);
#13552 = ORIENTED_EDGE('',*,*,#13546,.F.);
#13553 = CYLINDRICAL_SURFACE('',#13554,0.7);
#13554 = AXIS2_PLACEMENT_3D('',#13555,#13556,#13557);
#13555 = CARTESIAN_POINT('',(75.,-105.,-4.6E-02));
#13556 = DIRECTION('',(-0.,-0.,-1.));
#13557 = DIRECTION('',(-0.,-1.,0.));
#13558 = ADVANCED_FACE('',(#13559),#13570,.F.);
#13559 = FACE_BOUND('',#13560,.T.);
#13560 = EDGE_LOOP('',(#13561,#13562,#13568,#13569));
#13561 = ORIENTED_EDGE('',*,*,#11581,.T.);
#13562 = ORIENTED_EDGE('',*,*,#13563,.T.);
#13563 = EDGE_CURVE('',#11582,#12557,#13564,.T.);
#13564 = LINE('',#13565,#13566);
#13565 = CARTESIAN_POINT('',(86.,-115.86,-4.6E-02));
#13566 = VECTOR('',#13567,1.);
#13567 = DIRECTION('',(0.,0.,1.));
#13568 = ORIENTED_EDGE('',*,*,#12556,.F.);
#13569 = ORIENTED_EDGE('',*,*,#13563,.F.);
#13570 = CYLINDRICAL_SURFACE('',#13571,0.7);
#13571 = AXIS2_PLACEMENT_3D('',#13572,#13573,#13574);
#13572 = CARTESIAN_POINT('',(86.,-115.16,-4.6E-02));
#13573 = DIRECTION('',(-0.,-0.,-1.));
#13574 = DIRECTION('',(-0.,-1.,0.));
#13575 = ADVANCED_FACE('',(#13576),#13587,.F.);
#13576 = FACE_BOUND('',#13577,.T.);
#13577 = EDGE_LOOP('',(#13578,#13579,#13585,#13586));
#13578 = ORIENTED_EDGE('',*,*,#11592,.T.);
#13579 = ORIENTED_EDGE('',*,*,#13580,.T.);
#13580 = EDGE_CURVE('',#11593,#12568,#13581,.T.);
#13581 = LINE('',#13582,#13583);
#13582 = CARTESIAN_POINT('',(97.,-115.86,-4.6E-02));
#13583 = VECTOR('',#13584,1.);
#13584 = DIRECTION('',(0.,0.,1.));
#13585 = ORIENTED_EDGE('',*,*,#12567,.F.);
#13586 = ORIENTED_EDGE('',*,*,#13580,.F.);
#13587 = CYLINDRICAL_SURFACE('',#13588,0.7);
#13588 = AXIS2_PLACEMENT_3D('',#13589,#13590,#13591);
#13589 = CARTESIAN_POINT('',(97.,-115.16,-4.6E-02));
#13590 = DIRECTION('',(-0.,-0.,-1.));
#13591 = DIRECTION('',(-0.,-1.,0.));
#13592 = ADVANCED_FACE('',(#13593),#13604,.F.);
#13593 = FACE_BOUND('',#13594,.T.);
#13594 = EDGE_LOOP('',(#13595,#13596,#13602,#13603));
#13595 = ORIENTED_EDGE('',*,*,#11603,.T.);
#13596 = ORIENTED_EDGE('',*,*,#13597,.T.);
#13597 = EDGE_CURVE('',#11604,#12579,#13598,.T.);
#13598 = LINE('',#13599,#13600);
#13599 = CARTESIAN_POINT('',(86.,-105.7,-4.6E-02));
#13600 = VECTOR('',#13601,1.);
#13601 = DIRECTION('',(0.,0.,1.));
#13602 = ORIENTED_EDGE('',*,*,#12578,.F.);
#13603 = ORIENTED_EDGE('',*,*,#13597,.F.);
#13604 = CYLINDRICAL_SURFACE('',#13605,0.7);
#13605 = AXIS2_PLACEMENT_3D('',#13606,#13607,#13608);
#13606 = CARTESIAN_POINT('',(86.,-105.,-4.6E-02));
#13607 = DIRECTION('',(-0.,-0.,-1.));
#13608 = DIRECTION('',(-0.,-1.,0.));
#13609 = ADVANCED_FACE('',(#13610),#13621,.F.);
#13610 = FACE_BOUND('',#13611,.T.);
#13611 = EDGE_LOOP('',(#13612,#13613,#13619,#13620));
#13612 = ORIENTED_EDGE('',*,*,#11614,.T.);
#13613 = ORIENTED_EDGE('',*,*,#13614,.T.);
#13614 = EDGE_CURVE('',#11615,#12590,#13615,.T.);
#13615 = LINE('',#13616,#13617);
#13616 = CARTESIAN_POINT('',(97.,-105.7,-4.6E-02));
#13617 = VECTOR('',#13618,1.);
#13618 = DIRECTION('',(0.,0.,1.));
#13619 = ORIENTED_EDGE('',*,*,#12589,.F.);
#13620 = ORIENTED_EDGE('',*,*,#13614,.F.);
#13621 = CYLINDRICAL_SURFACE('',#13622,0.7);
#13622 = AXIS2_PLACEMENT_3D('',#13623,#13624,#13625);
#13623 = CARTESIAN_POINT('',(97.,-105.,-4.6E-02));
#13624 = DIRECTION('',(-0.,-0.,-1.));
#13625 = DIRECTION('',(-0.,-1.,0.));
#13626 = ADVANCED_FACE('',(#13627),#13638,.F.);
#13627 = FACE_BOUND('',#13628,.T.);
#13628 = EDGE_LOOP('',(#13629,#13630,#13636,#13637));
#13629 = ORIENTED_EDGE('',*,*,#11625,.T.);
#13630 = ORIENTED_EDGE('',*,*,#13631,.T.);
#13631 = EDGE_CURVE('',#11626,#12601,#13632,.T.);
#13632 = LINE('',#13633,#13634);
#13633 = CARTESIAN_POINT('',(65.,-91.175,-4.6E-02));
#13634 = VECTOR('',#13635,1.);
#13635 = DIRECTION('',(0.,0.,1.));
#13636 = ORIENTED_EDGE('',*,*,#12600,.F.);
#13637 = ORIENTED_EDGE('',*,*,#13631,.F.);
#13638 = CYLINDRICAL_SURFACE('',#13639,1.175);
#13639 = AXIS2_PLACEMENT_3D('',#13640,#13641,#13642);
#13640 = CARTESIAN_POINT('',(65.,-90.,-4.6E-02));
#13641 = DIRECTION('',(-0.,-0.,-1.));
#13642 = DIRECTION('',(-0.,-1.,0.));
#13643 = ADVANCED_FACE('',(#13644),#13655,.F.);
#13644 = FACE_BOUND('',#13645,.T.);
#13645 = EDGE_LOOP('',(#13646,#13647,#13653,#13654));
#13646 = ORIENTED_EDGE('',*,*,#11636,.T.);
#13647 = ORIENTED_EDGE('',*,*,#13648,.T.);
#13648 = EDGE_CURVE('',#11637,#12612,#13649,.T.);
#13649 = LINE('',#13650,#13651);
#13650 = CARTESIAN_POINT('',(72.5,-91.7,-4.6E-02));
#13651 = VECTOR('',#13652,1.);
#13652 = DIRECTION('',(0.,0.,1.));
#13653 = ORIENTED_EDGE('',*,*,#12611,.F.);
#13654 = ORIENTED_EDGE('',*,*,#13648,.F.);
#13655 = CYLINDRICAL_SURFACE('',#13656,1.7);
#13656 = AXIS2_PLACEMENT_3D('',#13657,#13658,#13659);
#13657 = CARTESIAN_POINT('',(72.5,-90.,-4.6E-02));
#13658 = DIRECTION('',(-0.,-0.,-1.));
#13659 = DIRECTION('',(-0.,-1.,0.));
#13660 = ADVANCED_FACE('',(#13661),#13672,.F.);
#13661 = FACE_BOUND('',#13662,.T.);
#13662 = EDGE_LOOP('',(#13663,#13664,#13670,#13671));
#13663 = ORIENTED_EDGE('',*,*,#11647,.T.);
#13664 = ORIENTED_EDGE('',*,*,#13665,.T.);
#13665 = EDGE_CURVE('',#11648,#12623,#13666,.T.);
#13666 = LINE('',#13667,#13668);
#13667 = CARTESIAN_POINT('',(80.,-91.175,-4.6E-02));
#13668 = VECTOR('',#13669,1.);
#13669 = DIRECTION('',(0.,0.,1.));
#13670 = ORIENTED_EDGE('',*,*,#12622,.F.);
#13671 = ORIENTED_EDGE('',*,*,#13665,.F.);
#13672 = CYLINDRICAL_SURFACE('',#13673,1.175);
#13673 = AXIS2_PLACEMENT_3D('',#13674,#13675,#13676);
#13674 = CARTESIAN_POINT('',(80.,-90.,-4.6E-02));
#13675 = DIRECTION('',(-0.,-0.,-1.));
#13676 = DIRECTION('',(-0.,-1.,0.));
#13677 = ADVANCED_FACE('',(#13678),#13689,.F.);
#13678 = FACE_BOUND('',#13679,.T.);
#13679 = EDGE_LOOP('',(#13680,#13681,#13687,#13688));
#13680 = ORIENTED_EDGE('',*,*,#11658,.T.);
#13681 = ORIENTED_EDGE('',*,*,#13682,.T.);
#13682 = EDGE_CURVE('',#11659,#12634,#13683,.T.);
#13683 = LINE('',#13684,#13685);
#13684 = CARTESIAN_POINT('',(95.,-91.175,-4.6E-02));
#13685 = VECTOR('',#13686,1.);
#13686 = DIRECTION('',(0.,0.,1.));
#13687 = ORIENTED_EDGE('',*,*,#12633,.F.);
#13688 = ORIENTED_EDGE('',*,*,#13682,.F.);
#13689 = CYLINDRICAL_SURFACE('',#13690,1.175);
#13690 = AXIS2_PLACEMENT_3D('',#13691,#13692,#13693);
#13691 = CARTESIAN_POINT('',(95.,-90.,-4.6E-02));
#13692 = DIRECTION('',(-0.,-0.,-1.));
#13693 = DIRECTION('',(-0.,-1.,0.));
#13694 = ADVANCED_FACE('',(#13695),#13706,.F.);
#13695 = FACE_BOUND('',#13696,.T.);
#13696 = EDGE_LOOP('',(#13697,#13698,#13704,#13705));
#13697 = ORIENTED_EDGE('',*,*,#11669,.T.);
#13698 = ORIENTED_EDGE('',*,*,#13699,.T.);
#13699 = EDGE_CURVE('',#11670,#12645,#13700,.T.);
#13700 = LINE('',#13701,#13702);
#13701 = CARTESIAN_POINT('',(108.,-115.86,-4.6E-02));
#13702 = VECTOR('',#13703,1.);
#13703 = DIRECTION('',(0.,0.,1.));
#13704 = ORIENTED_EDGE('',*,*,#12644,.F.);
#13705 = ORIENTED_EDGE('',*,*,#13699,.F.);
#13706 = CYLINDRICAL_SURFACE('',#13707,0.7);
#13707 = AXIS2_PLACEMENT_3D('',#13708,#13709,#13710);
#13708 = CARTESIAN_POINT('',(108.,-115.16,-4.6E-02));
#13709 = DIRECTION('',(-0.,-0.,-1.));
#13710 = DIRECTION('',(-0.,-1.,0.));
#13711 = ADVANCED_FACE('',(#13712),#13723,.F.);
#13712 = FACE_BOUND('',#13713,.T.);
#13713 = EDGE_LOOP('',(#13714,#13715,#13721,#13722));
#13714 = ORIENTED_EDGE('',*,*,#11680,.T.);
#13715 = ORIENTED_EDGE('',*,*,#13716,.T.);
#13716 = EDGE_CURVE('',#11681,#12656,#13717,.T.);
#13717 = LINE('',#13718,#13719);
#13718 = CARTESIAN_POINT('',(116.,-120.5,-4.6E-02));
#13719 = VECTOR('',#13720,1.);
#13720 = DIRECTION('',(0.,0.,1.));
#13721 = ORIENTED_EDGE('',*,*,#12655,.F.);
#13722 = ORIENTED_EDGE('',*,*,#13716,.F.);
#13723 = CYLINDRICAL_SURFACE('',#13724,0.5);
#13724 = AXIS2_PLACEMENT_3D('',#13725,#13726,#13727);
#13725 = CARTESIAN_POINT('',(116.,-120.,-4.6E-02));
#13726 = DIRECTION('',(-0.,-0.,-1.));
#13727 = DIRECTION('',(-0.,-1.,0.));
#13728 = ADVANCED_FACE('',(#13729),#13740,.F.);
#13729 = FACE_BOUND('',#13730,.T.);
#13730 = EDGE_LOOP('',(#13731,#13732,#13738,#13739));
#13731 = ORIENTED_EDGE('',*,*,#11691,.T.);
#13732 = ORIENTED_EDGE('',*,*,#13733,.T.);
#13733 = EDGE_CURVE('',#11692,#12667,#13734,.T.);
#13734 = LINE('',#13735,#13736);
#13735 = CARTESIAN_POINT('',(118.54,-120.5,-4.6E-02));
#13736 = VECTOR('',#13737,1.);
#13737 = DIRECTION('',(0.,0.,1.));
#13738 = ORIENTED_EDGE('',*,*,#12666,.F.);
#13739 = ORIENTED_EDGE('',*,*,#13733,.F.);
#13740 = CYLINDRICAL_SURFACE('',#13741,0.5);
#13741 = AXIS2_PLACEMENT_3D('',#13742,#13743,#13744);
#13742 = CARTESIAN_POINT('',(118.54,-120.,-4.6E-02));
#13743 = DIRECTION('',(-0.,-0.,-1.));
#13744 = DIRECTION('',(-0.,-1.,0.));
#13745 = ADVANCED_FACE('',(#13746),#13757,.F.);
#13746 = FACE_BOUND('',#13747,.T.);
#13747 = EDGE_LOOP('',(#13748,#13749,#13755,#13756));
#13748 = ORIENTED_EDGE('',*,*,#11702,.T.);
#13749 = ORIENTED_EDGE('',*,*,#13750,.T.);
#13750 = EDGE_CURVE('',#11703,#12678,#13751,.T.);
#13751 = LINE('',#13752,#13753);
#13752 = CARTESIAN_POINT('',(122.,-121.05,-4.6E-02));
#13753 = VECTOR('',#13754,1.);
#13754 = DIRECTION('',(0.,0.,1.));
#13755 = ORIENTED_EDGE('',*,*,#12677,.F.);
#13756 = ORIENTED_EDGE('',*,*,#13750,.F.);
#13757 = CYLINDRICAL_SURFACE('',#13758,0.55);
#13758 = AXIS2_PLACEMENT_3D('',#13759,#13760,#13761);
#13759 = CARTESIAN_POINT('',(122.,-120.5,-4.6E-02));
#13760 = DIRECTION('',(-0.,-0.,-1.));
#13761 = DIRECTION('',(-0.,-1.,0.));
#13762 = ADVANCED_FACE('',(#13763),#13774,.F.);
#13763 = FACE_BOUND('',#13764,.T.);
#13764 = EDGE_LOOP('',(#13765,#13766,#13772,#13773));
#13765 = ORIENTED_EDGE('',*,*,#11713,.T.);
#13766 = ORIENTED_EDGE('',*,*,#13767,.T.);
#13767 = EDGE_CURVE('',#11714,#12689,#13768,.T.);
#13768 = LINE('',#13769,#13770);
#13769 = CARTESIAN_POINT('',(122.,-115.97,-4.6E-02));
#13770 = VECTOR('',#13771,1.);
#13771 = DIRECTION('',(0.,0.,1.));
#13772 = ORIENTED_EDGE('',*,*,#12688,.F.);
#13773 = ORIENTED_EDGE('',*,*,#13767,.F.);
#13774 = CYLINDRICAL_SURFACE('',#13775,0.55);
#13775 = AXIS2_PLACEMENT_3D('',#13776,#13777,#13778);
#13776 = CARTESIAN_POINT('',(122.,-115.42,-4.6E-02));
#13777 = DIRECTION('',(-0.,-0.,-1.));
#13778 = DIRECTION('',(-0.,-1.,0.));
#13779 = ADVANCED_FACE('',(#13780),#13791,.F.);
#13780 = FACE_BOUND('',#13781,.T.);
#13781 = EDGE_LOOP('',(#13782,#13783,#13789,#13790));
#13782 = ORIENTED_EDGE('',*,*,#11724,.T.);
#13783 = ORIENTED_EDGE('',*,*,#13784,.T.);
#13784 = EDGE_CURVE('',#11725,#12700,#13785,.T.);
#13785 = LINE('',#13786,#13787);
#13786 = CARTESIAN_POINT('',(108.,-105.7,-4.6E-02));
#13787 = VECTOR('',#13788,1.);
#13788 = DIRECTION('',(0.,0.,1.));
#13789 = ORIENTED_EDGE('',*,*,#12699,.F.);
#13790 = ORIENTED_EDGE('',*,*,#13784,.F.);
#13791 = CYLINDRICAL_SURFACE('',#13792,0.7);
#13792 = AXIS2_PLACEMENT_3D('',#13793,#13794,#13795);
#13793 = CARTESIAN_POINT('',(108.,-105.,-4.6E-02));
#13794 = DIRECTION('',(-0.,-0.,-1.));
#13795 = DIRECTION('',(-0.,-1.,0.));
#13796 = ADVANCED_FACE('',(#13797),#13808,.F.);
#13797 = FACE_BOUND('',#13798,.T.);
#13798 = EDGE_LOOP('',(#13799,#13800,#13806,#13807));
#13799 = ORIENTED_EDGE('',*,*,#11735,.T.);
#13800 = ORIENTED_EDGE('',*,*,#13801,.T.);
#13801 = EDGE_CURVE('',#11736,#12711,#13802,.T.);
#13802 = LINE('',#13803,#13804);
#13803 = CARTESIAN_POINT('',(126.,-120.44,-4.6E-02));
#13804 = VECTOR('',#13805,1.);
#13805 = DIRECTION('',(0.,0.,1.));
#13806 = ORIENTED_EDGE('',*,*,#12710,.F.);
#13807 = ORIENTED_EDGE('',*,*,#13801,.F.);
#13808 = CYLINDRICAL_SURFACE('',#13809,0.4);
#13809 = AXIS2_PLACEMENT_3D('',#13810,#13811,#13812);
#13810 = CARTESIAN_POINT('',(126.,-120.04,-4.6E-02));
#13811 = DIRECTION('',(-0.,-0.,-1.));
#13812 = DIRECTION('',(-0.,-1.,0.));
#13813 = ADVANCED_FACE('',(#13814),#13825,.F.);
#13814 = FACE_BOUND('',#13815,.T.);
#13815 = EDGE_LOOP('',(#13816,#13817,#13823,#13824));
#13816 = ORIENTED_EDGE('',*,*,#11746,.T.);
#13817 = ORIENTED_EDGE('',*,*,#13818,.T.);
#13818 = EDGE_CURVE('',#11747,#12722,#13819,.T.);
#13819 = LINE('',#13820,#13821);
#13820 = CARTESIAN_POINT('',(126.,-117.9,-4.6E-02));
#13821 = VECTOR('',#13822,1.);
#13822 = DIRECTION('',(0.,0.,1.));
#13823 = ORIENTED_EDGE('',*,*,#12721,.F.);
#13824 = ORIENTED_EDGE('',*,*,#13818,.F.);
#13825 = CYLINDRICAL_SURFACE('',#13826,0.4);
#13826 = AXIS2_PLACEMENT_3D('',#13827,#13828,#13829);
#13827 = CARTESIAN_POINT('',(126.,-117.5,-4.6E-02));
#13828 = DIRECTION('',(-0.,-0.,-1.));
#13829 = DIRECTION('',(-0.,-1.,0.));
#13830 = ADVANCED_FACE('',(#13831),#13842,.F.);
#13831 = FACE_BOUND('',#13832,.T.);
#13832 = EDGE_LOOP('',(#13833,#13834,#13840,#13841));
#13833 = ORIENTED_EDGE('',*,*,#11757,.T.);
#13834 = ORIENTED_EDGE('',*,*,#13835,.T.);
#13835 = EDGE_CURVE('',#11758,#12733,#13836,.T.);
#13836 = LINE('',#13837,#13838);
#13837 = CARTESIAN_POINT('',(130.,-120.44,-4.6E-02));
#13838 = VECTOR('',#13839,1.);
#13839 = DIRECTION('',(0.,0.,1.));
#13840 = ORIENTED_EDGE('',*,*,#12732,.F.);
#13841 = ORIENTED_EDGE('',*,*,#13835,.F.);
#13842 = CYLINDRICAL_SURFACE('',#13843,0.4);
#13843 = AXIS2_PLACEMENT_3D('',#13844,#13845,#13846);
#13844 = CARTESIAN_POINT('',(130.,-120.04,-4.6E-02));
#13845 = DIRECTION('',(-0.,-0.,-1.));
#13846 = DIRECTION('',(-0.,-1.,0.));
#13847 = ADVANCED_FACE('',(#13848),#13859,.F.);
#13848 = FACE_BOUND('',#13849,.T.);
#13849 = EDGE_LOOP('',(#13850,#13851,#13857,#13858));
#13850 = ORIENTED_EDGE('',*,*,#11768,.T.);
#13851 = ORIENTED_EDGE('',*,*,#13852,.T.);
#13852 = EDGE_CURVE('',#11769,#12744,#13853,.T.);
#13853 = LINE('',#13854,#13855);
#13854 = CARTESIAN_POINT('',(130.,-117.9,-4.6E-02));
#13855 = VECTOR('',#13856,1.);
#13856 = DIRECTION('',(0.,0.,1.));
#13857 = ORIENTED_EDGE('',*,*,#12743,.F.);
#13858 = ORIENTED_EDGE('',*,*,#13852,.F.);
#13859 = CYLINDRICAL_SURFACE('',#13860,0.4);
#13860 = AXIS2_PLACEMENT_3D('',#13861,#13862,#13863);
#13861 = CARTESIAN_POINT('',(130.,-117.5,-4.6E-02));
#13862 = DIRECTION('',(-0.,-0.,-1.));
#13863 = DIRECTION('',(-0.,-1.,0.));
#13864 = ADVANCED_FACE('',(#13865),#13876,.F.);
#13865 = FACE_BOUND('',#13866,.T.);
#13866 = EDGE_LOOP('',(#13867,#13868,#13874,#13875));
#13867 = ORIENTED_EDGE('',*,*,#11779,.T.);
#13868 = ORIENTED_EDGE('',*,*,#13869,.T.);
#13869 = EDGE_CURVE('',#11780,#12755,#13870,.T.);
#13870 = LINE('',#13871,#13872);
#13871 = CARTESIAN_POINT('',(131.,-114.72,-4.6E-02));
#13872 = VECTOR('',#13873,1.);
#13873 = DIRECTION('',(0.,0.,1.));
#13874 = ORIENTED_EDGE('',*,*,#12754,.F.);
#13875 = ORIENTED_EDGE('',*,*,#13869,.F.);
#13876 = CYLINDRICAL_SURFACE('',#13877,0.4);
#13877 = AXIS2_PLACEMENT_3D('',#13878,#13879,#13880);
#13878 = CARTESIAN_POINT('',(131.,-114.32,-4.6E-02));
#13879 = DIRECTION('',(-0.,-0.,-1.));
#13880 = DIRECTION('',(-0.,-1.,0.));
#13881 = ADVANCED_FACE('',(#13882),#13893,.F.);
#13882 = FACE_BOUND('',#13883,.T.);
#13883 = EDGE_LOOP('',(#13884,#13885,#13891,#13892));
#13884 = ORIENTED_EDGE('',*,*,#11790,.T.);
#13885 = ORIENTED_EDGE('',*,*,#13886,.T.);
#13886 = EDGE_CURVE('',#11791,#12766,#13887,.T.);
#13887 = LINE('',#13888,#13889);
#13888 = CARTESIAN_POINT('',(136.,-119.8,-4.6E-02));
#13889 = VECTOR('',#13890,1.);
#13890 = DIRECTION('',(0.,0.,1.));
#13891 = ORIENTED_EDGE('',*,*,#12765,.F.);
#13892 = ORIENTED_EDGE('',*,*,#13886,.F.);
#13893 = CYLINDRICAL_SURFACE('',#13894,0.4);
#13894 = AXIS2_PLACEMENT_3D('',#13895,#13896,#13897);
#13895 = CARTESIAN_POINT('',(136.,-119.4,-4.6E-02));
#13896 = DIRECTION('',(-0.,-0.,-1.));
#13897 = DIRECTION('',(-0.,-1.,0.));
#13898 = ADVANCED_FACE('',(#13899),#13910,.F.);
#13899 = FACE_BOUND('',#13900,.T.);
#13900 = EDGE_LOOP('',(#13901,#13902,#13908,#13909));
#13901 = ORIENTED_EDGE('',*,*,#11801,.T.);
#13902 = ORIENTED_EDGE('',*,*,#13903,.T.);
#13903 = EDGE_CURVE('',#11802,#12777,#13904,.T.);
#13904 = LINE('',#13905,#13906);
#13905 = CARTESIAN_POINT('',(144.5,-120.45,-4.6E-02));
#13906 = VECTOR('',#13907,1.);
#13907 = DIRECTION('',(0.,0.,1.));
#13908 = ORIENTED_EDGE('',*,*,#12776,.F.);
#13909 = ORIENTED_EDGE('',*,*,#13903,.F.);
#13910 = CYLINDRICAL_SURFACE('',#13911,0.45);
#13911 = AXIS2_PLACEMENT_3D('',#13912,#13913,#13914);
#13912 = CARTESIAN_POINT('',(144.5,-120.,-4.6E-02));
#13913 = DIRECTION('',(-0.,-0.,-1.));
#13914 = DIRECTION('',(-0.,-1.,0.));
#13915 = ADVANCED_FACE('',(#13916),#13927,.F.);
#13916 = FACE_BOUND('',#13917,.T.);
#13917 = EDGE_LOOP('',(#13918,#13919,#13925,#13926));
#13918 = ORIENTED_EDGE('',*,*,#11812,.T.);
#13919 = ORIENTED_EDGE('',*,*,#13920,.T.);
#13920 = EDGE_CURVE('',#11813,#12788,#13921,.T.);
#13921 = LINE('',#13922,#13923);
#13922 = CARTESIAN_POINT('',(144.5,-117.91,-4.6E-02));
#13923 = VECTOR('',#13924,1.);
#13924 = DIRECTION('',(0.,0.,1.));
#13925 = ORIENTED_EDGE('',*,*,#12787,.F.);
#13926 = ORIENTED_EDGE('',*,*,#13920,.F.);
#13927 = CYLINDRICAL_SURFACE('',#13928,0.45);
#13928 = AXIS2_PLACEMENT_3D('',#13929,#13930,#13931);
#13929 = CARTESIAN_POINT('',(144.5,-117.46,-4.6E-02));
#13930 = DIRECTION('',(-0.,-0.,-1.));
#13931 = DIRECTION('',(-0.,-1.,0.));
#13932 = ADVANCED_FACE('',(#13933),#13944,.F.);
#13933 = FACE_BOUND('',#13934,.T.);
#13934 = EDGE_LOOP('',(#13935,#13936,#13942,#13943));
#13935 = ORIENTED_EDGE('',*,*,#11823,.T.);
#13936 = ORIENTED_EDGE('',*,*,#13937,.T.);
#13937 = EDGE_CURVE('',#11824,#12799,#13938,.T.);
#13938 = LINE('',#13939,#13940);
#13939 = CARTESIAN_POINT('',(136.,-114.72,-4.6E-02));
#13940 = VECTOR('',#13941,1.);
#13941 = DIRECTION('',(0.,0.,1.));
#13942 = ORIENTED_EDGE('',*,*,#12798,.F.);
#13943 = ORIENTED_EDGE('',*,*,#13937,.F.);
#13944 = CYLINDRICAL_SURFACE('',#13945,0.4);
#13945 = AXIS2_PLACEMENT_3D('',#13946,#13947,#13948);
#13946 = CARTESIAN_POINT('',(136.,-114.32,-4.6E-02));
#13947 = DIRECTION('',(-0.,-0.,-1.));
#13948 = DIRECTION('',(-0.,-1.,0.));
#13949 = ADVANCED_FACE('',(#13950),#13961,.F.);
#13950 = FACE_BOUND('',#13951,.T.);
#13951 = EDGE_LOOP('',(#13952,#13953,#13959,#13960));
#13952 = ORIENTED_EDGE('',*,*,#11834,.T.);
#13953 = ORIENTED_EDGE('',*,*,#13954,.T.);
#13954 = EDGE_CURVE('',#11835,#12810,#13955,.T.);
#13955 = LINE('',#13956,#13957);
#13956 = CARTESIAN_POINT('',(140.,-114.72,-4.6E-02));
#13957 = VECTOR('',#13958,1.);
#13958 = DIRECTION('',(0.,0.,1.));
#13959 = ORIENTED_EDGE('',*,*,#12809,.F.);
#13960 = ORIENTED_EDGE('',*,*,#13954,.F.);
#13961 = CYLINDRICAL_SURFACE('',#13962,0.4);
#13962 = AXIS2_PLACEMENT_3D('',#13963,#13964,#13965);
#13963 = CARTESIAN_POINT('',(140.,-114.32,-4.6E-02));
#13964 = DIRECTION('',(-0.,-0.,-1.));
#13965 = DIRECTION('',(-0.,-1.,0.));
#13966 = ADVANCED_FACE('',(#13967),#13978,.F.);
#13967 = FACE_BOUND('',#13968,.T.);
#13968 = EDGE_LOOP('',(#13969,#13970,#13976,#13977));
#13969 = ORIENTED_EDGE('',*,*,#11845,.T.);
#13970 = ORIENTED_EDGE('',*,*,#13971,.T.);
#13971 = EDGE_CURVE('',#11846,#12821,#13972,.T.);
#13972 = LINE('',#13973,#13974);
#13973 = CARTESIAN_POINT('',(126.,-109.64,-4.6E-02));
#13974 = VECTOR('',#13975,1.);
#13975 = DIRECTION('',(0.,0.,1.));
#13976 = ORIENTED_EDGE('',*,*,#12820,.F.);
#13977 = ORIENTED_EDGE('',*,*,#13971,.F.);
#13978 = CYLINDRICAL_SURFACE('',#13979,0.4);
#13979 = AXIS2_PLACEMENT_3D('',#13980,#13981,#13982);
#13980 = CARTESIAN_POINT('',(126.,-109.24,-4.6E-02));
#13981 = DIRECTION('',(-0.,-0.,-1.));
#13982 = DIRECTION('',(-0.,-1.,0.));
#13983 = ADVANCED_FACE('',(#13984),#13995,.F.);
#13984 = FACE_BOUND('',#13985,.T.);
#13985 = EDGE_LOOP('',(#13986,#13987,#13993,#13994));
#13986 = ORIENTED_EDGE('',*,*,#11856,.T.);
#13987 = ORIENTED_EDGE('',*,*,#13988,.T.);
#13988 = EDGE_CURVE('',#11857,#12832,#13989,.T.);
#13989 = LINE('',#13990,#13991);
#13990 = CARTESIAN_POINT('',(131.,-109.64,-4.6E-02));
#13991 = VECTOR('',#13992,1.);
#13992 = DIRECTION('',(0.,0.,1.));
#13993 = ORIENTED_EDGE('',*,*,#12831,.F.);
#13994 = ORIENTED_EDGE('',*,*,#13988,.F.);
#13995 = CYLINDRICAL_SURFACE('',#13996,0.4);
#13996 = AXIS2_PLACEMENT_3D('',#13997,#13998,#13999);
#13997 = CARTESIAN_POINT('',(131.,-109.24,-4.6E-02));
#13998 = DIRECTION('',(-0.,-0.,-1.));
#13999 = DIRECTION('',(-0.,-1.,0.));
#14000 = ADVANCED_FACE('',(#14001),#14012,.F.);
#14001 = FACE_BOUND('',#14002,.T.);
#14002 = EDGE_LOOP('',(#14003,#14004,#14010,#14011));
#14003 = ORIENTED_EDGE('',*,*,#11867,.T.);
#14004 = ORIENTED_EDGE('',*,*,#14005,.T.);
#14005 = EDGE_CURVE('',#11868,#12843,#14006,.T.);
#14006 = LINE('',#14007,#14008);
#14007 = CARTESIAN_POINT('',(135.,-109.64,-4.6E-02));
#14008 = VECTOR('',#14009,1.);
#14009 = DIRECTION('',(0.,0.,1.));
#14010 = ORIENTED_EDGE('',*,*,#12842,.F.);
#14011 = ORIENTED_EDGE('',*,*,#14005,.F.);
#14012 = CYLINDRICAL_SURFACE('',#14013,0.4);
#14013 = AXIS2_PLACEMENT_3D('',#14014,#14015,#14016);
#14014 = CARTESIAN_POINT('',(135.,-109.24,-4.6E-02));
#14015 = DIRECTION('',(-0.,-0.,-1.));
#14016 = DIRECTION('',(-0.,-1.,0.));
#14017 = ADVANCED_FACE('',(#14018),#14029,.F.);
#14018 = FACE_BOUND('',#14019,.T.);
#14019 = EDGE_LOOP('',(#14020,#14021,#14027,#14028));
#14020 = ORIENTED_EDGE('',*,*,#11878,.T.);
#14021 = ORIENTED_EDGE('',*,*,#14022,.T.);
#14022 = EDGE_CURVE('',#11879,#12854,#14023,.T.);
#14023 = LINE('',#14024,#14025);
#14024 = CARTESIAN_POINT('',(144.5,-112.98,-4.6E-02));
#14025 = VECTOR('',#14026,1.);
#14026 = DIRECTION('',(0.,0.,1.));
#14027 = ORIENTED_EDGE('',*,*,#12853,.F.);
#14028 = ORIENTED_EDGE('',*,*,#14022,.F.);
#14029 = CYLINDRICAL_SURFACE('',#14030,0.4);
#14030 = AXIS2_PLACEMENT_3D('',#14031,#14032,#14033);
#14031 = CARTESIAN_POINT('',(144.5,-112.58,-4.6E-02));
#14032 = DIRECTION('',(-0.,-0.,-1.));
#14033 = DIRECTION('',(-0.,-1.,0.));
#14034 = ADVANCED_FACE('',(#14035),#14046,.F.);
#14035 = FACE_BOUND('',#14036,.T.);
#14036 = EDGE_LOOP('',(#14037,#14038,#14044,#14045));
#14037 = ORIENTED_EDGE('',*,*,#11889,.T.);
#14038 = ORIENTED_EDGE('',*,*,#14039,.T.);
#14039 = EDGE_CURVE('',#11890,#12865,#14040,.T.);
#14040 = LINE('',#14041,#14042);
#14041 = CARTESIAN_POINT('',(140.,-109.64,-4.6E-02));
#14042 = VECTOR('',#14043,1.);
#14043 = DIRECTION('',(0.,0.,1.));
#14044 = ORIENTED_EDGE('',*,*,#12864,.F.);
#14045 = ORIENTED_EDGE('',*,*,#14039,.F.);
#14046 = CYLINDRICAL_SURFACE('',#14047,0.4);
#14047 = AXIS2_PLACEMENT_3D('',#14048,#14049,#14050);
#14048 = CARTESIAN_POINT('',(140.,-109.24,-4.6E-02));
#14049 = DIRECTION('',(-0.,-0.,-1.));
#14050 = DIRECTION('',(-0.,-1.,0.));
#14051 = ADVANCED_FACE('',(#14052),#14063,.F.);
#14052 = FACE_BOUND('',#14053,.T.);
#14053 = EDGE_LOOP('',(#14054,#14055,#14061,#14062));
#14054 = ORIENTED_EDGE('',*,*,#11900,.T.);
#14055 = ORIENTED_EDGE('',*,*,#14056,.T.);
#14056 = EDGE_CURVE('',#11901,#12876,#14057,.T.);
#14057 = LINE('',#14058,#14059);
#14058 = CARTESIAN_POINT('',(144.5,-107.9,-4.6E-02));
#14059 = VECTOR('',#14060,1.);
#14060 = DIRECTION('',(0.,0.,1.));
#14061 = ORIENTED_EDGE('',*,*,#12875,.F.);
#14062 = ORIENTED_EDGE('',*,*,#14056,.F.);
#14063 = CYLINDRICAL_SURFACE('',#14064,0.4);
#14064 = AXIS2_PLACEMENT_3D('',#14065,#14066,#14067);
#14065 = CARTESIAN_POINT('',(144.5,-107.5,-4.6E-02));
#14066 = DIRECTION('',(-0.,-0.,-1.));
#14067 = DIRECTION('',(-0.,-1.,0.));
#14068 = ADVANCED_FACE('',(#14069),#14080,.F.);
#14069 = FACE_BOUND('',#14070,.T.);
#14070 = EDGE_LOOP('',(#14071,#14072,#14078,#14079));
#14071 = ORIENTED_EDGE('',*,*,#11911,.T.);
#14072 = ORIENTED_EDGE('',*,*,#14073,.T.);
#14073 = EDGE_CURVE('',#11912,#12887,#14074,.T.);
#14074 = LINE('',#14075,#14076);
#14075 = CARTESIAN_POINT('',(121.,-104.56,-4.6E-02));
#14076 = VECTOR('',#14077,1.);
#14077 = DIRECTION('',(0.,0.,1.));
#14078 = ORIENTED_EDGE('',*,*,#12886,.F.);
#14079 = ORIENTED_EDGE('',*,*,#14073,.F.);
#14080 = CYLINDRICAL_SURFACE('',#14081,0.4);
#14081 = AXIS2_PLACEMENT_3D('',#14082,#14083,#14084);
#14082 = CARTESIAN_POINT('',(121.,-104.16,-4.6E-02));
#14083 = DIRECTION('',(-0.,-0.,-1.));
#14084 = DIRECTION('',(-0.,-1.,0.));
#14085 = ADVANCED_FACE('',(#14086),#14097,.F.);
#14086 = FACE_BOUND('',#14087,.T.);
#14087 = EDGE_LOOP('',(#14088,#14089,#14095,#14096));
#14088 = ORIENTED_EDGE('',*,*,#11922,.T.);
#14089 = ORIENTED_EDGE('',*,*,#14090,.T.);
#14090 = EDGE_CURVE('',#11923,#12898,#14091,.T.);
#14091 = LINE('',#14092,#14093);
#14092 = CARTESIAN_POINT('',(116.,-99.48,-4.6E-02));
#14093 = VECTOR('',#14094,1.);
#14094 = DIRECTION('',(0.,0.,1.));
#14095 = ORIENTED_EDGE('',*,*,#12897,.F.);
#14096 = ORIENTED_EDGE('',*,*,#14090,.F.);
#14097 = CYLINDRICAL_SURFACE('',#14098,0.4);
#14098 = AXIS2_PLACEMENT_3D('',#14099,#14100,#14101);
#14099 = CARTESIAN_POINT('',(116.,-99.08,-4.6E-02));
#14100 = DIRECTION('',(-0.,-0.,-1.));
#14101 = DIRECTION('',(-0.,-1.,0.));
#14102 = ADVANCED_FACE('',(#14103),#14114,.F.);
#14103 = FACE_BOUND('',#14104,.T.);
#14104 = EDGE_LOOP('',(#14105,#14106,#14112,#14113));
#14105 = ORIENTED_EDGE('',*,*,#11933,.T.);
#14106 = ORIENTED_EDGE('',*,*,#14107,.T.);
#14107 = EDGE_CURVE('',#11934,#12909,#14108,.T.);
#14108 = LINE('',#14109,#14110);
#14109 = CARTESIAN_POINT('',(121.,-99.48,-4.6E-02));
#14110 = VECTOR('',#14111,1.);
#14111 = DIRECTION('',(0.,0.,1.));
#14112 = ORIENTED_EDGE('',*,*,#12908,.F.);
#14113 = ORIENTED_EDGE('',*,*,#14107,.F.);
#14114 = CYLINDRICAL_SURFACE('',#14115,0.4);
#14115 = AXIS2_PLACEMENT_3D('',#14116,#14117,#14118);
#14116 = CARTESIAN_POINT('',(121.,-99.08,-4.6E-02));
#14117 = DIRECTION('',(-0.,-0.,-1.));
#14118 = DIRECTION('',(-0.,-1.,0.));
#14119 = ADVANCED_FACE('',(#14120),#14131,.F.);
#14120 = FACE_BOUND('',#14121,.T.);
#14121 = EDGE_LOOP('',(#14122,#14123,#14129,#14130));
#14122 = ORIENTED_EDGE('',*,*,#11944,.T.);
#14123 = ORIENTED_EDGE('',*,*,#14124,.T.);
#14124 = EDGE_CURVE('',#11945,#12920,#14125,.T.);
#14125 = LINE('',#14126,#14127);
#14126 = CARTESIAN_POINT('',(102.5,-91.7,-4.6E-02));
#14127 = VECTOR('',#14128,1.);
#14128 = DIRECTION('',(0.,0.,1.));
#14129 = ORIENTED_EDGE('',*,*,#12919,.F.);
#14130 = ORIENTED_EDGE('',*,*,#14124,.F.);
#14131 = CYLINDRICAL_SURFACE('',#14132,1.7);
#14132 = AXIS2_PLACEMENT_3D('',#14133,#14134,#14135);
#14133 = CARTESIAN_POINT('',(102.5,-90.,-4.6E-02));
#14134 = DIRECTION('',(-0.,-0.,-1.));
#14135 = DIRECTION('',(-0.,-1.,0.));
#14136 = ADVANCED_FACE('',(#14137),#14148,.F.);
#14137 = FACE_BOUND('',#14138,.T.);
#14138 = EDGE_LOOP('',(#14139,#14140,#14146,#14147));
#14139 = ORIENTED_EDGE('',*,*,#11955,.T.);
#14140 = ORIENTED_EDGE('',*,*,#14141,.T.);
#14141 = EDGE_CURVE('',#11956,#12931,#14142,.T.);
#14142 = LINE('',#14143,#14144);
#14143 = CARTESIAN_POINT('',(110.,-91.175,-4.6E-02));
#14144 = VECTOR('',#14145,1.);
#14145 = DIRECTION('',(0.,0.,1.));
#14146 = ORIENTED_EDGE('',*,*,#12930,.F.);
#14147 = ORIENTED_EDGE('',*,*,#14141,.F.);
#14148 = CYLINDRICAL_SURFACE('',#14149,1.175);
#14149 = AXIS2_PLACEMENT_3D('',#14150,#14151,#14152);
#14150 = CARTESIAN_POINT('',(110.,-90.,-4.6E-02));
#14151 = DIRECTION('',(-0.,-0.,-1.));
#14152 = DIRECTION('',(-0.,-1.,0.));
#14153 = ADVANCED_FACE('',(#14154),#14165,.F.);
#14154 = FACE_BOUND('',#14155,.T.);
#14155 = EDGE_LOOP('',(#14156,#14157,#14163,#14164));
#14156 = ORIENTED_EDGE('',*,*,#11966,.T.);
#14157 = ORIENTED_EDGE('',*,*,#14158,.T.);
#14158 = EDGE_CURVE('',#11967,#12942,#14159,.T.);
#14159 = LINE('',#14160,#14161);
#14160 = CARTESIAN_POINT('',(116.,-94.4,-4.6E-02));
#14161 = VECTOR('',#14162,1.);
#14162 = DIRECTION('',(0.,0.,1.));
#14163 = ORIENTED_EDGE('',*,*,#12941,.F.);
#14164 = ORIENTED_EDGE('',*,*,#14158,.F.);
#14165 = CYLINDRICAL_SURFACE('',#14166,0.4);
#14166 = AXIS2_PLACEMENT_3D('',#14167,#14168,#14169);
#14167 = CARTESIAN_POINT('',(116.,-94.,-4.6E-02));
#14168 = DIRECTION('',(-0.,-0.,-1.));
#14169 = DIRECTION('',(-0.,-1.,0.));
#14170 = ADVANCED_FACE('',(#14171),#14182,.F.);
#14171 = FACE_BOUND('',#14172,.T.);
#14172 = EDGE_LOOP('',(#14173,#14174,#14180,#14181));
#14173 = ORIENTED_EDGE('',*,*,#11977,.T.);
#14174 = ORIENTED_EDGE('',*,*,#14175,.T.);
#14175 = EDGE_CURVE('',#11978,#12953,#14176,.T.);
#14176 = LINE('',#14177,#14178);
#14177 = CARTESIAN_POINT('',(126.,-104.56,-4.6E-02));
#14178 = VECTOR('',#14179,1.);
#14179 = DIRECTION('',(0.,0.,1.));
#14180 = ORIENTED_EDGE('',*,*,#12952,.F.);
#14181 = ORIENTED_EDGE('',*,*,#14175,.F.);
#14182 = CYLINDRICAL_SURFACE('',#14183,0.4);
#14183 = AXIS2_PLACEMENT_3D('',#14184,#14185,#14186);
#14184 = CARTESIAN_POINT('',(126.,-104.16,-4.6E-02));
#14185 = DIRECTION('',(-0.,-0.,-1.));
#14186 = DIRECTION('',(-0.,-1.,0.));
#14187 = ADVANCED_FACE('',(#14188),#14199,.F.);
#14188 = FACE_BOUND('',#14189,.T.);
#14189 = EDGE_LOOP('',(#14190,#14191,#14197,#14198));
#14190 = ORIENTED_EDGE('',*,*,#11988,.T.);
#14191 = ORIENTED_EDGE('',*,*,#14192,.T.);
#14192 = EDGE_CURVE('',#11989,#12964,#14193,.T.);
#14193 = LINE('',#14194,#14195);
#14194 = CARTESIAN_POINT('',(130.,-104.56,-4.6E-02));
#14195 = VECTOR('',#14196,1.);
#14196 = DIRECTION('',(0.,0.,1.));
#14197 = ORIENTED_EDGE('',*,*,#12963,.F.);
#14198 = ORIENTED_EDGE('',*,*,#14192,.F.);
#14199 = CYLINDRICAL_SURFACE('',#14200,0.4);
#14200 = AXIS2_PLACEMENT_3D('',#14201,#14202,#14203);
#14201 = CARTESIAN_POINT('',(130.,-104.16,-4.6E-02));
#14202 = DIRECTION('',(-0.,-0.,-1.));
#14203 = DIRECTION('',(-0.,-1.,0.));
#14204 = ADVANCED_FACE('',(#14205),#14216,.F.);
#14205 = FACE_BOUND('',#14206,.T.);
#14206 = EDGE_LOOP('',(#14207,#14208,#14214,#14215));
#14207 = ORIENTED_EDGE('',*,*,#11999,.T.);
#14208 = ORIENTED_EDGE('',*,*,#14209,.T.);
#14209 = EDGE_CURVE('',#12000,#12975,#14210,.T.);
#14210 = LINE('',#14211,#14212);
#14211 = CARTESIAN_POINT('',(125.,-99.48,-4.6E-02));
#14212 = VECTOR('',#14213,1.);
#14213 = DIRECTION('',(0.,0.,1.));
#14214 = ORIENTED_EDGE('',*,*,#12974,.F.);
#14215 = ORIENTED_EDGE('',*,*,#14209,.F.);
#14216 = CYLINDRICAL_SURFACE('',#14217,0.4);
#14217 = AXIS2_PLACEMENT_3D('',#14218,#14219,#14220);
#14218 = CARTESIAN_POINT('',(125.,-99.08,-4.6E-02));
#14219 = DIRECTION('',(-0.,-0.,-1.));
#14220 = DIRECTION('',(-0.,-1.,0.));
#14221 = ADVANCED_FACE('',(#14222),#14233,.F.);
#14222 = FACE_BOUND('',#14223,.T.);
#14223 = EDGE_LOOP('',(#14224,#14225,#14231,#14232));
#14224 = ORIENTED_EDGE('',*,*,#12010,.T.);
#14225 = ORIENTED_EDGE('',*,*,#14226,.T.);
#14226 = EDGE_CURVE('',#12011,#12986,#14227,.T.);
#14227 = LINE('',#14228,#14229);
#14228 = CARTESIAN_POINT('',(130.,-99.48,-4.6E-02));
#14229 = VECTOR('',#14230,1.);
#14230 = DIRECTION('',(0.,0.,1.));
#14231 = ORIENTED_EDGE('',*,*,#12985,.F.);
#14232 = ORIENTED_EDGE('',*,*,#14226,.F.);
#14233 = CYLINDRICAL_SURFACE('',#14234,0.4);
#14234 = AXIS2_PLACEMENT_3D('',#14235,#14236,#14237);
#14235 = CARTESIAN_POINT('',(130.,-99.08,-4.6E-02));
#14236 = DIRECTION('',(-0.,-0.,-1.));
#14237 = DIRECTION('',(-0.,-1.,0.));
#14238 = ADVANCED_FACE('',(#14239),#14250,.F.);
#14239 = FACE_BOUND('',#14240,.T.);
#14240 = EDGE_LOOP('',(#14241,#14242,#14248,#14249));
#14241 = ORIENTED_EDGE('',*,*,#12021,.T.);
#14242 = ORIENTED_EDGE('',*,*,#14243,.T.);
#14243 = EDGE_CURVE('',#12022,#12997,#14244,.T.);
#14244 = LINE('',#14245,#14246);
#14245 = CARTESIAN_POINT('',(135.,-104.56,-4.6E-02));
#14246 = VECTOR('',#14247,1.);
#14247 = DIRECTION('',(0.,0.,1.));
#14248 = ORIENTED_EDGE('',*,*,#12996,.F.);
#14249 = ORIENTED_EDGE('',*,*,#14243,.F.);
#14250 = CYLINDRICAL_SURFACE('',#14251,0.4);
#14251 = AXIS2_PLACEMENT_3D('',#14252,#14253,#14254);
#14252 = CARTESIAN_POINT('',(135.,-104.16,-4.6E-02));
#14253 = DIRECTION('',(-0.,-0.,-1.));
#14254 = DIRECTION('',(-0.,-1.,0.));
#14255 = ADVANCED_FACE('',(#14256),#14267,.F.);
#14256 = FACE_BOUND('',#14257,.T.);
#14257 = EDGE_LOOP('',(#14258,#14259,#14265,#14266));
#14258 = ORIENTED_EDGE('',*,*,#12032,.T.);
#14259 = ORIENTED_EDGE('',*,*,#14260,.T.);
#14260 = EDGE_CURVE('',#12033,#13008,#14261,.T.);
#14261 = LINE('',#14262,#14263);
#14262 = CARTESIAN_POINT('',(125.,-94.4,-4.6E-02));
#14263 = VECTOR('',#14264,1.);
#14264 = DIRECTION('',(0.,0.,1.));
#14265 = ORIENTED_EDGE('',*,*,#13007,.F.);
#14266 = ORIENTED_EDGE('',*,*,#14260,.F.);
#14267 = CYLINDRICAL_SURFACE('',#14268,0.4);
#14268 = AXIS2_PLACEMENT_3D('',#14269,#14270,#14271);
#14269 = CARTESIAN_POINT('',(125.,-94.,-4.6E-02));
#14270 = DIRECTION('',(-0.,-0.,-1.));
#14271 = DIRECTION('',(-0.,-1.,0.));
#14272 = ADVANCED_FACE('',(#14273),#14284,.F.);
#14273 = FACE_BOUND('',#14274,.T.);
#14274 = EDGE_LOOP('',(#14275,#14276,#14282,#14283));
#14275 = ORIENTED_EDGE('',*,*,#12043,.T.);
#14276 = ORIENTED_EDGE('',*,*,#14277,.T.);
#14277 = EDGE_CURVE('',#12044,#13019,#14278,.T.);
#14278 = LINE('',#14279,#14280);
#14279 = CARTESIAN_POINT('',(144.,-91.6,-4.6E-02));
#14280 = VECTOR('',#14281,1.);
#14281 = DIRECTION('',(0.,0.,1.));
#14282 = ORIENTED_EDGE('',*,*,#13018,.F.);
#14283 = ORIENTED_EDGE('',*,*,#14277,.F.);
#14284 = CYLINDRICAL_SURFACE('',#14285,1.6);
#14285 = AXIS2_PLACEMENT_3D('',#14286,#14287,#14288);
#14286 = CARTESIAN_POINT('',(144.,-90.,-4.6E-02));
#14287 = DIRECTION('',(-0.,-0.,-1.));
#14288 = DIRECTION('',(-0.,-1.,0.));
#14289 = ADVANCED_FACE('',(#14290),#14301,.F.);
#14290 = FACE_BOUND('',#14291,.T.);
#14291 = EDGE_LOOP('',(#14292,#14293,#14299,#14300));
#14292 = ORIENTED_EDGE('',*,*,#12054,.T.);
#14293 = ORIENTED_EDGE('',*,*,#14294,.T.);
#14294 = EDGE_CURVE('',#12055,#13030,#14295,.T.);
#14295 = LINE('',#14296,#14297);
#14296 = CARTESIAN_POINT('',(58.,-77.71,-4.6E-02));
#14297 = VECTOR('',#14298,1.);
#14298 = DIRECTION('',(0.,0.,1.));
#14299 = ORIENTED_EDGE('',*,*,#13029,.F.);
#14300 = ORIENTED_EDGE('',*,*,#14294,.F.);
#14301 = CYLINDRICAL_SURFACE('',#14302,0.55);
#14302 = AXIS2_PLACEMENT_3D('',#14303,#14304,#14305);
#14303 = CARTESIAN_POINT('',(58.,-77.16,-4.6E-02));
#14304 = DIRECTION('',(-0.,-0.,-1.));
#14305 = DIRECTION('',(-0.,-1.,0.));
#14306 = ADVANCED_FACE('',(#14307),#14318,.F.);
#14307 = FACE_BOUND('',#14308,.T.);
#14308 = EDGE_LOOP('',(#14309,#14310,#14316,#14317));
#14309 = ORIENTED_EDGE('',*,*,#12065,.T.);
#14310 = ORIENTED_EDGE('',*,*,#14311,.T.);
#14311 = EDGE_CURVE('',#12066,#13041,#14312,.T.);
#14312 = LINE('',#14313,#14314);
#14313 = CARTESIAN_POINT('',(67.52,-77.71,-4.6E-02));
#14314 = VECTOR('',#14315,1.);
#14315 = DIRECTION('',(0.,0.,1.));
#14316 = ORIENTED_EDGE('',*,*,#13040,.F.);
#14317 = ORIENTED_EDGE('',*,*,#14311,.F.);
#14318 = CYLINDRICAL_SURFACE('',#14319,0.55);
#14319 = AXIS2_PLACEMENT_3D('',#14320,#14321,#14322);
#14320 = CARTESIAN_POINT('',(67.52,-77.16,-4.6E-02));
#14321 = DIRECTION('',(-0.,-0.,-1.));
#14322 = DIRECTION('',(-0.,-1.,0.));
#14323 = ADVANCED_FACE('',(#14324),#14335,.F.);
#14324 = FACE_BOUND('',#14325,.T.);
#14325 = EDGE_LOOP('',(#14326,#14327,#14333,#14334));
#14326 = ORIENTED_EDGE('',*,*,#12076,.T.);
#14327 = ORIENTED_EDGE('',*,*,#14328,.T.);
#14328 = EDGE_CURVE('',#12077,#13052,#14329,.T.);
#14329 = LINE('',#14330,#14331);
#14330 = CARTESIAN_POINT('',(78.5,-77.71,-4.6E-02));
#14331 = VECTOR('',#14332,1.);
#14332 = DIRECTION('',(0.,0.,1.));
#14333 = ORIENTED_EDGE('',*,*,#13051,.F.);
#14334 = ORIENTED_EDGE('',*,*,#14328,.F.);
#14335 = CYLINDRICAL_SURFACE('',#14336,0.55);
#14336 = AXIS2_PLACEMENT_3D('',#14337,#14338,#14339);
#14337 = CARTESIAN_POINT('',(78.5,-77.16,-4.6E-02));
#14338 = DIRECTION('',(-0.,-0.,-1.));
#14339 = DIRECTION('',(-0.,-1.,0.));
#14340 = ADVANCED_FACE('',(#14341),#14352,.F.);
#14341 = FACE_BOUND('',#14342,.T.);
#14342 = EDGE_LOOP('',(#14343,#14344,#14350,#14351));
#14343 = ORIENTED_EDGE('',*,*,#12087,.T.);
#14344 = ORIENTED_EDGE('',*,*,#14345,.T.);
#14345 = EDGE_CURVE('',#12088,#13063,#14346,.T.);
#14346 = LINE('',#14347,#14348);
#14347 = CARTESIAN_POINT('',(88.02,-77.71,-4.6E-02));
#14348 = VECTOR('',#14349,1.);
#14349 = DIRECTION('',(0.,0.,1.));
#14350 = ORIENTED_EDGE('',*,*,#13062,.F.);
#14351 = ORIENTED_EDGE('',*,*,#14345,.F.);
#14352 = CYLINDRICAL_SURFACE('',#14353,0.55);
#14353 = AXIS2_PLACEMENT_3D('',#14354,#14355,#14356);
#14354 = CARTESIAN_POINT('',(88.02,-77.16,-4.6E-02));
#14355 = DIRECTION('',(-0.,-0.,-1.));
#14356 = DIRECTION('',(-0.,-1.,0.));
#14357 = ADVANCED_FACE('',(#14358),#14369,.F.);
#14358 = FACE_BOUND('',#14359,.T.);
#14359 = EDGE_LOOP('',(#14360,#14361,#14367,#14368));
#14360 = ORIENTED_EDGE('',*,*,#12098,.T.);
#14361 = ORIENTED_EDGE('',*,*,#14362,.T.);
#14362 = EDGE_CURVE('',#12099,#13074,#14363,.T.);
#14363 = LINE('',#14364,#14365);
#14364 = CARTESIAN_POINT('',(58.,-67.55,-4.6E-02));
#14365 = VECTOR('',#14366,1.);
#14366 = DIRECTION('',(0.,0.,1.));
#14367 = ORIENTED_EDGE('',*,*,#13073,.F.);
#14368 = ORIENTED_EDGE('',*,*,#14362,.F.);
#14369 = CYLINDRICAL_SURFACE('',#14370,0.55);
#14370 = AXIS2_PLACEMENT_3D('',#14371,#14372,#14373);
#14371 = CARTESIAN_POINT('',(58.,-67.,-4.6E-02));
#14372 = DIRECTION('',(-0.,-0.,-1.));
#14373 = DIRECTION('',(-0.,-1.,0.));
#14374 = ADVANCED_FACE('',(#14375),#14386,.F.);
#14375 = FACE_BOUND('',#14376,.T.);
#14376 = EDGE_LOOP('',(#14377,#14378,#14384,#14385));
#14377 = ORIENTED_EDGE('',*,*,#12109,.T.);
#14378 = ORIENTED_EDGE('',*,*,#14379,.T.);
#14379 = EDGE_CURVE('',#12110,#13085,#14380,.T.);
#14380 = LINE('',#14381,#14382);
#14381 = CARTESIAN_POINT('',(67.52,-67.55,-4.6E-02));
#14382 = VECTOR('',#14383,1.);
#14383 = DIRECTION('',(0.,0.,1.));
#14384 = ORIENTED_EDGE('',*,*,#13084,.F.);
#14385 = ORIENTED_EDGE('',*,*,#14379,.F.);
#14386 = CYLINDRICAL_SURFACE('',#14387,0.55);
#14387 = AXIS2_PLACEMENT_3D('',#14388,#14389,#14390);
#14388 = CARTESIAN_POINT('',(67.52,-67.,-4.6E-02));
#14389 = DIRECTION('',(-0.,-0.,-1.));
#14390 = DIRECTION('',(-0.,-1.,0.));
#14391 = ADVANCED_FACE('',(#14392),#14403,.F.);
#14392 = FACE_BOUND('',#14393,.T.);
#14393 = EDGE_LOOP('',(#14394,#14395,#14401,#14402));
#14394 = ORIENTED_EDGE('',*,*,#12120,.T.);
#14395 = ORIENTED_EDGE('',*,*,#14396,.T.);
#14396 = EDGE_CURVE('',#12121,#13096,#14397,.T.);
#14397 = LINE('',#14398,#14399);
#14398 = CARTESIAN_POINT('',(58.,-59.1,-4.6E-02));
#14399 = VECTOR('',#14400,1.);
#14400 = DIRECTION('',(0.,0.,1.));
#14401 = ORIENTED_EDGE('',*,*,#13095,.F.);
#14402 = ORIENTED_EDGE('',*,*,#14396,.F.);
#14403 = CYLINDRICAL_SURFACE('',#14404,0.7);
#14404 = AXIS2_PLACEMENT_3D('',#14405,#14406,#14407);
#14405 = CARTESIAN_POINT('',(58.,-58.4,-4.6E-02));
#14406 = DIRECTION('',(-0.,-0.,-1.));
#14407 = DIRECTION('',(-0.,-1.,0.));
#14408 = ADVANCED_FACE('',(#14409),#14420,.F.);
#14409 = FACE_BOUND('',#14410,.T.);
#14410 = EDGE_LOOP('',(#14411,#14412,#14418,#14419));
#14411 = ORIENTED_EDGE('',*,*,#12131,.T.);
#14412 = ORIENTED_EDGE('',*,*,#14413,.T.);
#14413 = EDGE_CURVE('',#12132,#13107,#14414,.T.);
#14414 = LINE('',#14415,#14416);
#14415 = CARTESIAN_POINT('',(67.52,-59.1,-4.6E-02));
#14416 = VECTOR('',#14417,1.);
#14417 = DIRECTION('',(0.,0.,1.));
#14418 = ORIENTED_EDGE('',*,*,#13106,.F.);
#14419 = ORIENTED_EDGE('',*,*,#14413,.F.);
#14420 = CYLINDRICAL_SURFACE('',#14421,0.7);
#14421 = AXIS2_PLACEMENT_3D('',#14422,#14423,#14424);
#14422 = CARTESIAN_POINT('',(67.52,-58.4,-4.6E-02));
#14423 = DIRECTION('',(-0.,-0.,-1.));
#14424 = DIRECTION('',(-0.,-1.,0.));
#14425 = ADVANCED_FACE('',(#14426),#14437,.F.);
#14426 = FACE_BOUND('',#14427,.T.);
#14427 = EDGE_LOOP('',(#14428,#14429,#14435,#14436));
#14428 = ORIENTED_EDGE('',*,*,#12142,.T.);
#14429 = ORIENTED_EDGE('',*,*,#14430,.T.);
#14430 = EDGE_CURVE('',#12143,#13118,#14431,.T.);
#14431 = LINE('',#14432,#14433);
#14432 = CARTESIAN_POINT('',(78.5,-67.55,-4.6E-02));
#14433 = VECTOR('',#14434,1.);
#14434 = DIRECTION('',(0.,0.,1.));
#14435 = ORIENTED_EDGE('',*,*,#13117,.F.);
#14436 = ORIENTED_EDGE('',*,*,#14430,.F.);
#14437 = CYLINDRICAL_SURFACE('',#14438,0.55);
#14438 = AXIS2_PLACEMENT_3D('',#14439,#14440,#14441);
#14439 = CARTESIAN_POINT('',(78.5,-67.,-4.6E-02));
#14440 = DIRECTION('',(-0.,-0.,-1.));
#14441 = DIRECTION('',(-0.,-1.,0.));
#14442 = ADVANCED_FACE('',(#14443),#14454,.F.);
#14443 = FACE_BOUND('',#14444,.T.);
#14444 = EDGE_LOOP('',(#14445,#14446,#14452,#14453));
#14445 = ORIENTED_EDGE('',*,*,#12153,.T.);
#14446 = ORIENTED_EDGE('',*,*,#14447,.T.);
#14447 = EDGE_CURVE('',#12154,#13129,#14448,.T.);
#14448 = LINE('',#14449,#14450);
#14449 = CARTESIAN_POINT('',(88.02,-67.55,-4.6E-02));
#14450 = VECTOR('',#14451,1.);
#14451 = DIRECTION('',(0.,0.,1.));
#14452 = ORIENTED_EDGE('',*,*,#13128,.F.);
#14453 = ORIENTED_EDGE('',*,*,#14447,.F.);
#14454 = CYLINDRICAL_SURFACE('',#14455,0.55);
#14455 = AXIS2_PLACEMENT_3D('',#14456,#14457,#14458);
#14456 = CARTESIAN_POINT('',(88.02,-67.,-4.6E-02));
#14457 = DIRECTION('',(-0.,-0.,-1.));
#14458 = DIRECTION('',(-0.,-1.,0.));
#14459 = ADVANCED_FACE('',(#14460),#14471,.F.);
#14460 = FACE_BOUND('',#14461,.T.);
#14461 = EDGE_LOOP('',(#14462,#14463,#14469,#14470));
#14462 = ORIENTED_EDGE('',*,*,#12164,.T.);
#14463 = ORIENTED_EDGE('',*,*,#14464,.T.);
#14464 = EDGE_CURVE('',#12165,#13140,#14465,.T.);
#14465 = LINE('',#14466,#14467);
#14466 = CARTESIAN_POINT('',(78.5,-59.1,-4.6E-02));
#14467 = VECTOR('',#14468,1.);
#14468 = DIRECTION('',(0.,0.,1.));
#14469 = ORIENTED_EDGE('',*,*,#13139,.F.);
#14470 = ORIENTED_EDGE('',*,*,#14464,.F.);
#14471 = CYLINDRICAL_SURFACE('',#14472,0.7);
#14472 = AXIS2_PLACEMENT_3D('',#14473,#14474,#14475);
#14473 = CARTESIAN_POINT('',(78.5,-58.4,-4.6E-02));
#14474 = DIRECTION('',(-0.,-0.,-1.));
#14475 = DIRECTION('',(-0.,-1.,0.));
#14476 = ADVANCED_FACE('',(#14477),#14488,.F.);
#14477 = FACE_BOUND('',#14478,.T.);
#14478 = EDGE_LOOP('',(#14479,#14480,#14486,#14487));
#14479 = ORIENTED_EDGE('',*,*,#12175,.T.);
#14480 = ORIENTED_EDGE('',*,*,#14481,.T.);
#14481 = EDGE_CURVE('',#12176,#13151,#14482,.T.);
#14482 = LINE('',#14483,#14484);
#14483 = CARTESIAN_POINT('',(88.02,-59.1,-4.6E-02));
#14484 = VECTOR('',#14485,1.);
#14485 = DIRECTION('',(0.,0.,1.));
#14486 = ORIENTED_EDGE('',*,*,#13150,.F.);
#14487 = ORIENTED_EDGE('',*,*,#14481,.F.);
#14488 = CYLINDRICAL_SURFACE('',#14489,0.7);
#14489 = AXIS2_PLACEMENT_3D('',#14490,#14491,#14492);
#14490 = CARTESIAN_POINT('',(88.02,-58.4,-4.6E-02));
#14491 = DIRECTION('',(-0.,-0.,-1.));
#14492 = DIRECTION('',(-0.,-1.,0.));
#14493 = ADVANCED_FACE('',(#14494),#14505,.F.);
#14494 = FACE_BOUND('',#14495,.T.);
#14495 = EDGE_LOOP('',(#14496,#14497,#14503,#14504));
#14496 = ORIENTED_EDGE('',*,*,#12186,.T.);
#14497 = ORIENTED_EDGE('',*,*,#14498,.T.);
#14498 = EDGE_CURVE('',#12187,#13162,#14499,.T.);
#14499 = LINE('',#14500,#14501);
#14500 = CARTESIAN_POINT('',(120.84,-84.71,-4.6E-02));
#14501 = VECTOR('',#14502,1.);
#14502 = DIRECTION('',(0.,0.,1.));
#14503 = ORIENTED_EDGE('',*,*,#13161,.F.);
#14504 = ORIENTED_EDGE('',*,*,#14498,.F.);
#14505 = CYLINDRICAL_SURFACE('',#14506,0.55);
#14506 = AXIS2_PLACEMENT_3D('',#14507,#14508,#14509);
#14507 = CARTESIAN_POINT('',(120.84,-84.16,-4.6E-02));
#14508 = DIRECTION('',(-0.,-0.,-1.));
#14509 = DIRECTION('',(-0.,-1.,0.));
#14510 = ADVANCED_FACE('',(#14511),#14522,.F.);
#14511 = FACE_BOUND('',#14512,.T.);
#14512 = EDGE_LOOP('',(#14513,#14514,#14520,#14521));
#14513 = ORIENTED_EDGE('',*,*,#12197,.T.);
#14514 = ORIENTED_EDGE('',*,*,#14515,.T.);
#14515 = EDGE_CURVE('',#12198,#13173,#14516,.T.);
#14516 = LINE('',#14517,#14518);
#14517 = CARTESIAN_POINT('',(106.,-76.5,-4.6E-02));
#14518 = VECTOR('',#14519,1.);
#14519 = DIRECTION('',(0.,0.,1.));
#14520 = ORIENTED_EDGE('',*,*,#13172,.F.);
#14521 = ORIENTED_EDGE('',*,*,#14515,.F.);
#14522 = CYLINDRICAL_SURFACE('',#14523,0.5);
#14523 = AXIS2_PLACEMENT_3D('',#14524,#14525,#14526);
#14524 = CARTESIAN_POINT('',(106.,-76.,-4.6E-02));
#14525 = DIRECTION('',(-0.,-0.,-1.));
#14526 = DIRECTION('',(-0.,-1.,0.));
#14527 = ADVANCED_FACE('',(#14528),#14544,.T.);
#14528 = FACE_BOUND('',#14529,.T.);
#14529 = EDGE_LOOP('',(#14530,#14536,#14537,#14543));
#14530 = ORIENTED_EDGE('',*,*,#14531,.T.);
#14531 = EDGE_CURVE('',#12209,#13184,#14532,.T.);
#14532 = LINE('',#14533,#14534);
#14533 = CARTESIAN_POINT('',(98.,-72.5,0.));
#14534 = VECTOR('',#14535,1.);
#14535 = DIRECTION('',(0.,0.,1.));
#14536 = ORIENTED_EDGE('',*,*,#13183,.T.);
#14537 = ORIENTED_EDGE('',*,*,#14538,.F.);
#14538 = EDGE_CURVE('',#12211,#13186,#14539,.T.);
#14539 = LINE('',#14540,#14541);
#14540 = CARTESIAN_POINT('',(115.5,-72.5,0.));
#14541 = VECTOR('',#14542,1.);
#14542 = DIRECTION('',(0.,0.,1.));
#14543 = ORIENTED_EDGE('',*,*,#12208,.F.);
#14544 = PLANE('',#14545);
#14545 = AXIS2_PLACEMENT_3D('',#14546,#14547,#14548);
#14546 = CARTESIAN_POINT('',(98.,-72.5,0.));
#14547 = DIRECTION('',(0.,1.,0.));
#14548 = DIRECTION('',(1.,0.,0.));
#14549 = ADVANCED_FACE('',(#14550),#14561,.T.);
#14550 = FACE_BOUND('',#14551,.T.);
#14551 = EDGE_LOOP('',(#14552,#14558,#14559,#14560));
#14552 = ORIENTED_EDGE('',*,*,#14553,.T.);
#14553 = EDGE_CURVE('',#12219,#13194,#14554,.T.);
#14554 = LINE('',#14555,#14556);
#14555 = CARTESIAN_POINT('',(98.,-69.5,0.));
#14556 = VECTOR('',#14557,1.);
#14557 = DIRECTION('',(0.,0.,1.));
#14558 = ORIENTED_EDGE('',*,*,#13193,.T.);
#14559 = ORIENTED_EDGE('',*,*,#14531,.F.);
#14560 = ORIENTED_EDGE('',*,*,#12218,.F.);
#14561 = PLANE('',#14562);
#14562 = AXIS2_PLACEMENT_3D('',#14563,#14564,#14565);
#14563 = CARTESIAN_POINT('',(98.,-69.5,0.));
#14564 = DIRECTION('',(1.,0.,-0.));
#14565 = DIRECTION('',(0.,-1.,0.));
#14566 = ADVANCED_FACE('',(#14567),#14578,.T.);
#14567 = FACE_BOUND('',#14568,.T.);
#14568 = EDGE_LOOP('',(#14569,#14570,#14571,#14577));
#14569 = ORIENTED_EDGE('',*,*,#14538,.T.);
#14570 = ORIENTED_EDGE('',*,*,#13209,.T.);
#14571 = ORIENTED_EDGE('',*,*,#14572,.F.);
#14572 = EDGE_CURVE('',#12227,#13202,#14573,.T.);
#14573 = LINE('',#14574,#14575);
#14574 = CARTESIAN_POINT('',(115.5,-69.5,0.));
#14575 = VECTOR('',#14576,1.);
#14576 = DIRECTION('',(0.,0.,1.));
#14577 = ORIENTED_EDGE('',*,*,#12234,.F.);
#14578 = PLANE('',#14579);
#14579 = AXIS2_PLACEMENT_3D('',#14580,#14581,#14582);
#14580 = CARTESIAN_POINT('',(115.5,-72.5,0.));
#14581 = DIRECTION('',(-1.,0.,0.));
#14582 = DIRECTION('',(0.,1.,0.));
#14583 = ADVANCED_FACE('',(#14584),#14590,.T.);
#14584 = FACE_BOUND('',#14585,.T.);
#14585 = EDGE_LOOP('',(#14586,#14587,#14588,#14589));
#14586 = ORIENTED_EDGE('',*,*,#14572,.T.);
#14587 = ORIENTED_EDGE('',*,*,#13201,.T.);
#14588 = ORIENTED_EDGE('',*,*,#14553,.F.);
#14589 = ORIENTED_EDGE('',*,*,#12226,.F.);
#14590 = PLANE('',#14591);
#14591 = AXIS2_PLACEMENT_3D('',#14592,#14593,#14594);
#14592 = CARTESIAN_POINT('',(115.5,-69.5,0.));
#14593 = DIRECTION('',(0.,-1.,0.));
#14594 = DIRECTION('',(-1.,0.,0.));
#14595 = ADVANCED_FACE('',(#14596),#14607,.F.);
#14596 = FACE_BOUND('',#14597,.T.);
#14597 = EDGE_LOOP('',(#14598,#14599,#14605,#14606));
#14598 = ORIENTED_EDGE('',*,*,#12242,.T.);
#14599 = ORIENTED_EDGE('',*,*,#14600,.T.);
#14600 = EDGE_CURVE('',#12243,#13218,#14601,.T.);
#14601 = LINE('',#14602,#14603);
#14602 = CARTESIAN_POINT('',(112.,-76.5,-4.6E-02));
#14603 = VECTOR('',#14604,1.);
#14604 = DIRECTION('',(0.,0.,1.));
#14605 = ORIENTED_EDGE('',*,*,#13217,.F.);
#14606 = ORIENTED_EDGE('',*,*,#14600,.F.);
#14607 = CYLINDRICAL_SURFACE('',#14608,0.5);
#14608 = AXIS2_PLACEMENT_3D('',#14609,#14610,#14611);
#14609 = CARTESIAN_POINT('',(112.,-76.,-4.6E-02));
#14610 = DIRECTION('',(-0.,-0.,-1.));
#14611 = DIRECTION('',(-0.,-1.,0.));
#14612 = ADVANCED_FACE('',(#14613),#14624,.F.);
#14613 = FACE_BOUND('',#14614,.T.);
#14614 = EDGE_LOOP('',(#14615,#14616,#14622,#14623));
#14615 = ORIENTED_EDGE('',*,*,#12253,.T.);
#14616 = ORIENTED_EDGE('',*,*,#14617,.T.);
#14617 = EDGE_CURVE('',#12254,#13229,#14618,.T.);
#14618 = LINE('',#14619,#14620);
#14619 = CARTESIAN_POINT('',(120.84,-74.55,-4.6E-02));
#14620 = VECTOR('',#14621,1.);
#14621 = DIRECTION('',(0.,0.,1.));
#14622 = ORIENTED_EDGE('',*,*,#13228,.F.);
#14623 = ORIENTED_EDGE('',*,*,#14617,.F.);
#14624 = CYLINDRICAL_SURFACE('',#14625,0.55);
#14625 = AXIS2_PLACEMENT_3D('',#14626,#14627,#14628);
#14626 = CARTESIAN_POINT('',(120.84,-74.,-4.6E-02));
#14627 = DIRECTION('',(-0.,-0.,-1.));
#14628 = DIRECTION('',(-0.,-1.,0.));
#14629 = ADVANCED_FACE('',(#14630),#14641,.F.);
#14630 = FACE_BOUND('',#14631,.T.);
#14631 = EDGE_LOOP('',(#14632,#14633,#14639,#14640));
#14632 = ORIENTED_EDGE('',*,*,#12264,.T.);
#14633 = ORIENTED_EDGE('',*,*,#14634,.T.);
#14634 = EDGE_CURVE('',#12265,#13240,#14635,.T.);
#14635 = LINE('',#14636,#14637);
#14636 = CARTESIAN_POINT('',(128.34,-74.65,-4.6E-02));
#14637 = VECTOR('',#14638,1.);
#14638 = DIRECTION('',(0.,0.,1.));
#14639 = ORIENTED_EDGE('',*,*,#13239,.F.);
#14640 = ORIENTED_EDGE('',*,*,#14634,.F.);
#14641 = CYLINDRICAL_SURFACE('',#14642,0.65);
#14642 = AXIS2_PLACEMENT_3D('',#14643,#14644,#14645);
#14643 = CARTESIAN_POINT('',(128.34,-74.,-4.6E-02));
#14644 = DIRECTION('',(-0.,-0.,-1.));
#14645 = DIRECTION('',(-0.,-1.,0.));
#14646 = ADVANCED_FACE('',(#14647),#14658,.F.);
#14647 = FACE_BOUND('',#14648,.T.);
#14648 = EDGE_LOOP('',(#14649,#14650,#14656,#14657));
#14649 = ORIENTED_EDGE('',*,*,#12275,.T.);
#14650 = ORIENTED_EDGE('',*,*,#14651,.T.);
#14651 = EDGE_CURVE('',#12276,#13251,#14652,.T.);
#14652 = LINE('',#14653,#14654);
#14653 = CARTESIAN_POINT('',(138.5,-74.65,-4.6E-02));
#14654 = VECTOR('',#14655,1.);
#14655 = DIRECTION('',(0.,0.,1.));
#14656 = ORIENTED_EDGE('',*,*,#13250,.F.);
#14657 = ORIENTED_EDGE('',*,*,#14651,.F.);
#14658 = CYLINDRICAL_SURFACE('',#14659,0.65);
#14659 = AXIS2_PLACEMENT_3D('',#14660,#14661,#14662);
#14660 = CARTESIAN_POINT('',(138.5,-74.,-4.6E-02));
#14661 = DIRECTION('',(-0.,-0.,-1.));
#14662 = DIRECTION('',(-0.,-1.,0.));
#14663 = ADVANCED_FACE('',(#14664),#14675,.F.);
#14664 = FACE_BOUND('',#14665,.T.);
#14665 = EDGE_LOOP('',(#14666,#14667,#14673,#14674));
#14666 = ORIENTED_EDGE('',*,*,#12286,.T.);
#14667 = ORIENTED_EDGE('',*,*,#14668,.T.);
#14668 = EDGE_CURVE('',#12287,#13262,#14669,.T.);
#14669 = LINE('',#14670,#14671);
#14670 = CARTESIAN_POINT('',(106.,-66.34,-4.6E-02));
#14671 = VECTOR('',#14672,1.);
#14672 = DIRECTION('',(0.,0.,1.));
#14673 = ORIENTED_EDGE('',*,*,#13261,.F.);
#14674 = ORIENTED_EDGE('',*,*,#14668,.F.);
#14675 = CYLINDRICAL_SURFACE('',#14676,0.5);
#14676 = AXIS2_PLACEMENT_3D('',#14677,#14678,#14679);
#14677 = CARTESIAN_POINT('',(106.,-65.84,-4.6E-02));
#14678 = DIRECTION('',(-0.,-0.,-1.));
#14679 = DIRECTION('',(-0.,-1.,0.));
#14680 = ADVANCED_FACE('',(#14681),#14692,.F.);
#14681 = FACE_BOUND('',#14682,.T.);
#14682 = EDGE_LOOP('',(#14683,#14684,#14690,#14691));
#14683 = ORIENTED_EDGE('',*,*,#12297,.T.);
#14684 = ORIENTED_EDGE('',*,*,#14685,.T.);
#14685 = EDGE_CURVE('',#12298,#13273,#14686,.T.);
#14686 = LINE('',#14687,#14688);
#14687 = CARTESIAN_POINT('',(112.,-66.34,-4.6E-02));
#14688 = VECTOR('',#14689,1.);
#14689 = DIRECTION('',(0.,0.,1.));
#14690 = ORIENTED_EDGE('',*,*,#13272,.F.);
#14691 = ORIENTED_EDGE('',*,*,#14685,.F.);
#14692 = CYLINDRICAL_SURFACE('',#14693,0.5);
#14693 = AXIS2_PLACEMENT_3D('',#14694,#14695,#14696);
#14694 = CARTESIAN_POINT('',(112.,-65.84,-4.6E-02));
#14695 = DIRECTION('',(-0.,-0.,-1.));
#14696 = DIRECTION('',(-0.,-1.,0.));
#14697 = ADVANCED_FACE('',(#14698),#14709,.F.);
#14698 = FACE_BOUND('',#14699,.T.);
#14699 = EDGE_LOOP('',(#14700,#14701,#14707,#14708));
#14700 = ORIENTED_EDGE('',*,*,#12308,.T.);
#14701 = ORIENTED_EDGE('',*,*,#14702,.T.);
#14702 = EDGE_CURVE('',#12309,#13284,#14703,.T.);
#14703 = LINE('',#14704,#14705);
#14704 = CARTESIAN_POINT('',(102.,-60.4,-4.6E-02));
#14705 = VECTOR('',#14706,1.);
#14706 = DIRECTION('',(0.,0.,1.));
#14707 = ORIENTED_EDGE('',*,*,#13283,.F.);
#14708 = ORIENTED_EDGE('',*,*,#14702,.F.);
#14709 = CYLINDRICAL_SURFACE('',#14710,0.4);
#14710 = AXIS2_PLACEMENT_3D('',#14711,#14712,#14713);
#14711 = CARTESIAN_POINT('',(102.,-60.,-4.6E-02));
#14712 = DIRECTION('',(-0.,-0.,-1.));
#14713 = DIRECTION('',(-0.,-1.,0.));
#14714 = ADVANCED_FACE('',(#14715),#14726,.F.);
#14715 = FACE_BOUND('',#14716,.T.);
#14716 = EDGE_LOOP('',(#14717,#14718,#14724,#14725));
#14717 = ORIENTED_EDGE('',*,*,#12319,.T.);
#14718 = ORIENTED_EDGE('',*,*,#14719,.T.);
#14719 = EDGE_CURVE('',#12320,#13295,#14720,.T.);
#14720 = LINE('',#14721,#14722);
#14721 = CARTESIAN_POINT('',(108.,-59.4,-4.6E-02));
#14722 = VECTOR('',#14723,1.);
#14723 = DIRECTION('',(0.,0.,1.));
#14724 = ORIENTED_EDGE('',*,*,#13294,.F.);
#14725 = ORIENTED_EDGE('',*,*,#14719,.F.);
#14726 = CYLINDRICAL_SURFACE('',#14727,0.4);
#14727 = AXIS2_PLACEMENT_3D('',#14728,#14729,#14730);
#14728 = CARTESIAN_POINT('',(108.,-59.,-4.6E-02));
#14729 = DIRECTION('',(-0.,-0.,-1.));
#14730 = DIRECTION('',(-0.,-1.,0.));
#14731 = ADVANCED_FACE('',(#14732),#14743,.F.);
#14732 = FACE_BOUND('',#14733,.T.);
#14733 = EDGE_LOOP('',(#14734,#14735,#14741,#14742));
#14734 = ORIENTED_EDGE('',*,*,#12330,.T.);
#14735 = ORIENTED_EDGE('',*,*,#14736,.T.);
#14736 = EDGE_CURVE('',#12331,#13306,#14737,.T.);
#14737 = LINE('',#14738,#14739);
#14738 = CARTESIAN_POINT('',(110.54,-59.4,-4.6E-02));
#14739 = VECTOR('',#14740,1.);
#14740 = DIRECTION('',(0.,0.,1.));
#14741 = ORIENTED_EDGE('',*,*,#13305,.F.);
#14742 = ORIENTED_EDGE('',*,*,#14736,.F.);
#14743 = CYLINDRICAL_SURFACE('',#14744,0.4);
#14744 = AXIS2_PLACEMENT_3D('',#14745,#14746,#14747);
#14745 = CARTESIAN_POINT('',(110.54,-59.,-4.6E-02));
#14746 = DIRECTION('',(-0.,0.,-1.));
#14747 = DIRECTION('',(3.5527136788E-14,-1.,-0.));
#14748 = ADVANCED_FACE('',(#14749),#14760,.F.);
#14749 = FACE_BOUND('',#14750,.T.);
#14750 = EDGE_LOOP('',(#14751,#14752,#14758,#14759));
#14751 = ORIENTED_EDGE('',*,*,#12341,.T.);
#14752 = ORIENTED_EDGE('',*,*,#14753,.T.);
#14753 = EDGE_CURVE('',#12342,#13317,#14754,.T.);
#14754 = LINE('',#14755,#14756);
#14755 = CARTESIAN_POINT('',(102.,-57.86,-4.6E-02));
#14756 = VECTOR('',#14757,1.);
#14757 = DIRECTION('',(0.,0.,1.));
#14758 = ORIENTED_EDGE('',*,*,#13316,.F.);
#14759 = ORIENTED_EDGE('',*,*,#14753,.F.);
#14760 = CYLINDRICAL_SURFACE('',#14761,0.4);
#14761 = AXIS2_PLACEMENT_3D('',#14762,#14763,#14764);
#14762 = CARTESIAN_POINT('',(102.,-57.46,-4.6E-02));
#14763 = DIRECTION('',(-0.,-0.,-1.));
#14764 = DIRECTION('',(-0.,-1.,0.));
#14765 = ADVANCED_FACE('',(#14766),#14777,.F.);
#14766 = FACE_BOUND('',#14767,.T.);
#14767 = EDGE_LOOP('',(#14768,#14769,#14775,#14776));
#14768 = ORIENTED_EDGE('',*,*,#12352,.T.);
#14769 = ORIENTED_EDGE('',*,*,#14770,.T.);
#14770 = EDGE_CURVE('',#12353,#13328,#14771,.T.);
#14771 = LINE('',#14772,#14773);
#14772 = CARTESIAN_POINT('',(116.,-60.4,-4.6E-02));
#14773 = VECTOR('',#14774,1.);
#14774 = DIRECTION('',(0.,0.,1.));
#14775 = ORIENTED_EDGE('',*,*,#13327,.F.);
#14776 = ORIENTED_EDGE('',*,*,#14770,.F.);
#14777 = CYLINDRICAL_SURFACE('',#14778,0.4);
#14778 = AXIS2_PLACEMENT_3D('',#14779,#14780,#14781);
#14779 = CARTESIAN_POINT('',(116.,-60.,-4.6E-02));
#14780 = DIRECTION('',(-0.,-0.,-1.));
#14781 = DIRECTION('',(-0.,-1.,0.));
#14782 = ADVANCED_FACE('',(#14783),#14794,.F.);
#14783 = FACE_BOUND('',#14784,.T.);
#14784 = EDGE_LOOP('',(#14785,#14786,#14792,#14793));
#14785 = ORIENTED_EDGE('',*,*,#12363,.T.);
#14786 = ORIENTED_EDGE('',*,*,#14787,.T.);
#14787 = EDGE_CURVE('',#12364,#13339,#14788,.T.);
#14788 = LINE('',#14789,#14790);
#14789 = CARTESIAN_POINT('',(118.54,-60.4,-4.6E-02));
#14790 = VECTOR('',#14791,1.);
#14791 = DIRECTION('',(0.,0.,1.));
#14792 = ORIENTED_EDGE('',*,*,#13338,.F.);
#14793 = ORIENTED_EDGE('',*,*,#14787,.F.);
#14794 = CYLINDRICAL_SURFACE('',#14795,0.4);
#14795 = AXIS2_PLACEMENT_3D('',#14796,#14797,#14798);
#14796 = CARTESIAN_POINT('',(118.54,-60.,-4.6E-02));
#14797 = DIRECTION('',(-0.,0.,-1.));
#14798 = DIRECTION('',(3.5527136788E-14,-1.,-0.));
#14799 = ADVANCED_FACE('',(#14800),#14811,.F.);
#14800 = FACE_BOUND('',#14801,.T.);
#14801 = EDGE_LOOP('',(#14802,#14803,#14809,#14810));
#14802 = ORIENTED_EDGE('',*,*,#12374,.T.);
#14803 = ORIENTED_EDGE('',*,*,#14804,.T.);
#14804 = EDGE_CURVE('',#12375,#13350,#14805,.T.);
#14805 = LINE('',#14806,#14807);
#14806 = CARTESIAN_POINT('',(121.08,-60.4,-4.6E-02));
#14807 = VECTOR('',#14808,1.);
#14808 = DIRECTION('',(0.,0.,1.));
#14809 = ORIENTED_EDGE('',*,*,#13349,.F.);
#14810 = ORIENTED_EDGE('',*,*,#14804,.F.);
#14811 = CYLINDRICAL_SURFACE('',#14812,0.4);
#14812 = AXIS2_PLACEMENT_3D('',#14813,#14814,#14815);
#14813 = CARTESIAN_POINT('',(121.08,-60.,-4.6E-02));
#14814 = DIRECTION('',(-0.,-0.,-1.));
#14815 = DIRECTION('',(-3.552713678801E-14,-1.,0.));
#14816 = ADVANCED_FACE('',(#14817),#14828,.F.);
#14817 = FACE_BOUND('',#14818,.T.);
#14818 = EDGE_LOOP('',(#14819,#14820,#14826,#14827));
#14819 = ORIENTED_EDGE('',*,*,#12385,.T.);
#14820 = ORIENTED_EDGE('',*,*,#14821,.T.);
#14821 = EDGE_CURVE('',#12386,#13361,#14822,.T.);
#14822 = LINE('',#14823,#14824);
#14823 = CARTESIAN_POINT('',(127.,-66.24,-4.6E-02));
#14824 = VECTOR('',#14825,1.);
#14825 = DIRECTION('',(0.,0.,1.));
#14826 = ORIENTED_EDGE('',*,*,#13360,.F.);
#14827 = ORIENTED_EDGE('',*,*,#14821,.F.);
#14828 = CYLINDRICAL_SURFACE('',#14829,0.4);
#14829 = AXIS2_PLACEMENT_3D('',#14830,#14831,#14832);
#14830 = CARTESIAN_POINT('',(127.,-65.84,-4.6E-02));
#14831 = DIRECTION('',(-0.,-0.,-1.));
#14832 = DIRECTION('',(-0.,-1.,0.));
#14833 = ADVANCED_FACE('',(#14834),#14845,.F.);
#14834 = FACE_BOUND('',#14835,.T.);
#14835 = EDGE_LOOP('',(#14836,#14837,#14843,#14844));
#14836 = ORIENTED_EDGE('',*,*,#12396,.T.);
#14837 = ORIENTED_EDGE('',*,*,#14838,.T.);
#14838 = EDGE_CURVE('',#12397,#13372,#14839,.T.);
#14839 = LINE('',#14840,#14841);
#14840 = CARTESIAN_POINT('',(124.5,-63.05,-4.6E-02));
#14841 = VECTOR('',#14842,1.);
#14842 = DIRECTION('',(0.,0.,1.));
#14843 = ORIENTED_EDGE('',*,*,#13371,.F.);
#14844 = ORIENTED_EDGE('',*,*,#14838,.F.);
#14845 = CYLINDRICAL_SURFACE('',#14846,0.55);
#14846 = AXIS2_PLACEMENT_3D('',#14847,#14848,#14849);
#14847 = CARTESIAN_POINT('',(124.5,-62.5,-4.6E-02));
#14848 = DIRECTION('',(-0.,-0.,-1.));
#14849 = DIRECTION('',(-0.,-1.,0.));
#14850 = ADVANCED_FACE('',(#14851),#14862,.F.);
#14851 = FACE_BOUND('',#14852,.T.);
#14852 = EDGE_LOOP('',(#14853,#14854,#14860,#14861));
#14853 = ORIENTED_EDGE('',*,*,#12407,.T.);
#14854 = ORIENTED_EDGE('',*,*,#14855,.T.);
#14855 = EDGE_CURVE('',#12408,#13383,#14856,.T.);
#14856 = LINE('',#14857,#14858);
#14857 = CARTESIAN_POINT('',(129.54,-66.24,-4.6E-02));
#14858 = VECTOR('',#14859,1.);
#14859 = DIRECTION('',(0.,0.,1.));
#14860 = ORIENTED_EDGE('',*,*,#13382,.F.);
#14861 = ORIENTED_EDGE('',*,*,#14855,.F.);
#14862 = CYLINDRICAL_SURFACE('',#14863,0.4);
#14863 = AXIS2_PLACEMENT_3D('',#14864,#14865,#14866);
#14864 = CARTESIAN_POINT('',(129.54,-65.84,-4.6E-02));
#14865 = DIRECTION('',(-0.,-0.,-1.));
#14866 = DIRECTION('',(-0.,-1.,0.));
#14867 = ADVANCED_FACE('',(#14868),#14879,.F.);
#14868 = FACE_BOUND('',#14869,.T.);
#14869 = EDGE_LOOP('',(#14870,#14871,#14877,#14878));
#14870 = ORIENTED_EDGE('',*,*,#12418,.T.);
#14871 = ORIENTED_EDGE('',*,*,#14872,.T.);
#14872 = EDGE_CURVE('',#12419,#13394,#14873,.T.);
#14873 = LINE('',#14874,#14875);
#14874 = CARTESIAN_POINT('',(133.42,-64.6,-4.6E-02));
#14875 = VECTOR('',#14876,1.);
#14876 = DIRECTION('',(0.,0.,1.));
#14877 = ORIENTED_EDGE('',*,*,#13393,.F.);
#14878 = ORIENTED_EDGE('',*,*,#14872,.F.);
#14879 = CYLINDRICAL_SURFACE('',#14880,0.6);
#14880 = AXIS2_PLACEMENT_3D('',#14881,#14882,#14883);
#14881 = CARTESIAN_POINT('',(133.42,-64.,-4.6E-02));
#14882 = DIRECTION('',(-0.,-0.,-1.));
#14883 = DIRECTION('',(-4.736951571734E-14,-1.,0.));
#14884 = ADVANCED_FACE('',(#14885),#14896,.F.);
#14885 = FACE_BOUND('',#14886,.T.);
#14886 = EDGE_LOOP('',(#14887,#14888,#14894,#14895));
#14887 = ORIENTED_EDGE('',*,*,#12429,.T.);
#14888 = ORIENTED_EDGE('',*,*,#14889,.T.);
#14889 = EDGE_CURVE('',#12430,#13405,#14890,.T.);
#14890 = LINE('',#14891,#14892);
#14891 = CARTESIAN_POINT('',(138.5,-64.6,-4.6E-02));
#14892 = VECTOR('',#14893,1.);
#14893 = DIRECTION('',(0.,0.,1.));
#14894 = ORIENTED_EDGE('',*,*,#13404,.F.);
#14895 = ORIENTED_EDGE('',*,*,#14889,.F.);
#14896 = CYLINDRICAL_SURFACE('',#14897,0.6);
#14897 = AXIS2_PLACEMENT_3D('',#14898,#14899,#14900);
#14898 = CARTESIAN_POINT('',(138.5,-64.,-4.6E-02));
#14899 = DIRECTION('',(-0.,-0.,-1.));
#14900 = DIRECTION('',(-0.,-1.,0.));
#14901 = ADVANCED_FACE('',(#14902),#14913,.F.);
#14902 = FACE_BOUND('',#14903,.T.);
#14903 = EDGE_LOOP('',(#14904,#14905,#14911,#14912));
#14904 = ORIENTED_EDGE('',*,*,#12440,.T.);
#14905 = ORIENTED_EDGE('',*,*,#14906,.T.);
#14906 = EDGE_CURVE('',#12441,#13416,#14907,.T.);
#14907 = LINE('',#14908,#14909);
#14908 = CARTESIAN_POINT('',(143.58,-64.6,-4.6E-02));
#14909 = VECTOR('',#14910,1.);
#14910 = DIRECTION('',(0.,0.,1.));
#14911 = ORIENTED_EDGE('',*,*,#13415,.F.);
#14912 = ORIENTED_EDGE('',*,*,#14906,.F.);
#14913 = CYLINDRICAL_SURFACE('',#14914,0.6);
#14914 = AXIS2_PLACEMENT_3D('',#14915,#14916,#14917);
#14915 = CARTESIAN_POINT('',(143.58,-64.,-4.6E-02));
#14916 = DIRECTION('',(-0.,0.,-1.));
#14917 = DIRECTION('',(4.736951571734E-14,-1.,-0.));
#14918 = ADVANCED_FACE('',(#14919),#14930,.F.);
#14919 = FACE_BOUND('',#14920,.T.);
#14920 = EDGE_LOOP('',(#14921,#14922,#14928,#14929));
#14921 = ORIENTED_EDGE('',*,*,#12451,.T.);
#14922 = ORIENTED_EDGE('',*,*,#14923,.T.);
#14923 = EDGE_CURVE('',#12452,#13427,#14924,.T.);
#14924 = LINE('',#14925,#14926);
#14925 = CARTESIAN_POINT('',(129.,-59.4,-4.6E-02));
#14926 = VECTOR('',#14927,1.);
#14927 = DIRECTION('',(0.,0.,1.));
#14928 = ORIENTED_EDGE('',*,*,#13426,.F.);
#14929 = ORIENTED_EDGE('',*,*,#14923,.F.);
#14930 = CYLINDRICAL_SURFACE('',#14931,0.4);
#14931 = AXIS2_PLACEMENT_3D('',#14932,#14933,#14934);
#14932 = CARTESIAN_POINT('',(129.,-59.,-4.6E-02));
#14933 = DIRECTION('',(-0.,-0.,-1.));
#14934 = DIRECTION('',(-0.,-1.,0.));
#14935 = ADVANCED_FACE('',(#14936),#14947,.F.);
#14936 = FACE_BOUND('',#14937,.T.);
#14937 = EDGE_LOOP('',(#14938,#14939,#14945,#14946));
#14938 = ORIENTED_EDGE('',*,*,#12462,.T.);
#14939 = ORIENTED_EDGE('',*,*,#14940,.T.);
#14940 = EDGE_CURVE('',#12463,#13438,#14941,.T.);
#14941 = LINE('',#14942,#14943);
#14942 = CARTESIAN_POINT('',(124.5,-57.97,-4.6E-02));
#14943 = VECTOR('',#14944,1.);
#14944 = DIRECTION('',(0.,0.,1.));
#14945 = ORIENTED_EDGE('',*,*,#13437,.F.);
#14946 = ORIENTED_EDGE('',*,*,#14940,.F.);
#14947 = CYLINDRICAL_SURFACE('',#14948,0.55);
#14948 = AXIS2_PLACEMENT_3D('',#14949,#14950,#14951);
#14949 = CARTESIAN_POINT('',(124.5,-57.42,-4.6E-02));
#14950 = DIRECTION('',(-0.,-0.,-1.));
#14951 = DIRECTION('',(-0.,-1.,0.));
#14952 = ADVANCED_FACE('',(#14953),#14964,.F.);
#14953 = FACE_BOUND('',#14954,.T.);
#14954 = EDGE_LOOP('',(#14955,#14956,#14962,#14963));
#14955 = ORIENTED_EDGE('',*,*,#12473,.T.);
#14956 = ORIENTED_EDGE('',*,*,#14957,.T.);
#14957 = EDGE_CURVE('',#12474,#13449,#14958,.T.);
#14958 = LINE('',#14959,#14960);
#14959 = CARTESIAN_POINT('',(129.,-54.4,-4.6E-02));
#14960 = VECTOR('',#14961,1.);
#14961 = DIRECTION('',(0.,0.,1.));
#14962 = ORIENTED_EDGE('',*,*,#13448,.F.);
#14963 = ORIENTED_EDGE('',*,*,#14957,.F.);
#14964 = CYLINDRICAL_SURFACE('',#14965,0.4);
#14965 = AXIS2_PLACEMENT_3D('',#14966,#14967,#14968);
#14966 = CARTESIAN_POINT('',(129.,-54.,-4.6E-02));
#14967 = DIRECTION('',(-0.,-0.,-1.));
#14968 = DIRECTION('',(-0.,-1.,0.));
#14969 = ( GEOMETRIC_REPRESENTATION_CONTEXT(3) 
GLOBAL_UNCERTAINTY_ASSIGNED_CONTEXT((#14973)) 
GLOBAL_UNIT_ASSIGNED_CONTEXT((#14970,#14971,#14972)) 
REPRESENTATION_CONTEXT('Context #1',
  '3D Context with UNIT and UNCERTAINTY') );
#14970 = ( LENGTH_UNIT() NAMED_UNIT(*) SI_UNIT(.MILLI.,.METRE.) );
#14971 = ( NAMED_UNIT(*) PLANE_ANGLE_UNIT() SI_UNIT($,.RADIAN.) );
#14972 = ( NAMED_UNIT(*) SI_UNIT($,.STERADIAN.) SOLID_ANGLE_UNIT() );
#14973 = UNCERTAINTY_MEASURE_WITH_UNIT(LENGTH_MEASURE(1.E-07),#14970,
  'distance_accuracy_value','confusion accuracy');
#14974 = CONTEXT_DEPENDENT_SHAPE_REPRESENTATION(#14975,#14977);
#14975 = ( REPRESENTATION_RELATIONSHIP('','',#11406,#10) 
REPRESENTATION_RELATIONSHIP_WITH_TRANSFORMATION(#14976) 
SHAPE_REPRESENTATION_RELATIONSHIP() );
#14976 = ITEM_DEFINED_TRANSFORMATION('','',#11,#171);
#14977 = PRODUCT_DEFINITION_SHAPE('Placement','Placement of an item',
  #14978);
#14978 = NEXT_ASSEMBLY_USAGE_OCCURRENCE('70','=>[0:1:1:49]','',#5,#11401
  ,$);
#14979 = PRODUCT_RELATED_PRODUCT_CATEGORY('part',$,(#11403));
#14980 = MECHANICAL_DESIGN_GEOMETRIC_PRESENTATION_REPRESENTATION('',(
    #14981,#14989,#14996,#15004,#15011,#15018,#15026,#15033,#15040,
    #15047,#15054,#15061,#15068,#15075,#15082,#15089,#15096),#1043);
#14981 = STYLED_ITEM('color',(#14982),#658);
#14982 = PRESENTATION_STYLE_ASSIGNMENT((#14983));
#14983 = SURFACE_STYLE_USAGE(.BOTH.,#14984);
#14984 = SURFACE_SIDE_STYLE('',(#14985));
#14985 = SURFACE_STYLE_FILL_AREA(#14986);
#14986 = FILL_AREA_STYLE('',(#14987));
#14987 = FILL_AREA_STYLE_COLOUR('',#14988);
#14988 = COLOUR_RGB('',0.823999987314,0.819999987296,0.781000009244);
#14989 = STYLED_ITEM('color',(#14990),#675);
#14990 = PRESENTATION_STYLE_ASSIGNMENT((#14991));
#14991 = SURFACE_STYLE_USAGE(.BOTH.,#14992);
#14992 = SURFACE_SIDE_STYLE('',(#14993));
#14993 = SURFACE_STYLE_FILL_AREA(#14994);
#14994 = FILL_AREA_STYLE('',(#14995));
#14995 = FILL_AREA_STYLE_COLOUR('',#14988);
#14996 = STYLED_ITEM('color',(#14997),#700);
#14997 = PRESENTATION_STYLE_ASSIGNMENT((#14998));
#14998 = SURFACE_STYLE_USAGE(.BOTH.,#14999);
#14999 = SURFACE_SIDE_STYLE('',(#15000));
#15000 = SURFACE_STYLE_FILL_AREA(#15001);
#15001 = FILL_AREA_STYLE('',(#15002));
#15002 = FILL_AREA_STYLE_COLOUR('',#15003);
#15003 = COLOUR_RGB('',0.,0.631244006163,0.748016017657);
#15004 = STYLED_ITEM('color',(#15005),#720);
#15005 = PRESENTATION_STYLE_ASSIGNMENT((#15006));
#15006 = SURFACE_STYLE_USAGE(.BOTH.,#15007);
#15007 = SURFACE_SIDE_STYLE('',(#15008));
#15008 = SURFACE_STYLE_FILL_AREA(#15009);
#15009 = FILL_AREA_STYLE('',(#15010));
#15010 = FILL_AREA_STYLE_COLOUR('',#15003);
#15011 = STYLED_ITEM('color',(#15012),#746);
#15012 = PRESENTATION_STYLE_ASSIGNMENT((#15013));
#15013 = SURFACE_STYLE_USAGE(.BOTH.,#15014);
#15014 = SURFACE_SIDE_STYLE('',(#15015));
#15015 = SURFACE_STYLE_FILL_AREA(#15016);
#15016 = FILL_AREA_STYLE('',(#15017));
#15017 = FILL_AREA_STYLE_COLOUR('',#15003);
#15018 = STYLED_ITEM('color',(#15019),#771);
#15019 = PRESENTATION_STYLE_ASSIGNMENT((#15020));
#15020 = SURFACE_STYLE_USAGE(.BOTH.,#15021);
#15021 = SURFACE_SIDE_STYLE('',(#15022));
#15022 = SURFACE_STYLE_FILL_AREA(#15023);
#15023 = FILL_AREA_STYLE('',(#15024));
#15024 = FILL_AREA_STYLE_COLOUR('',#15025);
#15025 = COLOUR_RGB('',0.699999984889,9.999999991362E-02,
  5.000000142576E-02);
#15026 = STYLED_ITEM('color',(#15027),#791);
#15027 = PRESENTATION_STYLE_ASSIGNMENT((#15028));
#15028 = SURFACE_STYLE_USAGE(.BOTH.,#15029);
#15029 = SURFACE_SIDE_STYLE('',(#15030));
#15030 = SURFACE_STYLE_FILL_AREA(#15031);
#15031 = FILL_AREA_STYLE('',(#15032));
#15032 = FILL_AREA_STYLE_COLOUR('',#15025);
#15033 = STYLED_ITEM('color',(#15034),#816);
#15034 = PRESENTATION_STYLE_ASSIGNMENT((#15035));
#15035 = SURFACE_STYLE_USAGE(.BOTH.,#15036);
#15036 = SURFACE_SIDE_STYLE('',(#15037));
#15037 = SURFACE_STYLE_FILL_AREA(#15038);
#15038 = FILL_AREA_STYLE('',(#15039));
#15039 = FILL_AREA_STYLE_COLOUR('',#15025);
#15040 = STYLED_ITEM('color',(#15041),#836);
#15041 = PRESENTATION_STYLE_ASSIGNMENT((#15042));
#15042 = SURFACE_STYLE_USAGE(.BOTH.,#15043);
#15043 = SURFACE_SIDE_STYLE('',(#15044));
#15044 = SURFACE_STYLE_FILL_AREA(#15045);
#15045 = FILL_AREA_STYLE('',(#15046));
#15046 = FILL_AREA_STYLE_COLOUR('',#15003);
#15047 = STYLED_ITEM('color',(#15048),#861);
#15048 = PRESENTATION_STYLE_ASSIGNMENT((#15049));
#15049 = SURFACE_STYLE_USAGE(.BOTH.,#15050);
#15050 = SURFACE_SIDE_STYLE('',(#15051));
#15051 = SURFACE_STYLE_FILL_AREA(#15052);
#15052 = FILL_AREA_STYLE('',(#15053));
#15053 = FILL_AREA_STYLE_COLOUR('',#15003);
#15054 = STYLED_ITEM('color',(#15055),#887);
#15055 = PRESENTATION_STYLE_ASSIGNMENT((#15056));
#15056 = SURFACE_STYLE_USAGE(.BOTH.,#15057);
#15057 = SURFACE_SIDE_STYLE('',(#15058));
#15058 = SURFACE_STYLE_FILL_AREA(#15059);
#15059 = FILL_AREA_STYLE('',(#15060));
#15060 = FILL_AREA_STYLE_COLOUR('',#15003);
#15061 = STYLED_ITEM('color',(#15062),#907);
#15062 = PRESENTATION_STYLE_ASSIGNMENT((#15063));
#15063 = SURFACE_STYLE_USAGE(.BOTH.,#15064);
#15064 = SURFACE_SIDE_STYLE('',(#15065));
#15065 = SURFACE_STYLE_FILL_AREA(#15066);
#15066 = FILL_AREA_STYLE('',(#15067));
#15067 = FILL_AREA_STYLE_COLOUR('',#14988);
#15068 = STYLED_ITEM('color',(#15069),#932);
#15069 = PRESENTATION_STYLE_ASSIGNMENT((#15070));
#15070 = SURFACE_STYLE_USAGE(.BOTH.,#15071);
#15071 = SURFACE_SIDE_STYLE('',(#15072));
#15072 = SURFACE_STYLE_FILL_AREA(#15073);
#15073 = FILL_AREA_STYLE('',(#15074));
#15074 = FILL_AREA_STYLE_COLOUR('',#14988);
#15075 = STYLED_ITEM('color',(#15076),#958);
#15076 = PRESENTATION_STYLE_ASSIGNMENT((#15077));
#15077 = SURFACE_STYLE_USAGE(.BOTH.,#15078);
#15078 = SURFACE_SIDE_STYLE('',(#15079));
#15079 = SURFACE_STYLE_FILL_AREA(#15080);
#15080 = FILL_AREA_STYLE('',(#15081));
#15081 = FILL_AREA_STYLE_COLOUR('',#14988);
#15082 = STYLED_ITEM('color',(#15083),#983);
#15083 = PRESENTATION_STYLE_ASSIGNMENT((#15084));
#15084 = SURFACE_STYLE_USAGE(.BOTH.,#15085);
#15085 = SURFACE_SIDE_STYLE('',(#15086));
#15086 = SURFACE_STYLE_FILL_AREA(#15087);
#15087 = FILL_AREA_STYLE('',(#15088));
#15088 = FILL_AREA_STYLE_COLOUR('',#14988);
#15089 = STYLED_ITEM('color',(#15090),#1009);
#15090 = PRESENTATION_STYLE_ASSIGNMENT((#15091));
#15091 = SURFACE_STYLE_USAGE(.BOTH.,#15092);
#15092 = SURFACE_SIDE_STYLE('',(#15093));
#15093 = SURFACE_STYLE_FILL_AREA(#15094);
#15094 = FILL_AREA_STYLE('',(#15095));
#15095 = FILL_AREA_STYLE_COLOUR('',#14988);
#15096 = STYLED_ITEM('color',(#15097),#1034);
#15097 = PRESENTATION_STYLE_ASSIGNMENT((#15098));
#15098 = SURFACE_STYLE_USAGE(.BOTH.,#15099);
#15099 = SURFACE_SIDE_STYLE('',(#15100));
#15100 = SURFACE_STYLE_FILL_AREA(#15101);
#15101 = FILL_AREA_STYLE('',(#15102));
#15102 = FILL_AREA_STYLE_COLOUR('',#14988);
#15103 = MECHANICAL_DESIGN_GEOMETRIC_PRESENTATION_REPRESENTATION('',(
    #15104),#10728);
#15104 = STYLED_ITEM('color',(#15105),#10675);
#15105 = PRESENTATION_STYLE_ASSIGNMENT((#15106));
#15106 = SURFACE_STYLE_USAGE(.BOTH.,#15107);
#15107 = SURFACE_SIDE_STYLE('',(#15108));
#15108 = SURFACE_STYLE_FILL_AREA(#15109);
#15109 = FILL_AREA_STYLE('',(#15110));
#15110 = FILL_AREA_STYLE_COLOUR('',#15111);
#15111 = COLOUR_RGB('',0.250000000672,0.45000000386,0.750000000934);
#15112 = MECHANICAL_DESIGN_GEOMETRIC_PRESENTATION_REPRESENTATION('',(
    #15113,#15121,#15128,#15135,#15142,#15149,#15156,#15163,#15170,
    #15177,#15184,#15191,#15198,#15205,#15212,#15219,#15226,#15234,
    #15241,#15248,#15255,#15262,#15269,#15276,#15283,#15290,#15297,
    #15304,#15311,#15318,#15325,#15332,#15339,#15346,#15353,#15360,
    #15367,#15374,#15381,#15388,#15395,#15402,#15409,#15416,#15423,
    #15430,#15437,#15444,#15451,#15458,#15465,#15472),#5769);
#15113 = STYLED_ITEM('color',(#15114),#4339);
#15114 = PRESENTATION_STYLE_ASSIGNMENT((#15115));
#15115 = SURFACE_STYLE_USAGE(.BOTH.,#15116);
#15116 = SURFACE_SIDE_STYLE('',(#15117));
#15117 = SURFACE_STYLE_FILL_AREA(#15118);
#15118 = FILL_AREA_STYLE('',(#15119));
#15119 = FILL_AREA_STYLE_COLOUR('',#15120);
#15120 = COLOUR_RGB('',0.147999998088,0.144999993226,0.144999993226);
#15121 = STYLED_ITEM('color',(#15122),#4379);
#15122 = PRESENTATION_STYLE_ASSIGNMENT((#15123));
#15123 = SURFACE_STYLE_USAGE(.BOTH.,#15124);
#15124 = SURFACE_SIDE_STYLE('',(#15125));
#15125 = SURFACE_STYLE_FILL_AREA(#15126);
#15126 = FILL_AREA_STYLE('',(#15127));
#15127 = FILL_AREA_STYLE_COLOUR('',#15120);
#15128 = STYLED_ITEM('color',(#15129),#4410);
#15129 = PRESENTATION_STYLE_ASSIGNMENT((#15130));
#15130 = SURFACE_STYLE_USAGE(.BOTH.,#15131);
#15131 = SURFACE_SIDE_STYLE('',(#15132));
#15132 = SURFACE_STYLE_FILL_AREA(#15133);
#15133 = FILL_AREA_STYLE('',(#15134));
#15134 = FILL_AREA_STYLE_COLOUR('',#15120);
#15135 = STYLED_ITEM('color',(#15136),#4441);
#15136 = PRESENTATION_STYLE_ASSIGNMENT((#15137));
#15137 = SURFACE_STYLE_USAGE(.BOTH.,#15138);
#15138 = SURFACE_SIDE_STYLE('',(#15139));
#15139 = SURFACE_STYLE_FILL_AREA(#15140);
#15140 = FILL_AREA_STYLE('',(#15141));
#15141 = FILL_AREA_STYLE_COLOUR('',#15120);
#15142 = STYLED_ITEM('color',(#15143),#4606);
#15143 = PRESENTATION_STYLE_ASSIGNMENT((#15144));
#15144 = SURFACE_STYLE_USAGE(.BOTH.,#15145);
#15145 = SURFACE_SIDE_STYLE('',(#15146));
#15146 = SURFACE_STYLE_FILL_AREA(#15147);
#15147 = FILL_AREA_STYLE('',(#15148));
#15148 = FILL_AREA_STYLE_COLOUR('',#15120);
#15149 = STYLED_ITEM('color',(#15150),#4771);
#15150 = PRESENTATION_STYLE_ASSIGNMENT((#15151));
#15151 = SURFACE_STYLE_USAGE(.BOTH.,#15152);
#15152 = SURFACE_SIDE_STYLE('',(#15153));
#15153 = SURFACE_STYLE_FILL_AREA(#15154);
#15154 = FILL_AREA_STYLE('',(#15155));
#15155 = FILL_AREA_STYLE_COLOUR('',#15120);
#15156 = STYLED_ITEM('color',(#15157),#4788);
#15157 = PRESENTATION_STYLE_ASSIGNMENT((#15158));
#15158 = SURFACE_STYLE_USAGE(.BOTH.,#15159);
#15159 = SURFACE_SIDE_STYLE('',(#15160));
#15160 = SURFACE_STYLE_FILL_AREA(#15161);
#15161 = FILL_AREA_STYLE('',(#15162));
#15162 = FILL_AREA_STYLE_COLOUR('',#15120);
#15163 = STYLED_ITEM('color',(#15164),#4805);
#15164 = PRESENTATION_STYLE_ASSIGNMENT((#15165));
#15165 = SURFACE_STYLE_USAGE(.BOTH.,#15166);
#15166 = SURFACE_SIDE_STYLE('',(#15167));
#15167 = SURFACE_STYLE_FILL_AREA(#15168);
#15168 = FILL_AREA_STYLE('',(#15169));
#15169 = FILL_AREA_STYLE_COLOUR('',#15120);
#15170 = STYLED_ITEM('color',(#15171),#4822);
#15171 = PRESENTATION_STYLE_ASSIGNMENT((#15172));
#15172 = SURFACE_STYLE_USAGE(.BOTH.,#15173);
#15173 = SURFACE_SIDE_STYLE('',(#15174));
#15174 = SURFACE_STYLE_FILL_AREA(#15175);
#15175 = FILL_AREA_STYLE('',(#15176));
#15176 = FILL_AREA_STYLE_COLOUR('',#15120);
#15177 = STYLED_ITEM('color',(#15178),#4839);
#15178 = PRESENTATION_STYLE_ASSIGNMENT((#15179));
#15179 = SURFACE_STYLE_USAGE(.BOTH.,#15180);
#15180 = SURFACE_SIDE_STYLE('',(#15181));
#15181 = SURFACE_STYLE_FILL_AREA(#15182);
#15182 = FILL_AREA_STYLE('',(#15183));
#15183 = FILL_AREA_STYLE_COLOUR('',#15120);
#15184 = STYLED_ITEM('color',(#15185),#4856);
#15185 = PRESENTATION_STYLE_ASSIGNMENT((#15186));
#15186 = SURFACE_STYLE_USAGE(.BOTH.,#15187);
#15187 = SURFACE_SIDE_STYLE('',(#15188));
#15188 = SURFACE_STYLE_FILL_AREA(#15189);
#15189 = FILL_AREA_STYLE('',(#15190));
#15190 = FILL_AREA_STYLE_COLOUR('',#15120);
#15191 = STYLED_ITEM('color',(#15192),#4873);
#15192 = PRESENTATION_STYLE_ASSIGNMENT((#15193));
#15193 = SURFACE_STYLE_USAGE(.BOTH.,#15194);
#15194 = SURFACE_SIDE_STYLE('',(#15195));
#15195 = SURFACE_STYLE_FILL_AREA(#15196);
#15196 = FILL_AREA_STYLE('',(#15197));
#15197 = FILL_AREA_STYLE_COLOUR('',#15120);
#15198 = STYLED_ITEM('color',(#15199),#4890);
#15199 = PRESENTATION_STYLE_ASSIGNMENT((#15200));
#15200 = SURFACE_STYLE_USAGE(.BOTH.,#15201);
#15201 = SURFACE_SIDE_STYLE('',(#15202));
#15202 = SURFACE_STYLE_FILL_AREA(#15203);
#15203 = FILL_AREA_STYLE('',(#15204));
#15204 = FILL_AREA_STYLE_COLOUR('',#15120);
#15205 = STYLED_ITEM('color',(#15206),#4907);
#15206 = PRESENTATION_STYLE_ASSIGNMENT((#15207));
#15207 = SURFACE_STYLE_USAGE(.BOTH.,#15208);
#15208 = SURFACE_SIDE_STYLE('',(#15209));
#15209 = SURFACE_STYLE_FILL_AREA(#15210);
#15210 = FILL_AREA_STYLE('',(#15211));
#15211 = FILL_AREA_STYLE_COLOUR('',#15120);
#15212 = STYLED_ITEM('color',(#15213),#4924);
#15213 = PRESENTATION_STYLE_ASSIGNMENT((#15214));
#15214 = SURFACE_STYLE_USAGE(.BOTH.,#15215);
#15215 = SURFACE_SIDE_STYLE('',(#15216));
#15216 = SURFACE_STYLE_FILL_AREA(#15217);
#15217 = FILL_AREA_STYLE('',(#15218));
#15218 = FILL_AREA_STYLE_COLOUR('',#15120);
#15219 = STYLED_ITEM('color',(#15220),#4941);
#15220 = PRESENTATION_STYLE_ASSIGNMENT((#15221));
#15221 = SURFACE_STYLE_USAGE(.BOTH.,#15222);
#15222 = SURFACE_SIDE_STYLE('',(#15223));
#15223 = SURFACE_STYLE_FILL_AREA(#15224);
#15224 = FILL_AREA_STYLE('',(#15225));
#15225 = FILL_AREA_STYLE_COLOUR('',#15120);
#15226 = STYLED_ITEM('color',(#15227),#4953);
#15227 = PRESENTATION_STYLE_ASSIGNMENT((#15228));
#15228 = SURFACE_STYLE_USAGE(.BOTH.,#15229);
#15229 = SURFACE_SIDE_STYLE('',(#15230));
#15230 = SURFACE_STYLE_FILL_AREA(#15231);
#15231 = FILL_AREA_STYLE('',(#15232));
#15232 = FILL_AREA_STYLE_COLOUR('',#15233);
#15233 = COLOUR_RGB('',0.859000020776,0.737999965183,0.495999988746);
#15234 = STYLED_ITEM('color',(#15235),#4984);
#15235 = PRESENTATION_STYLE_ASSIGNMENT((#15236));
#15236 = SURFACE_STYLE_USAGE(.BOTH.,#15237);
#15237 = SURFACE_SIDE_STYLE('',(#15238));
#15238 = SURFACE_STYLE_FILL_AREA(#15239);
#15239 = FILL_AREA_STYLE('',(#15240));
#15240 = FILL_AREA_STYLE_COLOUR('',#15233);
#15241 = STYLED_ITEM('color',(#15242),#5008);
#15242 = PRESENTATION_STYLE_ASSIGNMENT((#15243));
#15243 = SURFACE_STYLE_USAGE(.BOTH.,#15244);
#15244 = SURFACE_SIDE_STYLE('',(#15245));
#15245 = SURFACE_STYLE_FILL_AREA(#15246);
#15246 = FILL_AREA_STYLE('',(#15247));
#15247 = FILL_AREA_STYLE_COLOUR('',#15233);
#15248 = STYLED_ITEM('color',(#15249),#5032);
#15249 = PRESENTATION_STYLE_ASSIGNMENT((#15250));
#15250 = SURFACE_STYLE_USAGE(.BOTH.,#15251);
#15251 = SURFACE_SIDE_STYLE('',(#15252));
#15252 = SURFACE_STYLE_FILL_AREA(#15253);
#15253 = FILL_AREA_STYLE('',(#15254));
#15254 = FILL_AREA_STYLE_COLOUR('',#15233);
#15255 = STYLED_ITEM('color',(#15256),#5049);
#15256 = PRESENTATION_STYLE_ASSIGNMENT((#15257));
#15257 = SURFACE_STYLE_USAGE(.BOTH.,#15258);
#15258 = SURFACE_SIDE_STYLE('',(#15259));
#15259 = SURFACE_STYLE_FILL_AREA(#15260);
#15260 = FILL_AREA_STYLE('',(#15261));
#15261 = FILL_AREA_STYLE_COLOUR('',#15233);
#15262 = STYLED_ITEM('color',(#15263),#5080);
#15263 = PRESENTATION_STYLE_ASSIGNMENT((#15264));
#15264 = SURFACE_STYLE_USAGE(.BOTH.,#15265);
#15265 = SURFACE_SIDE_STYLE('',(#15266));
#15266 = SURFACE_STYLE_FILL_AREA(#15267);
#15267 = FILL_AREA_STYLE('',(#15268));
#15268 = FILL_AREA_STYLE_COLOUR('',#15233);
#15269 = STYLED_ITEM('color',(#15270),#5104);
#15270 = PRESENTATION_STYLE_ASSIGNMENT((#15271));
#15271 = SURFACE_STYLE_USAGE(.BOTH.,#15272);
#15272 = SURFACE_SIDE_STYLE('',(#15273));
#15273 = SURFACE_STYLE_FILL_AREA(#15274);
#15274 = FILL_AREA_STYLE('',(#15275));
#15275 = FILL_AREA_STYLE_COLOUR('',#15233);
#15276 = STYLED_ITEM('color',(#15277),#5128);
#15277 = PRESENTATION_STYLE_ASSIGNMENT((#15278));
#15278 = SURFACE_STYLE_USAGE(.BOTH.,#15279);
#15279 = SURFACE_SIDE_STYLE('',(#15280));
#15280 = SURFACE_STYLE_FILL_AREA(#15281);
#15281 = FILL_AREA_STYLE('',(#15282));
#15282 = FILL_AREA_STYLE_COLOUR('',#15233);
#15283 = STYLED_ITEM('color',(#15284),#5145);
#15284 = PRESENTATION_STYLE_ASSIGNMENT((#15285));
#15285 = SURFACE_STYLE_USAGE(.BOTH.,#15286);
#15286 = SURFACE_SIDE_STYLE('',(#15287));
#15287 = SURFACE_STYLE_FILL_AREA(#15288);
#15288 = FILL_AREA_STYLE('',(#15289));
#15289 = FILL_AREA_STYLE_COLOUR('',#15233);
#15290 = STYLED_ITEM('color',(#15291),#5176);
#15291 = PRESENTATION_STYLE_ASSIGNMENT((#15292));
#15292 = SURFACE_STYLE_USAGE(.BOTH.,#15293);
#15293 = SURFACE_SIDE_STYLE('',(#15294));
#15294 = SURFACE_STYLE_FILL_AREA(#15295);
#15295 = FILL_AREA_STYLE('',(#15296));
#15296 = FILL_AREA_STYLE_COLOUR('',#15233);
#15297 = STYLED_ITEM('color',(#15298),#5200);
#15298 = PRESENTATION_STYLE_ASSIGNMENT((#15299));
#15299 = SURFACE_STYLE_USAGE(.BOTH.,#15300);
#15300 = SURFACE_SIDE_STYLE('',(#15301));
#15301 = SURFACE_STYLE_FILL_AREA(#15302);
#15302 = FILL_AREA_STYLE('',(#15303));
#15303 = FILL_AREA_STYLE_COLOUR('',#15233);
#15304 = STYLED_ITEM('color',(#15305),#5224);
#15305 = PRESENTATION_STYLE_ASSIGNMENT((#15306));
#15306 = SURFACE_STYLE_USAGE(.BOTH.,#15307);
#15307 = SURFACE_SIDE_STYLE('',(#15308));
#15308 = SURFACE_STYLE_FILL_AREA(#15309);
#15309 = FILL_AREA_STYLE('',(#15310));
#15310 = FILL_AREA_STYLE_COLOUR('',#15233);
#15311 = STYLED_ITEM('color',(#15312),#5241);
#15312 = PRESENTATION_STYLE_ASSIGNMENT((#15313));
#15313 = SURFACE_STYLE_USAGE(.BOTH.,#15314);
#15314 = SURFACE_SIDE_STYLE('',(#15315));
#15315 = SURFACE_STYLE_FILL_AREA(#15316);
#15316 = FILL_AREA_STYLE('',(#15317));
#15317 = FILL_AREA_STYLE_COLOUR('',#15233);
#15318 = STYLED_ITEM('color',(#15319),#5272);
#15319 = PRESENTATION_STYLE_ASSIGNMENT((#15320));
#15320 = SURFACE_STYLE_USAGE(.BOTH.,#15321);
#15321 = SURFACE_SIDE_STYLE('',(#15322));
#15322 = SURFACE_STYLE_FILL_AREA(#15323);
#15323 = FILL_AREA_STYLE('',(#15324));
#15324 = FILL_AREA_STYLE_COLOUR('',#15233);
#15325 = STYLED_ITEM('color',(#15326),#5296);
#15326 = PRESENTATION_STYLE_ASSIGNMENT((#15327));
#15327 = SURFACE_STYLE_USAGE(.BOTH.,#15328);
#15328 = SURFACE_SIDE_STYLE('',(#15329));
#15329 = SURFACE_STYLE_FILL_AREA(#15330);
#15330 = FILL_AREA_STYLE('',(#15331));
#15331 = FILL_AREA_STYLE_COLOUR('',#15233);
#15332 = STYLED_ITEM('color',(#15333),#5320);
#15333 = PRESENTATION_STYLE_ASSIGNMENT((#15334));
#15334 = SURFACE_STYLE_USAGE(.BOTH.,#15335);
#15335 = SURFACE_SIDE_STYLE('',(#15336));
#15336 = SURFACE_STYLE_FILL_AREA(#15337);
#15337 = FILL_AREA_STYLE('',(#15338));
#15338 = FILL_AREA_STYLE_COLOUR('',#15233);
#15339 = STYLED_ITEM('color',(#15340),#5337);
#15340 = PRESENTATION_STYLE_ASSIGNMENT((#15341));
#15341 = SURFACE_STYLE_USAGE(.BOTH.,#15342);
#15342 = SURFACE_SIDE_STYLE('',(#15343));
#15343 = SURFACE_STYLE_FILL_AREA(#15344);
#15344 = FILL_AREA_STYLE('',(#15345));
#15345 = FILL_AREA_STYLE_COLOUR('',#15233);
#15346 = STYLED_ITEM('color',(#15347),#5368);
#15347 = PRESENTATION_STYLE_ASSIGNMENT((#15348));
#15348 = SURFACE_STYLE_USAGE(.BOTH.,#15349);
#15349 = SURFACE_SIDE_STYLE('',(#15350));
#15350 = SURFACE_STYLE_FILL_AREA(#15351);
#15351 = FILL_AREA_STYLE('',(#15352));
#15352 = FILL_AREA_STYLE_COLOUR('',#15233);
#15353 = STYLED_ITEM('color',(#15354),#5392);
#15354 = PRESENTATION_STYLE_ASSIGNMENT((#15355));
#15355 = SURFACE_STYLE_USAGE(.BOTH.,#15356);
#15356 = SURFACE_SIDE_STYLE('',(#15357));
#15357 = SURFACE_STYLE_FILL_AREA(#15358);
#15358 = FILL_AREA_STYLE('',(#15359));
#15359 = FILL_AREA_STYLE_COLOUR('',#15233);
#15360 = STYLED_ITEM('color',(#15361),#5416);
#15361 = PRESENTATION_STYLE_ASSIGNMENT((#15362));
#15362 = SURFACE_STYLE_USAGE(.BOTH.,#15363);
#15363 = SURFACE_SIDE_STYLE('',(#15364));
#15364 = SURFACE_STYLE_FILL_AREA(#15365);
#15365 = FILL_AREA_STYLE('',(#15366));
#15366 = FILL_AREA_STYLE_COLOUR('',#15233);
#15367 = STYLED_ITEM('color',(#15368),#5433);
#15368 = PRESENTATION_STYLE_ASSIGNMENT((#15369));
#15369 = SURFACE_STYLE_USAGE(.BOTH.,#15370);
#15370 = SURFACE_SIDE_STYLE('',(#15371));
#15371 = SURFACE_STYLE_FILL_AREA(#15372);
#15372 = FILL_AREA_STYLE('',(#15373));
#15373 = FILL_AREA_STYLE_COLOUR('',#15233);
#15374 = STYLED_ITEM('color',(#15375),#5464);
#15375 = PRESENTATION_STYLE_ASSIGNMENT((#15376));
#15376 = SURFACE_STYLE_USAGE(.BOTH.,#15377);
#15377 = SURFACE_SIDE_STYLE('',(#15378));
#15378 = SURFACE_STYLE_FILL_AREA(#15379);
#15379 = FILL_AREA_STYLE('',(#15380));
#15380 = FILL_AREA_STYLE_COLOUR('',#15233);
#15381 = STYLED_ITEM('color',(#15382),#5488);
#15382 = PRESENTATION_STYLE_ASSIGNMENT((#15383));
#15383 = SURFACE_STYLE_USAGE(.BOTH.,#15384);
#15384 = SURFACE_SIDE_STYLE('',(#15385));
#15385 = SURFACE_STYLE_FILL_AREA(#15386);
#15386 = FILL_AREA_STYLE('',(#15387));
#15387 = FILL_AREA_STYLE_COLOUR('',#15233);
#15388 = STYLED_ITEM('color',(#15389),#5512);
#15389 = PRESENTATION_STYLE_ASSIGNMENT((#15390));
#15390 = SURFACE_STYLE_USAGE(.BOTH.,#15391);
#15391 = SURFACE_SIDE_STYLE('',(#15392));
#15392 = SURFACE_STYLE_FILL_AREA(#15393);
#15393 = FILL_AREA_STYLE('',(#15394));
#15394 = FILL_AREA_STYLE_COLOUR('',#15233);
#15395 = STYLED_ITEM('color',(#15396),#5529);
#15396 = PRESENTATION_STYLE_ASSIGNMENT((#15397));
#15397 = SURFACE_STYLE_USAGE(.BOTH.,#15398);
#15398 = SURFACE_SIDE_STYLE('',(#15399));
#15399 = SURFACE_STYLE_FILL_AREA(#15400);
#15400 = FILL_AREA_STYLE('',(#15401));
#15401 = FILL_AREA_STYLE_COLOUR('',#15233);
#15402 = STYLED_ITEM('color',(#15403),#5560);
#15403 = PRESENTATION_STYLE_ASSIGNMENT((#15404));
#15404 = SURFACE_STYLE_USAGE(.BOTH.,#15405);
#15405 = SURFACE_SIDE_STYLE('',(#15406));
#15406 = SURFACE_STYLE_FILL_AREA(#15407);
#15407 = FILL_AREA_STYLE('',(#15408));
#15408 = FILL_AREA_STYLE_COLOUR('',#15233);
#15409 = STYLED_ITEM('color',(#15410),#5584);
#15410 = PRESENTATION_STYLE_ASSIGNMENT((#15411));
#15411 = SURFACE_STYLE_USAGE(.BOTH.,#15412);
#15412 = SURFACE_SIDE_STYLE('',(#15413));
#15413 = SURFACE_STYLE_FILL_AREA(#15414);
#15414 = FILL_AREA_STYLE('',(#15415));
#15415 = FILL_AREA_STYLE_COLOUR('',#15233);
#15416 = STYLED_ITEM('color',(#15417),#5608);
#15417 = PRESENTATION_STYLE_ASSIGNMENT((#15418));
#15418 = SURFACE_STYLE_USAGE(.BOTH.,#15419);
#15419 = SURFACE_SIDE_STYLE('',(#15420));
#15420 = SURFACE_STYLE_FILL_AREA(#15421);
#15421 = FILL_AREA_STYLE('',(#15422));
#15422 = FILL_AREA_STYLE_COLOUR('',#15233);
#15423 = STYLED_ITEM('color',(#15424),#5625);
#15424 = PRESENTATION_STYLE_ASSIGNMENT((#15425));
#15425 = SURFACE_STYLE_USAGE(.BOTH.,#15426);
#15426 = SURFACE_SIDE_STYLE('',(#15427));
#15427 = SURFACE_STYLE_FILL_AREA(#15428);
#15428 = FILL_AREA_STYLE('',(#15429));
#15429 = FILL_AREA_STYLE_COLOUR('',#15233);
#15430 = STYLED_ITEM('color',(#15431),#5656);
#15431 = PRESENTATION_STYLE_ASSIGNMENT((#15432));
#15432 = SURFACE_STYLE_USAGE(.BOTH.,#15433);
#15433 = SURFACE_SIDE_STYLE('',(#15434));
#15434 = SURFACE_STYLE_FILL_AREA(#15435);
#15435 = FILL_AREA_STYLE('',(#15436));
#15436 = FILL_AREA_STYLE_COLOUR('',#15233);
#15437 = STYLED_ITEM('color',(#15438),#5680);
#15438 = PRESENTATION_STYLE_ASSIGNMENT((#15439));
#15439 = SURFACE_STYLE_USAGE(.BOTH.,#15440);
#15440 = SURFACE_SIDE_STYLE('',(#15441));
#15441 = SURFACE_STYLE_FILL_AREA(#15442);
#15442 = FILL_AREA_STYLE('',(#15443));
#15443 = FILL_AREA_STYLE_COLOUR('',#15233);
#15444 = STYLED_ITEM('color',(#15445),#5704);
#15445 = PRESENTATION_STYLE_ASSIGNMENT((#15446));
#15446 = SURFACE_STYLE_USAGE(.BOTH.,#15447);
#15447 = SURFACE_SIDE_STYLE('',(#15448));
#15448 = SURFACE_STYLE_FILL_AREA(#15449);
#15449 = FILL_AREA_STYLE('',(#15450));
#15450 = FILL_AREA_STYLE_COLOUR('',#15233);
#15451 = STYLED_ITEM('color',(#15452),#5721);
#15452 = PRESENTATION_STYLE_ASSIGNMENT((#15453));
#15453 = SURFACE_STYLE_USAGE(.BOTH.,#15454);
#15454 = SURFACE_SIDE_STYLE('',(#15455));
#15455 = SURFACE_STYLE_FILL_AREA(#15456);
#15456 = FILL_AREA_STYLE('',(#15457));
#15457 = FILL_AREA_STYLE_COLOUR('',#15233);
#15458 = STYLED_ITEM('color',(#15459),#5733);
#15459 = PRESENTATION_STYLE_ASSIGNMENT((#15460));
#15460 = SURFACE_STYLE_USAGE(.BOTH.,#15461);
#15461 = SURFACE_SIDE_STYLE('',(#15462));
#15462 = SURFACE_STYLE_FILL_AREA(#15463);
#15463 = FILL_AREA_STYLE('',(#15464));
#15464 = FILL_AREA_STYLE_COLOUR('',#15233);
#15465 = STYLED_ITEM('color',(#15466),#5745);
#15466 = PRESENTATION_STYLE_ASSIGNMENT((#15467));
#15467 = SURFACE_STYLE_USAGE(.BOTH.,#15468);
#15468 = SURFACE_SIDE_STYLE('',(#15469));
#15469 = SURFACE_STYLE_FILL_AREA(#15470);
#15470 = FILL_AREA_STYLE('',(#15471));
#15471 = FILL_AREA_STYLE_COLOUR('',#15233);
#15472 = STYLED_ITEM('color',(#15473),#5757);
#15473 = PRESENTATION_STYLE_ASSIGNMENT((#15474));
#15474 = SURFACE_STYLE_USAGE(.BOTH.,#15475);
#15475 = SURFACE_SIDE_STYLE('',(#15476));
#15476 = SURFACE_STYLE_FILL_AREA(#15477);
#15477 = FILL_AREA_STYLE('',(#15478));
#15478 = FILL_AREA_STYLE_COLOUR('',#15233);
#15479 = MECHANICAL_DESIGN_GEOMETRIC_PRESENTATION_REPRESENTATION('',(
    #15480,#15487,#15494,#15501,#15508,#15516,#15523,#15530,#15537,
    #15544,#15551,#15558,#15565,#15572,#15579),#2767);
#15480 = STYLED_ITEM('color',(#15481),#2434);
#15481 = PRESENTATION_STYLE_ASSIGNMENT((#15482));
#15482 = SURFACE_STYLE_USAGE(.BOTH.,#15483);
#15483 = SURFACE_SIDE_STYLE('',(#15484));
#15484 = SURFACE_STYLE_FILL_AREA(#15485);
#15485 = FILL_AREA_STYLE('',(#15486));
#15486 = FILL_AREA_STYLE_COLOUR('',#14988);
#15487 = STYLED_ITEM('color',(#15488),#2451);
#15488 = PRESENTATION_STYLE_ASSIGNMENT((#15489));
#15489 = SURFACE_STYLE_USAGE(.BOTH.,#15490);
#15490 = SURFACE_SIDE_STYLE('',(#15491));
#15491 = SURFACE_STYLE_FILL_AREA(#15492);
#15492 = FILL_AREA_STYLE('',(#15493));
#15493 = FILL_AREA_STYLE_COLOUR('',#14988);
#15494 = STYLED_ITEM('color',(#15495),#2476);
#15495 = PRESENTATION_STYLE_ASSIGNMENT((#15496));
#15496 = SURFACE_STYLE_USAGE(.BOTH.,#15497);
#15497 = SURFACE_SIDE_STYLE('',(#15498));
#15498 = SURFACE_STYLE_FILL_AREA(#15499);
#15499 = FILL_AREA_STYLE('',(#15500));
#15500 = FILL_AREA_STYLE_COLOUR('',#15120);
#15501 = STYLED_ITEM('color',(#15502),#2496);
#15502 = PRESENTATION_STYLE_ASSIGNMENT((#15503));
#15503 = SURFACE_STYLE_USAGE(.BOTH.,#15504);
#15504 = SURFACE_SIDE_STYLE('',(#15505));
#15505 = SURFACE_STYLE_FILL_AREA(#15506);
#15506 = FILL_AREA_STYLE('',(#15507));
#15507 = FILL_AREA_STYLE_COLOUR('',#15120);
#15508 = STYLED_ITEM('color',(#15509),#2521);
#15509 = PRESENTATION_STYLE_ASSIGNMENT((#15510));
#15510 = SURFACE_STYLE_USAGE(.BOTH.,#15511);
#15511 = SURFACE_SIDE_STYLE('',(#15512));
#15512 = SURFACE_STYLE_FILL_AREA(#15513);
#15513 = FILL_AREA_STYLE('',(#15514));
#15514 = FILL_AREA_STYLE_COLOUR('',#15515);
#15515 = COLOUR_RGB('',0.894999966383,0.890999961016,0.813000030345);
#15516 = STYLED_ITEM('color',(#15517),#2541);
#15517 = PRESENTATION_STYLE_ASSIGNMENT((#15518));
#15518 = SURFACE_STYLE_USAGE(.BOTH.,#15519);
#15519 = SURFACE_SIDE_STYLE('',(#15520));
#15520 = SURFACE_STYLE_FILL_AREA(#15521);
#15521 = FILL_AREA_STYLE('',(#15522));
#15522 = FILL_AREA_STYLE_COLOUR('',#15515);
#15523 = STYLED_ITEM('color',(#15524),#2566);
#15524 = PRESENTATION_STYLE_ASSIGNMENT((#15525));
#15525 = SURFACE_STYLE_USAGE(.BOTH.,#15526);
#15526 = SURFACE_SIDE_STYLE('',(#15527));
#15527 = SURFACE_STYLE_FILL_AREA(#15528);
#15528 = FILL_AREA_STYLE('',(#15529));
#15529 = FILL_AREA_STYLE_COLOUR('',#15515);
#15530 = STYLED_ITEM('color',(#15531),#2586);
#15531 = PRESENTATION_STYLE_ASSIGNMENT((#15532));
#15532 = SURFACE_STYLE_USAGE(.BOTH.,#15533);
#15533 = SURFACE_SIDE_STYLE('',(#15534));
#15534 = SURFACE_STYLE_FILL_AREA(#15535);
#15535 = FILL_AREA_STYLE('',(#15536));
#15536 = FILL_AREA_STYLE_COLOUR('',#15120);
#15537 = STYLED_ITEM('color',(#15538),#2611);
#15538 = PRESENTATION_STYLE_ASSIGNMENT((#15539));
#15539 = SURFACE_STYLE_USAGE(.BOTH.,#15540);
#15540 = SURFACE_SIDE_STYLE('',(#15541));
#15541 = SURFACE_STYLE_FILL_AREA(#15542);
#15542 = FILL_AREA_STYLE('',(#15543));
#15543 = FILL_AREA_STYLE_COLOUR('',#15120);
#15544 = STYLED_ITEM('color',(#15545),#2631);
#15545 = PRESENTATION_STYLE_ASSIGNMENT((#15546));
#15546 = SURFACE_STYLE_USAGE(.BOTH.,#15547);
#15547 = SURFACE_SIDE_STYLE('',(#15548));
#15548 = SURFACE_STYLE_FILL_AREA(#15549);
#15549 = FILL_AREA_STYLE('',(#15550));
#15550 = FILL_AREA_STYLE_COLOUR('',#14988);
#15551 = STYLED_ITEM('color',(#15552),#2656);
#15552 = PRESENTATION_STYLE_ASSIGNMENT((#15553));
#15553 = SURFACE_STYLE_USAGE(.BOTH.,#15554);
#15554 = SURFACE_SIDE_STYLE('',(#15555));
#15555 = SURFACE_STYLE_FILL_AREA(#15556);
#15556 = FILL_AREA_STYLE('',(#15557));
#15557 = FILL_AREA_STYLE_COLOUR('',#14988);
#15558 = STYLED_ITEM('color',(#15559),#2682);
#15559 = PRESENTATION_STYLE_ASSIGNMENT((#15560));
#15560 = SURFACE_STYLE_USAGE(.BOTH.,#15561);
#15561 = SURFACE_SIDE_STYLE('',(#15562));
#15562 = SURFACE_STYLE_FILL_AREA(#15563);
#15563 = FILL_AREA_STYLE('',(#15564));
#15564 = FILL_AREA_STYLE_COLOUR('',#14988);
#15565 = STYLED_ITEM('color',(#15566),#2707);
#15566 = PRESENTATION_STYLE_ASSIGNMENT((#15567));
#15567 = SURFACE_STYLE_USAGE(.BOTH.,#15568);
#15568 = SURFACE_SIDE_STYLE('',(#15569));
#15569 = SURFACE_STYLE_FILL_AREA(#15570);
#15570 = FILL_AREA_STYLE('',(#15571));
#15571 = FILL_AREA_STYLE_COLOUR('',#14988);
#15572 = STYLED_ITEM('color',(#15573),#2733);
#15573 = PRESENTATION_STYLE_ASSIGNMENT((#15574));
#15574 = SURFACE_STYLE_USAGE(.BOTH.,#15575);
#15575 = SURFACE_SIDE_STYLE('',(#15576));
#15576 = SURFACE_STYLE_FILL_AREA(#15577);
#15577 = FILL_AREA_STYLE('',(#15578));
#15578 = FILL_AREA_STYLE_COLOUR('',#14988);
#15579 = STYLED_ITEM('color',(#15580),#2758);
#15580 = PRESENTATION_STYLE_ASSIGNMENT((#15581));
#15581 = SURFACE_STYLE_USAGE(.BOTH.,#15582);
#15582 = SURFACE_SIDE_STYLE('',(#15583));
#15583 = SURFACE_STYLE_FILL_AREA(#15584);
#15584 = FILL_AREA_STYLE('',(#15585));
#15585 = FILL_AREA_STYLE_COLOUR('',#14988);
#15586 = MECHANICAL_DESIGN_GEOMETRIC_PRESENTATION_REPRESENTATION('',(
    #15587),#14969);
#15587 = STYLED_ITEM('color',(#15588),#11407);
#15588 = PRESENTATION_STYLE_ASSIGNMENT((#15589));
#15589 = SURFACE_STYLE_USAGE(.BOTH.,#15590);
#15590 = SURFACE_SIDE_STYLE('',(#15591));
#15591 = SURFACE_STYLE_FILL_AREA(#15592);
#15592 = FILL_AREA_STYLE('',(#15593));
#15593 = FILL_AREA_STYLE_COLOUR('',#15594);
#15594 = COLOUR_RGB('',0.313304153717,0.484529207832,0.410020903123);
#15595 = MECHANICAL_DESIGN_GEOMETRIC_PRESENTATION_REPRESENTATION('',(
    #15596),#2889);
#15596 = STYLED_ITEM('color',(#15597),#2836);
#15597 = PRESENTATION_STYLE_ASSIGNMENT((#15598));
#15598 = SURFACE_STYLE_USAGE(.BOTH.,#15599);
#15599 = SURFACE_SIDE_STYLE('',(#15600));
#15600 = SURFACE_STYLE_FILL_AREA(#15601);
#15601 = FILL_AREA_STYLE('',(#15602));
#15602 = FILL_AREA_STYLE_COLOUR('',#15603);
#15603 = COLOUR_RGB('',0.800000010877,0.800000010877,0.819999987296);
#15604 = MECHANICAL_DESIGN_GEOMETRIC_PRESENTATION_REPRESENTATION('',(
    #15605),#3622);
#15605 = STYLED_ITEM('color',(#15606),#3569);
#15606 = PRESENTATION_STYLE_ASSIGNMENT((#15607));
#15607 = SURFACE_STYLE_USAGE(.BOTH.,#15608);
#15608 = SURFACE_SIDE_STYLE('',(#15609));
#15609 = SURFACE_STYLE_FILL_AREA(#15610);
#15610 = FILL_AREA_STYLE('',(#15611));
#15611 = FILL_AREA_STYLE_COLOUR('',#15612);
#15612 = COLOUR_RGB('',0.850000012718,0.800000010877,0.649999988539);
#15613 = MECHANICAL_DESIGN_GEOMETRIC_PRESENTATION_REPRESENTATION('',(
    #15614),#3123);
#15614 = STYLED_ITEM('color',(#15615),#2908);
#15615 = PRESENTATION_STYLE_ASSIGNMENT((#15616));
#15616 = SURFACE_STYLE_USAGE(.BOTH.,#15617);
#15617 = SURFACE_SIDE_STYLE('',(#15618));
#15618 = SURFACE_STYLE_FILL_AREA(#15619);
#15619 = FILL_AREA_STYLE('',(#15620));
#15620 = FILL_AREA_STYLE_COLOUR('',#15603);
#15621 = MECHANICAL_DESIGN_GEOMETRIC_PRESENTATION_REPRESENTATION('',(
    #15622),#11318);
#15622 = STYLED_ITEM('color',(#15623),#11103);
#15623 = PRESENTATION_STYLE_ASSIGNMENT((#15624));
#15624 = SURFACE_STYLE_USAGE(.BOTH.,#15625);
#15625 = SURFACE_SIDE_STYLE('',(#15626));
#15626 = SURFACE_STYLE_FILL_AREA(#15627);
#15627 = FILL_AREA_STYLE('',(#15628));
#15628 = FILL_AREA_STYLE_COLOUR('',#15603);
#15629 = MECHANICAL_DESIGN_GEOMETRIC_PRESENTATION_REPRESENTATION('',(
    #15630),#11084);
#15630 = STYLED_ITEM('color',(#15631),#11031);
#15631 = PRESENTATION_STYLE_ASSIGNMENT((#15632));
#15632 = SURFACE_STYLE_USAGE(.BOTH.,#15633);
#15633 = SURFACE_SIDE_STYLE('',(#15634));
#15634 = SURFACE_STYLE_FILL_AREA(#15635);
#15635 = FILL_AREA_STYLE('',(#15636));
#15636 = FILL_AREA_STYLE_COLOUR('',#15612);
#15637 = MECHANICAL_DESIGN_GEOMETRIC_PRESENTATION_REPRESENTATION('',(
    #15638,#15645,#15652,#15659,#15666,#15673,#15680,#15687,#15694,
    #15701,#15708,#15715,#15722,#15729,#15736,#15743,#15750,#15757,
    #15764,#15771,#15778,#15785,#15792,#15799,#15806,#15813,#15820),
  #1861);
#15638 = STYLED_ITEM('color',(#15639),#1087);
#15639 = PRESENTATION_STYLE_ASSIGNMENT((#15640));
#15640 = SURFACE_STYLE_USAGE(.BOTH.,#15641);
#15641 = SURFACE_SIDE_STYLE('',(#15642));
#15642 = SURFACE_STYLE_FILL_AREA(#15643);
#15643 = FILL_AREA_STYLE('',(#15644));
#15644 = FILL_AREA_STYLE_COLOUR('',#15120);
#15645 = STYLED_ITEM('color',(#15646),#1127);
#15646 = PRESENTATION_STYLE_ASSIGNMENT((#15647));
#15647 = SURFACE_STYLE_USAGE(.BOTH.,#15648);
#15648 = SURFACE_SIDE_STYLE('',(#15649));
#15649 = SURFACE_STYLE_FILL_AREA(#15650);
#15650 = FILL_AREA_STYLE('',(#15651));
#15651 = FILL_AREA_STYLE_COLOUR('',#15120);
#15652 = STYLED_ITEM('color',(#15653),#1151);
#15653 = PRESENTATION_STYLE_ASSIGNMENT((#15654));
#15654 = SURFACE_STYLE_USAGE(.BOTH.,#15655);
#15655 = SURFACE_SIDE_STYLE('',(#15656));
#15656 = SURFACE_STYLE_FILL_AREA(#15657);
#15657 = FILL_AREA_STYLE('',(#15658));
#15658 = FILL_AREA_STYLE_COLOUR('',#15120);
#15659 = STYLED_ITEM('color',(#15660),#1263);
#15660 = PRESENTATION_STYLE_ASSIGNMENT((#15661));
#15661 = SURFACE_STYLE_USAGE(.BOTH.,#15662);
#15662 = SURFACE_SIDE_STYLE('',(#15663));
#15663 = SURFACE_STYLE_FILL_AREA(#15664);
#15664 = FILL_AREA_STYLE('',(#15665));
#15665 = FILL_AREA_STYLE_COLOUR('',#15120);
#15666 = STYLED_ITEM('color',(#15667),#1273);
#15667 = PRESENTATION_STYLE_ASSIGNMENT((#15668));
#15668 = SURFACE_STYLE_USAGE(.BOTH.,#15669);
#15669 = SURFACE_SIDE_STYLE('',(#15670));
#15670 = SURFACE_STYLE_FILL_AREA(#15671);
#15671 = FILL_AREA_STYLE('',(#15672));
#15672 = FILL_AREA_STYLE_COLOUR('',#14988);
#15673 = STYLED_ITEM('color',(#15674),#1304);
#15674 = PRESENTATION_STYLE_ASSIGNMENT((#15675));
#15675 = SURFACE_STYLE_USAGE(.BOTH.,#15676);
#15676 = SURFACE_SIDE_STYLE('',(#15677));
#15677 = SURFACE_STYLE_FILL_AREA(#15678);
#15678 = FILL_AREA_STYLE('',(#15679));
#15679 = FILL_AREA_STYLE_COLOUR('',#14988);
#15680 = STYLED_ITEM('color',(#15681),#1328);
#15681 = PRESENTATION_STYLE_ASSIGNMENT((#15682));
#15682 = SURFACE_STYLE_USAGE(.BOTH.,#15683);
#15683 = SURFACE_SIDE_STYLE('',(#15684));
#15684 = SURFACE_STYLE_FILL_AREA(#15685);
#15685 = FILL_AREA_STYLE('',(#15686));
#15686 = FILL_AREA_STYLE_COLOUR('',#14988);
#15687 = STYLED_ITEM('color',(#15688),#1352);
#15688 = PRESENTATION_STYLE_ASSIGNMENT((#15689));
#15689 = SURFACE_STYLE_USAGE(.BOTH.,#15690);
#15690 = SURFACE_SIDE_STYLE('',(#15691));
#15691 = SURFACE_STYLE_FILL_AREA(#15692);
#15692 = FILL_AREA_STYLE('',(#15693));
#15693 = FILL_AREA_STYLE_COLOUR('',#14988);
#15694 = STYLED_ITEM('color',(#15695),#1369);
#15695 = PRESENTATION_STYLE_ASSIGNMENT((#15696));
#15696 = SURFACE_STYLE_USAGE(.BOTH.,#15697);
#15697 = SURFACE_SIDE_STYLE('',(#15698));
#15698 = SURFACE_STYLE_FILL_AREA(#15699);
#15699 = FILL_AREA_STYLE('',(#15700));
#15700 = FILL_AREA_STYLE_COLOUR('',#14988);
#15701 = STYLED_ITEM('color',(#15702),#1400);
#15702 = PRESENTATION_STYLE_ASSIGNMENT((#15703));
#15703 = SURFACE_STYLE_USAGE(.BOTH.,#15704);
#15704 = SURFACE_SIDE_STYLE('',(#15705));
#15705 = SURFACE_STYLE_FILL_AREA(#15706);
#15706 = FILL_AREA_STYLE('',(#15707));
#15707 = FILL_AREA_STYLE_COLOUR('',#14988);
#15708 = STYLED_ITEM('color',(#15709),#1456);
#15709 = PRESENTATION_STYLE_ASSIGNMENT((#15710));
#15710 = SURFACE_STYLE_USAGE(.BOTH.,#15711);
#15711 = SURFACE_SIDE_STYLE('',(#15712));
#15712 = SURFACE_STYLE_FILL_AREA(#15713);
#15713 = FILL_AREA_STYLE('',(#15714));
#15714 = FILL_AREA_STYLE_COLOUR('',#14988);
#15715 = STYLED_ITEM('color',(#15716),#1480);
#15716 = PRESENTATION_STYLE_ASSIGNMENT((#15717));
#15717 = SURFACE_STYLE_USAGE(.BOTH.,#15718);
#15718 = SURFACE_SIDE_STYLE('',(#15719));
#15719 = SURFACE_STYLE_FILL_AREA(#15720);
#15720 = FILL_AREA_STYLE('',(#15721));
#15721 = FILL_AREA_STYLE_COLOUR('',#14988);
#15722 = STYLED_ITEM('color',(#15723),#1529);
#15723 = PRESENTATION_STYLE_ASSIGNMENT((#15724));
#15724 = SURFACE_STYLE_USAGE(.BOTH.,#15725);
#15725 = SURFACE_SIDE_STYLE('',(#15726));
#15726 = SURFACE_STYLE_FILL_AREA(#15727);
#15727 = FILL_AREA_STYLE('',(#15728));
#15728 = FILL_AREA_STYLE_COLOUR('',#14988);
#15729 = STYLED_ITEM('color',(#15730),#1560);
#15730 = PRESENTATION_STYLE_ASSIGNMENT((#15731));
#15731 = SURFACE_STYLE_USAGE(.BOTH.,#15732);
#15732 = SURFACE_SIDE_STYLE('',(#15733));
#15733 = SURFACE_STYLE_FILL_AREA(#15734);
#15734 = FILL_AREA_STYLE('',(#15735));
#15735 = FILL_AREA_STYLE_COLOUR('',#14988);
#15736 = STYLED_ITEM('color',(#15737),#1616);
#15737 = PRESENTATION_STYLE_ASSIGNMENT((#15738));
#15738 = SURFACE_STYLE_USAGE(.BOTH.,#15739);
#15739 = SURFACE_SIDE_STYLE('',(#15740));
#15740 = SURFACE_STYLE_FILL_AREA(#15741);
#15741 = FILL_AREA_STYLE('',(#15742));
#15742 = FILL_AREA_STYLE_COLOUR('',#14988);
#15743 = STYLED_ITEM('color',(#15744),#1640);
#15744 = PRESENTATION_STYLE_ASSIGNMENT((#15745));
#15745 = SURFACE_STYLE_USAGE(.BOTH.,#15746);
#15746 = SURFACE_SIDE_STYLE('',(#15747));
#15747 = SURFACE_STYLE_FILL_AREA(#15748);
#15748 = FILL_AREA_STYLE('',(#15749));
#15749 = FILL_AREA_STYLE_COLOUR('',#14988);
#15750 = STYLED_ITEM('color',(#15751),#1689);
#15751 = PRESENTATION_STYLE_ASSIGNMENT((#15752));
#15752 = SURFACE_STYLE_USAGE(.BOTH.,#15753);
#15753 = SURFACE_SIDE_STYLE('',(#15754));
#15754 = SURFACE_STYLE_FILL_AREA(#15755);
#15755 = FILL_AREA_STYLE('',(#15756));
#15756 = FILL_AREA_STYLE_COLOUR('',#14988);
#15757 = STYLED_ITEM('color',(#15758),#1701);
#15758 = PRESENTATION_STYLE_ASSIGNMENT((#15759));
#15759 = SURFACE_STYLE_USAGE(.BOTH.,#15760);
#15760 = SURFACE_SIDE_STYLE('',(#15761));
#15761 = SURFACE_STYLE_FILL_AREA(#15762);
#15762 = FILL_AREA_STYLE('',(#15763));
#15763 = FILL_AREA_STYLE_COLOUR('',#14988);
#15764 = STYLED_ITEM('color',(#15765),#1718);
#15765 = PRESENTATION_STYLE_ASSIGNMENT((#15766));
#15766 = SURFACE_STYLE_USAGE(.BOTH.,#15767);
#15767 = SURFACE_SIDE_STYLE('',(#15768));
#15768 = SURFACE_STYLE_FILL_AREA(#15769);
#15769 = FILL_AREA_STYLE('',(#15770));
#15770 = FILL_AREA_STYLE_COLOUR('',#14988);
#15771 = STYLED_ITEM('color',(#15772),#1735);
#15772 = PRESENTATION_STYLE_ASSIGNMENT((#15773));
#15773 = SURFACE_STYLE_USAGE(.BOTH.,#15774);
#15774 = SURFACE_SIDE_STYLE('',(#15775));
#15775 = SURFACE_STYLE_FILL_AREA(#15776);
#15776 = FILL_AREA_STYLE('',(#15777));
#15777 = FILL_AREA_STYLE_COLOUR('',#14988);
#15778 = STYLED_ITEM('color',(#15779),#1752);
#15779 = PRESENTATION_STYLE_ASSIGNMENT((#15780));
#15780 = SURFACE_STYLE_USAGE(.BOTH.,#15781);
#15781 = SURFACE_SIDE_STYLE('',(#15782));
#15782 = SURFACE_STYLE_FILL_AREA(#15783);
#15783 = FILL_AREA_STYLE('',(#15784));
#15784 = FILL_AREA_STYLE_COLOUR('',#14988);
#15785 = STYLED_ITEM('color',(#15786),#1769);
#15786 = PRESENTATION_STYLE_ASSIGNMENT((#15787));
#15787 = SURFACE_STYLE_USAGE(.BOTH.,#15788);
#15788 = SURFACE_SIDE_STYLE('',(#15789));
#15789 = SURFACE_STYLE_FILL_AREA(#15790);
#15790 = FILL_AREA_STYLE('',(#15791));
#15791 = FILL_AREA_STYLE_COLOUR('',#14988);
#15792 = STYLED_ITEM('color',(#15793),#1781);
#15793 = PRESENTATION_STYLE_ASSIGNMENT((#15794));
#15794 = SURFACE_STYLE_USAGE(.BOTH.,#15795);
#15795 = SURFACE_SIDE_STYLE('',(#15796));
#15796 = SURFACE_STYLE_FILL_AREA(#15797);
#15797 = FILL_AREA_STYLE('',(#15798));
#15798 = FILL_AREA_STYLE_COLOUR('',#14988);
#15799 = STYLED_ITEM('color',(#15800),#1798);
#15800 = PRESENTATION_STYLE_ASSIGNMENT((#15801));
#15801 = SURFACE_STYLE_USAGE(.BOTH.,#15802);
#15802 = SURFACE_SIDE_STYLE('',(#15803));
#15803 = SURFACE_STYLE_FILL_AREA(#15804);
#15804 = FILL_AREA_STYLE('',(#15805));
#15805 = FILL_AREA_STYLE_COLOUR('',#14988);
#15806 = STYLED_ITEM('color',(#15807),#1815);
#15807 = PRESENTATION_STYLE_ASSIGNMENT((#15808));
#15808 = SURFACE_STYLE_USAGE(.BOTH.,#15809);
#15809 = SURFACE_SIDE_STYLE('',(#15810));
#15810 = SURFACE_STYLE_FILL_AREA(#15811);
#15811 = FILL_AREA_STYLE('',(#15812));
#15812 = FILL_AREA_STYLE_COLOUR('',#14988);
#15813 = STYLED_ITEM('color',(#15814),#1832);
#15814 = PRESENTATION_STYLE_ASSIGNMENT((#15815));
#15815 = SURFACE_STYLE_USAGE(.BOTH.,#15816);
#15816 = SURFACE_SIDE_STYLE('',(#15817));
#15817 = SURFACE_STYLE_FILL_AREA(#15818);
#15818 = FILL_AREA_STYLE('',(#15819));
#15819 = FILL_AREA_STYLE_COLOUR('',#14988);
#15820 = STYLED_ITEM('color',(#15821),#1849);
#15821 = PRESENTATION_STYLE_ASSIGNMENT((#15822));
#15822 = SURFACE_STYLE_USAGE(.BOTH.,#15823);
#15823 = SURFACE_SIDE_STYLE('',(#15824));
#15824 = SURFACE_STYLE_FILL_AREA(#15825);
#15825 = FILL_AREA_STYLE('',(#15826));
#15826 = FILL_AREA_STYLE_COLOUR('',#14988);
#15827 = MECHANICAL_DESIGN_GEOMETRIC_PRESENTATION_REPRESENTATION('',(
    #15828),#3856);
#15828 = STYLED_ITEM('color',(#15829),#3641);
#15829 = PRESENTATION_STYLE_ASSIGNMENT((#15830));
#15830 = SURFACE_STYLE_USAGE(.BOTH.,#15831);
#15831 = SURFACE_SIDE_STYLE('',(#15832));
#15832 = SURFACE_STYLE_FILL_AREA(#15833);
#15833 = FILL_AREA_STYLE('',(#15834));
#15834 = FILL_AREA_STYLE_COLOUR('',#15603);
#15835 = MECHANICAL_DESIGN_GEOMETRIC_PRESENTATION_REPRESENTATION('',(
    #15836),#10962);
#15836 = STYLED_ITEM('color',(#15837),#10747);
#15837 = PRESENTATION_STYLE_ASSIGNMENT((#15838));
#15838 = SURFACE_STYLE_USAGE(.BOTH.,#15839);
#15839 = SURFACE_SIDE_STYLE('',(#15840));
#15840 = SURFACE_STYLE_FILL_AREA(#15841);
#15841 = FILL_AREA_STYLE('',(#15842));
#15842 = FILL_AREA_STYLE_COLOUR('',#15603);
#15843 = MECHANICAL_DESIGN_GEOMETRIC_PRESENTATION_REPRESENTATION('',(
    #15844,#15851,#15858,#15865,#15872,#15880,#15887,#15894,#15901,
    #15908),#2390);
#15844 = STYLED_ITEM('color',(#15845),#1910);
#15845 = PRESENTATION_STYLE_ASSIGNMENT((#15846));
#15846 = SURFACE_STYLE_USAGE(.BOTH.,#15847);
#15847 = SURFACE_SIDE_STYLE('',(#15848));
#15848 = SURFACE_STYLE_FILL_AREA(#15849);
#15849 = FILL_AREA_STYLE('',(#15850));
#15850 = FILL_AREA_STYLE_COLOUR('',#14988);
#15851 = STYLED_ITEM('color',(#15852),#1927);
#15852 = PRESENTATION_STYLE_ASSIGNMENT((#15853));
#15853 = SURFACE_STYLE_USAGE(.BOTH.,#15854);
#15854 = SURFACE_SIDE_STYLE('',(#15855));
#15855 = SURFACE_STYLE_FILL_AREA(#15856);
#15856 = FILL_AREA_STYLE('',(#15857));
#15857 = FILL_AREA_STYLE_COLOUR('',#14988);
#15858 = STYLED_ITEM('color',(#15859),#1952);
#15859 = PRESENTATION_STYLE_ASSIGNMENT((#15860));
#15860 = SURFACE_STYLE_USAGE(.BOTH.,#15861);
#15861 = SURFACE_SIDE_STYLE('',(#15862));
#15862 = SURFACE_STYLE_FILL_AREA(#15863);
#15863 = FILL_AREA_STYLE('',(#15864));
#15864 = FILL_AREA_STYLE_COLOUR('',#14988);
#15865 = STYLED_ITEM('color',(#15866),#1982);
#15866 = PRESENTATION_STYLE_ASSIGNMENT((#15867));
#15867 = SURFACE_STYLE_USAGE(.BOTH.,#15868);
#15868 = SURFACE_SIDE_STYLE('',(#15869));
#15869 = SURFACE_STYLE_FILL_AREA(#15870);
#15870 = FILL_AREA_STYLE('',(#15871));
#15871 = FILL_AREA_STYLE_COLOUR('',#14988);
#15872 = STYLED_ITEM('color',(#15873),#2116);
#15873 = PRESENTATION_STYLE_ASSIGNMENT((#15874));
#15874 = SURFACE_STYLE_USAGE(.BOTH.,#15875);
#15875 = SURFACE_SIDE_STYLE('',(#15876));
#15876 = SURFACE_STYLE_FILL_AREA(#15877);
#15877 = FILL_AREA_STYLE('',(#15878));
#15878 = FILL_AREA_STYLE_COLOUR('',#15879);
#15879 = COLOUR_RGB('',0.809000013735,0.426000008053,0.147999998088);
#15880 = STYLED_ITEM('color',(#15881),#2217);
#15881 = PRESENTATION_STYLE_ASSIGNMENT((#15882));
#15882 = SURFACE_STYLE_USAGE(.BOTH.,#15883);
#15883 = SURFACE_SIDE_STYLE('',(#15884));
#15884 = SURFACE_STYLE_FILL_AREA(#15885);
#15885 = FILL_AREA_STYLE('',(#15886));
#15886 = FILL_AREA_STYLE_COLOUR('',#15879);
#15887 = STYLED_ITEM('color',(#15888),#2299);
#15888 = PRESENTATION_STYLE_ASSIGNMENT((#15889));
#15889 = SURFACE_STYLE_USAGE(.BOTH.,#15890);
#15890 = SURFACE_SIDE_STYLE('',(#15891));
#15891 = SURFACE_STYLE_FILL_AREA(#15892);
#15892 = FILL_AREA_STYLE('',(#15893));
#15893 = FILL_AREA_STYLE_COLOUR('',#14988);
#15894 = STYLED_ITEM('color',(#15895),#2326);
#15895 = PRESENTATION_STYLE_ASSIGNMENT((#15896));
#15896 = SURFACE_STYLE_USAGE(.BOTH.,#15897);
#15897 = SURFACE_SIDE_STYLE('',(#15898));
#15898 = SURFACE_STYLE_FILL_AREA(#15899);
#15899 = FILL_AREA_STYLE('',(#15900));
#15900 = FILL_AREA_STYLE_COLOUR('',#14988);
#15901 = STYLED_ITEM('color',(#15902),#2356);
#15902 = PRESENTATION_STYLE_ASSIGNMENT((#15903));
#15903 = SURFACE_STYLE_USAGE(.BOTH.,#15904);
#15904 = SURFACE_SIDE_STYLE('',(#15905));
#15905 = SURFACE_STYLE_FILL_AREA(#15906);
#15906 = FILL_AREA_STYLE('',(#15907));
#15907 = FILL_AREA_STYLE_COLOUR('',#14988);
#15908 = STYLED_ITEM('color',(#15909),#2381);
#15909 = PRESENTATION_STYLE_ASSIGNMENT((#15910));
#15910 = SURFACE_STYLE_USAGE(.BOTH.,#15911);
#15911 = SURFACE_SIDE_STYLE('',(#15912));
#15912 = SURFACE_STYLE_FILL_AREA(#15913);
#15913 = FILL_AREA_STYLE('',(#15914));
#15914 = FILL_AREA_STYLE_COLOUR('',#14988);
#15915 = MECHANICAL_DESIGN_GEOMETRIC_PRESENTATION_REPRESENTATION('',(
    #15916,#15923,#15930,#15937,#15944,#15951,#15958,#15965,#15972,
    #15979,#15986,#15993,#16000,#16007,#16014,#16021),#10606);
#15916 = STYLED_ITEM('color',(#15917),#10183);
#15917 = PRESENTATION_STYLE_ASSIGNMENT((#15918));
#15918 = SURFACE_STYLE_USAGE(.BOTH.,#15919);
#15919 = SURFACE_SIDE_STYLE('',(#15920));
#15920 = SURFACE_STYLE_FILL_AREA(#15921);
#15921 = FILL_AREA_STYLE('',(#15922));
#15922 = FILL_AREA_STYLE_COLOUR('',#15025);
#15923 = STYLED_ITEM('color',(#15924),#10210);
#15924 = PRESENTATION_STYLE_ASSIGNMENT((#15925));
#15925 = SURFACE_STYLE_USAGE(.BOTH.,#15926);
#15926 = SURFACE_SIDE_STYLE('',(#15927));
#15927 = SURFACE_STYLE_FILL_AREA(#15928);
#15928 = FILL_AREA_STYLE('',(#15929));
#15929 = FILL_AREA_STYLE_COLOUR('',#15025);
#15930 = STYLED_ITEM('color',(#15931),#10235);
#15931 = PRESENTATION_STYLE_ASSIGNMENT((#15932));
#15932 = SURFACE_STYLE_USAGE(.BOTH.,#15933);
#15933 = SURFACE_SIDE_STYLE('',(#15934));
#15934 = SURFACE_STYLE_FILL_AREA(#15935);
#15935 = FILL_AREA_STYLE('',(#15936));
#15936 = FILL_AREA_STYLE_COLOUR('',#15025);
#15937 = STYLED_ITEM('color',(#15938),#10263);
#15938 = PRESENTATION_STYLE_ASSIGNMENT((#15939));
#15939 = SURFACE_STYLE_USAGE(.BOTH.,#15940);
#15940 = SURFACE_SIDE_STYLE('',(#15941));
#15941 = SURFACE_STYLE_FILL_AREA(#15942);
#15942 = FILL_AREA_STYLE('',(#15943));
#15943 = FILL_AREA_STYLE_COLOUR('',#15025);
#15944 = STYLED_ITEM('color',(#15945),#10295);
#15945 = PRESENTATION_STYLE_ASSIGNMENT((#15946));
#15946 = SURFACE_STYLE_USAGE(.BOTH.,#15947);
#15947 = SURFACE_SIDE_STYLE('',(#15948));
#15948 = SURFACE_STYLE_FILL_AREA(#15949);
#15949 = FILL_AREA_STYLE('',(#15950));
#15950 = FILL_AREA_STYLE_COLOUR('',#15025);
#15951 = STYLED_ITEM('color',(#15952),#10312);
#15952 = PRESENTATION_STYLE_ASSIGNMENT((#15953));
#15953 = SURFACE_STYLE_USAGE(.BOTH.,#15954);
#15954 = SURFACE_SIDE_STYLE('',(#15955));
#15955 = SURFACE_STYLE_FILL_AREA(#15956);
#15956 = FILL_AREA_STYLE('',(#15957));
#15957 = FILL_AREA_STYLE_COLOUR('',#15025);
#15958 = STYLED_ITEM('color',(#15959),#10390);
#15959 = PRESENTATION_STYLE_ASSIGNMENT((#15960));
#15960 = SURFACE_STYLE_USAGE(.BOTH.,#15961);
#15961 = SURFACE_SIDE_STYLE('',(#15962));
#15962 = SURFACE_STYLE_FILL_AREA(#15963);
#15963 = FILL_AREA_STYLE('',(#15964));
#15964 = FILL_AREA_STYLE_COLOUR('',#14988);
#15965 = STYLED_ITEM('color',(#15966),#10421);
#15966 = PRESENTATION_STYLE_ASSIGNMENT((#15967));
#15967 = SURFACE_STYLE_USAGE(.BOTH.,#15968);
#15968 = SURFACE_SIDE_STYLE('',(#15969));
#15969 = SURFACE_STYLE_FILL_AREA(#15970);
#15970 = FILL_AREA_STYLE('',(#15971));
#15971 = FILL_AREA_STYLE_COLOUR('',#14988);
#15972 = STYLED_ITEM('color',(#15973),#10445);
#15973 = PRESENTATION_STYLE_ASSIGNMENT((#15974));
#15974 = SURFACE_STYLE_USAGE(.BOTH.,#15975);
#15975 = SURFACE_SIDE_STYLE('',(#15976));
#15976 = SURFACE_STYLE_FILL_AREA(#15977);
#15977 = FILL_AREA_STYLE('',(#15978));
#15978 = FILL_AREA_STYLE_COLOUR('',#14988);
#15979 = STYLED_ITEM('color',(#15980),#10469);
#15980 = PRESENTATION_STYLE_ASSIGNMENT((#15981));
#15981 = SURFACE_STYLE_USAGE(.BOTH.,#15982);
#15982 = SURFACE_SIDE_STYLE('',(#15983));
#15983 = SURFACE_STYLE_FILL_AREA(#15984);
#15984 = FILL_AREA_STYLE('',(#15985));
#15985 = FILL_AREA_STYLE_COLOUR('',#14988);
#15986 = STYLED_ITEM('color',(#15987),#10486);
#15987 = PRESENTATION_STYLE_ASSIGNMENT((#15988));
#15988 = SURFACE_STYLE_USAGE(.BOTH.,#15989);
#15989 = SURFACE_SIDE_STYLE('',(#15990));
#15990 = SURFACE_STYLE_FILL_AREA(#15991);
#15991 = FILL_AREA_STYLE('',(#15992));
#15992 = FILL_AREA_STYLE_COLOUR('',#14988);
#15993 = STYLED_ITEM('color',(#15994),#10517);
#15994 = PRESENTATION_STYLE_ASSIGNMENT((#15995));
#15995 = SURFACE_STYLE_USAGE(.BOTH.,#15996);
#15996 = SURFACE_SIDE_STYLE('',(#15997));
#15997 = SURFACE_STYLE_FILL_AREA(#15998);
#15998 = FILL_AREA_STYLE('',(#15999));
#15999 = FILL_AREA_STYLE_COLOUR('',#14988);
#16000 = STYLED_ITEM('color',(#16001),#10541);
#16001 = PRESENTATION_STYLE_ASSIGNMENT((#16002));
#16002 = SURFACE_STYLE_USAGE(.BOTH.,#16003);
#16003 = SURFACE_SIDE_STYLE('',(#16004));
#16004 = SURFACE_STYLE_FILL_AREA(#16005);
#16005 = FILL_AREA_STYLE('',(#16006));
#16006 = FILL_AREA_STYLE_COLOUR('',#14988);
#16007 = STYLED_ITEM('color',(#16008),#10565);
#16008 = PRESENTATION_STYLE_ASSIGNMENT((#16009));
#16009 = SURFACE_STYLE_USAGE(.BOTH.,#16010);
#16010 = SURFACE_SIDE_STYLE('',(#16011));
#16011 = SURFACE_STYLE_FILL_AREA(#16012);
#16012 = FILL_AREA_STYLE('',(#16013));
#16013 = FILL_AREA_STYLE_COLOUR('',#14988);
#16014 = STYLED_ITEM('color',(#16015),#10582);
#16015 = PRESENTATION_STYLE_ASSIGNMENT((#16016));
#16016 = SURFACE_STYLE_USAGE(.BOTH.,#16017);
#16017 = SURFACE_SIDE_STYLE('',(#16018));
#16018 = SURFACE_STYLE_FILL_AREA(#16019);
#16019 = FILL_AREA_STYLE('',(#16020));
#16020 = FILL_AREA_STYLE_COLOUR('',#14988);
#16021 = STYLED_ITEM('color',(#16022),#10594);
#16022 = PRESENTATION_STYLE_ASSIGNMENT((#16023));
#16023 = SURFACE_STYLE_USAGE(.BOTH.,#16024);
#16024 = SURFACE_SIDE_STYLE('',(#16025));
#16025 = SURFACE_STYLE_FILL_AREA(#16026);
#16026 = FILL_AREA_STYLE('',(#16027));
#16027 = FILL_AREA_STYLE_COLOUR('',#14988);
#16028 = MECHANICAL_DESIGN_GEOMETRIC_PRESENTATION_REPRESENTATION('',(
    #16029,#16037,#16044,#16051,#16058,#16065,#16072,#16079,#16086,
    #16093,#16100,#16107,#16114,#16121,#16128,#16135,#16142),#4290);
#16029 = STYLED_ITEM('color',(#16030),#3905);
#16030 = PRESENTATION_STYLE_ASSIGNMENT((#16031));
#16031 = SURFACE_STYLE_USAGE(.BOTH.,#16032);
#16032 = SURFACE_SIDE_STYLE('',(#16033));
#16033 = SURFACE_STYLE_FILL_AREA(#16034);
#16034 = FILL_AREA_STYLE('',(#16035));
#16035 = FILL_AREA_STYLE_COLOUR('',#16036);
#16036 = COLOUR_RGB('',0.883000012551,0.711000022565,0.492000011028);
#16037 = STYLED_ITEM('color',(#16038),#3938);
#16038 = PRESENTATION_STYLE_ASSIGNMENT((#16039));
#16039 = SURFACE_STYLE_USAGE(.BOTH.,#16040);
#16040 = SURFACE_SIDE_STYLE('',(#16041));
#16041 = SURFACE_STYLE_FILL_AREA(#16042);
#16042 = FILL_AREA_STYLE('',(#16043));
#16043 = FILL_AREA_STYLE_COLOUR('',#16036);
#16044 = STYLED_ITEM('color',(#16045),#3964);
#16045 = PRESENTATION_STYLE_ASSIGNMENT((#16046));
#16046 = SURFACE_STYLE_USAGE(.BOTH.,#16047);
#16047 = SURFACE_SIDE_STYLE('',(#16048));
#16048 = SURFACE_STYLE_FILL_AREA(#16049);
#16049 = FILL_AREA_STYLE('',(#16050));
#16050 = FILL_AREA_STYLE_COLOUR('',#16036);
#16051 = STYLED_ITEM('color',(#16052),#3984);
#16052 = PRESENTATION_STYLE_ASSIGNMENT((#16053));
#16053 = SURFACE_STYLE_USAGE(.BOTH.,#16054);
#16054 = SURFACE_SIDE_STYLE('',(#16055));
#16055 = SURFACE_STYLE_FILL_AREA(#16056);
#16056 = FILL_AREA_STYLE('',(#16057));
#16057 = FILL_AREA_STYLE_COLOUR('',#16036);
#16058 = STYLED_ITEM('color',(#16059),#4004);
#16059 = PRESENTATION_STYLE_ASSIGNMENT((#16060));
#16060 = SURFACE_STYLE_USAGE(.BOTH.,#16061);
#16061 = SURFACE_SIDE_STYLE('',(#16062));
#16062 = SURFACE_STYLE_FILL_AREA(#16063);
#16063 = FILL_AREA_STYLE('',(#16064));
#16064 = FILL_AREA_STYLE_COLOUR('',#16036);
#16065 = STYLED_ITEM('color',(#16066),#4029);
#16066 = PRESENTATION_STYLE_ASSIGNMENT((#16067));
#16067 = SURFACE_STYLE_USAGE(.BOTH.,#16068);
#16068 = SURFACE_SIDE_STYLE('',(#16069));
#16069 = SURFACE_STYLE_FILL_AREA(#16070);
#16070 = FILL_AREA_STYLE('',(#16071));
#16071 = FILL_AREA_STYLE_COLOUR('',#14988);
#16072 = STYLED_ITEM('color',(#16073),#4054);
#16073 = PRESENTATION_STYLE_ASSIGNMENT((#16074));
#16074 = SURFACE_STYLE_USAGE(.BOTH.,#16075);
#16075 = SURFACE_SIDE_STYLE('',(#16076));
#16076 = SURFACE_STYLE_FILL_AREA(#16077);
#16077 = FILL_AREA_STYLE('',(#16078));
#16078 = FILL_AREA_STYLE_COLOUR('',#16036);
#16079 = STYLED_ITEM('color',(#16080),#4074);
#16080 = PRESENTATION_STYLE_ASSIGNMENT((#16081));
#16081 = SURFACE_STYLE_USAGE(.BOTH.,#16082);
#16082 = SURFACE_SIDE_STYLE('',(#16083));
#16083 = SURFACE_STYLE_FILL_AREA(#16084);
#16084 = FILL_AREA_STYLE('',(#16085));
#16085 = FILL_AREA_STYLE_COLOUR('',#14988);
#16086 = STYLED_ITEM('color',(#16087),#4083);
#16087 = PRESENTATION_STYLE_ASSIGNMENT((#16088));
#16088 = SURFACE_STYLE_USAGE(.BOTH.,#16089);
#16089 = SURFACE_SIDE_STYLE('',(#16090));
#16090 = SURFACE_STYLE_FILL_AREA(#16091);
#16091 = FILL_AREA_STYLE('',(#16092));
#16092 = FILL_AREA_STYLE_COLOUR('',#16036);
#16093 = STYLED_ITEM('color',(#16094),#4108);
#16094 = PRESENTATION_STYLE_ASSIGNMENT((#16095));
#16095 = SURFACE_STYLE_USAGE(.BOTH.,#16096);
#16096 = SURFACE_SIDE_STYLE('',(#16097));
#16097 = SURFACE_STYLE_FILL_AREA(#16098);
#16098 = FILL_AREA_STYLE('',(#16099));
#16099 = FILL_AREA_STYLE_COLOUR('',#16036);
#16100 = STYLED_ITEM('color',(#16101),#4134);
#16101 = PRESENTATION_STYLE_ASSIGNMENT((#16102));
#16102 = SURFACE_STYLE_USAGE(.BOTH.,#16103);
#16103 = SURFACE_SIDE_STYLE('',(#16104));
#16104 = SURFACE_STYLE_FILL_AREA(#16105);
#16105 = FILL_AREA_STYLE('',(#16106));
#16106 = FILL_AREA_STYLE_COLOUR('',#16036);
#16107 = STYLED_ITEM('color',(#16108),#4154);
#16108 = PRESENTATION_STYLE_ASSIGNMENT((#16109));
#16109 = SURFACE_STYLE_USAGE(.BOTH.,#16110);
#16110 = SURFACE_SIDE_STYLE('',(#16111));
#16111 = SURFACE_STYLE_FILL_AREA(#16112);
#16112 = FILL_AREA_STYLE('',(#16113));
#16113 = FILL_AREA_STYLE_COLOUR('',#14988);
#16114 = STYLED_ITEM('color',(#16115),#4179);
#16115 = PRESENTATION_STYLE_ASSIGNMENT((#16116));
#16116 = SURFACE_STYLE_USAGE(.BOTH.,#16117);
#16117 = SURFACE_SIDE_STYLE('',(#16118));
#16118 = SURFACE_STYLE_FILL_AREA(#16119);
#16119 = FILL_AREA_STYLE('',(#16120));
#16120 = FILL_AREA_STYLE_COLOUR('',#14988);
#16121 = STYLED_ITEM('color',(#16122),#4205);
#16122 = PRESENTATION_STYLE_ASSIGNMENT((#16123));
#16123 = SURFACE_STYLE_USAGE(.BOTH.,#16124);
#16124 = SURFACE_SIDE_STYLE('',(#16125));
#16125 = SURFACE_STYLE_FILL_AREA(#16126);
#16126 = FILL_AREA_STYLE('',(#16127));
#16127 = FILL_AREA_STYLE_COLOUR('',#14988);
#16128 = STYLED_ITEM('color',(#16129),#4230);
#16129 = PRESENTATION_STYLE_ASSIGNMENT((#16130));
#16130 = SURFACE_STYLE_USAGE(.BOTH.,#16131);
#16131 = SURFACE_SIDE_STYLE('',(#16132));
#16132 = SURFACE_STYLE_FILL_AREA(#16133);
#16133 = FILL_AREA_STYLE('',(#16134));
#16134 = FILL_AREA_STYLE_COLOUR('',#14988);
#16135 = STYLED_ITEM('color',(#16136),#4256);
#16136 = PRESENTATION_STYLE_ASSIGNMENT((#16137));
#16137 = SURFACE_STYLE_USAGE(.BOTH.,#16138);
#16138 = SURFACE_SIDE_STYLE('',(#16139));
#16139 = SURFACE_STYLE_FILL_AREA(#16140);
#16140 = FILL_AREA_STYLE('',(#16141));
#16141 = FILL_AREA_STYLE_COLOUR('',#14988);
#16142 = STYLED_ITEM('color',(#16143),#4281);
#16143 = PRESENTATION_STYLE_ASSIGNMENT((#16144));
#16144 = SURFACE_STYLE_USAGE(.BOTH.,#16145);
#16145 = SURFACE_SIDE_STYLE('',(#16146));
#16146 = SURFACE_STYLE_FILL_AREA(#16147);
#16147 = FILL_AREA_STYLE('',(#16148));
#16148 = FILL_AREA_STYLE_COLOUR('',#14988);
#16149 = MECHANICAL_DESIGN_GEOMETRIC_PRESENTATION_REPRESENTATION('',(
    #16150,#16157,#16164,#16171,#16178,#16185,#16192,#16199,#16206,
    #16213,#16220,#16227,#16234,#16241,#16248),#3500);
#16150 = STYLED_ITEM('color',(#16151),#3167);
#16151 = PRESENTATION_STYLE_ASSIGNMENT((#16152));
#16152 = SURFACE_STYLE_USAGE(.BOTH.,#16153);
#16153 = SURFACE_SIDE_STYLE('',(#16154));
#16154 = SURFACE_STYLE_FILL_AREA(#16155);
#16155 = FILL_AREA_STYLE('',(#16156));
#16156 = FILL_AREA_STYLE_COLOUR('',#15515);
#16157 = STYLED_ITEM('color',(#16158),#3200);
#16158 = PRESENTATION_STYLE_ASSIGNMENT((#16159));
#16159 = SURFACE_STYLE_USAGE(.BOTH.,#16160);
#16160 = SURFACE_SIDE_STYLE('',(#16161));
#16161 = SURFACE_STYLE_FILL_AREA(#16162);
#16162 = FILL_AREA_STYLE('',(#16163));
#16163 = FILL_AREA_STYLE_COLOUR('',#15515);
#16164 = STYLED_ITEM('color',(#16165),#3220);
#16165 = PRESENTATION_STYLE_ASSIGNMENT((#16166));
#16166 = SURFACE_STYLE_USAGE(.BOTH.,#16167);
#16167 = SURFACE_SIDE_STYLE('',(#16168));
#16168 = SURFACE_STYLE_FILL_AREA(#16169);
#16169 = FILL_AREA_STYLE('',(#16170));
#16170 = FILL_AREA_STYLE_COLOUR('',#15515);
#16171 = STYLED_ITEM('color',(#16172),#3240);
#16172 = PRESENTATION_STYLE_ASSIGNMENT((#16173));
#16173 = SURFACE_STYLE_USAGE(.BOTH.,#16174);
#16174 = SURFACE_SIDE_STYLE('',(#16175));
#16175 = SURFACE_STYLE_FILL_AREA(#16176);
#16176 = FILL_AREA_STYLE('',(#16177));
#16177 = FILL_AREA_STYLE_COLOUR('',#15120);
#16178 = STYLED_ITEM('color',(#16179),#3265);
#16179 = PRESENTATION_STYLE_ASSIGNMENT((#16180));
#16180 = SURFACE_STYLE_USAGE(.BOTH.,#16181);
#16181 = SURFACE_SIDE_STYLE('',(#16182));
#16182 = SURFACE_STYLE_FILL_AREA(#16183);
#16183 = FILL_AREA_STYLE('',(#16184));
#16184 = FILL_AREA_STYLE_COLOUR('',#15120);
#16185 = STYLED_ITEM('color',(#16186),#3290);
#16186 = PRESENTATION_STYLE_ASSIGNMENT((#16187));
#16187 = SURFACE_STYLE_USAGE(.BOTH.,#16188);
#16188 = SURFACE_SIDE_STYLE('',(#16189));
#16189 = SURFACE_STYLE_FILL_AREA(#16190);
#16190 = FILL_AREA_STYLE('',(#16191));
#16191 = FILL_AREA_STYLE_COLOUR('',#15120);
#16192 = STYLED_ITEM('color',(#16193),#3310);
#16193 = PRESENTATION_STYLE_ASSIGNMENT((#16194));
#16194 = SURFACE_STYLE_USAGE(.BOTH.,#16195);
#16195 = SURFACE_SIDE_STYLE('',(#16196));
#16196 = SURFACE_STYLE_FILL_AREA(#16197);
#16197 = FILL_AREA_STYLE('',(#16198));
#16198 = FILL_AREA_STYLE_COLOUR('',#15120);
#16199 = STYLED_ITEM('color',(#16200),#3330);
#16200 = PRESENTATION_STYLE_ASSIGNMENT((#16201));
#16201 = SURFACE_STYLE_USAGE(.BOTH.,#16202);
#16202 = SURFACE_SIDE_STYLE('',(#16203));
#16203 = SURFACE_STYLE_FILL_AREA(#16204);
#16204 = FILL_AREA_STYLE('',(#16205));
#16205 = FILL_AREA_STYLE_COLOUR('',#14988);
#16206 = STYLED_ITEM('color',(#16207),#3355);
#16207 = PRESENTATION_STYLE_ASSIGNMENT((#16208));
#16208 = SURFACE_STYLE_USAGE(.BOTH.,#16209);
#16209 = SURFACE_SIDE_STYLE('',(#16210));
#16210 = SURFACE_STYLE_FILL_AREA(#16211);
#16211 = FILL_AREA_STYLE('',(#16212));
#16212 = FILL_AREA_STYLE_COLOUR('',#14988);
#16213 = STYLED_ITEM('color',(#16214),#3380);
#16214 = PRESENTATION_STYLE_ASSIGNMENT((#16215));
#16215 = SURFACE_STYLE_USAGE(.BOTH.,#16216);
#16216 = SURFACE_SIDE_STYLE('',(#16217));
#16217 = SURFACE_STYLE_FILL_AREA(#16218);
#16218 = FILL_AREA_STYLE('',(#16219));
#16219 = FILL_AREA_STYLE_COLOUR('',#14988);
#16220 = STYLED_ITEM('color',(#16221),#3406);
#16221 = PRESENTATION_STYLE_ASSIGNMENT((#16222));
#16222 = SURFACE_STYLE_USAGE(.BOTH.,#16223);
#16223 = SURFACE_SIDE_STYLE('',(#16224));
#16224 = SURFACE_STYLE_FILL_AREA(#16225);
#16225 = FILL_AREA_STYLE('',(#16226));
#16226 = FILL_AREA_STYLE_COLOUR('',#14988);
#16227 = STYLED_ITEM('color',(#16228),#3432);
#16228 = PRESENTATION_STYLE_ASSIGNMENT((#16229));
#16229 = SURFACE_STYLE_USAGE(.BOTH.,#16230);
#16230 = SURFACE_SIDE_STYLE('',(#16231));
#16231 = SURFACE_STYLE_FILL_AREA(#16232);
#16232 = FILL_AREA_STYLE('',(#16233));
#16233 = FILL_AREA_STYLE_COLOUR('',#14988);
#16234 = STYLED_ITEM('color',(#16235),#3457);
#16235 = PRESENTATION_STYLE_ASSIGNMENT((#16236));
#16236 = SURFACE_STYLE_USAGE(.BOTH.,#16237);
#16237 = SURFACE_SIDE_STYLE('',(#16238));
#16238 = SURFACE_STYLE_FILL_AREA(#16239);
#16239 = FILL_AREA_STYLE('',(#16240));
#16240 = FILL_AREA_STYLE_COLOUR('',#14988);
#16241 = STYLED_ITEM('color',(#16242),#3482);
#16242 = PRESENTATION_STYLE_ASSIGNMENT((#16243));
#16243 = SURFACE_STYLE_USAGE(.BOTH.,#16244);
#16244 = SURFACE_SIDE_STYLE('',(#16245));
#16245 = SURFACE_STYLE_FILL_AREA(#16246);
#16246 = FILL_AREA_STYLE('',(#16247));
#16247 = FILL_AREA_STYLE_COLOUR('',#14988);
#16248 = STYLED_ITEM('color',(#16249),#3491);
#16249 = PRESENTATION_STYLE_ASSIGNMENT((#16250));
#16250 = SURFACE_STYLE_USAGE(.BOTH.,#16251);
#16251 = SURFACE_SIDE_STYLE('',(#16252));
#16252 = SURFACE_STYLE_FILL_AREA(#16253);
#16253 = FILL_AREA_STYLE('',(#16254));
#16254 = FILL_AREA_STYLE_COLOUR('',#14988);
#16255 = MECHANICAL_DESIGN_GEOMETRIC_PRESENTATION_REPRESENTATION('',(
    #16256,#16263,#16270,#16277,#16284,#16291,#16298,#16305,#16312,
    #16319,#16326,#16333,#16340,#16347,#16354,#16361,#16368),#599);
#16256 = STYLED_ITEM('color',(#16257),#214);
#16257 = PRESENTATION_STYLE_ASSIGNMENT((#16258));
#16258 = SURFACE_STYLE_USAGE(.BOTH.,#16259);
#16259 = SURFACE_SIDE_STYLE('',(#16260));
#16260 = SURFACE_STYLE_FILL_AREA(#16261);
#16261 = FILL_AREA_STYLE('',(#16262));
#16262 = FILL_AREA_STYLE_COLOUR('',#16036);
#16263 = STYLED_ITEM('color',(#16264),#247);
#16264 = PRESENTATION_STYLE_ASSIGNMENT((#16265));
#16265 = SURFACE_STYLE_USAGE(.BOTH.,#16266);
#16266 = SURFACE_SIDE_STYLE('',(#16267));
#16267 = SURFACE_STYLE_FILL_AREA(#16268);
#16268 = FILL_AREA_STYLE('',(#16269));
#16269 = FILL_AREA_STYLE_COLOUR('',#16036);
#16270 = STYLED_ITEM('color',(#16271),#273);
#16271 = PRESENTATION_STYLE_ASSIGNMENT((#16272));
#16272 = SURFACE_STYLE_USAGE(.BOTH.,#16273);
#16273 = SURFACE_SIDE_STYLE('',(#16274));
#16274 = SURFACE_STYLE_FILL_AREA(#16275);
#16275 = FILL_AREA_STYLE('',(#16276));
#16276 = FILL_AREA_STYLE_COLOUR('',#16036);
#16277 = STYLED_ITEM('color',(#16278),#293);
#16278 = PRESENTATION_STYLE_ASSIGNMENT((#16279));
#16279 = SURFACE_STYLE_USAGE(.BOTH.,#16280);
#16280 = SURFACE_SIDE_STYLE('',(#16281));
#16281 = SURFACE_STYLE_FILL_AREA(#16282);
#16282 = FILL_AREA_STYLE('',(#16283));
#16283 = FILL_AREA_STYLE_COLOUR('',#16036);
#16284 = STYLED_ITEM('color',(#16285),#313);
#16285 = PRESENTATION_STYLE_ASSIGNMENT((#16286));
#16286 = SURFACE_STYLE_USAGE(.BOTH.,#16287);
#16287 = SURFACE_SIDE_STYLE('',(#16288));
#16288 = SURFACE_STYLE_FILL_AREA(#16289);
#16289 = FILL_AREA_STYLE('',(#16290));
#16290 = FILL_AREA_STYLE_COLOUR('',#16036);
#16291 = STYLED_ITEM('color',(#16292),#338);
#16292 = PRESENTATION_STYLE_ASSIGNMENT((#16293));
#16293 = SURFACE_STYLE_USAGE(.BOTH.,#16294);
#16294 = SURFACE_SIDE_STYLE('',(#16295));
#16295 = SURFACE_STYLE_FILL_AREA(#16296);
#16296 = FILL_AREA_STYLE('',(#16297));
#16297 = FILL_AREA_STYLE_COLOUR('',#14988);
#16298 = STYLED_ITEM('color',(#16299),#363);
#16299 = PRESENTATION_STYLE_ASSIGNMENT((#16300));
#16300 = SURFACE_STYLE_USAGE(.BOTH.,#16301);
#16301 = SURFACE_SIDE_STYLE('',(#16302));
#16302 = SURFACE_STYLE_FILL_AREA(#16303);
#16303 = FILL_AREA_STYLE('',(#16304));
#16304 = FILL_AREA_STYLE_COLOUR('',#16036);
#16305 = STYLED_ITEM('color',(#16306),#383);
#16306 = PRESENTATION_STYLE_ASSIGNMENT((#16307));
#16307 = SURFACE_STYLE_USAGE(.BOTH.,#16308);
#16308 = SURFACE_SIDE_STYLE('',(#16309));
#16309 = SURFACE_STYLE_FILL_AREA(#16310);
#16310 = FILL_AREA_STYLE('',(#16311));
#16311 = FILL_AREA_STYLE_COLOUR('',#14988);
#16312 = STYLED_ITEM('color',(#16313),#392);
#16313 = PRESENTATION_STYLE_ASSIGNMENT((#16314));
#16314 = SURFACE_STYLE_USAGE(.BOTH.,#16315);
#16315 = SURFACE_SIDE_STYLE('',(#16316));
#16316 = SURFACE_STYLE_FILL_AREA(#16317);
#16317 = FILL_AREA_STYLE('',(#16318));
#16318 = FILL_AREA_STYLE_COLOUR('',#16036);
#16319 = STYLED_ITEM('color',(#16320),#417);
#16320 = PRESENTATION_STYLE_ASSIGNMENT((#16321));
#16321 = SURFACE_STYLE_USAGE(.BOTH.,#16322);
#16322 = SURFACE_SIDE_STYLE('',(#16323));
#16323 = SURFACE_STYLE_FILL_AREA(#16324);
#16324 = FILL_AREA_STYLE('',(#16325));
#16325 = FILL_AREA_STYLE_COLOUR('',#16036);
#16326 = STYLED_ITEM('color',(#16327),#443);
#16327 = PRESENTATION_STYLE_ASSIGNMENT((#16328));
#16328 = SURFACE_STYLE_USAGE(.BOTH.,#16329);
#16329 = SURFACE_SIDE_STYLE('',(#16330));
#16330 = SURFACE_STYLE_FILL_AREA(#16331);
#16331 = FILL_AREA_STYLE('',(#16332));
#16332 = FILL_AREA_STYLE_COLOUR('',#16036);
#16333 = STYLED_ITEM('color',(#16334),#463);
#16334 = PRESENTATION_STYLE_ASSIGNMENT((#16335));
#16335 = SURFACE_STYLE_USAGE(.BOTH.,#16336);
#16336 = SURFACE_SIDE_STYLE('',(#16337));
#16337 = SURFACE_STYLE_FILL_AREA(#16338);
#16338 = FILL_AREA_STYLE('',(#16339));
#16339 = FILL_AREA_STYLE_COLOUR('',#14988);
#16340 = STYLED_ITEM('color',(#16341),#488);
#16341 = PRESENTATION_STYLE_ASSIGNMENT((#16342));
#16342 = SURFACE_STYLE_USAGE(.BOTH.,#16343);
#16343 = SURFACE_SIDE_STYLE('',(#16344));
#16344 = SURFACE_STYLE_FILL_AREA(#16345);
#16345 = FILL_AREA_STYLE('',(#16346));
#16346 = FILL_AREA_STYLE_COLOUR('',#14988);
#16347 = STYLED_ITEM('color',(#16348),#514);
#16348 = PRESENTATION_STYLE_ASSIGNMENT((#16349));
#16349 = SURFACE_STYLE_USAGE(.BOTH.,#16350);
#16350 = SURFACE_SIDE_STYLE('',(#16351));
#16351 = SURFACE_STYLE_FILL_AREA(#16352);
#16352 = FILL_AREA_STYLE('',(#16353));
#16353 = FILL_AREA_STYLE_COLOUR('',#14988);
#16354 = STYLED_ITEM('color',(#16355),#539);
#16355 = PRESENTATION_STYLE_ASSIGNMENT((#16356));
#16356 = SURFACE_STYLE_USAGE(.BOTH.,#16357);
#16357 = SURFACE_SIDE_STYLE('',(#16358));
#16358 = SURFACE_STYLE_FILL_AREA(#16359);
#16359 = FILL_AREA_STYLE('',(#16360));
#16360 = FILL_AREA_STYLE_COLOUR('',#14988);
#16361 = STYLED_ITEM('color',(#16362),#565);
#16362 = PRESENTATION_STYLE_ASSIGNMENT((#16363));
#16363 = SURFACE_STYLE_USAGE(.BOTH.,#16364);
#16364 = SURFACE_SIDE_STYLE('',(#16365));
#16365 = SURFACE_STYLE_FILL_AREA(#16366);
#16366 = FILL_AREA_STYLE('',(#16367));
#16367 = FILL_AREA_STYLE_COLOUR('',#14988);
#16368 = STYLED_ITEM('color',(#16369),#590);
#16369 = PRESENTATION_STYLE_ASSIGNMENT((#16370));
#16370 = SURFACE_STYLE_USAGE(.BOTH.,#16371);
#16371 = SURFACE_SIDE_STYLE('',(#16372));
#16372 = SURFACE_STYLE_FILL_AREA(#16373);
#16373 = FILL_AREA_STYLE('',(#16374));
#16374 = FILL_AREA_STYLE_COLOUR('',#14988);
#16375 = MECHANICAL_DESIGN_GEOMETRIC_PRESENTATION_REPRESENTATION('',(
    #16376),#8303);
#16376 = STYLED_ITEM('color',(#16377),#7779);
#16377 = PRESENTATION_STYLE_ASSIGNMENT((#16378));
#16378 = SURFACE_STYLE_USAGE(.BOTH.,#16379);
#16379 = SURFACE_SIDE_STYLE('',(#16380));
#16380 = SURFACE_STYLE_FILL_AREA(#16381);
#16381 = FILL_AREA_STYLE('',(#16382));
#16382 = FILL_AREA_STYLE_COLOUR('',#16383);
#16383 = COLOUR_RGB('',0.199999998682,0.45000000386,0.299999996101);
#16384 = MECHANICAL_DESIGN_GEOMETRIC_PRESENTATION_REPRESENTATION('',(
    #16385),#7710);
#16385 = STYLED_ITEM('color',(#16386),#7428);
#16386 = PRESENTATION_STYLE_ASSIGNMENT((#16387));
#16387 = SURFACE_STYLE_USAGE(.BOTH.,#16388);
#16388 = SURFACE_SIDE_STYLE('',(#16389));
#16389 = SURFACE_STYLE_FILL_AREA(#16390);
#16390 = FILL_AREA_STYLE('',(#16391));
#16391 = FILL_AREA_STYLE_COLOUR('',#16392);
#16392 = COLOUR_RGB('',0.149999997808,0.149999997808,0.149999997808);
#16393 = MECHANICAL_DESIGN_GEOMETRIC_PRESENTATION_REPRESENTATION('',(
    #16394,#16401,#16408,#16415,#16422,#16429,#16436,#16443,#16450,
    #16457,#16464,#16471,#16478,#16485,#16492,#16499,#16506,#16513,
    #16520,#16527,#16534,#16541,#16548,#16555,#16562,#16569,#16576,
    #16583,#16590,#16597,#16604,#16611,#16618,#16625,#16632,#16639,
    #16646,#16653,#16660,#16667,#16674,#16681,#16688,#16695,#16702,
    #16709,#16716,#16723),#7363);
#16394 = STYLED_ITEM('color',(#16395),#5823);
#16395 = PRESENTATION_STYLE_ASSIGNMENT((#16396));
#16396 = SURFACE_STYLE_USAGE(.BOTH.,#16397);
#16397 = SURFACE_SIDE_STYLE('',(#16398));
#16398 = SURFACE_STYLE_FILL_AREA(#16399);
#16399 = FILL_AREA_STYLE('',(#16400));
#16400 = FILL_AREA_STYLE_COLOUR('',#15120);
#16401 = STYLED_ITEM('color',(#16402),#5879);
#16402 = PRESENTATION_STYLE_ASSIGNMENT((#16403));
#16403 = SURFACE_STYLE_USAGE(.BOTH.,#16404);
#16404 = SURFACE_SIDE_STYLE('',(#16405));
#16405 = SURFACE_STYLE_FILL_AREA(#16406);
#16406 = FILL_AREA_STYLE('',(#16407));
#16407 = FILL_AREA_STYLE_COLOUR('',#15120);
#16408 = STYLED_ITEM('color',(#16409),#6006);
#16409 = PRESENTATION_STYLE_ASSIGNMENT((#16410));
#16410 = SURFACE_STYLE_USAGE(.BOTH.,#16411);
#16411 = SURFACE_SIDE_STYLE('',(#16412));
#16412 = SURFACE_STYLE_FILL_AREA(#16413);
#16413 = FILL_AREA_STYLE('',(#16414));
#16414 = FILL_AREA_STYLE_COLOUR('',#15120);
#16415 = STYLED_ITEM('color',(#16416),#6030);
#16416 = PRESENTATION_STYLE_ASSIGNMENT((#16417));
#16417 = SURFACE_STYLE_USAGE(.BOTH.,#16418);
#16418 = SURFACE_SIDE_STYLE('',(#16419));
#16419 = SURFACE_STYLE_FILL_AREA(#16420);
#16420 = FILL_AREA_STYLE('',(#16421));
#16421 = FILL_AREA_STYLE_COLOUR('',#15120);
#16422 = STYLED_ITEM('color',(#16423),#6054);
#16423 = PRESENTATION_STYLE_ASSIGNMENT((#16424));
#16424 = SURFACE_STYLE_USAGE(.BOTH.,#16425);
#16425 = SURFACE_SIDE_STYLE('',(#16426));
#16426 = SURFACE_STYLE_FILL_AREA(#16427);
#16427 = FILL_AREA_STYLE('',(#16428));
#16428 = FILL_AREA_STYLE_COLOUR('',#15120);
#16429 = STYLED_ITEM('color',(#16430),#6110);
#16430 = PRESENTATION_STYLE_ASSIGNMENT((#16431));
#16431 = SURFACE_STYLE_USAGE(.BOTH.,#16432);
#16432 = SURFACE_SIDE_STYLE('',(#16433));
#16433 = SURFACE_STYLE_FILL_AREA(#16434);
#16434 = FILL_AREA_STYLE('',(#16435));
#16435 = FILL_AREA_STYLE_COLOUR('',#15120);
#16436 = STYLED_ITEM('color',(#16437),#6157);
#16437 = PRESENTATION_STYLE_ASSIGNMENT((#16438));
#16438 = SURFACE_STYLE_USAGE(.BOTH.,#16439);
#16439 = SURFACE_SIDE_STYLE('',(#16440));
#16440 = SURFACE_STYLE_FILL_AREA(#16441);
#16441 = FILL_AREA_STYLE('',(#16442));
#16442 = FILL_AREA_STYLE_COLOUR('',#15120);
#16443 = STYLED_ITEM('color',(#16444),#6243);
#16444 = PRESENTATION_STYLE_ASSIGNMENT((#16445));
#16445 = SURFACE_STYLE_USAGE(.BOTH.,#16446);
#16446 = SURFACE_SIDE_STYLE('',(#16447));
#16447 = SURFACE_STYLE_FILL_AREA(#16448);
#16448 = FILL_AREA_STYLE('',(#16449));
#16449 = FILL_AREA_STYLE_COLOUR('',#15120);
#16450 = STYLED_ITEM('color',(#16451),#6257);
#16451 = PRESENTATION_STYLE_ASSIGNMENT((#16452));
#16452 = SURFACE_STYLE_USAGE(.BOTH.,#16453);
#16453 = SURFACE_SIDE_STYLE('',(#16454));
#16454 = SURFACE_STYLE_FILL_AREA(#16455);
#16455 = FILL_AREA_STYLE('',(#16456));
#16456 = FILL_AREA_STYLE_COLOUR('',#14988);
#16457 = STYLED_ITEM('color',(#16458),#6297);
#16458 = PRESENTATION_STYLE_ASSIGNMENT((#16459));
#16459 = SURFACE_STYLE_USAGE(.BOTH.,#16460);
#16460 = SURFACE_SIDE_STYLE('',(#16461));
#16461 = SURFACE_STYLE_FILL_AREA(#16462);
#16462 = FILL_AREA_STYLE('',(#16463));
#16463 = FILL_AREA_STYLE_COLOUR('',#14988);
#16464 = STYLED_ITEM('color',(#16465),#6321);
#16465 = PRESENTATION_STYLE_ASSIGNMENT((#16466));
#16466 = SURFACE_STYLE_USAGE(.BOTH.,#16467);
#16467 = SURFACE_SIDE_STYLE('',(#16468));
#16468 = SURFACE_STYLE_FILL_AREA(#16469);
#16469 = FILL_AREA_STYLE('',(#16470));
#16470 = FILL_AREA_STYLE_COLOUR('',#14988);
#16471 = STYLED_ITEM('color',(#16472),#6354);
#16472 = PRESENTATION_STYLE_ASSIGNMENT((#16473));
#16473 = SURFACE_STYLE_USAGE(.BOTH.,#16474);
#16474 = SURFACE_SIDE_STYLE('',(#16475));
#16475 = SURFACE_STYLE_FILL_AREA(#16476);
#16476 = FILL_AREA_STYLE('',(#16477));
#16477 = FILL_AREA_STYLE_COLOUR('',#14988);
#16478 = STYLED_ITEM('color',(#16479),#6394);
#16479 = PRESENTATION_STYLE_ASSIGNMENT((#16480));
#16480 = SURFACE_STYLE_USAGE(.BOTH.,#16481);
#16481 = SURFACE_SIDE_STYLE('',(#16482));
#16482 = SURFACE_STYLE_FILL_AREA(#16483);
#16483 = FILL_AREA_STYLE('',(#16484));
#16484 = FILL_AREA_STYLE_COLOUR('',#14988);
#16485 = STYLED_ITEM('color',(#16486),#6418);
#16486 = PRESENTATION_STYLE_ASSIGNMENT((#16487));
#16487 = SURFACE_STYLE_USAGE(.BOTH.,#16488);
#16488 = SURFACE_SIDE_STYLE('',(#16489));
#16489 = SURFACE_STYLE_FILL_AREA(#16490);
#16490 = FILL_AREA_STYLE('',(#16491));
#16491 = FILL_AREA_STYLE_COLOUR('',#14988);
#16492 = STYLED_ITEM('color',(#16493),#6451);
#16493 = PRESENTATION_STYLE_ASSIGNMENT((#16494));
#16494 = SURFACE_STYLE_USAGE(.BOTH.,#16495);
#16495 = SURFACE_SIDE_STYLE('',(#16496));
#16496 = SURFACE_STYLE_FILL_AREA(#16497);
#16497 = FILL_AREA_STYLE('',(#16498));
#16498 = FILL_AREA_STYLE_COLOUR('',#14988);
#16499 = STYLED_ITEM('color',(#16500),#6491);
#16500 = PRESENTATION_STYLE_ASSIGNMENT((#16501));
#16501 = SURFACE_STYLE_USAGE(.BOTH.,#16502);
#16502 = SURFACE_SIDE_STYLE('',(#16503));
#16503 = SURFACE_STYLE_FILL_AREA(#16504);
#16504 = FILL_AREA_STYLE('',(#16505));
#16505 = FILL_AREA_STYLE_COLOUR('',#14988);
#16506 = STYLED_ITEM('color',(#16507),#6515);
#16507 = PRESENTATION_STYLE_ASSIGNMENT((#16508));
#16508 = SURFACE_STYLE_USAGE(.BOTH.,#16509);
#16509 = SURFACE_SIDE_STYLE('',(#16510));
#16510 = SURFACE_STYLE_FILL_AREA(#16511);
#16511 = FILL_AREA_STYLE('',(#16512));
#16512 = FILL_AREA_STYLE_COLOUR('',#14988);
#16513 = STYLED_ITEM('color',(#16514),#6548);
#16514 = PRESENTATION_STYLE_ASSIGNMENT((#16515));
#16515 = SURFACE_STYLE_USAGE(.BOTH.,#16516);
#16516 = SURFACE_SIDE_STYLE('',(#16517));
#16517 = SURFACE_STYLE_FILL_AREA(#16518);
#16518 = FILL_AREA_STYLE('',(#16519));
#16519 = FILL_AREA_STYLE_COLOUR('',#14988);
#16520 = STYLED_ITEM('color',(#16521),#6588);
#16521 = PRESENTATION_STYLE_ASSIGNMENT((#16522));
#16522 = SURFACE_STYLE_USAGE(.BOTH.,#16523);
#16523 = SURFACE_SIDE_STYLE('',(#16524));
#16524 = SURFACE_STYLE_FILL_AREA(#16525);
#16525 = FILL_AREA_STYLE('',(#16526));
#16526 = FILL_AREA_STYLE_COLOUR('',#14988);
#16527 = STYLED_ITEM('color',(#16528),#6623);
#16528 = PRESENTATION_STYLE_ASSIGNMENT((#16529));
#16529 = SURFACE_STYLE_USAGE(.BOTH.,#16530);
#16530 = SURFACE_SIDE_STYLE('',(#16531));
#16531 = SURFACE_STYLE_FILL_AREA(#16532);
#16532 = FILL_AREA_STYLE('',(#16533));
#16533 = FILL_AREA_STYLE_COLOUR('',#14988);
#16534 = STYLED_ITEM('color',(#16535),#6656);
#16535 = PRESENTATION_STYLE_ASSIGNMENT((#16536));
#16536 = SURFACE_STYLE_USAGE(.BOTH.,#16537);
#16537 = SURFACE_SIDE_STYLE('',(#16538));
#16538 = SURFACE_STYLE_FILL_AREA(#16539);
#16539 = FILL_AREA_STYLE('',(#16540));
#16540 = FILL_AREA_STYLE_COLOUR('',#14988);
#16541 = STYLED_ITEM('color',(#16542),#6673);
#16542 = PRESENTATION_STYLE_ASSIGNMENT((#16543));
#16543 = SURFACE_STYLE_USAGE(.BOTH.,#16544);
#16544 = SURFACE_SIDE_STYLE('',(#16545));
#16545 = SURFACE_STYLE_FILL_AREA(#16546);
#16546 = FILL_AREA_STYLE('',(#16547));
#16547 = FILL_AREA_STYLE_COLOUR('',#14988);
#16548 = STYLED_ITEM('color',(#16549),#6730);
#16549 = PRESENTATION_STYLE_ASSIGNMENT((#16550));
#16550 = SURFACE_STYLE_USAGE(.BOTH.,#16551);
#16551 = SURFACE_SIDE_STYLE('',(#16552));
#16552 = SURFACE_STYLE_FILL_AREA(#16553);
#16553 = FILL_AREA_STYLE('',(#16554));
#16554 = FILL_AREA_STYLE_COLOUR('',#14988);
#16555 = STYLED_ITEM('color',(#16556),#6787);
#16556 = PRESENTATION_STYLE_ASSIGNMENT((#16557));
#16557 = SURFACE_STYLE_USAGE(.BOTH.,#16558);
#16558 = SURFACE_SIDE_STYLE('',(#16559));
#16559 = SURFACE_STYLE_FILL_AREA(#16560);
#16560 = FILL_AREA_STYLE('',(#16561));
#16561 = FILL_AREA_STYLE_COLOUR('',#14988);
#16562 = STYLED_ITEM('color',(#16563),#6844);
#16563 = PRESENTATION_STYLE_ASSIGNMENT((#16564));
#16564 = SURFACE_STYLE_USAGE(.BOTH.,#16565);
#16565 = SURFACE_SIDE_STYLE('',(#16566));
#16566 = SURFACE_STYLE_FILL_AREA(#16567);
#16567 = FILL_AREA_STYLE('',(#16568));
#16568 = FILL_AREA_STYLE_COLOUR('',#14988);
#16569 = STYLED_ITEM('color',(#16570),#6901);
#16570 = PRESENTATION_STYLE_ASSIGNMENT((#16571));
#16571 = SURFACE_STYLE_USAGE(.BOTH.,#16572);
#16572 = SURFACE_SIDE_STYLE('',(#16573));
#16573 = SURFACE_STYLE_FILL_AREA(#16574);
#16574 = FILL_AREA_STYLE('',(#16575));
#16575 = FILL_AREA_STYLE_COLOUR('',#14988);
#16576 = STYLED_ITEM('color',(#16577),#6918);
#16577 = PRESENTATION_STYLE_ASSIGNMENT((#16578));
#16578 = SURFACE_STYLE_USAGE(.BOTH.,#16579);
#16579 = SURFACE_SIDE_STYLE('',(#16580));
#16580 = SURFACE_STYLE_FILL_AREA(#16581);
#16581 = FILL_AREA_STYLE('',(#16582));
#16582 = FILL_AREA_STYLE_COLOUR('',#14988);
#16583 = STYLED_ITEM('color',(#16584),#6935);
#16584 = PRESENTATION_STYLE_ASSIGNMENT((#16585));
#16585 = SURFACE_STYLE_USAGE(.BOTH.,#16586);
#16586 = SURFACE_SIDE_STYLE('',(#16587));
#16587 = SURFACE_STYLE_FILL_AREA(#16588);
#16588 = FILL_AREA_STYLE('',(#16589));
#16589 = FILL_AREA_STYLE_COLOUR('',#14988);
#16590 = STYLED_ITEM('color',(#16591),#6992);
#16591 = PRESENTATION_STYLE_ASSIGNMENT((#16592));
#16592 = SURFACE_STYLE_USAGE(.BOTH.,#16593);
#16593 = SURFACE_SIDE_STYLE('',(#16594));
#16594 = SURFACE_STYLE_FILL_AREA(#16595);
#16595 = FILL_AREA_STYLE('',(#16596));
#16596 = FILL_AREA_STYLE_COLOUR('',#14988);
#16597 = STYLED_ITEM('color',(#16598),#7009);
#16598 = PRESENTATION_STYLE_ASSIGNMENT((#16599));
#16599 = SURFACE_STYLE_USAGE(.BOTH.,#16600);
#16600 = SURFACE_SIDE_STYLE('',(#16601));
#16601 = SURFACE_STYLE_FILL_AREA(#16602);
#16602 = FILL_AREA_STYLE('',(#16603));
#16603 = FILL_AREA_STYLE_COLOUR('',#14988);
#16604 = STYLED_ITEM('color',(#16605),#7026);
#16605 = PRESENTATION_STYLE_ASSIGNMENT((#16606));
#16606 = SURFACE_STYLE_USAGE(.BOTH.,#16607);
#16607 = SURFACE_SIDE_STYLE('',(#16608));
#16608 = SURFACE_STYLE_FILL_AREA(#16609);
#16609 = FILL_AREA_STYLE('',(#16610));
#16610 = FILL_AREA_STYLE_COLOUR('',#14988);
#16611 = STYLED_ITEM('color',(#16612),#7083);
#16612 = PRESENTATION_STYLE_ASSIGNMENT((#16613));
#16613 = SURFACE_STYLE_USAGE(.BOTH.,#16614);
#16614 = SURFACE_SIDE_STYLE('',(#16615));
#16615 = SURFACE_STYLE_FILL_AREA(#16616);
#16616 = FILL_AREA_STYLE('',(#16617));
#16617 = FILL_AREA_STYLE_COLOUR('',#14988);
#16618 = STYLED_ITEM('color',(#16619),#7100);
#16619 = PRESENTATION_STYLE_ASSIGNMENT((#16620));
#16620 = SURFACE_STYLE_USAGE(.BOTH.,#16621);
#16621 = SURFACE_SIDE_STYLE('',(#16622));
#16622 = SURFACE_STYLE_FILL_AREA(#16623);
#16623 = FILL_AREA_STYLE('',(#16624));
#16624 = FILL_AREA_STYLE_COLOUR('',#14988);
#16625 = STYLED_ITEM('color',(#16626),#7117);
#16626 = PRESENTATION_STYLE_ASSIGNMENT((#16627));
#16627 = SURFACE_STYLE_USAGE(.BOTH.,#16628);
#16628 = SURFACE_SIDE_STYLE('',(#16629));
#16629 = SURFACE_STYLE_FILL_AREA(#16630);
#16630 = FILL_AREA_STYLE('',(#16631));
#16631 = FILL_AREA_STYLE_COLOUR('',#14988);
#16632 = STYLED_ITEM('color',(#16633),#7145);
#16633 = PRESENTATION_STYLE_ASSIGNMENT((#16634));
#16634 = SURFACE_STYLE_USAGE(.BOTH.,#16635);
#16635 = SURFACE_SIDE_STYLE('',(#16636));
#16636 = SURFACE_STYLE_FILL_AREA(#16637);
#16637 = FILL_AREA_STYLE('',(#16638));
#16638 = FILL_AREA_STYLE_COLOUR('',#14988);
#16639 = STYLED_ITEM('color',(#16640),#7157);
#16640 = PRESENTATION_STYLE_ASSIGNMENT((#16641));
#16641 = SURFACE_STYLE_USAGE(.BOTH.,#16642);
#16642 = SURFACE_SIDE_STYLE('',(#16643));
#16643 = SURFACE_STYLE_FILL_AREA(#16644);
#16644 = FILL_AREA_STYLE('',(#16645));
#16645 = FILL_AREA_STYLE_COLOUR('',#14988);
#16646 = STYLED_ITEM('color',(#16647),#7174);
#16647 = PRESENTATION_STYLE_ASSIGNMENT((#16648));
#16648 = SURFACE_STYLE_USAGE(.BOTH.,#16649);
#16649 = SURFACE_SIDE_STYLE('',(#16650));
#16650 = SURFACE_STYLE_FILL_AREA(#16651);
#16651 = FILL_AREA_STYLE('',(#16652));
#16652 = FILL_AREA_STYLE_COLOUR('',#14988);
#16653 = STYLED_ITEM('color',(#16654),#7191);
#16654 = PRESENTATION_STYLE_ASSIGNMENT((#16655));
#16655 = SURFACE_STYLE_USAGE(.BOTH.,#16656);
#16656 = SURFACE_SIDE_STYLE('',(#16657));
#16657 = SURFACE_STYLE_FILL_AREA(#16658);
#16658 = FILL_AREA_STYLE('',(#16659));
#16659 = FILL_AREA_STYLE_COLOUR('',#14988);
#16660 = STYLED_ITEM('color',(#16661),#7208);
#16661 = PRESENTATION_STYLE_ASSIGNMENT((#16662));
#16662 = SURFACE_STYLE_USAGE(.BOTH.,#16663);
#16663 = SURFACE_SIDE_STYLE('',(#16664));
#16664 = SURFACE_STYLE_FILL_AREA(#16665);
#16665 = FILL_AREA_STYLE('',(#16666));
#16666 = FILL_AREA_STYLE_COLOUR('',#14988);
#16667 = STYLED_ITEM('color',(#16668),#7225);
#16668 = PRESENTATION_STYLE_ASSIGNMENT((#16669));
#16669 = SURFACE_STYLE_USAGE(.BOTH.,#16670);
#16670 = SURFACE_SIDE_STYLE('',(#16671));
#16671 = SURFACE_STYLE_FILL_AREA(#16672);
#16672 = FILL_AREA_STYLE('',(#16673));
#16673 = FILL_AREA_STYLE_COLOUR('',#14988);
#16674 = STYLED_ITEM('color',(#16675),#7237);
#16675 = PRESENTATION_STYLE_ASSIGNMENT((#16676));
#16676 = SURFACE_STYLE_USAGE(.BOTH.,#16677);
#16677 = SURFACE_SIDE_STYLE('',(#16678));
#16678 = SURFACE_STYLE_FILL_AREA(#16679);
#16679 = FILL_AREA_STYLE('',(#16680));
#16680 = FILL_AREA_STYLE_COLOUR('',#14988);
#16681 = STYLED_ITEM('color',(#16682),#7254);
#16682 = PRESENTATION_STYLE_ASSIGNMENT((#16683));
#16683 = SURFACE_STYLE_USAGE(.BOTH.,#16684);
#16684 = SURFACE_SIDE_STYLE('',(#16685));
#16685 = SURFACE_STYLE_FILL_AREA(#16686);
#16686 = FILL_AREA_STYLE('',(#16687));
#16687 = FILL_AREA_STYLE_COLOUR('',#14988);
#16688 = STYLED_ITEM('color',(#16689),#7271);
#16689 = PRESENTATION_STYLE_ASSIGNMENT((#16690));
#16690 = SURFACE_STYLE_USAGE(.BOTH.,#16691);
#16691 = SURFACE_SIDE_STYLE('',(#16692));
#16692 = SURFACE_STYLE_FILL_AREA(#16693);
#16693 = FILL_AREA_STYLE('',(#16694));
#16694 = FILL_AREA_STYLE_COLOUR('',#14988);
#16695 = STYLED_ITEM('color',(#16696),#7288);
#16696 = PRESENTATION_STYLE_ASSIGNMENT((#16697));
#16697 = SURFACE_STYLE_USAGE(.BOTH.,#16698);
#16698 = SURFACE_SIDE_STYLE('',(#16699));
#16699 = SURFACE_STYLE_FILL_AREA(#16700);
#16700 = FILL_AREA_STYLE('',(#16701));
#16701 = FILL_AREA_STYLE_COLOUR('',#14988);
#16702 = STYLED_ITEM('color',(#16703),#7300);
#16703 = PRESENTATION_STYLE_ASSIGNMENT((#16704));
#16704 = SURFACE_STYLE_USAGE(.BOTH.,#16705);
#16705 = SURFACE_SIDE_STYLE('',(#16706));
#16706 = SURFACE_STYLE_FILL_AREA(#16707);
#16707 = FILL_AREA_STYLE('',(#16708));
#16708 = FILL_AREA_STYLE_COLOUR('',#14988);
#16709 = STYLED_ITEM('color',(#16710),#7317);
#16710 = PRESENTATION_STYLE_ASSIGNMENT((#16711));
#16711 = SURFACE_STYLE_USAGE(.BOTH.,#16712);
#16712 = SURFACE_SIDE_STYLE('',(#16713));
#16713 = SURFACE_STYLE_FILL_AREA(#16714);
#16714 = FILL_AREA_STYLE('',(#16715));
#16715 = FILL_AREA_STYLE_COLOUR('',#14988);
#16716 = STYLED_ITEM('color',(#16717),#7334);
#16717 = PRESENTATION_STYLE_ASSIGNMENT((#16718));
#16718 = SURFACE_STYLE_USAGE(.BOTH.,#16719);
#16719 = SURFACE_SIDE_STYLE('',(#16720));
#16720 = SURFACE_STYLE_FILL_AREA(#16721);
#16721 = FILL_AREA_STYLE('',(#16722));
#16722 = FILL_AREA_STYLE_COLOUR('',#14988);
#16723 = STYLED_ITEM('color',(#16724),#7351);
#16724 = PRESENTATION_STYLE_ASSIGNMENT((#16725));
#16725 = SURFACE_STYLE_USAGE(.BOTH.,#16726);
#16726 = SURFACE_SIDE_STYLE('',(#16727));
#16727 = SURFACE_STYLE_FILL_AREA(#16728);
#16728 = FILL_AREA_STYLE('',(#16729));
#16729 = FILL_AREA_STYLE_COLOUR('',#14988);
#16730 = MECHANICAL_DESIGN_GEOMETRIC_PRESENTATION_REPRESENTATION('',(
    #16731),#10139);
#16731 = STYLED_ITEM('color',(#16732),#10086);
#16732 = PRESENTATION_STYLE_ASSIGNMENT((#16733));
#16733 = SURFACE_STYLE_USAGE(.BOTH.,#16734);
#16734 = SURFACE_SIDE_STYLE('',(#16735));
#16735 = SURFACE_STYLE_FILL_AREA(#16736);
#16736 = FILL_AREA_STYLE('',(#16737));
#16737 = FILL_AREA_STYLE_COLOUR('',#16738);
#16738 = COLOUR_RGB('',0.930000003373,0.920000012397,0.879999997771);
#16739 = MECHANICAL_DESIGN_GEOMETRIC_PRESENTATION_REPRESENTATION('',(
    #16740,#16747,#16754,#16761),#8728);
#16740 = STYLED_ITEM('color',(#16741),#8322);
#16741 = PRESENTATION_STYLE_ASSIGNMENT((#16742));
#16742 = SURFACE_STYLE_USAGE(.BOTH.,#16743);
#16743 = SURFACE_SIDE_STYLE('',(#16744));
#16744 = SURFACE_STYLE_FILL_AREA(#16745);
#16745 = FILL_AREA_STYLE('',(#16746));
#16746 = FILL_AREA_STYLE_COLOUR('',#15603);
#16747 = STYLED_ITEM('color',(#16748),#8375);
#16748 = PRESENTATION_STYLE_ASSIGNMENT((#16749));
#16749 = SURFACE_STYLE_USAGE(.BOTH.,#16750);
#16750 = SURFACE_SIDE_STYLE('',(#16751));
#16751 = SURFACE_STYLE_FILL_AREA(#16752);
#16752 = FILL_AREA_STYLE('',(#16753));
#16753 = FILL_AREA_STYLE_COLOUR('',#15603);
#16754 = STYLED_ITEM('color',(#16755),#8428);
#16755 = PRESENTATION_STYLE_ASSIGNMENT((#16756));
#16756 = SURFACE_STYLE_USAGE(.BOTH.,#16757);
#16757 = SURFACE_SIDE_STYLE('',(#16758));
#16758 = SURFACE_STYLE_FILL_AREA(#16759);
#16759 = FILL_AREA_STYLE('',(#16760));
#16760 = FILL_AREA_STYLE_COLOUR('',#15603);
#16761 = STYLED_ITEM('color',(#16762),#8578);
#16762 = PRESENTATION_STYLE_ASSIGNMENT((#16763));
#16763 = SURFACE_STYLE_USAGE(.BOTH.,#16764);
#16764 = SURFACE_SIDE_STYLE('',(#16765));
#16765 = SURFACE_STYLE_FILL_AREA(#16766);
#16766 = FILL_AREA_STYLE('',(#16767));
#16767 = FILL_AREA_STYLE_COLOUR('',#15603);
#16768 = MECHANICAL_DESIGN_GEOMETRIC_PRESENTATION_REPRESENTATION('',(
    #16769,#16776,#16783,#16790,#16797,#16804,#16811,#16818),#10067);
#16769 = STYLED_ITEM('color',(#16770),#8797);
#16770 = PRESENTATION_STYLE_ASSIGNMENT((#16771));
#16771 = SURFACE_STYLE_USAGE(.BOTH.,#16772);
#16772 = SURFACE_SIDE_STYLE('',(#16773));
#16773 = SURFACE_STYLE_FILL_AREA(#16774);
#16774 = FILL_AREA_STYLE('',(#16775));
#16775 = FILL_AREA_STYLE_COLOUR('',#15603);
#16776 = STYLED_ITEM('color',(#16777),#9079);
#16777 = PRESENTATION_STYLE_ASSIGNMENT((#16778));
#16778 = SURFACE_STYLE_USAGE(.BOTH.,#16779);
#16779 = SURFACE_SIDE_STYLE('',(#16780));
#16780 = SURFACE_STYLE_FILL_AREA(#16781);
#16781 = FILL_AREA_STYLE('',(#16782));
#16782 = FILL_AREA_STYLE_COLOUR('',#15603);
#16783 = STYLED_ITEM('color',(#16784),#9229);
#16784 = PRESENTATION_STYLE_ASSIGNMENT((#16785));
#16785 = SURFACE_STYLE_USAGE(.BOTH.,#16786);
#16786 = SURFACE_SIDE_STYLE('',(#16787));
#16787 = SURFACE_STYLE_FILL_AREA(#16788);
#16788 = FILL_AREA_STYLE('',(#16789));
#16789 = FILL_AREA_STYLE_COLOUR('',#15603);
#16790 = STYLED_ITEM('color',(#16791),#9379);
#16791 = PRESENTATION_STYLE_ASSIGNMENT((#16792));
#16792 = SURFACE_STYLE_USAGE(.BOTH.,#16793);
#16793 = SURFACE_SIDE_STYLE('',(#16794));
#16794 = SURFACE_STYLE_FILL_AREA(#16795);
#16795 = FILL_AREA_STYLE('',(#16796));
#16796 = FILL_AREA_STYLE_COLOUR('',#15603);
#16797 = STYLED_ITEM('color',(#16798),#9661);
#16798 = PRESENTATION_STYLE_ASSIGNMENT((#16799));
#16799 = SURFACE_STYLE_USAGE(.BOTH.,#16800);
#16800 = SURFACE_SIDE_STYLE('',(#16801));
#16801 = SURFACE_STYLE_FILL_AREA(#16802);
#16802 = FILL_AREA_STYLE('',(#16803));
#16803 = FILL_AREA_STYLE_COLOUR('',#15603);
#16804 = STYLED_ITEM('color',(#16805),#9811);
#16805 = PRESENTATION_STYLE_ASSIGNMENT((#16806));
#16806 = SURFACE_STYLE_USAGE(.BOTH.,#16807);
#16807 = SURFACE_SIDE_STYLE('',(#16808));
#16808 = SURFACE_STYLE_FILL_AREA(#16809);
#16809 = FILL_AREA_STYLE('',(#16810));
#16810 = FILL_AREA_STYLE_COLOUR('',#15603);
#16811 = STYLED_ITEM('color',(#16812),#9961);
#16812 = PRESENTATION_STYLE_ASSIGNMENT((#16813));
#16813 = SURFACE_STYLE_USAGE(.BOTH.,#16814);
#16814 = SURFACE_SIDE_STYLE('',(#16815));
#16815 = SURFACE_STYLE_FILL_AREA(#16816);
#16816 = FILL_AREA_STYLE('',(#16817));
#16817 = FILL_AREA_STYLE_COLOUR('',#15603);
#16818 = STYLED_ITEM('color',(#16819),#10014);
#16819 = PRESENTATION_STYLE_ASSIGNMENT((#16820));
#16820 = SURFACE_STYLE_USAGE(.BOTH.,#16821);
#16821 = SURFACE_SIDE_STYLE('',(#16822));
#16822 = SURFACE_STYLE_FILL_AREA(#16823);
#16823 = FILL_AREA_STYLE('',(#16824));
#16824 = FILL_AREA_STYLE_COLOUR('',#15603);
ENDSEC;
END-ISO-10303-21;
